-6.37129 -6.79259 0.972935 1 1
11.4267 4.81372 0.992664 1 1
11.7149 -2.05735 0.989152 1 1
13.2409 -1.29546 0.998241 1 1
5.55943 -3.3428 0.989922 1 1
2.77476 7.90783 0.946132 1 1
12.5303 13.3513 0.988314 1 1
5.67096 1.23344 0.901061 1 1
-1.35759 -13.7553 0.997978 1 1
-9.15136 -7.19732 0.984375 1 1
8.0246 -7.12133 0.99997 1 1
-0.865483 -2.72104 0.992981 1 1
3.33035 -7.90496 0.993289 1 1
-5.82418 -7.77516 0.998859 1 1
-3.93669 -4.74108 0.946573 1 1
0.391433 2.65409 0.694121 1 1
12.7522 14.3191 0.998533 1 1
3.14216 13.65 0.989926 1 1
-6.04901 -7.66114 0.992424 1 1
6.19405 14.2256 0.997325 1 1
10.5602 1.8994 0.99998 1 1
-0.443646 13.8911 0.999623 1 1
-1.29649 5.31241 0.996351 1 1
12.3946 0.878085 0.988855 1 1
-3.58787 9.35681 0.968539 1 1
-3.09101 8.16019 0.98769 1 1
-5.94405 9.20496 0.969427 1 1
0.767962 2.26686 0.979839 1 1
10.7518 12.1366 0.985176 1 1
-6.42181 -14.1117 0.998097 1 1
3.73477 12.3319 0.997363 1 1
-7.93084 -11.6323 0.98256 1 1
-3.07529 4.95675 0.914054 1 1
5.46078 -12.2751 0.995031 1 1
-1.56297 -10.3109 0.96687 1 1
14.4559 5.5544 0.999068 1 1
7.39316 -9.58443 0.976913 1 1
-4.83095 2.74469 0.986476 1 1
-9.01227 -13.2957 0.995762 1 1
4.59333 9.05635 0.996001 1 1
6.92827 -5.61168 0.95246 1 1
-1.19436 -14.1829 0.98637 1 1
12.5531 8.06204 0.999992 1 1
-7.81889 -4.32677 0.954377 1 1
-3.97517 -11.5077 0.987061 1 1
-3.34607 -2.92308 0.999654 1 1
5.46623 -10.2478 0.979648 1 1
-0.698973 11.1237 0.987957 1 1
1.02977 7.71711 0.947967 1 1
5.14442 6.45553 0.969636 1 1
2.02526 -8.7887 0.972911 1 1
11.5851 -7.96422 0.98426 1 1
-9.80359 -4.3249 0.999583 1 1
-7.87063 -11.9859 0.997641 1 1
-10.1027 -13.9339 0.988761 1 1
5.67847 -14.9636 0.999329 1 1
7.80248 -8.72718 0.994706 1 1
7.0833 10.4137 0.97609 1 1
9.29151 -7.83598 0.983831 1 1
-6.10124 5.85399 0.957759 1 1
-10.2795 12.038 0.991288 1 0
5.21623 -1.35834 0.956191 1 0
-13.1375 -1.02101 0.983094 1 0
1.84737 -2.66695 0.816595 1 0
-4.16795 -4.73328 0.910448 1 0
-0.949033 2.45009 0.634336 1 0
6.06181 9.31438 0.981826 1 0
-3.99072 -7.29311 0.952976 1 0
-2.22228 1.04946 0.869783 1 0
-3.70406 -10.6206 0.999902 1 0
0.477824 -1.0442 0.492514 1 0
-15 -8.66327 0.987711 1 0
2.93761 -0.306301 0.942373 1 0
3.00389 -13.2345 0.980092 1 0
0.543773 1.46457 0.380573 1 0
12.8108 15 0.997253 1 0
-13.8982 15 0.990801 1 0
-0.971007 -12.6988 0.993344 1 0
-15 13.0834 0.990024 1 0
-6.58987 -15 0.994511 1 0
7.78302 15 0.994159 1 0
-8.6158 -15 0.98699 1 0
-1.90811 -0.36159 0.808109 1 0
-4.47957 4.97875 0.948635 1 0
-0.00731575 -15 0.996493 1 0
5.17787 -15 0.994907 1 0
14.1282 12.8497 0.999927 1 0
-5.3991 8.91267 0.967759 1 0
0.579405 0.567066 0.98032 1 0
10.8457 -15 0.997679 1 0
-0.0806961 1.38847 0.850214 1 0
8.45216 -7.82749 0.970741 1 0
2.08694 -3.32568 0.999996 1 0
13.3319 13.1977 0.991736 1 0
-8.75919 -5.41554 0.990784 1 0
0.0413656 0.0452962 0.130274 1 0
13.7409 -15 0.992374 1 0
9.78764 11.5074 0.986237 1 0
3.88957 -0.246406 0.993486 1 0
15 15 0.999982 1 0
-2.62604 -1.31005 0.966836 1 0
8.97269 4.85788 0.999938 1 0
-6.62471 -13.0413 0.982372 1 0
-15 -15 0.999982 1 0
8.78611 12.4717 0.986019 1 0
-0.141981 2.93788 0.958853 1 0
11.2733 15 0.991477 1 0
11.277 15 0.991351 1 0
9.12883 4.49284 0.998324 1 0
14.3219 -10.4459 0.98985 1 0
-2.0982 -15 0.983753 1 0
8.48238 -9.73336 0.994695 1 0
15 -14.7907 0.995045 1 0
-15 12.2535 0.989457 1 0
4.0754 -5.66631 0.98038 1 0
15 15 0.999982 1 0
-15 -2.52124 0.983416 1 0
2.65954 0.0822442 0.6623 1 0
15 10.8419 0.997553 1 0
10.8669 15 0.99833 1 0
3.29845 -14.4356 0.992753 2 1
-15 10.564 0.988436 2 0
-14.9001 -14.0128 0.990914 2 1
3.47803 -1.09056 0.77198 2 0
0.482669 0.162461 0.06781 2 0
-6.37105 -7.59609 0.96252 2 0
-0.130941 -14.519 0.991838 2 1
10.1796 -3.32663 0.999281 2 0
-3.24793 -6.25199 0.998556 2 0
-13.6836 9.84292 0.990605 2 1
5.93452 8.76774 0.979579 2 1
-5.11549 2.10458 0.995334 2 0
9.13824 5.44795 0.990095 2 0
-12.7929 13.2272 0.990565 2 0
2.54247 -7.27036 0.976285 2 0
-10.879 -13.5101 0.988889 2 1
-6.41411 -8.23823 0.965833 2 1
0.110294 9.24691 0.989445 2 0
-12.9337 -12.003 0.995629 2 1
-13.2836 -3.32668 0.983597 2 1
-15 -15 0.999982 2 0
-9.58756 -8.84809 0.978569 2 1
15 3.78896 0.999634 2 0
-13.9734 -6.66216 0.999319 2 1
11.7653 11.6472 0.998099 2 0
-9.45495 -7.953 0.997732 2 0
-10.1213 -7.17427 0.991714 2 1
-3.83369 -8.09314 0.957315 2 1
0.322147 7.28474 0.933706 2 0
-14.9796 -14.0608 0.994949 2 1
2.40917 -11.9104 0.983364 2 1
-7.93443 -2.72655 0.946518 2 0
5.38401 7.82507 0.965302 2 0
-8.31089 12.1803 0.986216 2 0
11.0308 -8.35457 0.998963 2 0
7.88716 -2.9279 0.9489 2 0
2.9764 4.59976 0.998473 2 0
-4.57341 -2.99246 0.995603 2 0
15 8.28635 0.994185 2 0
-2.20812 -0.42654 0.840997 2 0
2.18778 2.17332 0.738138 2 0
15 15 0.999982 2 0
-0.392831 10.7089 0.999624 2 0
-14.9738 10.7283 0.991704 2 1
-3.58839 3.31925 0.96506 2 0
-11.024 5.09043 0.98197 2 1
-6.67367 -1.01909 0.928013 2 0
-7.88968 -8.82269 0.997099 2 0
-12.1868 -4.06435 0.999708 2 1
8.37612 -14.7762 0.999509 2 1
-6.84865 -12.5039 0.989028 2 1
9.87253 -13.2351 0.999826 2 0
1.33896 10.4897 0.977025 2 0
-10.712 -14.7971 0.989551 2 1
0.950543 -2.36751 0.677294 2 0
-3.41443 6.06491 0.971949 2 0
4.3484 -10.4672 0.993986 2 0
-14.8098 11.8205 0.992443 2 1
6.68253 12.3384 0.98704 2 1
0.173018 -4.29328 0.886777 2 0
0.275261 -0.817441 0.831894 2 0
-14.7543 10.2278 0.99528 2 1
-3.49845 3.59489 0.991462 2 0
11.9952 10.8527 0.98655 2 0
4.10617 1.72973 0.999847 2 0
-1.47555 1.59757 0.640269 2 0
-14.9349 1.49821 0.99564 2 1
-9.50137 11.5519 0.999245 2 1
2.89517 -6.54282 0.982291 2 1
-13.5212 -6.66821 0.989039 2 1
-10.7007 14.8546 0.988351 2 1
3.2136 5.14902 0.992042 2 0
6.19636 15 0.985043 2 0
3.3857 5.83687 0.928961 2 0
-14.6743 -0.824831 0.982686 2 1
-10.4772 -6.9396 0.975298 2 1
-2.354 2.88234 0.800481 2 0
-13.7261 -6.12151 0.993792 2 1
-2.12141 -6.22105 0.99766 2 0
2.57693 -10.3113 0.988058 2 0
-9.88449 11.9823 0.99595 2 1
-14.9214 -14.3148 0.999993 2 1
-13.2297 -2.45737 0.992593 2 0
5.48351 -14.8972 0.995416 2 1
-10.2891 -3.70249 0.971722 2 1
-14.7759 -11.2371 0.999756 2 1
-6.26823 -4.48442 0.974434 2 0
12.8631 -10.8865 0.990261 2 1
-7.71215 -2.75181 0.989973 2 1
-13.739 -11.7241 0.999997 2 1
6.01062 -6.3338 0.986175 2 1
0.312575 4.91869 0.98969 2 0
-6.74042 4.15499 0.948488 2 1
-1.3917 -5.37609 0.987724 2 0
0.413589 4.63949 0.860395 2 1
7.07468 -1.24708 0.970781 2 0
-13.1402 5.27685 0.980811 2 1
8.54129 -14.9593 0.987989 2 0
0.315882 13.4102 0.99711 2 0
-14.8586 -7.05949 0.999052 2 1
-11.8883 -13.9956 0.988852 2 1
-2.1853 -12.506 0.987638 2 1
-13.5072 -13.8607 0.989578 2 1
7.05128 1.96256 0.930829 2 0
-11.4713 -9.44349 0.997487 2 1
-7.21123 -7.65529 0.967573 2 0
-8.31025 -0.540664 0.950188 2 1
-6.61356 3.04129 0.936192 2 1
-10.0367 -10.4308 0.996334 2 1
-1.39147 10.8872 0.968314 2 1
-15 -12.4569 0.994418 2 0
-4.17054 8.56998 0.972732 2 1
-8.59987 -10.8012 0.996701 2 1
2.56246 -7.56937 0.97281 2 0
-12.8931 2.65693 0.981603 2 1
8.25455 -1.11717 0.949851 2 0
-6.88283 -4.84484 0.94949 2 1
-11.016 -0.997574 0.972991 2 1
-3.48905 -6.81299 0.991491 2 1
-14.4531 -4.70116 0.9831 2 1
-1.81949 9.32553 0.96592 3 1
1.86522 0.034139 0.979384 3 0
10.9854 14.8775 0.996696 3 1
0.339892 0.302636 0.20099 3 0
4.54186 11.3561 0.995207 3 0
-8.9427 -15 0.997421 3 0
-0.988239 3.09889 0.830475 3 0
13.0951 14.2295 0.989879 3 1
14.6981 -8.62378 0.999714 3 1
-6.11639 7.09285 0.96162 3 0
14.8853 -14.2038 0.99662 3 0
-3.28826 -5.75873 0.979518 3 1
-15 -15 0.999982 3 0
0.557516 4.57323 0.896737 3 0
10.4994 14.8556 0.994295 3 1
13.9479 -10.9885 0.988399 3 0
-14.8165 -7.23794 0.999994 3 1
-8.65197 -4.05371 0.978723 3 0
1.85771 2.1247 0.961787 3 0
7.27548 13.6372 0.999936 3 0
8.18213 -9.30862 0.993441 3 0
0.973089 -0.275358 0.239999 3 0
9.74696 -3.30787 0.991736 3 1
-6.58472 14.7297 0.989446 3 1
0.0621398 5.82052 0.908045 3 0
-14.681 -13.026 0.999975 3 1
0.994366 -7.92634 0.971779 3 0
10.284 -13.2071 0.98606 3 1
0.196232 -1.22404 0.882057 3 0
-14.1091 -6.87767 0.984104 3 1
3.19469 -9.7621 0.995267 3 0
13.1073 -15 0.99021 3 0
-8.40571 -7.10531 0.968171 3 0
-5.4322 -8.63215 0.999838 3 0
4.3831 10.9995 0.996599 3 1
0.458446 0.367377 0.208195 3 0
-14.5365 -8.52982 0.990478 3 0
-12.5847 -11.4173 0.999697 3 0
-4.88753 6.52292 0.997522 3 1
3.88052 -6.56195 0.997754 3 0
-1.97298 -1.2754 0.999285 3 0
-2.18083 0.920118 0.998255 3 0
5.79497 -6.74911 0.951937 3 1
15 12.1119 0.992376 3 0
-11.3548 -11.2312 0.999999 3 0
-12.8364 -11.6629 0.988756 3 1
-6.52936 -15 0.992374 3 0
-14.7424 -3.62245 0.982947 3 1
-15 6.25484 0.985302 3 0
9.1778 5.86818 0.978175 3 0
-9.25737 -10.1724 0.990844 3 1
11.9314 14.9582 0.999804 3 1
-4.49801 -12.5757 0.999987 3 1
-14.0879 -14.3209 0.998377 3 1
-7.98891 2.77468 0.958189 3 0
12.4847 -5.36287 0.979299 3 1
-4.79634 14.2865 0.989629 3 1
11.5026 10.2052 0.997305 3 1
2.20119 2.18662 0.722178 3 0
-2.65284 0.102612 0.655336 3 0
-3.27449 -1.15516 0.959819 3 0
-12.1528 2.46452 0.99253 3 1
4.89965 -4.18484 0.971281 3 0
-13.5193 -14.0832 0.995915 3 1
0.392781 -10.8539 0.984328 3 1
-15 14.1415 0.998571 3 0
-0.916057 7.19123 0.944716 3 0
-6.97893 5.69416 0.969585 3 1
-14.1714 14.4842 0.996638 3 1
7.57792 13.3586 0.995781 3 1
-13.7434 14.9239 0.995269 3 1
12.7584 1.56009 0.99946 3 0
-15 -9.76494 0.991332 3 0
0.421571 -0.735897 0.885604 3 0
-1.28736 14.5592 0.982916 3 0
0.0534019 -4.55576 0.943478 3 0
14.8352 2.75708 0.987775 3 1
-1.91043 3.46732 0.992687 3 0
-14.7644 -10.2331 0.99608 3 1
14.5511 14.7749 0.999031 3 1
-0.752425 9.72226 0.994207 3 1
12.2917 7.21618 0.988653 3 0
15 -5.87027 0.991763 3 0
9.2696 -8.2239 0.993652 3 0
-13.0229 8.48573 0.995038 3 1
-14.4171 -4.43485 0.988286 3 1
-8.06128 -11.6514 0.981136 3 0
10.3194 13.7082 0.992465 3 1
-3.38256 14.7335 0.985474 3 1
0.897196 -3.36485 0.948302 3 0
7.30995 15 0.988115 3 0
-12.8415 10.6143 0.989919 3 0
-14.2972 -9.20347 0.999909 3 1
-3.0483 4.14704 0.902887 3 0
-1.23951 -12.1431 0.991901 3 1
9.25463 -12.9263 0.997266 3 1
14.7279 1.61918 0.993699 3 1
6.37037 2.74557 0.961237 3 1
-0.914515 -13.2184 0.992673 3 1
14.9818 7.88498 0.996588 3 1
-13.317 -6.09973 0.981813 3 1
6.16461 1.07589 0.909456 3 0
-8.25408 14.6491 0.987743 3 1
11.222 -14.5203 0.988532 3 1
12.136 11.1167 0.999352 3 1
4.12652 -9.71978 0.974067 3 1
14.777 -11.1897 0.998911 3 1
0.338103 5.26619 0.881863 3 1
-4.02412 0.0265312 0.939916 3 0
14.8518 12.5128 0.990322 3 1
15 15 0.999982 3 0
13.2553 -7.25014 0.986106 3 1
14.4925 10.0012 0.998003 3 1
10.1807 3.42929 0.999903 3 0
0.577334 -7.63735 0.99024 3 1
-15 1.17323 0.992115 3 0
9.28222 2.97507 0.994863 3 1
4.40883 -0.421646 0.997159 3 0
-10.3144 12.2564 0.998705 3 1
9.71206 14.817 0.990484 3 1
2.51874 5.32032 0.945723 4 1
-4.28155 1.45717 0.971228 4 0
-3.22978 1.00051 0.995432 4 0
-1.65212 0.874151 0.974757 4 0
-14.8414 13.0799 0.993931 4 1
6.36647 -2.32448 0.922336 4 0
1.23591 -1.58392 0.621749 4 0
5.77359 6.74806 0.952442 4 0
1.73629 -6.6904 0.949668 4 0
1.00528 0.849159 0.998794 4 0
-3.66833 10.8667 0.973064 4 1
3.73107 -1.31008 0.994545 4 0
-8.52314 -13.6885 0.990236 4 1
-0.0216732 -10.9226 0.973394 4 0
-14.9879 12.7442 0.999459 4 1
-15 15 0.999982 4 0
11.1562 -11.2195 0.990563 4 0
-6.75386 4.19092 0.957635 4 1
-15 13.8882 0.99068 4 0
1.06279 1.54909 0.960507 4 0
-8.05217 -7.96279 0.995357 4 0
-13.2974 -14.807 0.99001 4 1
-0.67751 -0.0254478 0.676277 4 0
-8.68356 13.0537 0.984495 4 0
10.1629 -7.25087 0.980559 4 1
2.76298 -4.92421 0.9325 4 1
-6.60191 3.07628 0.935298 4 0
-8.60957 11.7368 0.987874 4 0
13.622 -14.7311 0.997159 4 0
-12.8868 14.3354 0.992563 4 1
7.6762 -14.4693 0.994136 4 0
1.27119 1.00647 0.450492 4 0
8.34217 11.5312 0.9863 4 1
13.2603 -13.4545 0.989579 4 1
11.3759 -14.8564 0.99483 4 1
-14.2743 9.44806 0.995635 4 1
0.390016 0.390959 0.097998 4 0
15 15 0.999982 4 0
-8.76325 -7.90007 0.999691 4 0
12.1525 -6.43473 0.990443 4 1
-12.6327 -6.84145 0.99928 4 0
3.61237 -3.40128 0.99921 4 1
1.58922 -3.66891 0.965536 4 0
9.51037 -0.0800276 0.967945 4 1
15 10.5557 0.988357 4 0
-1.08541 2.16551 0.939497 4 0
1.56735 3.31863 0.771236 4 0
-0.237098 -4.37545 0.972309 4 1
3.90995 1.55041 0.817582 4 0
5.17985 -10.061 0.996392 4 1
-14.8923 -5.90953 0.998542 4 1
-5.03359 -1.56219 0.879425 4 1
-10.3334 9.70808 0.98166 4 1
-7.81002 -4.68936 0.995458 4 1
2.71192 -1.50983 0.721384 4 0
1.94932 -2.27982 0.866603 4 0
-10.5422 1.62181 0.994712 4 1
-14.8921 -12.3257 0.990064 4 0
-0.056144 1.6838 0.648416 4 0
-14.566 4.88852 0.996308 4 0
10.4084 -11.5537 0.994402 4 1
-0.41092 -6.60693 0.984289 4 0
-13.2909 -7.93631 0.999328 4 1
0.252838 0.0845175 0.999189 4 0
3.98517 4.89013 0.910728 4 1
-15 15 0.999982 4 0
11.0531 8.40967 0.999872 4 1
5.62871 -14.8292 0.994277 4 1
5.62172 3.33894 0.999872 4 0
-1.63412 15 0.98782 4 0
7.54787 -14.6311 0.999531 4 1
15 5.54871 0.999693 4 0
10.8416 13.618 0.99325 4 1
3.49393 7.43718 0.981785 4 1
-2.39791 -3.68699 0.983598 4 0
-3.42513 10.3288 0.980306 4 0
-3.29512 2.46464 0.844087 4 1
14.9178 -14.9333 0.997268 4 1
15 13.2202 0.993119 4 0
-6.68991 6.17145 0.994056 4 0
11.5631 -14.6171 0.999008 4 1
2.8116 -5.99995 0.981755 4 0
-14.0697 -14.8345 0.990737 4 1
-5.3532 0.199422 0.931527 4 1
7.14699 7.98822 0.999726 4 0
14.6988 -14.2339 0.991092 4 1
-1.17074 13.7978 0.999429 4 1
1.6567 -1.36914 0.584383 4 0
-1.00312 -0.144599 0.23643 4 0
-7.27261 -11.1135 0.996294 4 1
14.9391 2.03227 0.988977 4 1
-6.9072 12.1187 0.996322 4 0
12.4352 11.0828 0.990157 4 1
-11.6033 -1.75966 0.997992 4 0
-12.0645 11.8481 0.995012 4 1
6.55194 5.42739 0.973635 4 1
-5.53138 -6.485 0.97861 4 1
-14.9144 -1.51872 0.997174 4 1
-0.900193 -1.72668 0.79305 4 0
-4.38727 0.0120324 0.976348 4 0
-1.87294 0.873851 0.529583 4 0
14.1862 -12.1038 0.998576 4 1
6.6804 -6.08859 0.978522 4 0
-2.98448 6.87862 0.981014 4 0
9.20807 10.9224 0.99243 4 1
-12.1324 -14.709 0.999245 4 1
-2.3832 -4.50118 0.942728 4 0
-2.73982 11.1143 0.975587 4 1
14.5556 -5.82193 0.98454 4 1
5.02382 -13.1686 0.981537 4 1
14.8225 -8.04418 0.991301 4 1
14.7101 -8.9963 0.987327 4 1
-13.3554 10.4651 0.998814 4 1
6.60562 -14.2298 0.98423 4 1
11.1595 6.84086 0.977186 4 0
-14.5722 7.92255 0.99596 4 1
-14.9114 -11.6277 0.990287 4 1
12.6872 -10.3962 0.996071 4 1
-15 -15 0.999982 4 0
-14.2169 12.16 0.995074 4 1
8.11584 6.92587 0.995171 5 0
10.9069 -7.69988 1 5 0
2.46702 0.585694 0.702817 5 0
1.62826 10.316 0.96563 5 0
11.9909 -14.9226 0.999608 5 1
-7.72466 -3.4786 0.962351 5 0
15 -14.165 0.999157 5 0
-0.137871 -3.93361 0.999398 5 1
0.576464 0.529178 0.999742 5 0
-14.1637 -11.8387 0.994407 5 1
-0.521746 1.72812 0.985205 5 0
11.2054 14.5625 0.989263 5 1
11.1159 -10.4193 0.984614 5 1
2.245 -0.373855 0.906486 5 0
4.45314 6.62456 0.96951 5 0
14.0776 -10.9218 0.987659 5 1
-8.03506 -11.5659 0.982241 5 0
-11.2012 -12.5149 0.986822 5 1
-14.5194 0.996414 0.988138 5 1
-5.70033 8.06455 0.96762 5 0
-14.6975 -14.0178 0.994001 5 1
-0.990918 -0.05023 0.281789 5 0
-4.32005 -0.400086 0.932015 5 1
2.00528 -7.63333 0.942797 5 0
14.724 7.63967 0.995856 5 1
2.8755 -14.2005 0.995086 5 1
1.20105 0.575586 0.987061 5 0
-3.83856 -2.06561 0.952608 5 0
10.2805 7.73344 0.998897 5 1
-2.43689 -12.083 0.999569 5 1
-14.9993 -11.9772 0.997538 5 1
4.11525 13.9577 0.98833 5 0
-10.8262 14.8202 0.988579 5 1
1.20816 -1.12929 0.541504 5 0
-8.22528 -8.70294 0.977129 5 1
-11.3792 9.87816 0.989772 5 1
-14.3309 -14.1175 0.999393 5 0
-7.03453 -0.27022 0.997782 5 0
-12.3849 -13.4809 0.988368 5 1
2.97084 -11.0433 0.977126 5 1
-2.20465 6.17996 0.999175 5 0
1.03452 0.274548 0.237523 5 0
-1.58145 6.434 0.981977 5 0
9.29538 2.4562 0.992698 5 0
3.85133 6.31618 0.942428 5 0
13.4718 1.1521 0.984544 5 1
-6.2421 5.5595 0.946527 5 0
0.62924 4.80092 0.925983 5 0
-8.58718 -6.81305 0.969101 5 0
-13.9391 15 0.991592 5 0
14.8598 11.9868 0.999852 5 1
-12.6267 2.47519 0.998742 5 1
-1.19266 -4.06795 0.834082 5 0
-5.88859 -14.9973 0.991389 5 1
8.05835 0.511522 0.996537 5 1
-3.65996 -14.0077 0.996101 5 0
-6.12388 -7.34931 0.981724 5 0
3.33662 1.64143 0.797814 5 0
-9.58067 14.256 0.991077 5 1
0.981639 11.7397 1 5 0
14.0662 -13.6526 0.99961 5 1
4.21346 14.7888 0.997318 5 0
11.0111 10.9013 0.998654 5 0
-13.4181 11.0212 0.99005 5 1
12.9891 -13.3608 0.999143 5 1
-7.6962 -12.4758 0.981728 5 0
-5.31939 -10.6765 0.983656 5 0
-6.55456 -3.91998 0.995409 5 0
5.12657 -4.32954 0.942883 5 0
-1.37184 2.55526 0.995181 5 0
-1.79495 7.65551 0.939419 5 1
-1.18431 -14.9382 0.997651 5 1
12.0715 -7.82731 0.999903 5 0
-8.60145 12.8629 0.999552 5 1
-0.590064 4.62656 0.857392 5 0
-1.08911 -1.07549 0.405279 5 0
8.29809 1.11454 0.946067 5 1
15 15 0.999982 5 0
0.225787 -3.08094 0.732883 5 0
14.6177 14.9398 0.991502 5 1
11.9771 -13.0669 0.989913 5 0
15 -15 0.999982 5 0
7.76752 4.01812 0.982497 5 0
-11.7261 -8.37443 0.999925 5 1
7.99525 11.2156 0.993222 5 0
11.9166 10.8798 0.989311 5 0
-5.47778 5.27531 0.999622 5 1
-1.2551 14.9976 0.991679 5 1
-10.6329 -15 0.989775 5 0
-3.77356 7.08815 0.985859 5 0
5.15311 -13.6828 0.982657 5 1
15 15 0.999982 5 0
-14.7727 -12.7442 0.995185 5 1
-4.57952 -8.814 0.961379 5 0
-14.8527 -7.47501 0.992582 5 1
7.25913 -6.65383 0.973264 5 1
13.5012 9.42623 0.999618 5 1
11.5747 14.4145 0.996228 5 1
10.769 -4.59706 0.995051 5 1
-12.9081 -7.28481 0.994227 5 1
12.4563 -8.72002 0.983258 5 0
9.17576 -5.53553 0.999626 5 1
10.6817 -9.88111 0.988391 5 1
15 -8.27334 0.994682 5 1
11.7495 -6.96072 0.98037 5 0
-12.8368 14.4265 0.990805 5 1
14.9881 -14.8098 0.995312 5 1
3.39279 -3.81345 0.934112 5 0
-14.2789 -6.36973 0.986776 5 1
-13.7679 -11.545 0.996347 5 1
-6.51547 1.8278 0.924158 5 0
-14.25 -11.8075 0.997446 5 1
-2.72817 3.78778 0.855649 5 0
11.1626 -5.19935 0.999917 5 1
13.8429 7.81145 0.997053 5 1
11.3824 0.576382 0.983496 5 1
-5.71178 -6.45232 0.999103 5 1
-14.2 9.51528 0.997359 5 1
-11.9197 -12.8662 0.999999 5 1
0.778906 -14.9985 0.994815 5 1
-6.41827 -10.1706 0.973346 6 1
-4.95707 -5.63746 0.984108 6 0
-11.28 14.9611 0.993143 6 1
1.57891 0.0847482 0.387018 6 0
2.83077 -0.139764 0.975757 6 0
0.146025 -5.16376 0.891413 6 0
7.90993 -4.81574 0.986386 6 1
-6.58835 5.82876 0.96778 6 1
-1.87857 8.9691 0.999999 6 1
-15 15 0.999982 6 0
6.16899 5.33411 0.996868 6 0
-4.49323 -6.32823 0.955128 6 0
-11.2227 12.2973 0.990849 6 1
15 -8.00297 0.999881 6 0
2.21941 6.55572 0.953905 6 0
-8.24049 9.7525 0.996993 6 0
-8.06505 -4.42562 0.997865 6 0
-15 -14.2833 0.999695 6 1
-14.9772 0.318904 0.997962 6 1
1.01382 -0.355608 0.244408 6 0
0.716719 -13.8226 0.999149 6 1
6.41658 5.84686 0.996934 6 0
-8.36659 -11.8151 0.996143 6 1
0.760729 0.815746 0.358052 6 0
3.17431 12.8842 0.995013 6 1
5.33741 -8.62459 0.99417 6 1
-15 15 0.999982 6 0
-0.591069 2.41388 0.807941 6 0
-13.7588 -13.4321 0.995543 6 1
-4.36811 1.57248 0.869389 6 1
7.94299 15 0.999079 6 0
2.00339 4.54833 0.999912 6 0
-0.733552 -1.33238 0.421384 6 0
-7.76775 -2.70107 0.979595 6 1
14.5722 8.6471 0.997574 6 1
0.604274 -4.46664 0.981661 6 0
1.23904 -0.449804 0.997894 6 0
-10.7743 14.8429 0.988346 6 1
7.51804 -14.7254 0.999178 6 1
-1.52064 -3.05513 0.999213 6 0
6.09013 14.9686 0.987522 6 1
6.12674 -1.23632 0.910701 6 0
-5.09461 -14.0294 0.999994 6 1
10.4751 13.3489 0.998862 6 1
6.0533 5.99516 0.977373 6 0
9.41718 5.73247 0.969103 6 0
-0.300474 4.19294 0.816894 6 0
2.71109 14.912 0.983362 6 1
-10.7413 -14.9281 0.989996 6 1
12.9984 -14.9242 0.993431 6 1
1.17733 -0.115138 0.651127 6 0
-11.5426 -7.9366 0.98982 6 1
0.817923 5.41642 0.998321 6 0
0.881299 1.14258 0.659019 6 0
3.84815 4.46088 0.94885 6 0
2.71568 -14.8083 0.991145 6 1
14.9082 13.9076 0.99082 6 1
6.21842 -1.63614 0.964297 6 0
-8.17202 -1.66439 0.948366 6 1
4.10425 -2.50304 0.895341 6 0
11.2669 14.9029 0.99671 6 1
-1.38638 2.39823 0.871829 6 0
-9.07037 14.3978 1 6 0
-1.38654 4.40557 0.887029 6 1
1.39671 -2.08067 0.761714 6 0
-6.85921 -6.92782 0.994591 6 0
14.9743 -11.1315 0.998074 6 1
14.1375 12.6105 0.992184 6 1
9.99388 14.999 0.999292 6 1
15 15 0.999982 6 0
-9.34198 13.7425 0.99347 6 1
7.83156 -8.90448 0.99444 6 0
8.44554 1.15159 0.978645 6 0
-4.76639 7.87886 0.996734 6 1
-7.93637 -12.5547 0.997058 6 1
10.2237 -11.1957 0.983221 6 1
14.9992 14.0184 0.994129 6 1
1.99414 3.48602 0.948427 6 0
-13.3448 12.8286 0.99772 6 1
-1.47905 -0.580735 0.394221 6 0
10.3665 9.62913 0.980503 6 1
-5.48782 -3.74646 0.973643 6 1
15 15 0.999982 6 0
-13.1448 14.9145 0.990078 6 1
-8.10664 10.059 0.993712 6 0
-4.39228 13.0901 0.996761 6 1
-1.46609 7.97589 0.999919 6 0
-2.96019 7.80406 0.947553 6 0
8.28703 10.5208 0.998718 6 0
-13.4742 -13.7085 0.995945 6 1
-14.9681 14.9267 0.998644 6 1
-13.5794 -15 0.998165 6 0
2.63818 1.77258 0.729945 6 0
13.954 -13.5312 0.991001 6 1
-1.0244 -1.01134 0.672151 6 0
-4.85182 0.233664 0.939773 6 0
-14.4168 -8.17228 0.997034 6 1
2.2556 -2.14288 0.7172 6 0
-0.639274 5.80713 0.918834 6 1
14.491 -14.687 0.999195 6 1
9.34058 8.28851 0.980147 6 1
7.6258 -12.3087 0.995957 6 1
-2.45635 12.4195 0.982565 6 0
-0.273799 -6.31644 0.913972 6 0
-5.13033 1.76841 0.979455 6 1
11.395 -3.62968 0.979093 6 0
-14.0319 -3.55601 0.99632 6 1
2.31156 5.82244 0.908658 6 0
-3.07281 1.11654 0.858753 6 0
-6.02632 -5.80025 0.946265 6 1
-14.8907 -1.403 0.999276 6 1
-13.5933 8.9013 0.985227 6 1
5.30351 -6.87243 0.996941 6 0
-6.61478 -14.6029 0.998008 6 1
0.112717 -0.00767612 0.395225 6 0
-4.92618 -9.9447 0.978992 6 1
-5.80779 8.33758 0.996844 6 1
2.5704 3.91086 0.851354 6 0
-14.2772 14.9465 0.999948 6 1
-13.6051 -15 0.997326 6 0
-0.623009 -5.11429 0.89951 7 1
9.84387 12.2984 0.985258 7 1
11.5513 14.6189 0.999222 7 1
-4.92581 14.0927 0.999975 7 1
5.27028 -5.69174 0.95648 7 0
9.64167 -11.0404 0.981728 7 1
-0.630774 -0.706785 0.443072 7 0
15 -15 0.999982 7 0
0.447193 -0.964677 0.227607 7 0
10.187 11.306 0.983723 7 1
-12.6245 0.989358 0.983 7 1
-9.99992 -15 0.999428 7 0
0.797022 0.00252271 0.995807 7 0
12.8885 -5.63297 0.983611 7 1
-8.40759 -13.6693 0.996871 7 1
2.40111 -5.83448 0.910902 7 0
1.66406 0.560009 0.888239 7 0
-1.22736 7.12179 0.952986 7 0
3.67566 5.31732 0.980982 7 1
2.92234 -5.68467 0.943648 7 0
-1.7396 0.217857 0.88105 7 0
13.7559 -6.25014 0.986051 7 1
2.46988 1.61412 0.946593 7 0
-5.36825 -6.44985 0.946628 7 1
0.534868 1.48175 0.383332 7 0
-1.05827 -0.785399 0.998023 7 0
-13.8961 -2.22427 0.982997 7 1
1.25505 -0.795881 0.508173 7 0
3.61864 -10.6135 0.997907 7 0
-10.3459 9.18465 0.998799 7 1
0.573698 -0.199845 0.297578 7 0
-0.846915 2.96752 0.735915 7 0
4.95027 -0.670196 0.997769 7 0
-1.47905 -0.580735 0.394221 7 0
-14.3457 -6.53022 0.985767 7 1
0.477057 -6.10568 0.967702 7 0
14.9448 14.4753 0.99582 7 1
-4.74817 -2.47588 0.930028 7 0
-4.79727 13.1308 0.993113 7 1
4.92881 10.4837 0.975282 7 1
-15 -15 0.999982 7 0
-14.9542 -12.1951 0.991472 7 1
-14.9996 8.49217 0.987542 7 1
-9.35954 7.92533 0.998513 7 1
13.8629 14.9511 0.9908 7 1
13.1808 -10.0608 0.996337 7 1
4.1418 -6.64187 0.940255 7 0
-1.07507 0.740379 0.999664 7 0
-15 -13.3108 0.996629 7 0
-3.35766 -5.35847 0.914291 7 0
12.1319 14.7918 0.999856 7 1
-10.9109 -9.74137 0.9824 7 1
-3.20047 13.4871 0.999862 7 1
4.79367 -4.10813 0.91171 7 0
-13.0463 -11.4357 0.989069 7 1
0.697809 -13.1401 0.981043 7 1
-8.52674 -8.43257 0.975352 7 0
14.9861 14.6528 0.991051 7 1
-9.30017 14.315 0.998636 7 1
0.209619 0.0102177 0.907038 7 0
1.12235 1.23809 0.599847 7 0
-5.32619 -7.71933 0.959769 7 0
5.53202 3.62889 0.985678 7 0
-14.3361 10.8854 0.998304 7 1
-9.62164 8.22578 0.982369 7 0
15 -14.6193 0.990966 7 0
14.7632 -11.74 0.988945 7 1
-9.40287 -8.51413 0.986065 7 0
-13.0763 14.9976 0.989998 7 1
3.91438 -5.50063 0.927953 7 0
0.219706 0.222108 0.912703 7 0
11.4809 -14.7744 0.994885 7 1
3.27011 7.91997 0.991211 7 0
10.7196 -13.4832 0.988028 7 1
4.4113 8.06009 0.998965 7 0
0.720009 -1.39053 0.380575 7 0
7.44975 14.712 0.999996 7 1
-3.12951 0.43253 0.717096 7 0
13.9477 10.9966 0.988222 7 1
-3.59389 7.56188 0.946068 7 0
8.36511 6.57534 0.990295 7 1
2.68642 6.58268 0.995616 7 0
-6.83206 -1.58076 0.991814 7 0
0.689883 2.20791 0.972129 7 0
9.05365 -13.0477 0.995987 7 1
-14.9446 6.67254 0.993002 7 0
13.0954 -13.6379 0.990208 7 1
-0.587258 4.64513 0.85073 7 0
7.62594 -3.40889 0.946936 7 1
5.66813 -11.6714 0.986204 7 1
-14.9997 -14.5153 0.99245 7 1
-1.52342 -0.136261 0.406974 7 0
12.2693 14.918 0.99062 7 1
0.75085 -2.01724 0.59064 7 0
14.4409 14.9426 0.997166 7 1
9.59029 -15 0.987539 7 0
3.93557 -3.04527 0.99998 7 0
15 15 0.999982 7 0
-11.67 10.5313 0.984143 7 1
14.9996 12.2577 0.989454 7 1
10.7524 -14.0323 0.993169 7 1
14.9622 -12.421 0.99141 7 1
4.41012 -5.26847 0.932808 7 1
-8.23267 -3.51722 0.956835 7 0
-3.82723 -2.06722 0.943624 7 1
-9.61617 -11.6085 0.989231 7 1
-13.4637 11.5448 0.989347 7 1
-3.07072 3.80209 0.964381 7 0
-2.04469 -10.3473 0.971929 7 1
-1.57124 13.7475 0.998937 7 1
4.87091 1.86177 0.873863 7 0
11.5423 9.99777 0.987227 7 1
-9.94927 9.14562 0.98534 7 1
-4.13273 -2.96415 0.948372 7 0
15 15 0.999982 7 0
-0.82876 0.651868 0.218956 7 1
9.50482 -13.1179 0.985537 7 0
5.26371 12.4908 0.98125 7 1
1.83516 0.106718 0.999373 7 0
8.60682 12.4528 0.984155 7 1
10.9897 -3.51175 0.971163 8 1
4.09038 9.64478 0.96486 8 0
13.9724 -9.5042 0.994117 8 1
1.00303 0.270344 0.214454 8 0
-12.8864 -9.38432 0.999553 8 1
-14.6591 -13.7312 0.998242 8 1
-5.3571 7.58099 0.980765 8 0
15 -6.13523 0.985343 8 0
14.2825 12.8141 0.997868 8 1
0.60369 4.0186 0.895724 8 0
0.713518 -14.5203 0.989825 8 1
-15 15 0.999982 8 0
6.61834 -7.64225 0.987897 8 0
14.9748 1.53005 0.991402 8 1
1.05742 6.72671 0.920601 8 0
9.23244 -0.603404 0.988397 8 0
-14.9787 5.56559 0.999949 8 1
4.11165 4.60648 0.939976 8 0
-1.786 0.767468 0.802745 8 0
-0.364118 0.152719 0.506348 8 0
4.61624 10.4143 0.984458 8 0
-10.0185 13.8055 0.999209 8 1
12.1617 3.84976 0.995828 8 1
-14.1887 15 0.999604 8 0
-5.12532 -4.27348 0.960118 8 0
-8.7185 11.4741 0.999907 8 1
-4.64275 8.64637 0.980892 8 0
6.88526 14.7208 0.985291 8 1
1.25624 -0.0809362 0.937089 8 0
-2.74726 -2.44079 0.772267 8 0
1.84368 1.30152 0.861226 8 0
0.70329 0.585872 0.591306 8 0
9.40976 -3.84305 0.997245 8 1
12.7375 2.45238 0.986677 8 1
-1.05446 -0.234918 0.256018 8 0
-2.23185 -13.2885 0.990267 8 1
15 15 0.999982 8 0
6.89896 -6.60117 0.977142 8 0
-0.357522 1.96808 0.643213 8 0
8.9299 -11.3311 0.999474 8 1
1.93983 2.5888 0.801515 8 0
1.22402 -1.27197 0.913127 8 0
-0.187713 1.27422 0.988814 8 0
-6.46798 -3.90402 0.996774 8 1
1.52091 2.12592 0.630966 8 0
11.4897 14.1697 0.990855 8 1
-8.26621 11.9168 0.993611 8 1
-13.2159 15 0.992964 8 0
14.945 -13.2552 0.992173 8 1
0.758734 0.330482 0.946458 8 0
-10.9493 14.6605 0.988523 8 1
15 15 0.999982 8 0
-1.26365 3.21384 0.978103 8 0
-3.87408 -3.2933 0.949221 8 0
-3.29688 -4.00253 0.882019 8 0
0.372361 0.121361 0.524591 8 0
-7.14672 -3.78328 0.998219 8 0
1.45837 -5.4336 0.945771 8 0
-7.89794 0.0106163 0.943836 8 1
10.0171 -14.8298 0.991164 8 1
9.91562 14.976 0.99588 8 1
2.22506 3.46664 0.840538 8 0
6.81263 -8.28482 0.99993 8 1
-3.92998 1.97585 0.983934 8 0
-13.4085 -14.1164 0.992675 8 1
0.596037 1.4356 0.38258 8 0
-14.8539 -14.3446 0.999651 8 1
-2.56353 3.61945 0.998586 8 0
-2.42817 -2.39755 0.999259 8 0
15 15 0.999982 8 0
-5.34576 -8.1419 0.995984 8 0
-14.8787 14.3306 0.999803 8 1
-2.24651 -4.79162 0.888669 8 0
3.05601 -6.97571 0.998718 8 0
0.303865 -13.2451 0.992503 8 1
-0.235611 1.13314 0.533238 8 0
-13.0856 11.0443 0.995217 8 1
14.5949 12.1331 0.994448 8 1
11.0662 13.5265 0.998178 8 1
-7.10187 6.7231 0.988784 8 1
11.5682 2.70675 0.991268 8 1
-9.91227 15 0.997092 8 0
0.951679 -1.21028 0.3938 8 0
14.1791 -14.0482 0.991421 8 1
-10.7687 -13.4287 0.988633 8 1
14.1173 -2.2986 0.994334 8 1
-2.77704 -1.54108 0.727964 8 0
-15 -15 0.999982 8 0
-2.12257 3.6585 0.828031 8 0
0.426762 -1.16399 0.882339 8 0
11.3169 10.4867 0.999818 8 1
-10.9318 -14.4545 0.998569 8 1
1.31722 1.31022 0.987736 8 0
-5.97536 -14.5605 0.984652 8 1
-13.4199 14.9363 0.997951 8 1
-14.987 9.90232 0.996012 8 1
14.9816 -6.77142 0.9986 8 1
-14.9997 11.9782 0.997489 8 1
2.85154 10.0453 0.965735 8 1
14.7178 7.9607 0.986166 8 1
-2.21872 12.9569 0.979799 8 1
4.67824 3.51231 0.92323 8 1
8.46591 2.18514 0.98303 8 0
13.2939 7.62367 0.992577 8 1
13.557 14.102 0.998125 8 1
-6.45039 -0.203789 0.976195 8 0
-6.06361 -14.9713 0.988039 8 1
0.211401 -0.531872 0.152532 8 0
-8.66896 14.8446 0.990052 8 1
12.6418 0.73112 0.982958 8 1
11.6024 -7.85854 0.989183 8 1
-8.92253 -14.3564 0.994504 8 1
14.9081 -14.525 0.995364 8 1
7.76779 -1.18186 0.939172 8 0
14.9763 3.00958 0.987724 8 1
2.20314 9.22605 0.962832 8 1
-6.69036 -4.02579 0.942962 8 0
-14.4436 -0.270888 0.998531 8 1
-15 -15 0.999982 8 0
2.63523 0.276888 0.65007 8 1
-14.8309 14.9499 0.994652 9 1
7.5697 14.9897 0.986707 9 1
-13.3108 -4.13896 0.997162 9 1
1.4339 1.54229 0.528019 9 0
4.36619 5.07745 0.94899 9 0
-14.5889 0.599476 0.983837 9 1
-14.9735 13.3745 0.997824 9 1
-1.43021 -3.1455 0.976361 9 0
-6.02913 5.64782 0.967502 9 0
2.10224 -5.59146 0.991938 9 0
-7.7652 -14.837 0.985978 9 1
1.08622 -0.481454 0.67485 9 0
6.22949 9.79318 0.978396 9 1
0.160851 -5.94955 0.983281 9 0
-14.6733 1.60566 0.98773 9 1
-2.6635 -2.22262 0.963248 9 0
-2.05585 -0.707046 0.638558 9 0
1.93499 2.76144 0.990821 9 0
1.72114 0.455447 0.947011 9 0
-4.62959 13.3642 0.980422 9 1
15 -14.6514 0.991173 9 0
-4.06516 -2.02718 0.955362 9 0
-1.68905 -3.32108 0.804722 9 0
-14.1075 3.08941 0.998785 9 1
-0.250319 -6.1551 0.947805 9 0
9.67468 14.9982 0.9885 9 1
7.89678 -1.04888 0.96374 9 0
5.16527 12.4913 0.98498 9 1
-1.36881 -0.907361 0.505908 9 0
15 -15 0.999982 9 0
-13.8297 9.73047 0.995043 9 0
-15 -15 0.999982 9 0
7.39585 6.76395 0.968784 9 0
-2.65066 -14.2263 0.996703 9 1
-0.787663 1.78625 0.778527 9 0
14.5553 -4.73148 0.990575 9 1
1.87893 1.15748 0.724993 9 0
13.002 11.9307 0.995541 9 1
-2.61258 1.44664 0.889743 9 0
10.7597 4.83612 0.999756 9 1
3.00429 -2.16564 0.78592 9 0
-13.3778 12.757 0.99615 9 1
4.24652 12.7379 0.995858 9 1
-13.6939 -2.51472 0.998398 9 1
7.83566 13.1954 0.994709 9 1
4.06505 -0.992045 0.814161 9 0
13.8936 -9.54518 0.990649 9 1
5.71166 3.48042 0.95276 9 0
0.28373 0.639993 0.786184 9 0
1.0351 0.218169 0.221784 9 0
8.51588 -12.7369 0.992249 9 1
-3.52997 5.27887 0.923648 9 0
-1.79599 -5.65184 0.972438 9 0
11.4726 -10.4624 0.996464 9 1
-15 -15 0.999982 9 0
1.80345 0.986386 0.539606 9 0
-1.84426 2.97763 0.92282 9 1
-0.389469 0.976661 0.21705 9 0
13.4793 -12.7407 0.999348 9 1
15 15 0.999982 9 0
-0.103619 1.44846 0.624598 9 0
0.365603 3.44555 0.967491 9 0
0.255693 1.14855 0.622204 9 0
-4.42198 -13.3436 0.984384 9 1
4.5956 6.39902 0.940732 9 0
3.68412 0.71431 0.834416 9 0
7.19781 -4.65362 0.991819 9 0
0.292331 -1.68484 0.739949 9 0
-14.6162 5.43886 0.990149 9 1
-0.136351 1.1624 0.593066 9 0
-7.52734 12.1545 0.993622 9 1
7.72172 7.64629 0.983169 9 0
4.36343 14.9355 0.993537 9 1
-3.68614 -1.673 0.91348 9 0
-1.59787 4.48971 0.864987 9 0
11.8923 10.8187 0.994517 9 1
-14.9888 -14.7408 0.992889 9 1
4.40665 -3.18122 0.983838 9 1
12.8615 13.7628 0.988916 9 1
-13.1271 11.4041 0.991864 9 1
-4.74388 5.17618 0.994096 9 0
-6.19243 -13.5534 0.999706 9 1
3.22459 13.0939 0.988922 9 1
-14.6986 -15 0.99203 9 0
-13.2369 -5.11098 0.98237 9 1
-4.39564 5.95672 0.944088 9 0
10.0863 4.06281 0.981855 9 1
13.7198 -13.2852 0.999929 9 0
-13.9613 3.06875 0.993406 9 1
2.71985 4.65226 0.955331 9 1
14.4231 0.095542 0.999595 9 1
0.328355 0.593628 0.67839 9 0
14.8302 4.73084 0.992906 9 1
14.4426 -12.9454 0.98966 9 1
13.1218 14.5437 0.999211 9 1
-11.9706 7.91862 0.998569 9 1
-5.53703 -14.9447 0.999424 9 1
15 -14.8675 0.997835 9 1
7.7659 10.1283 0.996508 9 1
-2.68915 -10.8618 0.995176 9 1
1.72989 13.7815 0.99985 9 1
-1.67556 -0.898459 0.915809 9 0
-10.0289 -14.999 0.999804 9 1
13.5366 13.1845 0.989772 9 1
7.78827 8.63156 0.981514 9 1
5.88 6.37342 0.998147 9 1
-8.21904 4.41092 0.969312 9 0
1.35803 1.35067 0.881636 9 0
14.9604 14.971 0.999473 9 1
14.9174 14.532 0.994741 9 1
14.8072 9.4812 0.999206 9 1
8.14881 9.66409 0.98017 9 1
15 -15 0.999982 9 0
-3.19268 6.70576 0.952675 9 0
11.6384 -2.4274 0.98999 9 1
-4.31818 -1.06658 0.999958 9 0
-3.34148 1.17483 0.867972 9 0
14.9974 2.48069 0.983157 9 1
5.91643 4.86334 0.990351 9 0
15 15 0.999982 9 0
13.9637 13.7213 0.998801 10 1
-2.54664 11.2446 0.970897 10 1
0.318112 0.388977 0.0743817 10 0
-15 15 0.999982 10 0
-0.954255 -5.78046 0.928384 10 0
-2.71669 1.35847 0.801134 10 0
-8.18695 13.9799 0.985496 10 1
14.8335 0.471856 0.996056 10 1
0.61757 -5.12194 0.895276 10 0
4.20603 -0.21758 0.81943 10 0
-10.5048 -13.8173 0.989585 10 1
-0.554806 0.621672 0.931701 10 0
15 -14.5194 0.99233 10 0
15 15 0.999982 10 0
0.406583 0.324307 0.0637553 10 0
-9.61923 12.6377 0.996063 10 1
4.14001 2.74928 0.999901 10 0
2.20955 1.91193 0.980055 10 0
-7.45566 -7.16901 0.981522 10 1
-2.43913 -2.80451 0.796319 10 0
1.18552 14.111 0.980829 10 1
-9.9917 1.42827 0.984266 10 1
-14.2126 7.23947 0.999787 10 1
7.29697 14.6102 0.989891 10 1
15 15 0.999982 10 0
1.2675 1.25938 0.959031 10 0
1.456 0.069924 0.604308 10 0
1.67639 1.05519 0.69545 10 0
1.10076 7.08038 0.978219 10 0
4.46511 2.73016 0.8726 10 0
-4.12511 5.24742 0.959382 10 0
4.28921 -5.74147 0.977715 10 0
1.12435 2.18607 0.868386 10 0
11.3087 -2.01959 0.971625 10 1
-11.2098 14.8219 0.999993 10 1
0.290043 0.616315 0.692843 10 0
-7.30274 1.70095 0.981034 10 1
2.52111 -1.86207 0.7112 10 0
4.09775 2.71153 0.982061 10 0
-7.77193 14.9964 0.993471 10 1
-0.636839 1.31098 0.605063 10 0
2.17321 14.8509 0.99571 10 1
9.58293 -8.74452 0.986459 10 1
-3.82698 4.81699 0.952277 10 0
13.8949 -4.30365 0.988929 10 1
0.571193 0.570583 0.985159 10 0
-14.5492 11.2919 0.991492 10 1
6.24852 -10.1164 0.989716 10 1
14.9993 3.57686 0.999592 10 1
0.373076 0.392335 0.078862 10 0
0.415239 0.354498 0.0860332 10 0
8.41809 5.61758 0.990098 10 1
0.858903 -0.229489 0.716671 10 0
15 15 0.999982 10 0
14.7302 8.99938 0.986892 10 1
-12.366 7.05388 0.986735 10 1
2.47765 6.17463 0.969712 10 0
0.970988 14.9663 0.996681 10 1
-6.91713 13.8229 0.99993 10 1
0.266676 2.73155 0.817523 10 0
5.08166 -11.77 0.999945 10 1
2.6812 -6.99098 0.977007 10 0
2.75726 14.1644 0.999344 10 1
2.84127 -0.232742 0.99011 10 0
-11.2444 -12.2574 0.992067 10 1
14.7456 -11.2589 0.999495 10 1
1.1885 -0.116518 0.702166 10 0
14.8088 8.04706 0.990447 10 1
6.61635 -4.21002 0.939235 10 1
-14.0421 -14.9696 0.993833 10 1
-4.22912 2.70281 0.99032 10 0
-1.86645 -3.07058 0.804783 10 0
1.01673 10.2601 0.988403 10 1
-2.11134 -2.59458 0.969067 10 0
1.88984 2.91433 0.958541 10 0
-6.04731 -9.12494 0.970377 10 1
-4.97647 6.21982 0.963564 10 1
-1.66695 -2.49853 0.859545 10 0
12.4266 -0.206402 0.988461 10 1
3.22224 5.80583 0.975739 10 0
14.4541 3.00927 0.98806 10 1
3.43703 0.713451 0.912263 10 0
3.74772 14.9989 0.999886 10 1
-10.1913 -14.8275 0.99786 10 1
-0.304195 2.67767 0.715236 10 0
-1.62947 2.05759 0.63324 10 0
0.650595 3.97898 0.93165 10 0
3.44474 3.61793 0.997741 10 1
-15 15 0.999982 10 0
-0.445892 0.012295 0.23911 10 0
14.4512 11.279 0.988251 10 1
4.82446 -5.09677 0.993292 10 0
-9.99772 -6.40748 0.992147 10 1
6.00887 -4.32789 0.944823 10 0
-13.7755 8.26146 0.995707 10 1
2.02606 -5.30484 0.913725 10 0
14.9999 0.0207281 0.996502 10 1
-15 15 0.999982 10 0
3.06285 -14.9468 0.986144 10 1
-15 -14.6831 0.991682 10 0
-11.4679 14.9658 0.988883 10 1
0.561015 0.536326 0.997317 10 0
-13.3873 15 0.999031 10 0
-0.280298 11.0377 0.970556 10 1
-10.5915 3.61544 0.995418 10 1
11.208 12.1905 0.997833 10 1
-3.83401 3.83702 0.978166 10 1
-0.513227 -12.7155 0.992006 10 1
-7.59402 14.8985 0.986441 10 1
2.86674 -4.06242 0.999977 10 0
4.97847 10.5849 0.993418 10 1
7.4653 -12.0571 0.981822 10 1
9.48247 4.77447 0.98568 10 1
-12.8648 -11.3015 0.995184 10 1
-3.75113 1.25761 0.993756 10 0
12.839 0.818866 0.998864 10 1
-1.29281 -1.91822 0.972163 10 0
14.7415 1.35755 0.992342 10 1
12.0387 9.79587 0.996954 10 1
-15 -14.866 0.997785 10 0
-7.98191 -10.7798 0.997171 11 1
-11.4678 -11.8074 0.999418 11 1
-0.868265 -0.998302 0.995058 11 0
-0.527183 0.333668 0.380787 11 0
-10.1825 -13.6241 0.999967 11 1
14.304 -1.52831 0.999874 11 1
3.56844 -3.4622 0.999976 11 0
0.995788 -0.862568 0.998217 11 0
-4.31676 14.5702 0.983059 11 1
-1.04649 -5.08827 0.878645 11 1
-4.87252 -4.81646 0.926937 11 0
-8.19922 14.9994 0.997308 11 1
0.162118 0.79483 0.979592 11 0
3.4839 6.31496 0.958857 11 0
14.7124 14.9951 0.992255 11 1
-0.386582 0.641242 0.958287 11 0
15 -15 0.999982 11 0
14.5108 2.26184 0.982208 11 1
2.10097 -1.88512 0.962314 11 1
2.80418 5.25949 0.987018 11 0
-1.37028 2.15229 0.676884 11 0
13.5814 10.1471 0.998101 11 1
14.7966 -13.0038 0.998579 11 1
0.558151 0.382736 0.669854 11 0
-0.462574 14.9455 0.999432 11 1
-0.798416 -1.43224 0.498625 11 0
-4.01659 13.2357 0.99863 11 1
-15 -15 0.999982 11 0
-15 15 0.999982 11 0
3.93107 3.40034 0.877735 11 0
-14.8156 -0.957624 0.996541 11 1
-0.679401 -0.154964 0.771098 11 0
0.512511 -0.257512 0.156594 11 0
-13.4224 -12.8085 0.999511 11 1
0.435177 1.88064 0.841467 11 0
10.3346 -11.4663 0.999943 11 1
0.383739 8.2971 0.954706 11 0
0.265366 -2.39032 0.965925 11 0
0.654097 0.67804 0.466045 11 0
0.790693 0.677487 0.214251 11 0
2.85969 1.91228 0.987908 11 0
0.0454352 0.466252 0.152035 11 0
-6.70642 -0.890524 0.924509 11 1
-9.54703 -14.235 0.993911 11 1
-2.36936 7.10779 0.978835 11 0
1.53119 -13.3431 0.995493 11 1
-0.176638 1.57686 0.391869 11 0
-3.83642 0.0407295 0.943115 11 0
1.00155 0.258977 0.21565 11 0
-15 -15 0.999982 11 0
0.52712 0.356827 0.448893 11 0
0.603136 0.711252 0.509694 11 0
0.0460347 -0.321358 0.867934 11 0
-15 -15 0.999982 11 0
-14.8364 11.8454 0.994816 11 1
1.6597 3.58884 0.994682 11 0
-0.145572 -0.14004 0.877926 11 0
0.457801 0.42763 0.394335 11 0
3.52154 -1.9874 0.918452 11 1
1.52982 -1.71529 0.950204 11 0
1.14208 -4.53304 0.853057 11 0
-1.59293 -2.42052 0.996312 11 0
-14.7965 -11.9314 0.996286 11 1
-8.46541 -2.05532 0.99123 11 1
0.236499 -1.33414 0.949217 11 0
14.9135 -7.09969 0.999705 11 1
9.60296 -12.1359 0.99949 11 1
-1.94674 2.98545 0.838358 11 0
0.295758 -2.48819 0.762316 11 0
14.9985 14.3817 0.997208 11 1
1.01249 -8.86437 0.952897 11 1
0.344993 0.603213 0.76178 11 0
-1.2026 4.28464 0.999999 11 0
-0.377399 -2.8738 0.995964 11 0
-14.6023 8.00537 0.990508 11 1
-2.60911 -3.12664 0.88616 11 0
-8.37905 -6.68642 0.999768 11 1
1.1122 -1.8282 0.567712 11 0
15 -15 0.999982 11 0
11.6608 4.64816 0.975402 11 1
14.2733 0.183034 0.991108 11 1
-14.1661 11.729 0.99003 11 1
-5.33792 14.8712 0.988588 11 1
-9.80655 11.0985 0.993029 11 1
15 -15 0.999982 11 0
14.9857 -0.227995 0.997479 11 1
-5.52137 -4.97839 0.955548 11 0
-11.5572 -9.00186 0.981788 11 1
13.5842 -0.74228 0.978908 11 1
10.7716 -6.71162 0.987038 11 1
14.0242 1.4823 0.981134 11 1
-7.438 -10.7054 0.979355 11 1
15 15 0.999982 11 0
-6.63144 1.29102 0.926692 11 1
-12.7111 -4.79886 0.979332 11 1
0.69769 -0.10272 0.809524 11 0
-2.22136 11.0488 0.999829 11 1
-2.79478 0.816242 0.988507 11 1
14.7818 -14.8479 0.990988 11 1
-4.81054 4.5753 0.976273 11 0
4.41034 -4.37767 0.92136 11 1
7.87808 -11.2248 0.985807 11 1
-14.209 6.13932 0.999386 11 1
-6.4409 4.2913 0.962561 11 1
-2.13167 12.7163 0.996544 11 1
15 -12.9648 0.991618 11 0
-14.9939 0.275652 0.996786 11 1
-0.859071 0.661617 0.264866 11 0
3.06179 -4.84255 0.894926 11 1
9.1991 -7.17751 0.98876 11 1
8.21871 -10.8419 0.978903 11 1
-14.1312 0.583082 0.980421 11 1
5.51418 -14.8686 0.99397 11 1
3.30858 -4.3577 0.997071 11 0
14.3066 -8.47954 0.99232 11 1
3.07775 1.12455 0.871233 11 0
-6.85321 -12.5969 0.997743 11 1
-1.33649 0.218532 0.95071 11 0
10.9964 -14.9948 0.999979 11 1
15 15 0.999982 11 0
-13.3686 6.76113 0.997932 12 1
1.67044 1.88545 0.734479 12 0
11.881 14.9089 0.999143 12 1
10.0357 -7.95974 0.999688 12 1
1.92181 0.0168527 0.864519 12 0
-10.5789 14.2964 0.98765 12 1
4.17022 14.0032 0.983201 12 1
-12.9544 5.08739 0.998729 12 1
0.20673 0.79579 0.958956 12 0
-1.42005 -3.14021 0.983614 12 0
-1.91603 4.65483 0.983315 12 0
-0.372527 0.614662 0.865727 12 0
11.1765 14.3943 0.992031 12 1
-5.95542 0.61493 0.995806 12 1
3.27642 -2.62623 0.815788 12 0
-14.0313 -14.4882 0.999963 12 1
9.17389 -1.17845 0.989059 12 1
-2.36658 -1.19456 0.651302 12 0
-5.28519 5.60579 0.975441 12 1
-14.9648 -3.64711 0.998901 12 1
10.1317 11.0883 0.994694 12 1
0.568507 0.336251 0.581632 12 0
10.3359 3.95812 0.973959 12 1
14.7904 -14.2575 0.994865 12 1
2.8701 3.92958 0.947289 12 0
-1.94053 1.29889 0.993271 12 0
11.2671 11.3476 0.999748 12 1
-4.61425 10.8039 0.998911 12 1
-15 15 0.999982 12 0
-9.57447 -3.30897 0.991994 12 1
2.38676 -0.923843 0.665934 12 0
14.9755 -14.9055 0.99825 12 1
14.0788 -11.2617 0.999462 12 1
-0.63549 -2.55836 0.63897 12 0
-14.7353 11.3131 0.999955 12 1
-9.62518 -12.6265 0.995622 12 1
0.44894 0.676004 0.979116 12 0
13.5057 -14.708 0.991786 12 1
1.65598 1.48967 0.782496 12 0
15 15 0.999982 12 0
1.1282 0.484145 0.84044 12 0
4.41229 0.976005 0.97396 12 0
-6.96766 4.64729 0.946062 12 1
-4.57049 -12.0388 0.998021 12 1
-2.41081 -2.79889 0.780032 12 0
-13.973 13.3576 0.990085 12 1
-0.602696 1.20714 0.960721 12 0
-1.72896 0.879993 0.813982 12 1
5.6859 -5.34297 0.944073 12 0
12.9904 14.7512 0.999842 12 1
-6.18412 -11.4016 0.986764 12 1
10.5793 7.66955 0.977547 12 1
-2.93342 -1.37755 0.810861 12 0
0.341024 1.10792 0.541678 12 0
0.443072 -0.521791 0.710245 12 0
-6.39533 1.94615 0.954493 12 1
-2.06222 -0.206066 0.526075 12 0
-15 15 0.999982 12 0
-0.295458 1.81423 0.999402 12 0
5.0547 12.4672 0.992971 12 1
1.29121 -2.06584 0.914201 12 0
7.82154 -13.0971 0.985946 12 1
-2.80347 4.3218 0.899922 12 0
0.486364 -0.800278 0.491563 12 0
0.833434 0.636389 0.215682 12 0
15 15 0.999982 12 0
1.09513 1.08892 0.389168 12 0
-15 -15 0.999982 12 0
-6.90799 -2.08459 0.957442 12 1
1.33864 -0.52422 0.679311 12 0
-3.16869 -13.0817 0.9921 12 1
15 -12.902 0.993766 12 0
15 15 0.999982 12 0
-0.848641 -0.00010404 0.883726 12 0
-2.1466 -1.1914 0.875336 12 0
-2.95498 2.26194 0.800364 12 0
-0.195405 -0.189445 0.996209 12 0
14.1303 14.6367 0.992278 12 1
1.20625 -0.27731 0.875612 12 0
-11.7122 -10.4171 0.984615 12 1
-12.3026 14.8395 0.992576 12 1
-8.57136 13.3967 0.997703 12 1
2.04055 2.26999 0.777859 12 0
-7.86657 -1.814 0.996275 12 1
7.7542 12.4301 0.981775 12 1
1.06443 -0.472718 0.566766 12 0
13.6137 -10.8083 0.991374 12 1
-14.78 15 0.994645 12 0
-1.13732 -1.70821 0.543456 12 0
-13.5738 -13.7432 0.990575 12 1
-1.02515 14.3484 0.999867 12 1
-5.09221 -0.0407829 0.943336 12 1
0.72632 -0.583839 0.512796 12 0
-9.41058 11.9111 0.982949 12 1
1.52277 2.1289 0.631375 12 0
-5.9449 14.9965 0.98966 12 1
-2.09813 13.6625 0.998019 12 1
-10.7395 5.11099 0.989234 12 1
-2.90818 -0.2794 0.980369 12 1
-14.3127 -7.88914 0.990907 12 1
-15 14.824 0.996302 12 0
13.9843 7.81231 0.998725 12 1
11.7084 -14.4595 0.999872 12 1
0.684916 0.670657 0.395809 12 0
-0.0594256 -0.474057 0.123736 12 0
-14.9071 13.7898 0.994185 12 1
-4.04455 -1.02085 0.815118 12 0
-14.3397 -0.357204 0.998009 12 1
1.4345 0.186105 0.645659 12 0
-13.5094 14.264 0.999955 12 1
-3.02441 -1.07675 0.765367 12 1
8.63553 -14.1409 0.99723 12 1
0.338778 0.693484 0.994228 12 0
3.88661 2.31586 0.970087 12 0
-0.804902 2.0508 0.714637 12 0
-13.0067 9.01053 0.99064 12 1
0.429101 1.63321 0.662557 12 0
-15 -15 0.999982 12 0
-1.00806 -6.91124 0.982242 12 0
12.4694 12.35 0.999957 12 1
-6.62792 -4.85906 0.981395 13 1
-11.6893 -14.9998 0.996832 13 1
1.13901 1.22818 0.613734 13 0
12.5034 14.4193 0.999738 13 1
0.994743 0.39196 0.235717 13 0
-1.50475 2.73424 0.713328 13 0
-1.61488 -2.0086 0.646143 13 0
0.48213 1.21104 0.999232 13 0
-8.533 8.5317 0.973803 13 1
15 -14.9158 0.999165 13 0
12.9907 -10.765 0.991856 13 1
-1.39444 -3.57684 0.945872 13 0
-0.0761979 0.510775 0.0642414 13 0
11.4634 -12.8003 0.99058 13 1
3.73173 -3.15568 0.964299 13 0
0.0467577 -12.2312 0.995287 13 1
-0.104749 -1.11514 0.375173 13 0
1.63026 -0.900004 0.983289 13 0
11.2468 -14.1596 0.999851 13 1
-14.7995 -3.04524 0.986025 13 1
11.0412 -1.65614 0.991339 13 1
1.35941 2.22701 0.630935 13 0
-9.4548 2.05783 0.99984 13 1
-0.804247 -3.6312 0.798429 13 0
-2.12004 -1.05232 0.998304 13 0
2.46524 -0.0692613 0.850824 13 0
-1.54514 -12.5286 0.978286 13 1
0.933402 0.644486 0.431821 13 0
0.296732 1.27847 0.9997 13 0
-9.42639 0.768221 0.958838 13 1
-10.2457 9.59338 0.986581 13 1
13.6269 12.608 0.999786 13 1
-0.743366 -0.549058 0.549194 13 0
0.312338 0.452929 0.0937999 13 0
15 15 0.999982 13 0
4.44166 4.07157 0.999941 13 0
7.93235 14.891 0.991906 13 1
0.273377 1.23287 0.946491 13 0
-14.9643 10.3675 0.993343 13 1
-0.032021 1.26819 0.958911 13 0
0.556398 -0.549976 0.999708 13 0
4.90388 4.85785 0.945478 13 0
0.839945 -0.0437385 0.908624 13 0
-5.48783 -14.0194 0.991142 13 1
1.73912 -1.91126 0.640679 13 0
10.2407 -9.83303 0.982958 13 1
10.3213 14.6061 0.990433 13 1
15 -15 0.999982 13 0
-0.50133 0.926351 0.21819 13 0
1.22883 1.61346 0.580906 13 0
-14.9667 -12.6658 0.999709 13 1
2.52268 -1.08872 0.824113 13 0
-0.0127856 0.995785 0.272313 13 0
-1.88642 14.8472 0.998807 13 1
15 -15 0.999982 13 0
-15 -15 0.999982 13 0
1.53783 1.10379 0.933804 13 0
11.5945 6.59651 0.999884 13 1
15 -15 0.999982 13 0
-8.5748 -8.94747 0.993511 13 1
0.375107 0.49601 0.370129 13 0
0.921078 -14.5639 0.984444 13 1
-12.5005 -14.6575 0.993287 13 1
10.3524 -11.9022 0.986573 13 1
0.380664 0.38918 0.0834018 13 0
11.177 -4.57027 0.974302 13 1
-14.555 2.8141 0.994497 13 1
0.264492 0.266511 0.616118 13 0
-3.80277 2.4974 0.949342 13 0
2.86906 0.655794 0.956635 13 0
-15 -15 0.999982 13 0
-15 15 0.999982 13 0
10.5434 1.96107 0.99989 13 1
0.579637 0.176464 0.289854 13 0
1.48459 11.1533 0.999964 13 1
-7.46436 0.802934 0.984288 13 1
-0.078207 0.883477 0.726382 13 0
-2.77488 -1.21058 0.817742 13 0
0.0315025 0.275739 0.991283 13 0
0.222114 14.4794 0.995812 13 1
-0.0238736 0.485941 0.101816 13 0
2.85266 7.00036 0.997484 13 0
-14.98 -14.8135 0.99514 13 1
11.9643 -12.8557 0.999795 13 1
-12.6415 -9.04293 0.9951 13 1
11.941 12.8979 0.999406 13 1
-0.139793 -0.421626 0.247433 13 0
-1.83992 7.78094 0.974308 13 1
-11.6481 -11.4323 0.989078 13 1
0.175177 0.592567 0.349585 13 0
-6.18568 -3.71153 0.958233 13 1
0.760151 3.78649 0.969475 13 0
0.960159 -4.90048 0.998122 13 1
14.8903 4.30661 0.998317 13 1
0.301994 0.255901 0.500745 13 0
-7.22227 -12.06 0.984388 13 1
12.4205 7.62295 0.986161 13 1
11.5121 -14.9057 0.988949 13 1
12.1952 -14.7234 0.999982 13 1
-5.39443 -6.39888 0.946112 13 1
14.6716 -0.530076 0.982051 13 1
-15 -15 0.999982 13 0
-3.09793 2.26394 0.943541 13 0
14.9926 -14.4692 0.994197 13 1
1.03143 3.51614 0.770479 13 0
-1.98347 14.9851 0.985549 13 1
-3.20911 -14.7556 0.98677 13 1
-13.1978 12.9953 0.99829 13 1
-1.46772 3.23991 0.847765 13 0
2.86669 0.120721 0.998689 13 1
2.39448 0.883139 0.675886 13 0
-3.91159 -14.4379 0.999202 13 1
-14.9788 14.6463 0.990978 13 1
-14.5204 10.9571 0.994344 13 1
-2.92327 -1.92664 0.924749 13 0
11.9227 7.90606 0.994615 13 1
-8.53277 -3.597 0.986542 13 1
-11.9708 14.0438 0.993955 13 1
15 15 0.999982 13 0
-13.5806 -8.75229 0.987762 13 1
-5.07061 -14.8441 0.984275 14 1
-0.895046 -1.05872 0.864614 14 0
-7.9929 -10.9778 0.979653 14 1
1.67086 2.66863 0.713009 14 0
-14.8844 1.40728 0.999501 14 1
0.772142 -0.422555 0.756942 14 0
2.10766 2.4018 0.746904 14 0
-0.13351 -0.126956 0.800305 14 0
-1.58669 -1.28099 0.561462 14 0
-1.68461 2.58836 0.733729 14 0
1.39587 2.25958 0.656604 14 0
0.325314 -2.62384 0.644789 14 0
8.68856 8.6706 0.999183 14 1
-15 15 0.999982 14 0
0.889003 0.241808 0.562771 14 0
0.654949 0.328763 0.915171 14 0
-0.732404 -0.633323 0.358442 14 0
13.5749 -12.4315 0.990884 14 1
15 -15 0.999982 14 0
14.8872 5.22679 0.986823 14 1
-1.8865 -4.39156 0.87395 14 1
-15 15 0.999982 14 0
-8.29632 -0.328648 0.95547 14 1
2.23434 -1.94054 0.933765 14 0
7.50756 -3.13676 0.999123 14 1
1.12843 -0.628213 0.992263 14 0
0.785156 -0.579465 0.331545 14 0
1.76574 1.27249 0.644546 14 0
-14.6788 -12.727 0.990605 14 1
0.885235 0.670504 0.340725 14 0
-6.91102 -5.7129 0.959536 14 1
1.8629 3.56716 0.939807 14 0
0.493664 0.332092 0.239723 14 0
4.23004 12.1663 0.997735 14 1
0.388103 0.270205 0.137912 14 0
0.0291951 0.182673 0.803914 14 0
-0.794535 -1.76814 0.818502 14 1
11.0365 -14.9322 0.999841 14 1
0.677002 0.675485 0.404891 14 0
11.2463 -8.95005 0.999541 14 1
0.520481 0.625966 0.974835 14 0
-7.60027 5.53218 0.957609 14 1
14.5473 -2.41007 0.986224 14 1
1.6278 1.40786 0.590078 14 0
8.52509 4.60714 0.999979 14 1
0.184992 0.824466 0.896149 14 0
6.86012 12.5165 0.990959 14 1
1.39068 0.277721 0.753154 14 0
-0.949378 -1.5105 0.954123 14 0
0.470117 -0.0249706 0.144518 14 0
-0.146063 0.100027 0.764707 14 0
-13.8816 2.62817 0.980411 14 1
14.8865 -12.2886 0.991137 14 1
-0.29966 0.97303 0.229728 14 0
6.77435 14.373 0.99665 14 1
-9.90194 14.418 0.998883 14 1
-9.78412 -14.5615 0.999997 14 1
14.9411 -11.3036 0.993254 14 1
15 15 0.999982 14 0
0.346035 -0.437787 0.111263 14 0
-14.1794 14.0445 0.991322 14 1
1.27369 0.282815 0.999536 14 0
-6.35902 -14.9042 0.985399 14 1
-14.9756 14.9602 0.99955 14 1
-0.846322 1.8162 0.634664 14 0
8.93503 -0.917767 0.963036 14 1
-14.7091 -14.9372 0.991106 14 1
-0.569709 -1.08141 0.820129 14 0
15 15 0.999982 14 0
-14.8682 15 0.997857 14 0
5.44826 -14.959 0.998668 14 1
-2.50883 -5.35374 0.962023 14 0
-14.4278 13.1678 0.996597 14 1
1.20129 1.05596 0.407887 14 0
-1.72733 0.234089 0.851348 14 0
-15 -15 0.999982 14 0
-0.383604 2.13192 0.619991 14 0
-2.35234 2.50547 0.990031 14 0
-2.43723 2.71967 0.77073 14 0
-14.9857 -10.6436 0.989527 14 1
15 15 0.999982 14 0
2.89973 -6.24499 0.938246 14 1
0.179446 -1.94021 0.789414 14 0
1.24639 3.92558 0.840996 14 1
-0.120078 -0.637761 0.517624 14 0
-13.7666 -6.80253 0.995538 14 1
-9.36215 0.795687 0.957943 14 1
-14.2177 5.18197 0.984437 14 1
4.88294 -14.4773 0.987991 14 1
-0.386401 -2.31712 0.999242 14 0
-5.00034 -10.8039 0.987419 14 1
-10.4922 5.53438 0.993915 14 1
-14.6811 -13.2007 0.996286 14 1
-2.49455 2.47957 0.90264 14 0
1.74404 -1.7584 0.82738 14 0
-14.0361 4.08605 0.982769 14 1
-1.54991 14.0086 0.98155 14 1
8.68539 14.5387 0.996966 14 1
-2.72832 -10.1315 0.965467 14 1
-14.179 15 0.99944 14 0
-1.21844 -0.586769 0.954577 14 0
-0.906945 0.665367 0.393582 14 0
-11.4922 -0.056201 0.971358 14 1
-14.2483 0.00443649 0.988064 14 1
9.25937 13.326 0.985047 14 1
-11.2387 -13.5141 0.99941 14 1
-0.20708 1.53929 0.383162 14 0
2.25345 -3.25704 0.991849 14 1
-0.897174 -0.0632759 0.667851 14 0
-10.9785 -13.0948 0.997686 14 1
12.7728 -11.4409 0.993315 14 1
2.5397 2.2671 0.999991 14 0
-1.84999 8.90378 0.992527 14 1
-14.3465 -1.22691 1 14 1
-14.8954 -13.6127 0.999858 14 1
11.9396 7.61788 0.980909 14 1
-15 -15 0.999982 14 0
-13.9822 4.62613 0.984653 14 1
13.5103 -14.9049 0.999397 14 1
14.8456 11.4477 0.992512 14 1
2.14374 0.025481 0.574537 15 0
-14.7558 -7.45771 0.999188 15 1
-13.44 8.39509 0.992876 15 1
15 -15 0.999982 15 0
0.309476 0.405411 0.067269 15 0
4.32734 -14.8049 0.999719 15 1
3.58894 3.50433 0.991525 15 1
14.9924 7.34584 0.987601 15 1
0.0519916 0.65042 0.537234 15 0
-1.23409 -0.0015893 0.863298 15 0
-9.59709 12.5957 0.991811 15 1
8.88296 4.8418 0.989383 15 1
1.52863 -0.964362 0.987517 15 0
7.89973 9.66113 0.981141 15 1
1.3749 -1.03267 0.773559 15 0
14.3995 1.61427 0.994984 15 1
-0.769038 -1.00536 0.953028 15 0
14.2352 -14.5129 0.993021 15 1
7.53162 0.842586 0.999569 15 1
-0.364712 -0.44367 0.159172 15 0
-0.00465471 0.415631 0.390323 15 0
0.36799 0.511683 0.414768 15 0
12.5824 -3.72354 0.978116 15 1
-0.0422088 1.19195 0.695475 15 0
14.2925 13.0442 0.98963 15 1
0.367354 0.418316 0.108086 15 0
-0.475368 -1.33489 0.757419 15 0
0.42996 0.571972 0.853216 15 0
-11.1882 -11.7637 0.985055 15 1
-12.7642 9.9024 0.987878 15 1
0.708994 1.20461 0.82675 15 0
-0.782673 1.64608 0.998066 15 0
-9.83676 6.90521 0.973622 15 1
1.74014 1.16543 0.523033 15 0
-14.2007 -14.8605 0.995502 15 1
0.443267 1.45847 0.41533 15 0
-2.2253 -2.4697 0.944592 15 1
0.527332 1.798 0.968202 15 0
1.10007 -1.78083 0.522784 15 0
15 -14.8208 0.996182 15 0
-4.0036 12.152 0.999043 15 1
-2.35844 -2.68414 0.827186 15 1
15 15 0.999982 15 0
0.34844 0.478709 0.227311 15 0
-4.03111 9.32093 0.996092 15 1
-1.31971 -1.30073 0.991991 15 0
0.993152 1.25027 0.403931 15 0
-10.1759 -5.28463 0.973346 15 1
-0.804407 -0.341909 0.783996 15 0
4.19719 1.87677 0.905084 15 1
2.19247 11.9189 0.978644 15 1
-0.921643 1.5963 0.997792 15 0
-0.541264 -0.402782 0.65877 15 0
-13.4786 -7.1886 0.98773 15 1
0.29869 0.352568 0.174239 15 0
-15 15 0.999982 15 0
-15 -15 0.999982 15 0
-14.157 13.2034 0.989521 15 1
13.45 1.78528 0.980287 15 1
-0.964319 -0.117673 0.346744 15 0
0.382313 0.455342 0.237924 15 0
-15 -15 0.999982 15 0
0.702989 0.701249 0.279786 15 0
1.46938 1.15771 0.972664 15 0
0.519739 0.588923 1 15 0
-5.24872 14.9934 0.996349 15 1
0.432909 -0.183329 0.146601 15 0
9.74791 -6.67238 0.998996 15 1
0.117634 0.967119 0.336986 15 0
7.91439 5.31726 0.973683 15 1
0.286834 0.518982 0.231069 15 0
-13.899 -7.2407 0.984712 15 1
11.7421 -6.14781 0.993195 15 1
-15 -15 0.999982 15 0
0.794342 4.09605 0.814969 15 0
-11.8992 -10.0359 0.992925 15 1
-2.36332 1.10839 0.630885 15 0
14.751 -2.94038 0.992588 15 1
14.9975 10.4599 0.988883 15 1
-0.498064 1.36015 0.638339 15 0
2.05476 -13.5081 0.980846 15 1
1.82403 -3.85277 0.852826 15 0
0.351178 -0.256763 0.290361 15 0
14.4913 10.1256 0.993155 15 1
-4.08239 14.4797 0.992285 15 1
1.43831 1.79623 0.954703 15 0
-3.32452 2.35919 0.881469 15 1
-14.8137 10.5191 0.995882 15 1
0.0740094 0.644474 0.516194 15 0
-14.9994 -0.277381 0.996325 15 1
15 -15 0.999982 15 0
-14.2245 11.0714 0.999351 15 1
-2.0938 -2.20824 0.792025 15 0
13.6707 -14.9789 0.995761 15 1
-2.25253 -2.00963 0.83285 15 0
3.77314 5.77762 0.944549 15 0
-6.18285 6.47622 0.957045 15 1
-12.1689 8.65269 0.999949 15 1
-0.848439 -0.0665464 0.875297 15 1
3.97668 14.1287 0.981958 15 1
10.707 14.6966 0.994868 15 1
-0.0440841 0.992189 0.279205 15 0
-2.41606 -12.4806 0.990094 15 1
14.8991 8.68164 0.987297 15 1
-9.49873 -10.7191 0.996217 15 1
5.8137 -14.8778 0.999993 15 1
-0.257076 -0.536706 0.240281 15 0
14.986 -6.2719 0.985175 15 1
-2.29338 12.5582 0.996812 15 1
0.722452 0.901 0.521888 15 0
-11.5571 -2.11695 0.998999 15 1
-11.2208 14.9993 0.993468 15 1
0.223071 0.112319 0.994864 15 0
3.00052 -14.6424 0.999634 15 1
-3.7068 -3.14754 0.944492 15 1
15 -14.54 0.991822 15 0
-8.26488 -6.61832 0.979762 15 1
-0.123211 0.503779 0.0638402 15 0
2.45461 -2.14847 0.84634 15 1
15 15 0.999982 15 0
-14.5327 -6.81409 0.996658 16 1
-1.71142 -1.47531 0.868073 16 0
-1.66583 2.08537 0.673099 16 0
-11.2364 -12.1096 0.999644 16 1
-11.319 7.79385 0.989416 16 1
0.31657 -0.121809 0.805024 16 0
-5.69566 -12.3983 0.979659 16 1
-0.335719 -2.0669 0.522948 16 0
0.501933 0.882298 0.233998 16 0
2.33887 -0.985558 0.698528 16 0
-15 15 0.999982 16 0
-1.21579 1.02492 0.395543 16 0
15 15 0.999982 16 0
0.934835 0.667248 0.4934 16 0
7.08684 -14.9531 0.998534 16 1
-1.07171 0.722108 0.992929 16 0
0.333962 0.710671 0.999999 16 0
-12.5754 7.72407 0.987448 16 1
-12.2478 -14.4842 0.993711 16 1
-15 15 0.999982 16 0
-0.633465 0.670764 0.556554 16 0
12.0565 12.9979 0.989733 16 1
-0.450039 -12.7215 0.992489 16 1
6.49696 2.97707 0.985226 16 1
6.10242 -8.76183 0.996281 16 1
-3.70251 13.3495 0.99965 16 1
0.696129 1.62152 0.911573 16 0
0.0124258 0.604982 0.286067 16 0
9.28455 -4.24021 0.999986 16 1
-0.86891 0.825311 0.720805 16 0
-14.6315 -14.9983 0.990998 16 1
0.308439 1.26904 0.999771 16 0
14.9014 -3.06858 0.983546 16 1
-0.44133 0.615205 0.975084 16 0
1.6616 1.23589 0.526979 16 0
-1.52076 -1.51741 0.582614 16 0
-2.80892 2.93546 0.896641 16 0
1.68193 -14.5697 0.981765 16 1
9.39939 -0.8598 0.957326 16 1
-0.146874 0.786855 0.992994 16 0
-10.5091 -7.9205 0.981143 16 1
9.25955 14.9622 0.998656 16 1
-1.50123 -0.218242 0.429067 16 0
14.3745 14.6389 0.993383 16 1
14.8538 14.3481 0.999698 16 1
-0.885448 1.27748 0.382613 16 0
-14.6575 -9.64774 0.999976 16 1
-8.81127 9.1646 0.990236 16 1
15 15 0.999982 16 0
14.8267 -14.9498 0.994495 16 1
0.236202 -0.579699 0.391756 16 0
1.04284 -1.57793 0.93698 16 0
-2.1071 2.87079 0.842225 16 0
-0.229259 0.593811 0.448852 16 0
14.946 -6.83434 0.99825 16 1
13.0908 -4.92251 0.992428 16 1
-7.62852 11.3753 0.983868 16 1
0.101787 -0.0795196 0.491722 16 0
0.780706 2.03404 0.650104 16 0
0.957607 -9.60406 0.998221 16 1
15 15 0.999982 16 0
0.257421 0.36768 0.227009 16 0
6.59263 11.3018 0.977196 16 1
-9.85778 -14.5668 0.99896 16 1
-10.8814 -13.1981 0.996545 16 1
15 -15 0.999982 16 0
-5.27045 -3.96075 0.993248 16 1
8.28882 -2.13237 0.988789 16 1
-15 -15 0.999982 16 0
-7.4753 10.0197 0.978695 16 1
-0.478182 -0.248506 0.0755254 16 0
-1.25625 -0.0390785 0.93209 16 0
0.312334 0.479575 0.152436 16 0
0.210628 -0.288145 0.717148 16 0
-12.6526 -13.7387 0.997033 16 1
-0.0133711 0.887506 0.72327 16 0
-4.23137 -13.5011 0.980503 16 1
-11.6097 -14.7918 0.989636 16 1
0.117481 1.45034 0.613771 16 0
-13.6078 -12.2548 0.988289 16 1
-0.0544329 -0.754621 0.974107 16 0
-0.355143 14.7823 0.990471 16 1
1.46311 -0.425617 0.416349 16 0
2.09707 2.31728 0.712229 16 0
-2.60883 -6.33954 0.928034 16 1
-0.42291 0.55709 0.783226 16 0
3.29324 -5.95137 0.920492 16 1
-1.53361 0.487733 0.424827 16 0
11.5608 12.2175 0.988077 16 1
12.6808 13.3537 0.991384 16 1
0.249376 0.447863 0.0657156 16 0
-14.9512 -14.0434 0.993171 16 1
-0.0998666 1.51644 0.423722 16 0
-4.46442 -7.00322 0.954895 16 1
-4.00409 -4.59208 0.983288 16 0
0.141533 0.52475 0.0819868 16 0
13.1381 9.91662 0.999442 16 1
-15 15 0.999982 16 0
-13.0801 -9.98981 0.999375 16 1
-0.403357 0.809153 0.645315 16 0
-0.492593 0.393606 0.416211 16 0
-12.2297 14.8706 0.993939 16 1
-0.262792 0.629862 0.699743 16 0
-15 15 0.999982 16 0
4.75887 6.90431 0.946297 16 1
0.373154 0.401441 0.0897886 16 0
-8.00047 9.33317 0.999874 16 1
-12.9275 13.2674 0.998402 16 1
-12.7629 -14.998 0.998796 16 1
13.0579 9.79009 0.989025 16 1
0.803011 0.669257 0.214665 16 0
-12.7853 3.00134 0.9788 16 1
-1.73271 -0.0144053 0.818427 16 0
-2.53486 -2.30737 0.994613 16 1
-15 -15 0.999982 16 0
-6.10633 10.4189 0.974381 16 1
7.64112 -8.62796 0.970804 16 1
7.40271 -4.97438 0.952653 16 1
8.65565 14.8236 0.991882 16 1
-14.942 7.74591 0.988729 16 1
-13.8244 2.04076 0.993727 17 1
6.62767 -14.8025 0.985113 17 1
0.0596581 0.509091 0.0657345 17 0
-1.50428 1.97935 0.805903 17 0
13.0817 -3.36869 0.986008 17 1
-2.43887 -12.8603 0.977187 17 1
-14.5089 3.92474 0.993682 17 1
0.217777 0.848986 0.773468 17 0
13.9507 3.40324 0.998967 17 1
14.575 -3.78328 0.990858 17 1
0.5515 0.407871 0.717432 17 0
-0.637368 0.878406 0.267115 17 0
13.1778 9.54066 0.98585 17 1
-7.55906 -9.85342 0.989855 17 1
-10.9355 8.4575 0.998145 17 1
0.657679 0.327196 0.920569 17 0
15 -15 0.999982 17 0
-13.0389 -12.4153 0.99849 17 1
-7.32423 14.9651 0.989843 17 1
0.51208 0.67261 0.894848 17 0
7.62336 3.58425 0.95066 17 1
3.18977 -12.4129 0.999876 17 1
-14.1461 8.02369 0.985633 17 1
11.1642 13.8679 0.987538 17 1
0.333681 -0.252129 0.376496 17 0
-10.8126 4.68616 0.999988 17 1
2.07777 -13.6901 0.999409 17 1
-5.55744 5.29607 0.98497 17 1
-0.35974 -0.0458283 0.686728 17 0
0.178588 -0.079093 0.850579 17 0
-15 -15 0.999982 17 0
0.772305 1.44678 0.499374 17 0
12.0824 -14.4982 0.989109 17 1
-0.780105 1.99164 0.566122 17 0
0.192431 1.7111 0.781741 17 0
1.72551 0.778666 0.933564 17 0
1.93496 -1.08731 0.760458 17 0
-14.8207 -2.76777 0.988955 17 1
-0.0996251 0.916452 0.560154 17 0
-1.00048 1.47453 0.950004 17 0
0.598735 -0.114109 0.307333 17 0
-0.827164 0.742355 0.34395 17 0
14.8955 13.9904 0.990591 17 1
-15 15 0.999982 17 0
-10.7075 14.4264 0.996212 17 1
1.81674 1.96832 0.687317 17 0
0.654511 2.03378 0.562147 17 0
-0.026481 0.881946 0.747316 17 0
13.9184 -5.80778 0.988503 17 1
-4.97455 11.0929 0.984247 17 1
1.00155 1.10046 0.502548 17 0
0.796444 -0.650623 0.21912 17 0
0.417109 0.158351 0.238695 17 0
-14.0868 14.8094 0.990635 17 1
-0.0317027 0.760094 0.98104 17 0
14.2297 -14.7621 0.992743 17 1
2.68137 14.7846 0.994134 17 1
-0.489739 0.401163 0.42995 17 0
15 15 0.999982 17 0
-0.366592 0.403085 0.0841494 17 0
-0.202612 0.406692 0.203935 17 0
0.786426 2.45342 0.646937 17 0
-1.85125 -0.366164 0.94539 17 0
0.820239 0.882152 0.747693 17 0
-2.53485 -13.5967 0.998581 17 1
0.523046 0.386714 0.526038 17 0
-8.83548 0.480446 0.956085 17 1
-15 -15 0.999982 17 0
-5.21273 13.1917 0.982019 17 1
0.0934878 0.896356 0.659185 17 0
-9.21078 14.3043 0.999993 17 1
15 -15 0.999982 17 0
-0.734766 1.74287 0.936918 17 0
14.6559 -11.0972 0.989631 17 1
13.3573 -2.91859 0.981555 17 1
5.12253 5.83175 0.954837 17 0
-15 -15 0.999982 17 0
-12.7465 -2.68593 0.980156 17 1
-1.05424 -0.668845 0.909321 17 0
-0.812616 0.365974 0.706467 17 0
-2.91238 -0.314006 0.972811 17 0
-2.96236 -14.7598 0.991256 17 1
-7.91563 -1.96078 0.996936 17 1
-8.73264 -9.10778 0.977759 17 1
-0.369725 0.843575 0.564021 17 0
-9.73765 -4.25137 0.987429 17 1
1.90813 -14.7351 0.997467 17 1
13.6648 -13.7927 0.990166 17 1
11.1875 2.63363 0.971309 17 1
14.1443 8.84242 0.988468 17 1
7.16081 -9.24335 0.992729 17 1
-0.335648 0.0718879 0.785845 17 0
-11.6831 -6.89417 0.980446 17 1
1.43476 -3.27941 0.819588 17 0
-14.2633 5.34162 0.984328 17 1
-11.2127 7.02174 0.990031 17 1
-0.609047 -0.520152 0.992533 17 0
13.2717 10.2675 0.986295 17 1
-0.568254 0.254559 0.374269 17 0
5.50856 8.67435 0.994654 17 1
-12.8748 -12.9252 0.990809 17 1
-6.81513 7.79911 0.978564 17 1
14.9641 -4.18923 0.995405 17 1
15 -15 0.999982 17 0
-1.13768 2.97985 0.740601 17 1
15 -14.9605 0.999868 17 0
0.779057 1.40972 0.427471 17 0
1.06349 1.00636 0.581009 17 0
-5.87624 -14.5631 0.984048 17 1
-0.033795 0.485344 0.101835 17 0
0.360303 0.0806149 0.650961 17 0
2.06952 1.04248 0.977124 17 0
-3.78219 -7.40299 0.953054 17 1
15 15 0.999982 17 0
14.8335 -2.82533 0.986801 17 1
14.9968 -14.4145 0.996082 17 1
10.2086 -6.84487 0.999829 17 1
-0.869922 0.06929 0.789932 17 0
4.97869 12.5699 0.984655 17 1
9.0855 7.67007 0.989783 17 1
5.61654 -14.6476 0.984246 18 1
-0.436485 -0.168326 0.154174 18 0
-15 15 0.999982 18 0
-0.302212 -0.0866978 0.905974 18 0
-6.08099 1.83863 0.924695 18 1
15 15 0.999982 18 0
14.9497 -14.1706 0.997838 18 1
14.5607 5.04622 0.999245 18 1
-0.0347762 0.475828 0.125605 18 0
-1.40365 -0.791048 0.428534 18 1
9.43458 11.6157 0.998912 18 1
14.7741 -5.1747 0.985558 18 1
-0.404699 1.05342 0.408059 18 0
13.2381 8.37817 0.984935 18 1
-0.386452 -1.17075 0.859082 18 0
-1.09554 -0.0896311 0.304353 18 0
-0.147721 0.592692 0.313793 18 0
-12.7989 -14.6637 0.992344 18 1
14.6953 -14.2954 0.992635 18 1
0.779873 -0.407967 0.757241 18 0
-0.508553 0.59309 0.999468 18 0
12.3984 10.9241 0.999504 18 1
15 15 0.999982 18 0
-15 15 0.999982 18 0
0.101346 0.337993 0.738185 18 0
-0.410827 0.570393 0.799348 18 0
-14.7054 11.2243 0.997057 18 1
9.94905 -14.5463 0.997117 18 1
-9.06585 13.9121 0.994466 18 1
-1.06541 -0.762763 0.999957 18 0
-0.207549 -0.0945685 0.960138 18 0
0.384904 0.374445 0.0732528 18 0
14.9932 -14.4613 0.994464 18 1
-13.4401 -14.8134 0.993545 18 1
-14.6335 8.89992 0.994906 18 1
0.516333 0.712584 0.757906 18 0
0.167915 0.403152 0.282198 18 0
-0.39248 0.246324 0.169563 18 0
-14.0627 14.7043 0.992191 18 1
-0.385019 0.165832 0.37121 18 0
12.2208 -14.4542 0.991232 18 1
2.56864 4.16815 0.970808 18 1
0.64265 -0.0867602 0.514916 18 0
0.094557 1.06282 0.23252 18 0
8.05993 3.17409 0.99904 18 1
-5.02939 -12.5745 0.982256 18 1
0.0418459 0.791025 0.99859 18 0
-2.8281 -10.221 0.983272 18 1
0.327898 0.5648 0.540497 18 0
14.7565 11.1326 0.996117 18 1
0.159191 0.2012 0.999028 18 0
-11.4828 -8.05314 0.98778 18 1
-15 -15 0.999982 18 0
-5.61264 -5.51224 0.939648 18 0
15 15 0.999982 18 0
-0.00666231 -0.244266 0.989248 18 0
-0.479917 1.30272 0.858379 18 0
4.79992 -5.59795 0.936071 18 1
12.5351 10.6436 0.998772 18 1
-1.8829 2.03712 0.87978 18 0
8.9027 13.7128 0.99147 18 1
0.0770047 0.741168 0.949799 18 0
0.272462 0.38489 0.142035 18 0
15 -15 0.999982 18 0
-2.04832 1.05516 0.959401 18 0
-14.8301 -6.66118 0.985447 18 1
3.00309 8.25683 0.970749 18 1
-14.9168 -13.2003 0.990193 18 1
14.9346 -14.9426 0.998133 18 1
6.13736 -0.649566 0.941544 18 1
-13.2668 -1.55407 0.999974 18 1
-1.21016 -0.401066 0.970639 18 0
14.7802 5.41403 0.984713 18 1
14.9457 0.0892172 0.999655 18 1
0.287967 0.406897 0.0796996 18 0
1.85873 14.8653 0.997933 18 1
-0.0723763 0.494433 0.0779749 18 0
-7.90407 14.0467 0.990865 18 1
-14.7208 -8.54393 0.999993 18 1
0.113389 0.640391 0.525325 18 0
5.18715 -12.6764 0.983893 18 1
-11.8033 10.669 0.998117 18 1
13.3968 -12.2475 0.996999 18 1
-14.8974 -4.01189 0.999809 18 1
0.0408547 0.751994 0.967525 18 0
-12.631 14.9266 0.997724 18 1
13.5919 -14.9472 0.999328 18 1
-0.373769 0.0714886 0.587601 18 0
0.50201 1.41264 0.470842 18 0
-0.399764 0.974263 0.218046 18 0
0.375545 0.348637 0.0658114 18 0
13.9737 4.91144 0.993177 18 1
-15 15 0.999982 18 0
12.4298 -9.63573 0.984299 18 1
-0.200966 -0.15161 0.996418 18 0
12.0295 4.08326 0.98882 18 1
-13.4619 14.4599 0.995508 18 1
-2.17139 1.99978 0.944609 18 0
-0.0165542 0.247456 0.993273 18 0
-11.263 11.3007 0.999878 18 1
-8.57341 -5.24589 0.97462 18 1
0.162391 0.440898 0.147484 18 0
12.7426 14.9907 0.999429 18 1
-9.84612 14.5822 0.998681 18 1
-0.40463 0.419917 0.191069 18 0
-9.2362 9.37934 0.981557 18 1
-15 15 0.999982 18 0
-0.373659 0.961541 0.217043 18 0
-1.57518 -1.24222 0.628898 18 0
14.0195 10.137 0.987034 18 1
11.3206 -3.93613 0.975995 18 1
-0.406413 0.562169 0.755934 18 0
13.2387 -14.9647 0.99236 18 1
13.0882 11.8872 0.992985 18 1
0.135129 0.523189 0.0774229 18 0
-14.4414 -14.8193 0.999966 18 1
-0.119061 0.766709 0.997179 18 0
-3.04271 13.4529 0.99534 18 1
-2.31696 -0.751834 0.914731 18 0
-15 -15 0.999982 18 0
-5.25601 13.5083 0.994473 19 1
-12.6928 8.29213 0.983219 19 1
-1.53569 -3.50492 0.931117 19 1
-0.273456 0.525107 0.227106 19 0
-0.238145 0.157657 0.980146 19 0
14.9557 -10.831 0.994816 19 1
-0.348922 -0.249598 0.320264 19 0
14.6712 12.642 0.989464 19 1
8.12332 9.44999 0.983576 19 1
0.063705 0.487179 0.0918363 19 0
-14.0451 0.413929 0.984975 19 1
0.00742504 0.513109 0.0654415 19 0
15 -15 0.999982 19 0
-0.265332 0.517183 0.183977 19 0
5.32822 -3.09425 0.947071 19 1
1.55944 0.186016 0.381424 19 0
12.1195 5.22886 0.985909 19 1
-14.9008 -10.036 0.99618 19 1
-14.8866 14.4787 0.997844 19 1
-0.800178 -0.443137 0.594474 19 0
-15 -15 0.999982 19 0
-11.3409 -14.6128 0.996916 19 1
7.24314 7.16261 0.99926 19 1
-15 15 0.999982 19 0
0.755309 0.182211 0.997784 19 0
-14.8199 10.9983 0.994077 19 1
-0.244228 0.533252 0.204309 19 0
-3.49813 8.13302 0.955326 19 1
0.303233 0.320832 0.259922 19 0
0.886987 0.904109 0.954705 19 0
0.207996 -14.9685 0.998619 19 1
0.624437 1.35532 0.490043 19 0
0.954731 0.989146 0.899686 19 0
0.777546 -9.87893 0.962954 19 1
-2.64457 -0.115876 0.647574 19 0
-0.833891 -0.0337056 0.927986 19 0
0.124103 0.656288 0.622297 19 0
-0.0294756 0.603217 0.280508 19 0
0.643672 0.768476 0.257064 19 0
-0.0885163 0.266691 0.987047 19 0
9.52725 14.9524 0.989676 19 1
7.10488 -1.11787 0.96721 19 1
-0.621177 0.540948 0.95563 19 0
0.669457 -0.199413 0.779005 19 0
14.6989 13.8087 0.99997 19 1
1.41439 12.4858 0.975293 19 1
0.322921 0.219973 0.529786 19 0
-0.767233 0.177463 0.999864 19 0
14.6466 11.8384 0.988961 19 1
0.683531 -0.359157 0.994509 19 0
11.6357 14.8492 0.98898 19 1
12.6105 -5.77251 0.99997 19 1
0.345739 0.408154 0.0710453 19 0
3.17409 0.592947 0.792255 19 1
-15 -15 0.999982 19 0
-0.0846901 0.253442 0.998962 19 0
15 15 0.999982 19 0
-14.3874 2.71196 0.981943 19 1
-15 -15 0.999982 19 0
-12.6756 7.25862 0.983459 19 1
-14.8083 5.96464 0.999984 19 1
-13.3806 -12.058 0.998849 19 1
-0.568796 0.0665557 0.153627 19 0
15 -15 0.999982 19 0
1.91667 12.0521 0.991515 19 1
0.96556 0.701577 0.6992 19 0
-0.294738 0.40444 0.0769725 19 0
-13.5022 12.9651 0.99433 19 1
0.31401 0.580425 0.578411 19 0
-12.7075 -9.64597 0.999859 19 1
-1.87407 1.78118 0.639699 19 0
0.554198 -3.97454 0.951564 19 1
0.0832153 0.82494 0.942594 19 0
4.32224 9.52567 0.964902 19 1
15 -15 0.999982 19 0
0.129904 0.789787 0.993036 19 0
10.2992 -6.24002 0.973157 19 1
-11.525 -13.5935 0.987728 19 1
-0.931655 1.33952 0.476159 19 0
0.0983349 0.446372 0.193171 19 0
6.27042 14.9964 0.985369 19 1
0.118732 -0.0237271 0.443258 19 0
-0.503333 0.0849571 0.0669856 19 0
-6.68926 14.9148 0.991196 19 1
7.35875 7.72703 0.99533 19 0
14.4194 9.45523 0.987328 19 1
9.10425 -13.6222 0.994578 19 1
-10.5612 -12.439 0.988814 19 1
-6.19504 4.12388 0.958639 19 1
-0.494783 1.02071 0.431926 19 0
-0.054266 0.664112 0.613614 19 0
0.834681 -2.39951 0.694239 19 0
-0.127887 0.505365 0.0637942 19 0
-3.04604 1.36794 0.962627 19 1
7.72514 -14.1787 0.988486 19 1
-0.159804 0.670649 0.734975 19 0
10.5996 -0.822645 0.988655 19 1
0.455341 0.563605 0.887349 19 0
12.9431 -13.0271 0.988872 19 1
1.41079 1.13166 0.988662 19 0
2.55819 -4.57885 0.873429 19 1
13.8032 12.9735 0.992099 19 1
-0.693761 -1.69154 0.999635 19 1
-0.47817 1.00509 0.349562 19 0
11.0229 5.86724 0.980223 19 1
-6.33961 11.7639 0.999893 19 1
-0.0403844 0.800784 0.991681 19 0
12.1682 -14.989 0.990996 19 1
-14.8834 -3.94515 0.998621 19 1
1.58513 1.1434 0.771862 19 0
-6.2553 7.22513 0.979287 19 1
-14.9636 -9.35282 0.995556 19 1
15 15 0.999982 19 0
15 -14.8128 0.995883 19 0
-14.4452 14.9196 0.997829 19 1
12.925 -3.24026 0.999435 19 1
-7.04629 14.7308 0.989749 19 1
-0.216946 0.523105 0.133699 19 0
-6.44988 0.357524 0.979064 19 1
-10.1081 -11.2817 0.983685 19 1
3.63103 9.88002 0.968706 20 1
6.90218 -14.317 0.996991 20 1
-2.82312 -6.90885 0.967349 20 1
14.4268 4.07419 0.997208 20 1
-11.6566 8.16629 0.986311 20 1
1.53588 -0.489298 0.429986 20 0
7.6296 -3.59228 0.95242 20 1
-0.212044 0.503755 0.0870477 20 0
14.9904 10.0326 0.9997 20 1
-0.0701886 0.469241 0.133213 20 0
8.35923 -7.92817 0.970749 20 1
-0.335273 -0.237748 0.415675 20 0
0.21425 1.43429 0.631877 20 0
0.0710915 1.11033 0.348033 20 0
-0.0151415 0.756694 0.974578 20 0
0.488254 -13.6488 0.980435 20 1
-0.0955134 0.453873 0.167993 20 0
-0.00659895 1.1355 0.436992 20 0
-13.5455 1.18258 0.979031 20 1
-0.923206 0.681865 0.489748 20 0
4.25323 -11.6869 0.987192 20 1
-0.527424 0.850442 0.260844 20 0
6.50762 -0.698306 1 20 1
0.77979 -0.615097 0.27916 20 0
-0.600874 0.843072 0.215349 20 0
-15 -15 0.999982 20 0
9.59438 -13.6366 0.988949 20 1
-11.9053 -12.9305 0.999414 20 1
0.467313 0.124713 0.108453 20 0
-5.31482 11.8636 0.983027 20 1
0.176885 0.437813 0.140079 20 0
-15 15 0.999982 20 0
-0.352535 0.425224 0.0982556 20 0
15 15 0.999982 20 0
3.65111 -11.5236 0.975281 20 1
-0.233162 0.558816 0.287963 20 0
0.8278 1.18943 0.63585 20 0
12.8057 -13.2042 0.990154 20 1
0.393376 0.256942 0.147478 20 0
-0.0729637 6.73339 0.933517 20 1
0.056605 0.244891 0.996134 20 0
-10.0115 -7.47757 0.97924 20 1
-0.302482 -0.698555 0.981764 20 0
-0.374517 0.257477 0.203456 20 0
-14.9844 14.7728 0.993805 20 1
-0.193213 0.65016 0.677721 20 0
-0.251852 0.67994 0.889221 20 0
6.52629 7.27179 0.990547 20 1
-12.555 14.7375 0.989504 20 1
-0.891486 0.032494 0.702475 20 0
-0.098024 0.504719 0.0650023 20 0
0.213834 0.0597223 0.94478 20 0
0.0165787 -0.148792 0.614084 20 0
15 15 0.999982 20 0
13.3189 -10.6046 0.999968 20 1
-0.142371 0.498409 0.0638734 20 0
-2.61466 14.0079 0.988249 20 1
5.46779 -0.350045 0.99851 20 1
0.16687 0.26673 0.905196 20 0
13.5884 5.50574 0.981732 20 1
-6.49781 10.5491 0.993926 20 1
-1.74886 1.37068 0.767365 20 0
-11.9726 8.59826 0.98573 20 1
-15 15 0.999982 20 0
14.9578 10.8261 0.994739 20 1
0.326849 1.03403 0.265185 20 0
-0.66617 0.104888 0.657126 20 0
-8.74674 -3.79335 0.973475 20 1
-10.4581 13.5969 0.992832 20 1
-8.89248 -8.62432 0.994187 20 0
-14.7575 -7.98618 0.986298 20 1
0.0289336 0.553785 0.10303 20 0
11.4697 7.15346 0.984923 20 1
9.42179 12.7724 0.995164 20 1
-0.304497 -0.115142 0.864326 20 0
-10.2168 -12.151 0.995512 20 1
15 15 0.999982 20 0
-6.93183 0.0666533 0.959031 20 1
11.0861 9.09033 0.997445 20 1
0.0567784 0.86056 0.832335 20 0
-0.112619 0.315776 0.822973 20 0
-1.44152 0.175845 0.624422 20 0
-15 15 0.999982 20 0
0.0240637 0.473549 0.13411 20 0
-1.99483 -2.36317 0.729895 20 1
9.0234 -9.54109 0.978754 20 1
15 -15 0.999982 20 0
-0.714922 1.64443 0.96947 20 0
-9.64577 -2.54731 0.96245 20 1
-15 15 0.999982 20 0
-0.177522 0.349146 0.524328 20 0
0.11739 0.181824 0.928537 20 0
-4.68808 10.2491 0.999813 20 1
-0.0224014 0.520446 0.0637719 20 0
-9.20851 11.3465 0.98308 20 1
0.431658 1.25564 0.991235 20 0
-14.3904 14.9532 0.998442 20 1
-11.4954 10.2394 0.998453 20 1
-0.292921 0.758859 0.975954 20 0
0.522738 0.0891583 0.0671869 20 0
-7.41458 5.44044 0.998205 20 1
3.09394 2.49789 0.982755 20 1
10.1592 -7.20721 0.984366 20 1
-14.974 -4.78886 0.984172 20 1
-14.0625 -11.9129 0.992345 20 1
-10.4364 -2.73894 0.996382 20 1
-14.9882 -10.9461 0.999679 20 1
-12.6158 -9.96816 0.994374 20 1
-9.09711 -3.76231 0.973886 20 1
0.0420914 0.444633 0.236644 20 0
-13.7519 -6.61168 0.986254 20 1
-0.194571 0.229117 0.947985 20 0
-14.9454 11.4119 0.989626 20 1
-1.43205 -0.509625 0.423154 20 0
-5.81632 -8.73913 0.965803 20 1
-15 -15 0.999982 20 0
-14.9987 6.83855 0.999955 20 1
-5.15034 -5.25214 0.932782 20 1
2.65659 9.34282 0.998973 20 1
-12.9033 13.3274 0.999431 20 1
9.23637 1.39767 0.966229 21 1
0.776746 0.869213 0.571487 21 0
-0.120058 0.637119 0.514095 21 0
-5.90051 -2.48768 0.94992 21 1
-15 15 0.999982 21 0
-14.541 4.55306 0.984706 21 1
-13.6837 8.56816 0.988616 21 1
7.27686 8.64574 0.998011 21 1
-0.571027 0.980912 0.434877 21 0
-7.2882 11.8811 0.997251 21 1
13.59 13.8045 0.989454 21 1
0.00611447 0.480645 0.115916 21 0
-0.516578 0.666664 0.901317 21 0
-0.360777 0.791069 0.803608 21 0
0.311765 0.411978 0.0641867 21 0
-0.742598 -0.0399706 0.946079 21 0
14.8577 14.9733 0.996556 21 1
-13.5 6.54867 0.996112 21 1
-4.91087 -7.72065 0.99973 21 1
-12.2721 10.5655 0.98574 21 1
15 -15 0.999982 21 0
-5.31206 14.9901 0.997668 21 1
10.9605 4.75288 0.980843 21 1
-0.38044 1.54417 0.395757 21 0
12.525 -14.1404 0.989549 21 1
-0.178243 0.453357 0.100466 21 0
0.525947 0.966537 0.307884 21 0
-0.142084 0.532888 0.0964765 21 0
-0.406162 0.569602 0.783933 21 0
0.694644 -0.0962579 0.791784 21 0
-0.282237 0.325029 0.312903 21 0
-0.449223 0.473133 0.536836 21 0
-0.0922769 0.398631 0.425837 21 0
9.4747 13.5516 0.999107 21 1
-15 -15 0.999982 21 0
-0.283223 0.476622 0.102762 21 0
0.053737 0.335386 0.802849 21 0
1.01554 0.877211 0.973396 21 0
-5.73018 -1.33403 0.943817 21 1
0.710514 0.801703 0.238992 21 0
0.0130784 0.457937 0.189101 21 0
-0.700711 0.238796 0.937116 21 0
-0.420342 -14.0006 0.98993 21 1
-15 -15 0.999982 21 0
-2.28742 11.4821 0.994868 21 1
2.36618 -6.88321 0.936369 21 1
-0.166376 0.465705 0.0859914 21 0
15 -15 0.999982 21 0
-14.5099 -11.117 0.989082 21 1
0.847748 -0.864526 0.774113 21 0
-0.228166 0.347913 0.38816 21 0
-14.4344 -1.32938 0.994402 21 1
0.0694962 0.228826 0.981898 21 0
6.53918 9.82924 0.999389 21 1
-1.52956 -5.16131 0.951141 21 1
-0.0224816 0.554003 0.102846 21 0
14.8836 8.41903 0.996933 21 1
15 15 0.999982 21 0
-1.20093 0.592981 0.97735 21 0
-15 -15 0.999982 21 0
-0.110388 0.210681 0.979777 21 0
0.91302 -0.336496 0.341141 21 0
0.38178 0.419541 0.136499 21 0
-8.67348 -14.9542 0.986828 21 1
0.281305 0.512891 0.198165 21 0
14.9974 -7.0608 0.996722 21 1
12.0358 10.5061 0.999977 21 1
-1.23452 -0.606335 0.897867 21 0
7.68282 2.59168 0.999881 21 1
-8.08313 -12.7404 0.987871 21 1
13.4467 -7.28007 0.989169 21 1
0.113549 0.187685 0.937307 21 0
-0.0964473 0.413875 0.340965 21 0
7.36706 -1.05625 0.958757 21 1
-14.0929 -5.44973 0.985997 21 1
0.0147915 -12.4406 0.986629 21 1
-8.62244 -13.03 0.987589 21 1
0.220207 0.390272 0.230141 21 0
-13.7752 -10.5238 0.98831 21 1
-0.209687 0.773437 0.992124 21 0
-0.243432 -9.33716 0.966484 21 1
0.0222284 0.833433 0.930342 21 0
-14.5662 14.9889 0.991523 21 1
0.0225511 0.146333 0.604408 21 0
-7.96687 3.74887 0.965585 21 1
-10.0935 14.9222 0.998982 21 1
-14.6701 14.0056 0.995602 21 1
15 15 0.999982 21 0
-0.0171326 0.539562 0.0767238 21 0
-0.319145 -0.48522 0.182088 21 0
-0.0290823 0.415188 0.387355 21 0
-5.00981 2.69563 0.908584 21 1
11.1143 8.80175 0.981602 21 1
7.10341 -14.4594 0.991559 21 1
-14.4222 -7.40556 0.985208 21 1
10.4783 2.40471 0.999657 21 1
0.408401 -12.458 0.983133 21 1
-0.068615 -14.1103 0.980808 21 1
-12.9359 6.41639 0.998895 21 1
3.3044 -9.59907 0.995617 21 1
-0.126584 0.499079 0.0647196 21 0
1.24034 13.3713 0.995692 21 1
-0.715512 0.0963502 0.877931 21 0
-8.43695 14.9978 0.988931 21 1
-12.6823 -6.43531 0.985173 21 1
-5.70272 -6.13855 0.946096 21 1
15 -15 0.999982 21 0
14.9246 14.9439 0.997857 21 1
0.611617 -2.06691 0.596817 21 0
-13.4859 12.2801 0.991054 21 1
-3.65059 1.35983 0.992701 21 1
15 -15 0.999982 21 0
-14.7389 13.4065 0.99029 21 1
-0.0559519 0.490061 0.0882583 21 0
0.378925 0.354159 0.0638363 21 0
-13.105 -7.11578 0.999933 21 1
0.181737 0.339161 0.563578 21 0
-3.58591 -12.4903 0.98361 21 1
12.225 12.5167 0.99911 21 0
-13.2085 -14.1324 0.989744 21 1
-14.8541 -10.3512 0.999289 22 1
14.1244 7.28871 0.997006 22 1
-0.354209 0.167239 0.524211 22 0
-11.7035 -2.2848 0.984266 22 1
2.45817 -1.08279 0.699618 22 0
-0.0843661 0.484425 0.0910892 22 0
0.121928 0.587888 0.26405 22 0
15 -15 0.999982 22 0
-0.166345 0.149197 0.948627 22 0
14.6171 -14.1929 0.991177 22 1
-14.9104 3.83787 0.998567 22 1
-14.7282 -12.5304 0.989899 22 1
-0.0335883 0.49371 0.0854459 22 0
1.64404 10.4782 0.983562 22 1
-0.290021 -0.558024 0.407357 22 0
-0.194365 -0.138645 0.981258 22 0
-1.34572 -3.00442 0.896531 22 1
0.25242 0.406888 0.12084 22 0
-8.91251 -4.9004 0.997968 22 1
-1.81056 0.262115 0.999804 22 0
0.105772 0.584703 0.236338 22 0
0.0484854 0.466974 0.148678 22 0
-0.0791619 0.374188 0.576703 22 0
-0.211917 0.424337 0.13366 22 0
-13.2291 -5.02187 0.980534 22 1
0.0148969 0.38222 0.576471 22 0
-0.0588163 0.538704 0.0795881 22 0
-9.6187 6.20348 0.975774 22 1
-0.00821209 0.425794 0.336264 22 0
-0.18996 0.375086 0.364657 22 0
-14.9965 13.3359 0.997392 22 1
-14.9241 3.54569 0.994041 22 1
-9.24954 5.93596 0.967977 22 1
11.7843 -14.2255 0.99529 22 1
-0.0245824 0.449378 0.221825 22 0
-10.1902 -10.3429 0.991842 22 1
0.328139 0.635561 0.852082 22 0
0.837145 -0.819716 0.598947 22 0
9.39059 -1.88667 0.984698 22 1
-14.054 9.0147 0.987526 22 1
-0.0283029 0.475353 0.128164 22 0
-15 -15 0.999982 22 0
-8.48746 -10.3665 0.998376 22 1
6.61181 6.9545 0.988844 22 1
-0.829406 0.150886 0.902486 22 0
-15 15 0.999982 22 0
-0.13515 0.503122 0.0637734 22 0
-0.245832 0.292315 0.579678 22 0
-0.134755 0.600328 0.336044 22 0
-0.223224 0.583473 0.385081 22 0
0.364082 0.360922 0.0656905 22 0
13.7709 3.17422 0.980384 22 1
-0.135366 0.503364 0.0637908 22 0
-0.0296858 0.603222 0.280583 22 0
-13.3557 2.55335 0.979018 22 1
0.183863 0.131609 0.955417 22 0
-0.175468 0.718092 0.934167 22 0
15 15 0.999982 22 0
2.1279 14.0442 0.983564 22 1
-8.13042 -2.23185 0.95205 22 1
0.153963 0.486298 0.067231 22 0
10.4357 5.68015 0.991149 22 1
-15 15 0.999982 22 0
11.9959 -13.2704 0.990679 22 1
12.9369 -9.32769 0.999759 22 1
-15 15 0.999982 22 0
-0.00770403 0.4675 0.155023 22 0
3.71763 -9.05953 0.985858 22 1
14.6298 5.5849 0.985266 22 1
-0.0949712 0.537601 0.0859424 22 0
-15 -15 0.999982 22 0
0.0748653 0.509723 0.0646107 22 0
-12.388 13.637 0.991913 22 1
-0.108038 0.511257 0.0639391 22 0
-12.2379 -3.30319 0.984765 22 1
-0.0480742 -0.0920563 0.342329 22 0
15 15 0.999982 22 0
-13.8192 -12.8361 0.988933 22 1
12.9393 12.9878 0.988262 22 1
-7.40203 -11.7419 0.999982 22 1
2.44526 4.80577 0.957548 22 1
13.1697 14.9989 0.991429 22 1
-0.490548 0.0505281 0.0884416 22 0
0.0235626 0.803473 0.989526 22 0
-13.1788 13.0571 0.999473 22 1
14.7752 14.1896 0.991926 22 1
9.18861 1.27396 0.982389 22 1
15 15 0.999982 22 0
-0.198591 0.509281 0.0871663 22 0
-0.23532 0.684121 0.883397 22 0
-5.31643 10.0833 0.983148 22 1
14.8158 -5.34014 0.985064 22 1
9.46136 14.3323 0.991276 22 1
-0.443535 1.10706 0.695055 22 0
-11.1144 11.6757 0.990683 22 1
1.01895 3.08993 0.832066 22 1
-14.5412 -11.2183 0.988931 22 1
8.36044 9.92221 0.986209 22 1
-1.71981 1.32412 0.630072 22 0
9.95663 14.8334 0.989298 22 1
-15 15 0.999982 22 0
-14.984 14.1725 0.998938 22 1
0.40823 -0.170824 0.254993 22 0
3.92257 13.8124 0.998904 22 1
10.1607 -13.1516 0.993277 22 1
-12.5831 13.9573 0.990083 22 1
-4.42011 -0.305144 0.997583 22 1
-2.59892 13.6297 1 22 1
-8.4495 14.1194 0.999224 22 1
-2.2049 -8.74807 0.973656 22 1
-0.196254 0.518916 0.103588 22 0
-2.48676 -4.54689 0.88328 22 1
-0.293798 0.870742 0.573918 22 0
2.7254 1.82135 0.873273 22 1
14.5251 5.42233 0.998092 22 1
-12.8251 9.43064 0.998613 22 1
0.203873 0.466029 0.0682704 22 0
-1.99514 4.92777 0.902675 22 1
0.00149965 0.846578 0.890766 22 0
-15 -15 0.999982 22 0
7.13289 -4.06727 0.983619 23 1
-0.094241 0.495931 0.0717937 23 0
-0.337155 0.600338 0.730522 23 0
0.732013 -0.149052 0.954318 23 0
-0.07395 0.562696 0.137359 23 0
4.8231 -10.2343 0.996648 23 1
15 -15 0.999982 23 0
-8.66241 13.1008 0.984046 23 1
-0.0460405 0.649439 0.529309 23 0
-9.3602 -2.36884 0.998568 23 1
-0.127681 0.506874 0.0639652 23 0
-0.196856 0.521201 0.109088 23 0
-0.201351 0.513608 0.0968115 23 0
-0.139541 0.506426 0.0646302 23 0
0.382733 0.303346 0.0978148 23 0
13.1878 14.9358 0.990305 23 1
-13.1715 -0.882292 0.986135 23 1
14.0359 4.04014 0.983527 23 1
5.25863 -11.5539 0.987465 23 1
-0.0714961 0.522915 0.0656925 23 0
-0.761178 1.74735 0.904878 23 0
14.795 -5.50054 0.987298 23 1
-0.0566498 0.224877 0.96859 23 0
-0.651127 11.7122 0.997471 23 1
0.374296 0.275517 0.164627 23 0
13.9965 13.0484 0.999778 23 1
-14.0136 -6.26304 0.994981 23 1
-0.147805 0.576491 0.240455 23 0
0.66 0.776005 0.228962 23 0
-0.677275 0.0608906 0.686867 23 0
0.266629 0.321801 0.378192 23 0
0.0660044 0.583538 0.207282 23 0
14.9645 -14.5768 0.991817 23 1
-15 -15 0.999982 23 0
0.302266 0.655338 0.876882 23 0
-0.0541564 0.4588 0.174594 23 0
-0.201725 0.540251 0.167296 23 0
-4.34105 15 0.988339 23 1
-0.196126 0.484295 0.0639317 23 0
14.8029 -7.75155 0.986903 23 1
0.126148 0.542843 0.109498 23 0
-0.137192 0.573869 0.218683 23 0
0.0398128 0.806166 0.985438 23 0
6.18936 -1.00303 0.908219 23 1
0.0326838 0.289851 0.968845 23 0
-0.333473 0.719696 0.998108 23 0
5.95374 -9.07701 0.985414 23 1
-0.253223 0.682915 0.900537 23 0
0.663586 -13.8487 0.999915 23 1
2.94801 -14.6676 0.999085 23 1
14.5787 -14.9742 0.991571 23 1
-0.14958 0.182463 0.976444 23 0
13.1965 -14.9587 0.990948 23 1
0.752861 -2.29379 0.952696 23 0
15 -15 0.999982 23 0
-0.304321 0.684304 0.958657 23 0
15 15 0.999982 23 0
-3.73346 14.7463 0.983455 23 1
-0.914619 0.715934 0.552143 23 0
1.87628 10.6838 0.986955 23 1
0.0206434 0.518413 0.0638203 23 0
-0.956559 -0.0872585 0.388044 23 0
-15 -15 0.999982 23 0
1.97757 -5.85393 0.937673 23 1
-0.833483 -0.0956272 0.915184 23 0
12.1458 4.89307 0.977219 23 1
-6.60606 11.1807 0.984677 23 1
15 -15 0.999982 23 0
13.312 14.224 0.993395 23 1
-12.8701 11.8997 0.99993 23 1
15 -15 0.999982 23 0
0.172754 0.364193 0.459768 23 0
-0.048222 0.477996 0.116597 23 0
8.58247 -4.33715 0.99302 23 1
6.99861 14.4043 0.998921 23 1
0.0734772 0.787152 0.999166 23 0
-9.53794 10.7619 0.999761 23 1
-5.26662 -13.4667 0.997598 23 1
10.1562 10.7028 0.987099 23 1
-0.147064 12.3366 0.999015 23 1
13.3019 -11.915 0.988942 23 1
13.1915 14.7024 0.995712 23 1
0.176685 0.64558 0.629919 23 0
-15 15 0.999982 23 0
-0.164625 0.655836 0.666733 23 0
-4.47347 5.58686 0.981397 23 1
-15 -15 0.999982 23 0
0.0171269 0.528491 0.0662316 23 0
-0.00681955 0.767268 0.98976 23 0
-7.76052 -13.9022 0.998737 23 1
-14.9996 14.9733 0.999957 23 1
5.05783 -14.9287 0.985778 23 1
-14.9242 -14.637 0.991443 23 1
14.312 -14.4543 0.992432 23 1
0.793218 -0.654425 0.21918 23 0
-9.62523 14.4958 0.992755 23 1
15 15 0.999982 23 0
-0.243647 0.73495 0.996138 23 0
-0.0427157 0.549294 0.0953472 23 0
-11.7371 -10.4676 0.984287 23 1
-12.5488 8.25189 0.994805 23 1
13.7104 -7.09056 0.999931 23 1
-9.95056 3.84632 0.994992 23 1
-0.166388 0.511939 0.0747834 23 0
7.48944 10.6883 0.97828 23 1
13.96 -0.992419 0.991313 23 1
12.5132 -14.3746 0.998924 23 1
-2.23122 3.58039 0.822345 23 1
-11.4031 -13.2846 0.999498 23 1
-0.519062 0.286799 0.231301 23 0
-14.982 14.7249 0.992232 23 1
-7.31762 2.66295 0.94756 23 1
-14.9949 -1.05566 0.993518 23 1
8.42553 6.76543 0.994223 23 1
8.77175 -14.0758 0.996063 23 1
-0.11051 0.0760001 0.521477 23 0
13.0904 -5.02984 0.987993 23 1
15 15 0.999982 23 0
1.09833 -14.8199 0.997651 23 1
-13.3976 13.033 0.996179 23 1
-6.95679 10.9057 0.991559 24 1
-0.188824 0.522815 0.106075 24 0
-1.2255 12.6408 0.988299 24 1
-15 15 0.999982 24 0
-0.188926 0.474229 0.0669699 24 0
0.240613 0.4715 0.0665765 24 0
-0.11424 0.507522 0.0637547 24 0
15 -15 0.999982 24 0
-0.167019 0.471095 0.0778057 24 0
-0.275262 0.626276 0.708046 24 0
0.306996 0.224784 0.587896 24 0
7.56574 -13.2502 0.986204 24 1
-0.133861 0.510189 0.0655311 24 0
-0.129328 -0.0854362 0.644729 24 0
-0.14427 0.509219 0.0665249 24 0
0.00949683 0.561291 0.119834 24 0
-10.1144 -13.7347 0.99923 24 1
-0.060687 0.524021 0.0655633 24 0
0.337398 0.631383 0.85451 24 0
-0.0352253 0.329603 0.839563 24 0
-11.735 -9.17299 0.999511 24 1
-0.106973 0.567528 0.170261 24 0
7.30579 -14.9882 0.988927 24 1
-11.2062 8.19938 0.999924 24 1
2.6265 -1.16282 0.999357 24 0
0.00523566 0.397907 0.488804 24 0
0.329887 0.391496 0.0660699 24 0
0.767788 -0.561277 0.426963 24 0
-0.148686 0.459551 0.110061 24 0
0.565143 -0.00530398 0.130371 24 0
-8.94082 14.0487 0.990527 24 1
-0.398892 -0.566586 0.752182 24 0
-13.4082 -11.8086 0.989383 24 1
14.7765 2.07509 0.999999 24 1
-13.9799 -14.9101 0.990633 24 1
-15 15 0.999982 24 0
-10.6298 -0.528676 0.990828 24 1
0.0447931 0.822585 0.955401 24 0
-14.8702 14.7698 0.991047 24 1
0.621338 0.823101 0.217217 24 0
-15 -15 0.999982 24 0
-11.8763 -1.80872 0.973866 24 1
-12.4131 14.7391 0.992941 24 1
-1.71705 0.320886 0.862427 24 0
-10.9422 13.3912 0.986901 24 1
-7.94526 14.9863 0.998572 24 1
14.5478 -4.3142 0.98299 24 1
9.12957 13.1386 0.999528 24 1
0.936782 0.756207 0.744881 24 0
15 15 0.999982 24 0
-1.06657 -0.29252 0.32549 24 0
11.9678 -9.07756 0.994597 24 1
12.5339 2.44036 0.997134 24 1
-0.187656 0.530858 0.124389 24 0
7.19074 1.5052 0.931652 24 1
-0.505773 0.131692 0.0639534 24 0
-0.446179 0.715216 0.902623 24 0
-0.0949674 0.554513 0.123113 24 0
-10.1115 14.0697 0.987888 24 1
-0.175166 0.490767 0.0637806 24 0
-0.145473 0.497287 0.0639024 24 0
-0.24756 0.499095 0.109042 24 0
-0.134676 0.50304 0.0637646 24 0
-0.154765 0.482345 0.0700654 24 0
14.5866 -5.63966 0.986515 24 1
-15 15 0.999982 24 0
7.64843 -14.9887 0.988526 24 1
-0.113095 0.527267 0.0759803 24 0
10.8383 14.9794 0.996408 24 1
-0.0869942 0.41318 0.355188 24 0
11.6999 -3.14127 0.978053 24 1
-0.257357 0.732446 0.997438 24 0
13.9308 -15 0.991395 24 1
-12.3807 10.9773 0.998593 24 1
0.375122 0.347021 0.0666222 24 0
8.12155 14.6427 0.985994 24 1
-0.0426175 0.517418 0.0637918 24 0
15 15 0.999982 24 0
-0.0779421 0.486521 0.089205 24 0
14.1632 -6.23894 0.999465 24 1
0.423043 1.20328 0.971631 24 0
1.92648 14.9734 0.987089 24 1
-0.0381556 10.1429 0.994245 24 1
-2.64738 3.4847 0.967869 24 1
-0.227112 0.755085 0.9997 24 0
15 15 0.999982 24 0
11.7303 14.2989 0.996764 24 1
-0.0990793 -0.325298 0.801034 24 0
-13.5607 13.1729 0.990133 24 1
-0.755665 3.47589 0.847458 24 1
12.4445 2.36479 0.983541 24 1
-10.7364 14.4886 0.999581 24 1
0.122864 0.502671 0.0640105 24 0
14.9971 14.7424 0.993213 24 1
-10.1416 -9.45169 0.99989 24 1
-0.0570011 -0.0763679 0.294415 24 0
-15 -14.6144 0.990963 24 0
-4.52935 8.40395 0.976744 24 1
-14.9924 -14.7092 0.992103 24 1
5.77497 -1.62439 0.998219 24 1
-10.2915 -0.740582 0.986821 24 1
1.77979 11.745 0.991499 24 1
11.8558 1.14077 0.9865 24 1
-2.05573 1.82605 0.828526 24 0
8.29343 -14.4762 0.988291 24 1
-15 15 0.999982 24 0
7.92713 14.6694 0.988907 24 1
-0.0920026 0.496587 0.071554 24 0
13.2759 -14.7421 0.991105 24 1
12.1541 -1.79051 0.999657 24 1
-5.84555 -10.4368 0.978667 24 1
0.529779 5.13438 0.893758 24 1
3.31034 2.34236 0.905284 24 1
14.2209 -5.18239 0.98426 24 1
-15 -15 0.999982 24 0
-2.80488 -12.5407 0.999576 24 1
-13.672 14.2736 0.994978 24 1
-11.3041 -8.65004 0.986473 24 1
-13.6015 -0.273509 0.978911 24 1
2.96475 14.859 0.983516 24 1
-13.3464 -1.1239 0.998651 25 1
-11.746 14.2335 0.99402 25 1
-0.928403 1.85872 0.523864 25 0
-0.688452 14.9275 0.999728 25 1
-0.192437 0.38924 0.294359 25 0
7.31981 14.9633 0.990118 25 1
-6.59696 -6.23889 0.989411 25 1
-0.164648 0.513099 0.0754859 25 0
-6.61147 2.68801 0.988402 25 1
0.372159 0.3393 0.0730824 25 0
10.3862 -0.635393 0.96973 25 1
-0.0917547 0.491068 0.0781637 25 0
-9.11042 -5.02788 0.969712 25 1
-0.188674 0.568148 0.256118 25 0
-0.109484 0.493509 0.0710798 25 0
-0.386285 0.660585 0.987298 25 0
-0.160419 0.480148 0.0703723 25 0
11.2774 -1.79126 0.979792 25 1
6.77747 10.1359 0.989914 25 1
-5.72608 -4.83263 0.979032 25 1
-0.0801873 0.500674 0.0696225 25 0
-0.140844 0.493634 0.0653608 25 0
2.26282 -8.19918 0.972929 25 1
-0.0157661 0.48394 0.107187 25 0
0.0864391 0.580359 0.205276 25 0
-5.87348 -12.1473 0.987952 25 1
0.0567977 0.483368 0.101447 25 0
-0.813278 0.165002 0.940744 25 0
11.3768 14.9185 0.991617 25 1
0.22979 0.456548 0.0665615 25 0
0.239427 0.444436 0.0717741 25 0
0.649434 0.773358 0.242459 25 0
-0.953233 -4.21545 0.914129 25 1
-14.4896 -14.3807 0.990505 25 1
0.0141988 0.511651 0.0661285 25 0
-0.326433 -0.113232 0.77494 25 0
-0.133723 0.468851 0.0995705 25 0
-9.33306 -10.9285 0.999487 25 1
-0.12273 0.513354 0.0657136 25 0
-0.0303905 0.395178 0.497854 25 0
14.5945 3.86438 0.987036 25 1
1.31309 -3.12017 0.996934 25 0
14.7927 10.2797 0.998919 25 1
-0.397891 -0.0787048 0.445696 25 0
-15 -15 0.999982 25 0
-0.115841 0.434854 0.221957 25 0
-0.147093 -0.15372 0.91683 25 0
-0.153042 0.387839 0.383384 25 0
0.087801 0.388739 0.485469 25 0
0.772282 -0.579934 0.367668 25 0
15 -15 0.999982 25 0
-13.3821 7.73182 0.999952 25 1
-14.7537 7.21297 0.997515 25 1
5.13446 9.12013 0.964814 25 1
-7.66329 14.4507 0.992147 25 1
-0.0494019 0.485483 0.0986193 25 0
15 15 0.999982 25 0
4.25945 14.5832 0.983006 25 1
15 15 0.999982 25 0
-13.3215 14.482 0.999358 25 1
15 -15 0.999982 25 0
-10.5154 -3.24437 0.968118 25 1
-1.15087 0.593259 0.994885 25 0
-0.704162 0.059984 0.816141 25 0
-1.01314 8.82136 0.95254 25 1
-14.743 11.1733 0.997 25 1
-0.915252 -0.00973642 0.591519 25 0
-0.190738 0.448191 0.100572 25 0
9.08137 -13.9823 0.989018 25 1
-0.79929 -14.1613 0.981992 25 1
-5.49623 12.692 0.998581 25 1
-15 -15 0.999982 25 0
0.92325 -0.0942638 0.530761 25 0
3.80545 -13.3488 0.999979 25 1
-15 15 0.999982 25 0
-3.5528 -8.53993 0.989011 25 1
-10.7073 14.1793 0.988015 25 1
-0.293 0.430238 0.0637581 25 0
-0.189119 0.45536 0.0885739 25 0
-11.1705 -11.5736 0.993807 25 1
-0.100235 0.178285 0.887678 25 0
14.9993 5.58874 0.99926 25 1
-0.124391 0.50383 0.0638083 25 0
13.8127 3.149 0.981086 25 1
11.5911 9.55835 0.994324 25 1
-0.201596 0.736216 0.98477 25 0
14.832 -4.81677 0.990223 25 1
0.0383226 0.826693 0.946465 25 0
-14.9615 -14.9877 0.999745 25 1
-1.17024 1.22292 0.677026 25 1
0.0521699 0.494723 0.0812263 25 0
14.4288 -6.14095 0.984401 25 1
-0.131272 0.50432 0.0637827 25 0
5.79257 0.630686 0.910838 25 1
15 -15 0.999982 25 0
-8.79166 9.27676 0.998129 25 1
-0.296099 0.296038 0.37393 25 0
14.8276 13.7984 0.997128 25 1
-0.152187 0.563646 0.193722 25 0
1.71004 -6.60374 0.921465 25 1
-14.2812 -6.34688 0.987313 25 1
-0.347123 0.879945 0.44912 25 0
13.1006 -14.1258 0.993192 25 1
15 -15 0.999982 25 0
13.2513 -1.0932 0.997644 25 1
-0.103454 0.499357 0.0673188 25 0
2.51226 -7.13531 0.998235 25 1
-15 -15 0.999982 25 0
-9.08517 14.9967 0.99998 25 1
-14.9974 9.53844 0.987863 25 1
14.648 7.79453 0.995486 25 1
14.8759 -12.7038 0.998151 25 1
13.4261 1.04622 0.991255 25 1
15 15 0.999982 25 0
5.22768 -12.5989 0.979496 25 1
8.25755 -5.67863 0.968641 25 1
-14.9785 -2.2457 0.98376 25 1
-9.89257 -10.532 0.998327 25 1
10.8665 -8.4928 0.995223 25 1
0.25689 0.26319 0.658836 25 0
14.5591 5.55163 0.991449 26 1
-0.145401 0.526668 0.08671 26 0
14.6261 -13.2245 0.99766 26 1
-0.155248 0.509491 0.0689564 26 0
13.9336 -0.857287 0.99525 26 1
-11.4855 0.417933 0.971321 26 1
-0.186572 0.579743 0.304949 26 0
-0.695328 -0.665946 0.379166 26 0
-0.422755 0.359356 0.103729 26 0
-0.0623444 0.619504 0.374094 26 0
1.05048 0.805447 0.99458 26 0
13.8548 -13.6301 0.990919 26 1
-0.176742 0.516501 0.0859073 26 0
0.305169 0.375468 0.10803 26 0
14.8347 12.6331 0.993601 26 1
-7.64526 -6.78155 0.999883 26 1
15 -15 0.999982 26 0
-15 15 0.999982 26 0
-0.136422 0.504618 0.0639695 26 0
0.183618 0.509972 0.0797576 26 0
-2.71 10.7776 0.981813 26 1
15 15 0.999982 26 0
14.8727 14.9936 0.997792 26 1
1.23745 -6.48989 0.988969 26 1
0.260393 0.383104 0.170116 26 0
-0.457525 -0.20184 0.0774736 26 0
-0.0681239 0.424535 0.315417 26 0
15 15 0.999982 26 0
2.91298 -1.39145 0.791097 26 0
-11.588 -3.69195 0.984981 26 1
0.859748 1.05408 0.937371 26 0
14.1343 4.23839 0.987245 26 1
-1.48803 0.43542 0.384655 26 0
14.1945 -6.89451 0.986988 26 1
13.2625 -8.95345 0.999438 26 1
-0.187143 0.497227 0.067895 26 0
10.8847 9.36998 0.99909 26 1
-5.39527 14.854 0.988868 26 1
2.57865 -7.10518 0.997385 26 1
0.0845022 -13.3305 0.999653 26 1
-0.171838 -0.136667 0.93788 26 0
-13.9459 -13.5645 0.991849 26 1
-2.91498 10.7198 0.981043 26 1
0.378364 0.324773 0.079486 26 0
9.14709 0.434269 0.999949 26 1
-0.134304 0.480298 0.0793594 26 0
-5.62898 -10.6508 0.973193 26 1
-0.114061 0.509634 0.0638939 26 0
-5.52285 -12.5157 0.982235 26 1
-13.8974 14.5254 0.998945 26 1
-0.101716 0.508151 0.0638882 26 0
-0.15109 0.505056 0.0653935 26 0
3.68242 -10.6168 0.999557 26 1
-3.38087 -5.33478 0.912323 26 1
-3.31134 -12.2532 0.987226 26 1
8.471 -9.48295 0.99055 26 1
0.0187026 0.491189 0.0914162 26 0
-2.75486 -11.5778 0.988051 26 1
-0.236722 0.456722 0.0648922 26 0
-0.223243 0.736582 0.992265 26 0
-0.145821 0.475296 0.0816944 26 0
15 15 0.999982 26 0
-15 -15 0.999982 26 0
1.60429 14.8498 0.999882 26 1
-15 15 0.999982 26 0
-0.0638089 0.598595 0.271381 26 0
6.65483 7.85677 0.991109 26 1
-2.90932 3.08118 0.833054 26 0
14.9039 4.80051 0.985351 26 1
-0.326886 0.654005 0.909794 26 0
0.787586 -0.637461 0.236826 26 0
10.4973 11.7403 0.985065 26 1
-0.182134 0.540836 0.147141 26 0
-14.6855 -6.37731 0.999103 26 1
11.8499 -13.1312 0.992478 26 1
-0.156992 0.481614 0.0700749 26 0
5.43782 -14.6776 0.985647 26 1
-0.137667 0.473082 0.0892408 26 0
-15 15 0.999982 26 0
12.5916 -0.858124 0.978023 26 1
-0.182268 0.457814 0.0891355 26 0
-10.4008 -7.42678 0.998076 26 1
-11.2108 -2.35132 0.974621 26 1
-0.98529 -0.140781 0.273741 26 0
-0.0895415 0.509794 0.0639871 26 0
-0.0846811 0.482421 0.0948573 26 0
-0.168008 0.550758 0.164256 26 0
7.64675 -12.4408 0.983714 26 1
-0.100602 0.529603 0.0757428 26 0
14.7857 -10.5238 0.997179 26 1
12.7953 3.62566 0.99786 26 1
12.0376 1.04704 0.974861 26 1
9.02042 14.9737 0.998409 26 1
-0.141137 0.483866 0.0726225 26 0
0.559624 1.35133 0.586466 26 0
5.32195 12.8486 0.999271 26 1
-14.9674 14.988 0.999817 26 1
12.7814 11.7583 0.990264 26 1
9.51513 -6.89058 0.998918 26 1
-14.8822 -2.71677 0.984703 26 1
4.96242 -14.2243 0.990141 26 1
-15 15 0.999982 26 0
0.0102767 -0.0873666 0.2551 26 0
2.78349 12.0482 0.996738 26 1
4.54252 12.883 0.980625 26 1
14.5047 13.1509 0.998876 26 1
-15 -15 0.999982 26 0
14.7811 -11.3402 0.999281 26 1
-8.23904 -10.6213 0.994224 26 1
0.223572 0.305609 0.598256 26 0
14.8339 9.05238 0.991032 26 1
0.3215 0.246554 0.448185 26 0
-10.9439 9.02613 0.982128 26 1
0.0338736 0.820054 0.962061 26 0
-4.32276 7.42879 0.996435 26 1
-0.226597 0.661247 0.781198 26 0
-0.139752 0.506861 0.0648015 26 0
-15 -15 0.999982 26 0
2.64713 10.8141 0.985669 26 1
13.028 5.23637 0.986032 26 1
8.3635 -11.7069 0.99991 27 1
-0.127233 0.511006 0.0651385 27 0
-9.5602 14.6584 0.999268 27 1
14.4187 10.881 1 27 1
-0.0892773 0.493369 0.07575 27 0
15 -15 0.999982 27 0
0.287891 0.398858 0.0907349 27 0
-0.182747 0.374097 0.386591 27 0
-0.135127 0.503692 0.0638108 27 0
-0.142146 0.496033 0.0643578 27 0
-0.183826 0.441242 0.123085 27 0
14.5634 -11.4382 0.998105 27 1
0.24206 0.454884 0.0645811 27 0
0.746863 0.883243 0.530112 27 0
-15 15 0.999982 27 0
-1.30913 14.8211 0.998804 27 1
15 -15 0.999982 27 0
-15 -15 0.999982 27 0
-1.41237 2.26177 0.66966 27 0
-0.380164 0.25116 0.19884 27 0
-0.697156 -0.35584 0.999776 27 0
-0.137963 0.507336 0.0647962 27 0
-12.3022 9.34524 0.999995 27 1
-0.18025 0.547006 0.164692 27 0
-14.9479 -8.82629 0.989724 27 1
0.105064 0.561913 0.150265 27 0
-4.73134 11.4382 0.995355 27 1
14.3171 1.49627 0.99999 27 1
-0.105496 0.525224 0.0718661 27 0
-14.4397 6.27091 0.984792 27 1
8.20347 12.964 0.994234 27 1
-1.01647 8.86853 0.953303 27 1
-0.0622134 0.514748 0.0638552 27 0
-12.6433 -7.13501 0.992049 27 1
-14.6801 -14.893 0.991268 27 1
14.9549 -3.7372 0.999421 27 1
-14.7151 14.9952 0.992331 27 1
12.7245 -14.9994 0.999563 27 1
-0.129192 0.51281 0.0662692 27 0
10.8952 -11.8705 0.991338 27 1
2.58267 -4.98546 0.953099 27 0
-0.128488 0.510784 0.0651774 27 0
-5.52149 -8.87617 0.965125 27 1
-0.898111 0.131106 0.628437 27 0
1.36528 0.0593703 0.921826 27 0
14.983 10.3026 0.994864 27 1
-13.9365 10.543 0.998111 27 1
-13.1022 11.3737 0.989153 27 1
-11.0299 -9.77533 0.985554 27 1
-0.149928 0.500977 0.0640046 27 0
-2.14302 12.5836 0.996694 27 1
-0.0832579 0.514417 0.0637819 27 0
-11.8578 -6.99952 0.992731 27 1
-0.457795 -0.294102 0.082968 27 0
-14.9984 -10.2507 0.996011 27 1
-0.114265 0.16695 0.879148 27 0
14.9886 -14.8365 0.996341 27 1
14.4703 14.8272 0.99958 27 1
0.0355634 0.816152 0.969695 27 0
-0.223205 0.745185 0.998241 27 0
-15 -15 0.999982 27 0
-1.20435 0.386182 0.950821 27 0
-12.894 4.83754 0.992973 27 1
-3.68678 -11.6423 0.992754 27 1
-0.997711 -0.163861 0.240375 27 0
-0.345858 0.884828 0.431431 27 0
-0.139076 0.505123 0.0642197 27 0
-14.7228 -5.0929 0.991726 27 1
0.374353 0.341004 0.0702354 27 0
-0.134472 0.482813 0.0759951 27 0
-0.364917 0.680616 0.994613 27 0
-6.02891 10.3267 0.97927 27 1
-2.16546 -5.74067 0.961579 27 1
0.0272863 0.504765 0.0710852 27 0
-7.31377 -12.128 0.980899 27 1
15 -15 0.999982 27 0
13.6452 -10.5683 0.986931 27 1
-0.173841 0.485205 0.0645389 27 0
-0.12411 0.506531 0.0638118 27 0
-10.289 14.9779 0.995688 27 1
-9.5163 -4.55132 0.972144 27 1
-15 -15 0.999982 27 0
-10.0614 10.8493 0.991558 27 1
14.8496 -0.446419 0.997329 27 1
-10.7619 -13.4242 0.989084 27 1
-14.3031 14.3423 0.997093 27 1
-0.0601222 0.472546 0.127704 27 0
-13.4871 -5.59244 0.983881 27 1
0.795492 -0.666355 0.21466 27 0
-4.04826 9.41624 0.997987 27 1
15 15 0.999982 27 0
14.2047 -0.739398 0.985409 27 1
2.03659 3.03081 0.770785 27 1
5.39676 -7.22257 0.972089 27 1
-0.117476 0.505621 0.0637977 27 0
15 -15 0.999982 27 0
0.384876 0.158091 0.388034 27 0
-0.134897 0.505669 0.0640883 27 0
-0.145015 0.530063 0.0925468 27 0
15 15 0.999982 27 0
-14.4378 -14.5511 0.99249 27 1
-10.2599 14.9946 0.995871 27 1
7.72644 -7.39392 0.998139 27 1
3.11357 7.08589 0.962474 27 1
14.5546 -14.6861 0.99999 27 1
-0.26052 -14.2601 0.989709 27 1
11.7164 8.33429 0.999709 27 1
-2.27279 -14.3585 0.989884 27 1
15 15 0.999982 27 0
-0.141343 0.503202 0.0639599 27 0
-9.66198 -14.1748 0.992755 27 1
0.116031 10.2031 0.999945 27 1
7.12572 -5.4404 0.959239 27 1
-0.131127 0.477381 0.0850888 27 0
4.37988 4.72425 0.97059 27 1
2.31866 -10.9998 0.999723 27 1
-1.40186 -13.7118 0.994316 27 1
-0.0442134 0.488131 0.0941892 27 0
-0.0817928 0.502402 0.0680051 27 0
-0.819298 0.0823878 0.956243 27 0
0.504513 -11.1363 0.988335 28 1
-0.130432 0.502396 0.0638006 28 0
3.51538 -10.5413 0.981607 28 1
-0.129977 0.514238 0.0672715 28 0
-8.80431 -14.1217 0.991419 28 1
-0.162728 0.511464 0.0729568 28 0
-14.9483 14.5446 0.99317 28 1
13.8529 7.75925 0.995716 28 1
-5.6834 -14.7906 0.992728 28 1
13.2331 -14.6846 0.994834 28 1
3.66935 -2.02771 0.814691 28 0
-9.31404 10.9602 0.999832 28 1
-11.5575 -14.6038 0.999475 28 1
13.2414 9.89802 0.999242 28 1
1.27906 1.43657 0.860285 28 0
-0.333101 -0.316472 0.183963 28 0
8.29299 -11.1831 0.998425 28 1
-0.111827 0.471117 0.107163 28 0
-1.42534 0.521901 0.427303 28 0
-0.117415 0.481369 0.0843878 28 0
0.27464 0.407692 0.0913701 28 0
1.18683 0.854674 0.586765 28 0
-0.955666 -0.0853287 0.392276 28 0
0.256397 0.421754 0.087667 28 0
-0.186075 0.753646 0.9974 28 0
-0.152483 0.532512 0.101629 28 0
2.6397 13.2371 0.987329 28 1
-0.125372 0.509303 0.0643787 28 0
-0.137902 0.46788 0.0990709 28 0
13.7893 -9.03283 0.999958 28 1
0.792887 -0.671299 0.214442 28 0
-0.135386 0.513353 0.0676209 28 0
-9.86953 14.9717 0.993768 28 1
-1.34957 -0.895351 0.446293 28 0
-10.1642 0.758228 0.999583 28 1
0.375114 0.333162 0.0753435 28 0
9.41926 -14.4372 0.987489 28 1
0.0492988 0.508948 0.0664316 28 0
0.100065 0.482153 0.0897536 28 0
-15 -15 0.999982 28 0
-1.8527 4.96326 0.891633 28 1
-6.57092 -5.34204 0.961375 28 1
11.0029 -14.9336 0.9994 28 1
-12.7358 -4.36793 0.991604 28 1
-0.16192 0.537507 0.119819 28 0
4.09694 -8.50911 0.957648 28 1
-9.14961 0.0125237 0.999708 28 1
-6.42514 -13.484 0.999877 28 1
-0.164864 0.486331 0.065277 28 0
13.1649 14.3465 0.992789 28 1
15 -15 0.999982 28 0
-6.39705 6.54379 0.99977 28 1
-15 -15 0.999982 28 0
-13.7389 13.9131 0.997707 28 1
-0.201002 0.458353 0.076909 28 0
-4.79689 5.85389 0.998661 28 0
-15 15 0.999982 28 0
14.8965 -4.40409 0.995883 28 1
-13.204 -8.73723 0.991597 28 1
-15 15 0.999982 28 0
10.2595 11.3828 0.992506 28 1
-0.113441 0.522739 0.0710454 28 0
5.71204 -6.63343 0.980056 28 1
-0.124301 0.501261 0.0642374 28 0
13.8526 -10.5268 0.992612 28 1
-4.83321 6.30405 0.95603 28 1
13.2608 -12.4346 0.99518 28 1
11.7568 14.5206 0.99666 28 1
-2.48129 -11.9573 0.99274 28 1
-15 -15 0.999982 28 0
3.0145 14.8251 0.984686 28 1
-0.13778 0.50231 0.0637689 28 0
-0.384559 0.678618 0.999091 28 0
-5.37939 -7.35621 0.996032 28 1
-3.31982 14.9978 0.996003 28 1
2.44074 12.5118 0.994812 28 1
-0.156932 0.499946 0.0642395 28 0
12.733 12.8265 0.999963 28 1
13.6431 5.29907 0.982069 28 1
-0.0707378 0.513084 0.0639307 28 0
-10.7413 13.6201 0.988902 28 1
-0.0708691 0.50007 0.0715247 28 0
-1.50506 7.65427 0.944383 28 1
0.186976 -0.123004 0.949563 28 0
-0.213486 0.740129 0.992877 28 0
-10.3762 4.94738 0.971216 28 1
-0.157378 0.51438 0.074324 28 0
-0.106511 0.501612 0.0656218 28 0
-9.83026 -6.77197 0.982282 28 1
-11.7404 12.4937 0.99357 28 1
-13.5743 9.90071 0.987075 28 1
-0.134053 0.513032 0.0671667 28 0
-0.132033 0.505891 0.0639877 28 0
-9.55455 1.06088 0.992478 28 1
-13.0101 9.5891 0.987388 28 1
-14.472 2.83326 0.986329 28 1
-15 15 0.999982 28 0
14.6495 -7.51648 0.999592 28 1
14.9918 -10.589 0.988603 28 1
15 15 0.999982 28 0
-0.11962 0.518482 0.0685327 28 0
-8.47182 10.7979 0.987157 28 1
15 15 0.999982 28 0
-0.0264359 0.494738 0.0844508 28 0
-6.24931 7.78526 0.963073 28 1
-15 15 0.999982 28 0
-9.64426 -13.7754 0.987824 28 1
-11.523 -5.61202 0.999893 28 1
0.349842 0.255679 0.29876 28 0
0.312684 0.218737 0.58164 28 0
-0.118578 0.502296 0.0643282 28 0
-0.314795 -0.162413 0.731173 28 0
0.0380423 0.818039 0.965814 28 0
6.94114 -8.15469 0.999249 28 1
-0.206879 0.469793 0.0653639 28 0
-10.1527 10.085 0.995071 28 1
-0.238647 0.680573 0.875074 28 0
-14.6987 3.81181 0.982949 28 1
15 15 0.999982 28 0
12.5911 -14.9237 0.99614 28 1
12.4204 11.4576 0.994076 29 1
-0.12947 0.521626 0.0737807 29 0
-8.20285 -14.7061 0.989332 29 1
-0.126128 0.489331 0.0712624 29 0
-0.12482 0.488557 0.0723829 29 0
-0.69971 13.3167 0.999781 29 1
-0.366231 0.666831 0.981081 29 0
2.33575 0.400507 0.997219 29 0
15 -15 0.999982 29 0
-2.54536 3.21364 0.857797 29 0
-0.679218 -0.380938 0.998619 29 0
-0.1407 0.496564 0.0643255 29 0
-0.0916919 0.537806 0.0853326 29 0
-0.129894 0.501224 0.0639556 29 0
-0.112156 0.496057 0.0683443 29 0
-0.139908 0.50135 0.0637575 29 0
-0.111747 0.505841 0.0639156 29 0
-15 -15 0.999982 29 0
-0.103751 0.509643 0.0637552 29 0
-0.134159 0.492493 0.0669945 29 0
8.18281 8.56177 0.996307 29 1
6.11169 -0.878021 0.940049 29 1
9.17436 12.8027 0.985144 29 1
-15 15 0.999982 29 0
-3.13624 7.51933 0.998008 29 1
0.264565 0.399561 0.1198 29 0
-0.231609 0.458954 0.06503 29 0
-14.2409 13.7425 0.99348 29 1
15 -15 0.999982 29 0
0.268713 0.420353 0.0791009 29 0
-0.0899654 0.509599 0.0640086 29 0
11.1412 9.54535 0.981825 29 1
-0.140694 0.500769 0.0637548 29 0
12.5306 7.2197 0.997467 29 1
14.4411 -2.08565 0.984609 29 1
14.787 14.6584 0.994977 29 1
-0.221791 0.738557 0.993644 29 0
-1.13409 0.0484746 0.435326 29 0
0.13561 0.499369 0.0640132 29 0
-4.0113 -12.5107 0.979183 29 1
1.56242 -1.75622 0.999532 29 1
-0.0975649 0.513759 0.0640066 29 0
-1.3078 -0.909572 0.398962 29 0
-13.7101 -0.962931 0.989559 29 1
-0.0705098 0.494498 0.0782561 29 0
-14.7879 -10.7992 0.988302 29 1
-0.136648 0.508721 0.0652031 29 0
-0.131045 0.508372 0.0645271 29 0
-6.26034 8.56535 0.98416 29 1
-1.25508 0.3624 0.999824 29 0
1.33581 0.182671 0.962585 29 1
10.0694 1.62587 0.999858 29 1
-15 -15 0.999982 29 0
11.1601 1.72186 0.998692 29 1
0.375815 0.333098 0.0747503 29 0
6.51729 -5.21643 0.947428 29 1
0.785773 -0.665755 0.218086 29 0
0.0570433 0.505165 0.0685053 29 0
-6.05033 -4.13025 0.93069 29 1
-13.4333 13.7996 0.99364 29 1
-8.26313 13.5979 0.998189 29 1
0.281353 0.24836 0.617179 29 0
-2.61538 0.363152 0.642029 29 1
-0.169887 0.154192 0.963229 29 0
-8.65712 14.6561 0.999988 29 1
-1.20745 -14.2096 0.989512 29 1
12.3794 14.2972 0.990417 29 1
-0.0896062 0.512358 0.0637549 29 0
-0.290665 0.362237 0.165787 29 0
-0.147532 0.494945 0.0642316 29 0
-0.179319 -0.186712 0.999697 29 0
-14.9943 -4.93307 0.987341 29 1
15 15 0.999982 29 0
15 -15 0.999982 29 0
5.41038 -9.14764 0.987952 29 0
-5.84466 14.9185 0.99851 29 1
0.0370038 0.819933 0.962032 29 0
-0.143476 0.500552 0.0637629 29 0
15 -15 0.999982 29 0
6.12575 8.06961 0.992211 29 1
-12.4653 1.67924 0.975457 29 1
-5.51136 -13.8337 0.999378 29 1
-0.986801 -0.143254 0.269175 29 0
-14.4693 -10.5797 0.993214 29 1
-13.7861 -3.15095 0.980405 29 1
-0.336961 0.862651 0.539837 29 0
-14.3712 10.0436 0.999974 29 1
-0.121573 0.502705 0.0640638 29 0
14.0463 -11.2055 0.996382 29 1
-0.141464 0.501171 0.0637645 29 0
2.97499 10.9464 0.99264 29 1
-12.0927 -4.02624 0.994542 29 1
13.6117 -11.3282 0.990963 29 1
-5.2597 -10.0856 0.987434 29 1
2.22159 -2.20847 0.711267 29 1
15 15 0.999982 29 0
14.9143 -14.9806 0.998651 29 1
-4.0315 14.8832 0.999582 29 1
15 15 0.999982 29 0
14.7422 12.2923 0.997533 29 1
-13.5477 -14.9271 1 29 1
-2.81418 13.2226 0.984797 29 1
13.7278 14.9932 0.993041 29 1
14.8607 -12.9824 0.996884 29 1
-15 -15 0.999982 29 0
-0.149399 0.492001 0.0649885 29 0
-0.413983 0.0449801 0.386203 29 0
-14.1726 -9.86814 0.986804 29 1
2.42192 -4.75651 0.917256 29 1
-1.08344 0.134814 0.283433 29 0
-3.37456 2.65593 0.884213 29 1
8.63344 10.0859 0.995757 29 1
0.50526 0.99507 0.360165 29 1
-14.7582 13.2686 0.990853 29 1
-14.3104 -12.7612 0.998558 29 1
14.8804 -14.5055 0.997149 29 1
-0.138484 0.511424 0.066891 29 0
-13.8503 13.2913 0.997455 29 1
-2.03952 -10.4682 0.994543 29 1
15 -7.01689 0.997818 29 1
