-26.0226 -21.0073 19.8385 1 0
6.67108 -12.4732 19.5312 1 1
17.4926 -5.50762 20.8549 1 1
13.4932 -22.0278 21.2073 1 1
-28.6195 -23.7961 21.8144 1 1
16.8224 17.1607 20.4243 1 1
20.6555 24.2451 21.7294 1 1
16.8682 -0.37335 19.8902 1 0
22.8019 -9.81555 20.6871 1 1
17.3105 22.6237 21.7806 1 1
12.5545 30 21.4876 1 0
-17.6476 -20.8608 21.2777 1 1
12.9002 12.2671 19.6841 1 1
14.8514 15.1052 19.7203 1 1
8.77424 30 20.6991 1 0
-23.482 16.6632 21.908 1 1
-17.6455 -28.5685 22.0772 1 1
17.3793 18.2286 21.4068 1 1
-30 -30 19.9504 1 0
14.4689 17.6681 21.4481 1 1
16.1845 21.2847 21.1664 1 1
-17.1453 15.423 21.0796 1 1
27.9992 8.44909 21.3729 1 1
16.1733 7.56649 20.3191 1 1
-12.9533 -29.3364 21.2573 1 1
28.522 -29.2019 21.9488 1 1
29.4788 -13.8752 21.6508 1 1
-4.70683 -7.17588 15.6813 1 1
-25.7558 29.1008 21.1125 1 1
16.3797 25.4561 22.0121 1 1
9.31564 -28.2421 21.5812 1 1
-24.3878 7.86548 21.2326 1 1
19.2144 -26.8139 21.1714 1 1
7.03171 -17.98 18.7333 1 1
6.3318 -7.4334 17.1961 1 1
25.6427 22.9459 21.3916 1 1
-20.7853 -6.29978 20.8343 1 1
9.69248 -12.0712 19.1632 1 1
-21.1595 12.3386 21.0871 1 1
-13.9338 -21.3754 21.068 1 1
-29.2846 -7.03362 20.9716 1 1
10.334 8.7986 18.8809 1 1
-28.2034 -26.9376 20.804 1 1
12.5251 -4.28456 19.0943 1 1
29.0859 4.85592 20.3182 1 1
27.8675 -28.6247 21.6653 1 1
-18.0169 -15.2246 20.2264 1 1
-7.28805 27.5277 21.8189 1 1
19.027 9.31082 20.3598 1 1
-9.97389 -21.4944 21.0237 1 1
12.2313 5.69704 18.8507 1 1
-4.10084 -11.8752 17.2028 1 1
-27.8956 19.2418 21.0277 1 1
-10.157 8.51776 18.8486 1 1
15.9327 19.3903 21.0707 1 1
-9.66381 -3.42132 17.5282 1 1
-1.66358 11.8221 18.0606 1 1
2.91504 8.08334 14.4141 1 1
-16.7342 6.03654 19.5539 1 1
18.0538 -26.2494 20.8916 1 1
7.45673 -3.58167 16.1106 1 1
-17.4184 -9.02076 20.4082 1 1
7.86132 10.7038 18.465 1 0
-10.0206 -27.9679 19.7393 1 1
-29.147 -3.76424 20.9915 1 1
-19.4252 -6.7553 20.976 1 0
15.8856 21.4366 21.3399 1 1
30 -30 19.9504 1 0
1.92303 -1.58609 7.64593 1 0
-30 29.6076 21.5504 1 0
16.2421 13.3661 20.9625 1 0
-3.2996 6.05413 13.8007 1 0
9.9737 18.9346 19.1588 1 0
12.989 30 19.8068 1 0
5.08919 2.53034 12.8307 1 0
11.3343 4.58513 18.6642 1 0
1.79429 29.4794 21.7126 1 0
10.5936 -5.06033 17.867 1 0
-21.3493 9.58198 21.5043 1 0
11.0949 6.58373 18.5109 1 0
-2.15876 4.47233 12.008 1 0
-30 -30 19.9504 1 0
1.87786 16.5773 19.9077 1 0
-1.14722 0.574783 5.17223 1 0
7.00886 -21.1918 19.8971 1 0
-14.7737 -16.9304 20.1905 1 0
-18.0581 -9.17361 19.5685 1 0
30 -30 19.9504 1 0
21.3459 29.2249 21.7838 1 0
30 -26.3203 21.3161 1 0
30 30 19.9504 1 0
-30 -30 19.9504 1 0
-4.46198 -1.72289 11.9845 1 0
30 13.6957 21.1349 1 0
-30 30 19.9504 1 0
30 -30 19.9504 1 0
-15.7871 -7.93793 19.2924 1 0
30 -30 19.9504 1 0
30 -30 19.9504 1 0
28.3119 22.4087 22.0535 1 0
16.5431 -29.2166 21.8595 1 0
-0.964353 -4.31351 10.6732 1 0
30 30 19.9504 1 0
3.65883 25.8263 21.2577 1 0
-20.4642 10.5045 21.5726 1 0
-18.9928 -30 19.8695 1 0
27.4474 -5.08049 21.3672 1 0
30 30 19.9504 1 0
13.1934 6.72125 19.1666 1 0
-30 30 19.9504 1 0
-30 -30 19.9504 1 0
30 13.1883 20.5322 1 0
16.5663 30 21.5175 1 0
9.16059 -30 20.3296 1 0
29.0373 21.6231 21.4616 1 0
8.49687 -30 21.475 1 0
12.1357 25.1284 20.3679 1 0
30 -22.0261 19.9147 1 0
-30 30 19.9504 1 0
-4.12212 -11.2978 17.8312 1 0
5.16945 2.56585 13.0696 2 0
-1.55658 9.18848 16.6091 2 1
7.64967 -12.7433 19.5447 2 0
-20.7456 -16.7281 21.3357 2 0
6.76015 -11.4892 19.0555 2 1
4.6617 -23.577 21.5564 2 1
14.224 26.4571 21.7625 2 1
-17.8622 2.34833 20.1182 2 1
15.1122 -20.9207 19.9278 2 0
-16.9616 5.00912 18.4014 2 0
-9.60052 -27.9777 21.3174 2 1
-24.2146 23.1745 21.1405 2 1
13.8365 5.10096 18.296 2 1
5.05472 6.81349 14.7487 2 0
-2.14617 -0.879343 6.36345 2 0
-10.0743 -7.32696 18.0444 2 0
-12.5616 -26.1832 21.6175 2 1
-18.8142 27.3749 21.6814 2 1
-0.350323 -4.70039 11.8102 2 0
28.0961 -14.702 21.1915 2 0
-10.0232 4.12209 16.0486 2 1
-9.24254 24.4107 21.5492 2 1
-1.19819 -27.3542 21.4366 2 1
-22.9194 11.6762 20.9537 2 0
-17.0566 0.460436 19.9433 2 1
30 14.1248 20.1854 2 0
27.1724 -26.7019 21.5376 2 1
9.65113 -25.8756 21.2497 2 1
22.2636 -25.2409 21.5609 2 1
-28.5231 -26.5671 22.2512 2 1
-0.151848 -19.8505 19.7171 2 1
7.89516 4.7464 15.8145 2 0
-11.722 -23.8694 20.9647 2 0
-9.7734 -24.5751 21.5541 2 1
-11.1337 -10.3673 19.3945 2 1
21.8775 -5.3168 20.7219 2 1
-2.72546 6.31045 14.3832 2 0
-15.2956 -14.7888 20.7519 2 1
-29.8155 -20.6825 21.6059 2 1
-30 30 19.9504 2 0
-12.1136 13.2008 19.4319 2 1
28.1746 9.34796 21.4766 2 0
24.605 7.75031 21.5232 2 1
-9.23747 -0.988361 15.63 2 1
23.0287 18.3755 21.2612 2 1
-26.7037 -8.44793 21.7978 2 1
-22.8806 -24.839 20.6704 2 1
0.404198 0.453045 3.95345 2 0
-8.35947 -14.5475 20.4025 2 1
-13.1766 0.635269 18.7242 2 1
26.6096 -0.893114 21.2498 2 0
-23.7741 -29.2196 21.4357 2 1
-15.9277 -0.136143 18.4403 2 0
11.483 9.15182 19.3989 2 0
-21.706 -11.0043 20.64 2 0
-8.2708 15.9355 19.6561 2 1
2.17826 6.01664 12.5825 2 0
21.7733 24.625 21.7715 2 1
-26.2931 -29.1448 21.4516 2 1
-16.0435 -9.1893 19.305 2 1
-27.0331 -19.6279 21.388 2 1
1.88909 1.63531 7.61673 2 0
-18.9057 -19.968 19.8378 2 1
-23.3681 0.800493 21.1519 2 1
-5.86485 -24.2206 20.6035 2 1
27.9332 -17.1653 20.4901 2 1
-5.38717 17.9324 20.2234 2 1
-30 7.67383 21.158 2 0
6.2473 -7.9012 16.391 2 0
7.31983 -22.2282 21.1219 2 0
-12.5375 0.202618 18.6107 2 1
24.2335 26.85 21.1853 2 1
-27.3272 -26.3163 21.9778 2 1
-5.08761 7.73114 15.8722 2 0
-23.7371 -20.2858 21.6176 2 1
4.90026 9.06235 15.6794 2 0
-5.58114 -6.43982 16.3193 2 0
26.6367 -29.0554 21.4882 2 1
-20.0264 -27.8362 20.4425 2 1
0.631036 1.5506 6.49182 2 0
-9.86395 -7.84783 17.5018 2 1
-29.4335 -25.644 22.1734 2 1
-30 -5.4054 21.3603 2 0
19.0407 7.49084 20.6261 2 0
-19.5414 -28.7762 21.9027 2 1
26.3993 -28.428 22.2092 2 1
-11.4913 -30 21.5047 2 0
-23.1223 -25.1632 20.7021 2 1
6.91774 9.34344 17.6837 2 0
-2.5216 -0.67886 8.4031 2 0
-5.40651 -30 21.3624 2 0
-13.0765 -4.93433 17.4846 2 1
-11.3311 -27.5707 21.9242 2 1
-26.459 20.5182 22.1674 2 1
-23.3058 22.1468 21.3671 2 1
1.22993 -2.99782 8.31488 2 0
27.2469 30 20.9885 2 0
1.28694 18.1198 19.9021 2 0
-2.7894 -0.9736 7.6978 2 0
-23.7139 26.1274 21.3161 2 0
-28.8789 -20.5987 21.6296 2 1
-2.83623 -6.56156 14.6261 2 0
-10.4025 -14.142 20.1391 2 1
30 -13.0707 19.9333 2 0
-8.86149 0.925007 14.8902 2 0
2.90962 11.9878 16.7144 2 0
-15.419 -16.6749 21.3978 2 0
-3.73442 20.5749 21.0692 2 0
17.9562 -0.96978 18.502 2 0
-12.4769 7.21127 19.4247 2 0
4.98356 11.9441 16.8814 2 0
-5.11552 -10.8452 17.1231 2 0
5.77715 -12.364 19.0313 2 0
0.24033 -3.31199 9.3609 2 0
-9.28429 4.56697 17.5193 2 0
2.64756 -8.9529 16.1823 2 0
3.07536 -3.34773 11.033 2 0
-6.56759 3.28236 15.0642 2 0
2.10473 19.2245 19.8119 2 0
-23.8901 22.3317 21.372 2 0
11.3413 6.11681 18.3801 3 0
9.54097 -14.2076 20.2369 3 1
17.4233 -7.63002 20.9046 3 0
17.4528 9.34222 21.0301 3 0
-6.83894 -9.5733 18.0972 3 0
-15.5452 29.8535 21.7095 3 0
24.8688 -13.3987 21.4109 3 1
26.4292 -20.7345 21.9388 3 0
-13.5348 12.4827 20.8652 3 1
27.2672 26.1496 21.3503 3 1
28.4406 -29.3784 22.2192 3 1
-2.45089 -21.7307 21.2262 3 0
15.4667 -28.1681 21.7216 3 1
10.3693 -13.9824 19.8437 3 0
28.2573 -6.98742 20.7835 3 1
4.65296 -24.1176 21.0113 3 1
-27.1179 -21.2038 20.8956 3 0
24.2185 -8.58354 21.4743 3 1
-3.50938 -1.27709 10.3665 3 0
25.5942 -12.055 21.2953 3 1
-18.9074 27.7272 21.1307 3 1
-6.70289 25.2759 21.4259 3 1
-29.7363 -14.713 21.6814 3 1
3.58693 -8.90546 16.5863 3 1
-30 -23.116 20.23 3 0
30 13.8566 20.2826 3 0
26.6843 24.5189 22.1013 3 1
-28.3531 22.7263 21.9143 3 1
-4.52017 22.6642 21.4858 3 1
3.74709 11.2742 18.0726 3 0
-19.9139 -27.524 21.618 3 0
-7.89963 30 20.0006 3 0
22.4821 29.9595 21.6311 3 1
28.8753 -1.22896 20.8605 3 1
-17.7446 4.25158 20.2251 3 1
29.9824 29.9911 19.9607 3 1
11.6011 -23.2182 21.4706 3 1
29.1154 -1.38087 21.3862 3 1
4.73223 -1.85795 11.6788 3 0
-29.8816 2.93701 20.1402 3 1
26.8438 9.05022 20.2302 3 1
-20.607 -30 21.487 3 0
7.64892 -4.50849 16.5693 3 1
-7.28982 30 21.0075 3 0
26.9906 -20.423 21.4933 3 0
25.3975 20.7138 21.9251 3 0
-9.88444 -5.4521 17.7643 3 0
-24.9581 0.62705 20.9895 3 1
22.2978 -29.8213 21.5439 3 1
-7.61048 -21.1819 21.0511 3 1
-13.7694 -11.1209 19.5544 3 0
-9.08861 -17.8665 19.4084 3 0
0.455515 24.7873 21.4235 3 1
2.78353 22.7367 20.8696 3 0
13.068 29.0172 19.9048 3 1
13.3906 -2.39921 19.3435 3 1
8.75432 -10.483 19.203 3 0
24.2091 2.96079 20.2389 3 1
12.4765 -30 21.5108 3 0
3.5522 30 21.4123 3 0
-14.5088 -10.5782 20.7492 3 0
1.52135 30 21.4279 3 0
30 26.9263 20.0726 3 0
-7.85287 0.922753 14.0779 3 0
-17.5657 -3.63812 20.6782 3 1
25.1711 7.76209 20.9185 3 1
10.4505 -14.0629 20.0542 3 0
-25.0291 1.98163 19.4574 3 1
29.362 -1.90467 21.3129 3 1
-4.13862 -1.25643 10.517 3 0
29.7772 24.1191 21.0592 3 1
-19.0943 15.2824 20.7205 3 1
4.08588 -21.8515 19.7879 3 1
15.4042 6.40573 20.3912 3 1
25.3263 21.3953 21.9998 3 1
-1.90827 -22.5927 20.9066 3 1
-25.5255 30 21.6357 3 0
2.57191 -16.8232 20.12 3 1
29.2917 14.269 21.6911 3 1
14.4241 4.67635 19.8625 3 1
26.2046 29.8556 21.0793 3 1
27.5274 -10.433 22.02 3 1
-19.4435 -7.50882 21.2892 3 1
-7.87388 -23.7142 20.8635 3 0
16.698 9.51209 20.8805 3 1
24.2498 -6.64446 21.4116 3 0
-9.44955 5.48039 18.0728 3 1
28.8536 -0.607811 21.4637 3 1
22.1295 -8.5008 21.1632 3 0
-0.944207 -28.0791 19.86 3 0
-30 -15.026 19.8441 3 0
20.9112 -30 20.0849 3 0
5.20059 2.60003 13.1522 3 0
-4.44425 0.717522 11.5721 3 0
16.7715 4.16647 19.6075 3 0
-8.71764 -2.05242 15.6315 3 1
-2.94883 -23.1631 19.8986 3 1
-30 10.7014 21.0783 3 0
-0.236819 -11.7576 17.8599 3 0
-14.8077 -27.5502 21.7362 3 1
-15.9002 -15.7925 20.1671 3 0
-30 10.4535 21.4731 3 0
26.7167 30 21.164 3 0
-10.4667 -4.87493 17.9379 3 0
-6.68373 -14.6482 20.0604 3 0
11.7685 23.7558 21.1683 3 1
13.6563 -18.1622 20.9296 3 1
25.4588 -19.5765 22.1093 3 1
24.3827 -12.3539 21.7896 3 1
-5.02531 18.8057 19.4985 3 0
-20.4064 22.951 21.396 3 1
6.72907 -23.0036 20.4999 3 0
-9.32091 18.4364 21.1327 3 0
9.98346 24.7102 20.8038 3 0
5.93204 -7.65579 16.4419 3 0
15.4782 17.6568 21.5334 3 0
-0.666884 -12.1556 18.1122 3 0
24.7209 30 21.131 3 0
-30 7.78642 20.6218 3 0
8.24104 -11.7507 19.0601 3 0
-21.592 -8.32413 21.4346 4 1
-30 27.0772 20.0864 4 0
8.26312 -30 20.8907 4 0
24.3655 -24.864 21.5763 4 1
13.3562 29.9015 21.4207 4 1
1.19554 1.08108 4.96507 4 0
28.1247 27.7218 21.3385 4 1
-17.5408 -2.49525 20.7118 4 1
30 30 19.9504 4 0
-8.90768 -4.35774 16.6875 4 1
-0.293717 1.72494 6.29524 4 0
29.9447 -21.991 19.9777 4 1
-16.8358 4.94937 18.968 4 1
20.2782 10.7468 21.0329 4 0
8.18055 -11.7553 18.8233 4 1
-21.1419 29.8952 20.5723 4 1
-24.5131 27.6851 22.1129 4 1
5.98078 17.6866 19.9387 4 1
-27.4642 0.113235 21.41 4 1
14.8668 12.1713 19.6248 4 0
15.5488 -29.9995 21.5265 4 1
24.6752 -28.799 21.6967 4 1
-6.89824 15.5289 19.996 4 1
-29.0891 29.3535 21.5318 4 1
19.3234 -12.0117 20.5991 4 1
-13.4024 27.7171 21.8615 4 1
-20.0139 15.0089 19.4258 4 1
25.8723 -13.8413 20.5459 4 1
-0.522739 -27.6485 21.8651 4 1
1.96431 12.8152 17.5341 4 0
30 30 19.9504 4 0
20.3254 29.0365 21.2897 4 1
-3.35841 -1.21021 9.8203 4 0
-12.6557 24.3102 21.6747 4 1
-22.9532 1.72392 20.4595 4 0
26.6181 10.715 21.7524 4 1
-1.93667 4.48425 11.7306 4 1
13.6411 29.5979 22.0343 4 1
30 -30 19.9504 4 0
20.2859 -8.99711 20.3769 4 0
2.9894 -30 19.7216 4 0
1.49781 0.0783968 5.59847 4 0
-30 -28.9143 20.1305 4 0
-1.7202 -2.50085 9.14589 4 0
-24.4763 11.9612 21.303 4 1
-5.14822 19.2166 20.0227 4 0
2.95517 8.79146 15.4921 4 0
16.8654 29.4926 21.709 4 1
-4.36076 7.60046 16.4414 4 0
8.15917 20.5615 21.018 4 1
-8.30524 10.146 18.4438 4 1
0.0642052 0.0433598 0.372593 4 0
7.10922 -28.6903 21.1864 4 1
-2.96889 30 19.7443 4 0
7.27639 6.05646 16.0038 4 0
11.4454 28.8819 21.5683 4 1
-29.3401 27.1838 21.7124 4 1
15.4126 24.702 21.8299 4 1
22.7405 16.9652 20.7752 4 0
-16.5938 19.5567 21.7735 4 1
25.6307 -29.7761 21.8691 4 1
-9.42642 -25.7237 21.7143 4 1
18.6171 -19.4302 21.8344 4 1
-28.4661 15.9066 21.5893 4 1
4.97639 -6.27695 14.7686 4 0
2.4567 -4.698 12.7424 4 0
-8.28934 28.4748 21.8766 4 1
-0.297145 -0.852827 3.94852 4 0
30 -14.2264 20.7603 4 0
-4.47588 -13.8036 19.4296 4 1
-9.65287 -23.2282 21.344 4 1
29.7189 29.858 21.4242 4 1
-18.9078 20.6403 21.2309 4 0
29.9996 -25.1592 20.4795 4 0
29.0329 -28.9179 20.1372 4 1
-24.5898 25.2766 21.9786 4 1
-30 30 19.9504 4 0
26.5009 -24.8583 21.7703 4 1
-21.5202 -30 21.6062 4 0
-16.0987 -5.76779 19.3489 4 0
-20.7745 28.9574 20.8404 4 1
-24.072 26.5223 21.6364 4 1
-19.1428 -29.9822 20.3424 4 1
7.18735 -9.31329 17.9314 4 0
-6.41229 -3.10054 14.4363 4 0
-21.318 8.29769 21.2298 4 1
8.55074 22.258 21.4254 4 1
28.249 -21.7386 21.6211 4 1
30 18.1204 20.2057 4 0
-14.2258 -1.70663 19.139 4 1
27.7036 -27.7816 21.6845 4 1
-1.24943 -26.1265 20.8014 4 1
9.78858 -4.04594 16.4254 4 0
-27.8386 -16.1187 20.6262 4 1
7.27711 3.82157 15.3219 4 0
-29.6659 -28.2548 21.8918 4 1
-13.7613 6.36376 19.6283 4 0
-23.8119 -3.79696 20.6594 4 1
3.24796 -30 20.7786 4 0
-14.0622 8.48276 19.792 4 0
9.61574 20.8935 20.926 4 0
3.56672 4.78731 13.4095 4 0
0.0133278 -7.5259 14.8142 4 0
-20.6239 12.0983 20.9852 4 0
5.96303 24.0093 19.4338 4 0
-3.86181 -1.99583 9.62584 4 0
28.4203 -30 21.5971 4 0
-4.01439 -23.6188 20.9029 4 0
-30 -30 19.9504 4 0
22.998 -26.6607 21.317 4 0
9.26839 19.0686 20.2342 4 0
30 0.689154 21.063 4 0
5.02675 0.282963 11.428 4 0
-18.3663 -28.6794 21.9785 4 1
30 15.3277 21.2438 4 0
-21.2763 28.3576 21.9119 4 0
2.14058 1.23037 7.15222 4 0
9.12098 -2.51024 16.5978 4 0
-0.969287 -15.6461 19.3337 4 0
8.35683 20.5633 21.3897 4 0
3.86762 1.98943 9.59998 5 0
25.301 -0.32778 21.4844 5 1
23.0358 -29.5926 21.5466 5 1
-6.35381 -3.05072 14.15 5 0
20.8541 27.4163 21.6853 5 1
-17.5068 30 21.5707 5 0
-20.4223 -20.4698 21.9897 5 1
-4.18691 -10.1096 16.6783 5 0
-29.9396 -19.9808 19.9813 5 1
14.3764 0.566139 19.6609 5 1
-22.0614 29.0271 20.0018 5 1
-4.85252 22.1113 19.9245 5 1
-30 -30 19.9504 5 0
30 -30 19.9504 5 0
12.1594 -29.9869 20.3576 5 1
-6.28402 -11.9244 18.3424 5 1
-6.1495 -11.4154 18.6489 5 1
28.6272 24.7848 21.8372 5 1
-9.7564 -4.84665 17.0762 5 0
6.9296 9.41169 17.8611 5 0
15.7192 21.4643 21.6958 5 0
29.4396 -17.7727 21.8889 5 1
1.05024 10.2106 16.216 5 1
-29.5623 -0.911362 21.4502 5 1
14.6491 14.9555 20.48 5 1
13.7234 -23.9754 20.8083 5 0
21.7318 29.5697 22.0063 5 1
-24.6468 -29.9981 21.4169 5 1
-11.0932 17.4741 20.7211 5 0
22.6157 17.9185 21.3162 5 0
-13.1668 11.8769 19.2534 5 0
-13.3258 7.08794 19.1354 5 0
-30 30 19.9504 5 0
27.9202 -2.63507 21.2253 5 1
1.82073 10.9979 16.5403 5 0
-6.12925 11.1567 17.5533 5 1
-9.52245 20.4533 21.5177 5 1
21.128 20.4768 21.5439 5 1
29.9481 26.6136 21.5485 5 1
20.6706 30 21.3047 5 0
-17.5216 7.99141 20.4015 5 0
-29.9888 27.1536 20.4636 5 1
0.71237 1.47757 6.31683 5 0
4.67584 18.1531 20.2434 5 1
23.2336 26.5175 21.9411 5 1
29.874 -28.681 21.5092 5 1
-27.5051 12.2657 21.858 5 1
-8.19697 30 20.5306 5 0
-12.1042 7.42191 19.0765 5 0
29.4608 -27.1121 21.7474 5 1
18.9343 7.38564 20.5041 5 1
-16.4478 8.87014 20.4176 5 1
-29.989 29.5552 21.6374 5 1
-14.9094 -17.2597 20.4453 5 1
-27.5234 -24.5687 22.2226 5 1
-30 30 19.9504 5 0
5.14285 -14.9899 18.342 5 0
9.96952 -9.023 17.0522 5 1
-30 -24.9209 20.0792 5 0
-6.18343 1.9746 12.7246 5 0
-0.57275 -12.1329 18.2359 5 1
-7.82127 -5.6564 16.67 5 0
29.9532 -22.7471 21.0213 5 1
-29.5763 29.6439 22.1936 5 1
4.9776 -3.5884 13.248 5 0
-29.9324 28.7935 20.8571 5 1
-4.36205 23.7003 21.4357 5 1
9.39431 -29.555 22.0478 5 1
-20.4697 -10.3919 21.5253 5 0
-11.6347 10.6829 19.9908 5 1
9.73535 5.80325 17.5663 5 0
-27.8885 30 20.2409 5 0
-18.6612 -8.42298 21.1199 5 1
-22.0306 -17.7688 20.6203 5 0
4.5626 -2.44846 12.7099 5 1
-29.7962 -4.52016 21.7337 5 1
-26.5029 -20.3138 22.0414 5 1
30 -30 19.9504 5 0
-22.896 29.564 21.6785 5 1
12.8818 -29.7678 20.9865 5 1
29.7635 -25.8442 21.2633 5 1
-12.1768 -13.9228 19.3132 5 0
-22.0135 4.27745 20.369 5 1
29.9277 -11.856 20.3732 5 1
4.82223 2.61839 12.6517 5 0
-10.5041 -26.4853 21.9939 5 1
23.7936 23.4021 21.7789 5 0
-22.0561 -11.4714 21.1463 5 1
-30 -23.85 20.4176 5 0
-1.16648 -3.02474 7.96792 5 0
-18.9458 18.8427 20.1518 5 0
20.3688 -12.4984 21.6052 5 0
22.2301 27.5703 21.9073 5 1
-9.87823 15.1888 19.4455 5 1
27.7886 6.00269 20.5007 5 1
-3.8393 -1.44398 10.7053 5 0
8.80129 -6.65778 17.6275 5 1
-0.0275578 1.22476 4.12887 5 0
-2.61053 12.2889 18.731 5 1
-0.28498 3.46166 9.92876 5 0
-19.4815 1.66507 20.987 5 0
3.02877 0.355893 8.5237 5 0
7.43551 0.176448 14.943 5 0
11.9357 -16.2796 20.1229 5 0
-6.20388 25.215 20.9234 5 1
1.63079 25.7825 21.413 5 0
8.08528 6.69658 16.8831 5 0
2.22853 4.92371 11.7385 5 0
-5.33055 -16.9286 19.8614 5 0
8.34959 15.7732 20.313 5 0
29.7554 -17.7839 21.4392 5 1
-19.0025 16.7554 20.4856 5 0
0.625332 0.543915 4.49592 5 0
20.4454 17.648 21.8165 5 0
1.44311 -1.02374 6.11937 5 0
6.34039 -21.1748 20.8808 5 0
1.33348 10.4241 17.6944 5 0
-5.16528 22.0336 19.802 5 0
-11.2807 -5.83487 18.2277 5 0
-18.5992 13.6047 21.5011 5 0
28.1512 -28.9666 20.4709 6 1
27.8519 9.98131 20.1988 6 1
-30 30 19.9504 6 0
11.6092 6.29434 19.0364 6 0
0.473254 0.501297 4.20567 6 0
-3.83493 6.84564 14.4141 6 0
-9.78134 20.9122 20.2661 6 1
21.2442 -16.8089 21.0641 6 0
-28.9757 -29.9356 20.0676 6 1
-16.8403 -7.70424 20.1253 6 1
-26.3513 29.9315 21.4769 6 1
-15.4386 16.4618 21.5091 6 1
12.5469 -26.5077 22.0261 6 1
-7.46035 -27.0182 21.3263 6 1
-9.58605 -7.71454 18.6252 6 0
25.5739 -6.39989 21.8107 6 1
-15.9123 -8.00275 18.5832 6 0
-8.99467 -6.95265 16.053 6 0
-1.25277 -5.01235 11.4545 6 0
29.6059 15.3284 22.0064 6 1
0.721554 6.10172 12.9635 6 1
28.3311 -13.0822 21.2657 6 1
6.5391 6.15863 16.2958 6 1
4.18272 2.69686 11.7823 6 0
3.01665 -24.1842 20.0713 6 1
-1.69444 -16.0681 19.3544 6 0
10.7706 6.29104 18.3522 6 1
19.2791 -30 21.0838 6 0
11.9384 23.6483 21.0671 6 1
29.5971 -26.2296 21.9362 6 1
-1.88689 -3.99888 9.60815 6 0
29.9023 29.9984 20.187 6 1
24.1048 29.5313 21.7177 6 1
28.2816 6.84381 21.1952 6 1
30 -30 19.9504 6 0
-5.75881 9.58249 17.9373 6 0
18.9644 4.08989 18.9475 6 1
29.6936 -29.8079 21.6617 6 1
15.9655 18.0461 19.4247 6 1
13.7385 5.49086 19.6649 6 0
22.9501 -18.4718 21.4245 6 1
15.5431 -29.5029 22.1646 6 1
4.78231 -13.7934 18.9154 6 0
-29.3053 7.40097 21.8781 6 1
-7.27605 1.15814 14.452 6 1
-6.27355 -18.364 20.7635 6 0
-17.7179 21.791 21.3139 6 1
-8.72168 -22.7475 21.1722 6 1
-3.84767 8.3758 16.352 6 0
5.23708 5.96747 14.512 6 0
-19.2181 -20.5053 21.6723 6 1
4.26344 -8.88439 16.3616 6 0
26.6282 22.0114 21.4026 6 1
-20.3917 -10.6272 21.4659 6 1
3.32096 1.74735 10.155 6 0
-18.7816 -25.9191 20.7935 6 1
-23.3773 24.5136 22.1276 6 1
12.1406 -5.91724 17.6374 6 0
-7.36678 -5.87198 16.4288 6 0
28.3236 -26.0401 21.3333 6 0
6.42222 -6.78267 16.6687 6 1
0.413356 0.0301628 2.79147 6 0
-17.006 -29.2649 20.9785 6 1
13.3657 7.77568 19.6956 6 1
12.8437 29.9714 20.3608 6 1
30 -30 19.9504 6 0
-9.89858 19.6794 20.6251 6 1
-8.03463 -3.68295 15.6598 6 0
-25.9932 24.6014 21.4889 6 1
19.6365 -0.523524 21.0353 6 0
-28.2895 -20.6173 21.9659 6 0
-15.1893 7.97745 18.975 6 0
-30 30 19.9504 6 0
10.2856 -6.97832 17.8012 6 0
30 30 19.9504 6 0
-7.85545 23.0301 19.8553 6 0
1.83774 1.27186 6.92468 6 0
29.9934 25.7867 20.7962 6 1
-8.99776 23.1569 19.9498 6 1
2.96091 2.27088 9.39785 6 0
27.5976 -4.08551 21.3106 6 1
-9.46553 -28.7132 21.893 6 1
10.0106 15.3219 19.8914 6 1
20.4354 -18.9435 21.3201 6 0
-11.1233 -19.4161 20.9457 6 0
21.6051 23.5968 22.0545 6 1
23.1928 18.5935 21.6331 6 0
-11.1632 -6.045 17.3016 6 0
16.3276 -29.3527 21.9595 6 1
-4.02164 15.2413 18.8796 6 0
-18.2682 -26.4666 21.9272 6 1
17.2901 -2.34737 20.3601 6 1
-29.8034 24.0008 20.6854 6 1
-29.3404 14.7225 21.8243 6 1
-14.3067 15.5933 21.1616 6 1
1.20953 0.464625 5.37057 6 0
21.9102 17.2774 20.931 6 1
-8.94191 -12.4509 19.4391 6 0
-23.2042 -25.9501 20.7182 6 1
30 -30 19.9504 6 0
-4.43945 15.7653 20.086 6 1
-6.86438 -19.6091 20.7152 6 1
30 30 19.9504 6 0
6.38141 -0.43833 14.1883 6 0
-9.62526 -6.96866 17.8455 6 0
21.8725 -29.9559 20.3218 6 1
27.4324 22.8701 21.6972 6 1
-6.08573 9.50859 17.7341 6 0
-5.09697 -11.2992 17.9592 6 0
-7.23019 21.1716 20.5251 6 1
5.83855 -4.29784 14.4214 6 0
30 30 19.9504 6 0
0.0851948 0.312086 2.34153 6 0
20.6109 -15.875 21.2429 6 0
-6.77164 11.1632 18.1754 6 0
-5.46949 -6.65699 16.34 6 0
6.24392 -1.89247 13.2637 6 0
-3.73164 -10.2903 17.632 6 0
-1.97941 4.09912 9.74755 6 0
1.59471 13.4363 19.35 6 0
-19.4427 8.29106 21.1605 7 1
4.71458 2.68569 12.6976 7 0
1.36632 1.0011 5.79769 7 0
-5.03413 -6.69788 15.2152 7 0
25.3936 3.30636 21.6156 7 1
-3.62494 28.9158 21.3127 7 1
-25.7263 29.0878 21.2146 7 1
-2.64667 -0.894868 8.14923 7 0
29.6893 -8.01062 21.0927 7 1
0.0647545 2.6329 7.80598 7 0
28.2138 26.7029 21.6687 7 1
21.8683 23.1989 20.8557 7 1
-26.658 -20.8271 21.5905 7 1
-2.99987 13.0235 16.9934 7 1
-17.9723 23.946 19.8064 7 1
-23.4913 8.05575 21.1508 7 1
-16.2161 -29.8734 20.9777 7 1
16.1778 -21.059 20.2664 7 1
7.81753 -26.896 20.51 7 1
25.8674 20.0419 20.2544 7 1
-8.19384 -2.1827 15.2302 7 1
-7.51769 -10.0938 18.4233 7 0
-30 30 19.9504 7 0
-22.7661 29.9348 20.9564 7 1
-1.84182 -29.5464 21.6006 7 1
-5.02754 -29.7187 20.9526 7 1
11.572 -4.99987 18.3032 7 0
-30 -30 19.9504 7 0
-7.38767 9.77369 18.4459 7 1
-8.8774 16.3595 20.2378 7 0
12.2938 27.564 21.8871 7 1
30 -30 19.9504 7 0
11.5281 21.2916 21.5295 7 0
29.4691 29.9995 21.6566 7 1
18.649 -8.71335 20.9666 7 1
-30 30 19.9504 7 0
-29.984 -29.7715 20.9082 7 1
-28.7491 16.7419 21.5652 7 1
-30 30 19.9504 7 0
-13.6608 -10.4102 20.4533 7 0
-26.4205 -0.539007 21.8449 7 1
-11.2813 13.1872 19.9006 7 0
-11.541 20.0694 20.991 7 0
-30 30 19.9504 7 0
27.481 15.6366 22.0507 7 1
-29.0443 25.7316 21.109 7 0
-0.868904 -12.0026 16.7558 7 1
12.6407 17.2453 21.0068 7 1
-29.3465 14.8229 21.5887 7 1
2.17611 1.3468 7.85147 7 0
23.2533 -3.41302 21.3523 7 1
25.3372 29.9222 21.4416 7 1
-20.9921 -0.510326 20.6914 7 1
-1.834 -6.66386 14.1987 7 0
21.2645 28.6956 21.782 7 1
16.1291 12.1962 19.9068 7 0
30 -30 19.9504 7 0
-9.84067 -0.299753 16.6255 7 0
-28.4663 24.5112 22.2472 7 1
-20.8603 -6.20124 20.1965 7 1
-29.9449 29.9901 20.0319 7 1
-6.34592 10.3682 18.5967 7 0
2.71813 -28.9568 20.9255 7 1
5.54356 -29.9281 21.4791 7 1
6.54944 -8.41945 17.8924 7 0
-3.5227 13.4566 19.5446 7 0
-29.2477 6.39429 21.7489 7 1
7.54891 8.8236 18.0712 7 0
29.735 21.5023 22.0281 7 1
19.2437 15.8148 20.8846 7 0
-9.95389 18.9693 19.114 7 1
-1.3404 28.6081 21.8521 7 1
29.9091 -24.529 21.7026 7 1
21.2395 29.4348 21.947 7 1
-30 -30 19.9504 7 0
16.0448 -27.8664 20.2488 7 1
-21.7278 -29.9757 21.0826 7 1
5.06945 12.9424 17.406 7 0
-29.9921 25.5403 21.6267 7 1
14.902 -7.5295 19.912 7 0
3.15938 1.68767 9.58505 7 0
6.30244 14.0264 19.0525 7 0
-29.6422 -25.4887 22.1949 7 1
-20.6702 17.2017 21.3591 7 1
-1.12794 -19.6376 20.4569 7 0
0.210172 0.448058 3.36537 7 0
30 24.3512 21.4085 7 0
-29.7494 28.7468 21.6725 7 1
29.6794 -24.535 22.1367 7 1
-5.68216 -10.2752 18.166 7 0
26.0675 -12.9754 19.8078 7 1
2.54552 1.25217 8.71303 7 0
-2.18269 9.82314 16.3663 7 0
19.6004 -21.6285 21.9233 7 0
-7.60506 -4.08776 15.7884 7 0
-2.78835 25.7638 21.0295 7 1
26.4122 -7.67776 21.7847 7 1
-2.92934 -10.048 15.6345 7 0
12.3835 -4.48053 19.1926 7 0
-26.045 17.1095 20.0962 7 1
15.7175 27.4372 21.9203 7 1
-6.78332 -18.4577 20.7939 7 0
-13.6223 15.177 20.7292 7 0
1.16681 0.378757 5.00987 7 0
23.3983 14.0362 21.2069 7 1
-14.4664 13.4263 21.0993 7 0
29.9693 -28.8786 20.3176 7 1
-30 -30 19.9504 7 0
6.62618 13.6754 19.8247 7 0
7.95416 -12.8897 17.9973 7 0
-8.63796 18.8754 20.6251 7 0
18.4982 -8.31389 21.0833 7 0
5.16758 -26.1431 20.5082 7 0
-4.55639 0.706448 11.7524 7 0
18.2716 -1.59947 20.6007 7 1
-5.8249 -15.6226 19.9497 7 0
1.84213 11.9047 17.091 7 0
-3.23417 5.87534 13.4738 7 0
5.359 -1.36203 13.0409 7 0
-0.536206 -7.57779 15.4927 7 0
-9.28331 -4.58054 17.51 8 0
-15.3783 -25.8886 21.4135 8 1
-4.65888 29.9496 21.2165 8 1
29.0597 21.1364 20.385 8 1
6.88987 -12.1621 18.0377 8 0
12.4072 13.3064 20.6383 8 1
11.1593 -24.5625 21.4525 8 0
-11.4004 -11.8767 19.8156 8 1
7.87709 -10.4034 18.6103 8 0
28.9819 16.512 21.5413 8 1
11.1099 15.3305 20.1897 8 0
-30 30 19.9504 8 0
13.2649 7.11552 18.9514 8 0
26.4493 5.30952 21.7595 8 1
-28.3034 5.57433 21.8372 8 1
6.65702 13.7021 19.7443 8 1
1.90373 29.967 19.9709 8 1
1.65609 2.41623 9.01039 8 0
13.1051 10.5575 19.9375 8 0
7.55487 6.52573 17.4629 8 0
24.0165 -18.6134 21.3198 8 1
-12.2252 -26.5148 21.7395 8 1
-2.59148 10.3905 17.8731 8 0
-3.05775 -16.3911 19.7429 8 1
29.739 -2.84202 21.156 8 1
30 30 19.9504 8 0
30 -30 19.9504 8 0
26.5441 29.3716 22.2068 8 1
-6.55717 19.0337 20.537 8 1
-6.68093 -4.40989 15.7397 8 1
16.9832 -16.604 20.9174 8 1
18.3377 -17.0405 20.8896 8 1
-23.5053 29.6882 22.1218 8 1
-0.952147 -3.44833 9.65552 8 0
-17.9723 25.0516 19.8342 8 1
-5.72922 25.1566 20.9619 8 1
12.1889 -16.7308 20.5119 8 1
11.7621 -5.08098 17.8441 8 0
-18.0066 19.4632 21.2349 8 0
0.611026 -7.02663 14.2259 8 0
-28.0013 -23.985 19.8973 8 1
24.5993 25.9236 21.5522 8 1
18.2565 -21.2416 21.3313 8 1
30 30 19.9504 8 0
-17.6006 -20.4074 21.8358 8 0
-5.97725 3.1952 13.1071 8 0
30 -26.1913 20.6723 8 0
-4.29885 22.2492 21.045 8 1
5.11103 2.76756 12.3771 8 0
29.4939 -8.70295 21.9353 8 1
-20.7638 29.6906 21.7289 8 1
-20.3956 0.720255 20.9894 8 1
2.51611 25.5153 21.8161 8 1
14.5568 29.8193 21.7621 8 1
-27.1943 20.7511 21.3685 8 1
29.8969 29.7226 21.2992 8 1
15.0751 -0.0320921 17.7982 8 0
2.49679 2.20868 9.5464 8 0
30 -30 19.9504 8 0
-29.6161 -9.61228 22.0028 8 1
22.4384 -15.5545 21.9044 8 1
29.9944 -21.4561 21.5909 8 1
-7.08044 -7.97828 15.752 8 0
20.8731 -27.002 20.2201 8 1
24.3677 5.83245 21.2256 8 1
1.64984 11.4133 18.3172 8 0
29.9985 0.464302 21.4184 8 1
29.198 -29.6573 21.7711 8 1
-20.6626 -14.3734 21.6064 8 1
-29.1669 -29.8361 21.0033 8 1
-5.90046 -29.8308 20.5343 8 1
-0.750104 -0.0616791 3.14845 8 0
3.80463 7.64095 15.8749 8 0
-30 30 19.9504 8 0
28.1026 -23.0399 20.1807 8 1
30 -30 19.9504 8 0
29.4226 28.4558 22.2597 8 1
-13.4134 27.2646 21.8234 8 1
-9.59251 -3.32961 17.4426 8 0
-25.2169 6.07555 20.4783 8 1
-30 -30 19.9504 8 0
-15.8838 4.26802 19.3928 8 1
29.3886 5.15578 21.5224 8 1
20.643 18.3622 21.7867 8 1
-2.49499 4.6758 12.7817 8 0
4.76698 -6.23206 15.0089 8 0
0.0383787 2.90748 6.99342 8 0
-1.6699 -0.462364 6.58165 8 0
-14.2665 1.18604 18.9225 8 0
-3.03531 2.30385 9.67095 8 0
-16.1919 -27.1852 21.0336 8 1
-7.43112 -5.35955 16.782 8 0
30 -30 19.9504 8 0
9.83619 -7.94946 17.2935 8 1
19.2661 -21.8793 21.0272 8 1
15.3235 -20.4425 21.6775 8 1
11.6851 5.7512 18.7245 8 1
-2.29112 29.7649 21.5028 8 0
15.0768 27.3098 21.1792 8 1
0.965068 0.814772 4.00417 8 0
22.0601 -11.9391 19.6111 8 1
0.292038 6.4855 14.1995 8 0
-8.89022 -29.4648 21.5579 8 1
-10.3433 5.19953 17.9415 8 0
-3.2926 -14.848 19.221 8 0
-3.09852 0.624109 8.87432 8 0
-0.170558 8.6123 15.9348 8 0
28.0592 -17.5143 21.564 8 1
30 30 19.9504 8 0
-0.905897 -2.44817 7.949 8 0
-13.8773 17.9827 19.5602 8 0
15.4136 -16.4149 21.4664 8 0
-22.3671 6.34282 21.4288 8 0
4.97121 -15.8654 18.5351 8 0
-8.67006 4.28925 16.9301 8 0
0.606213 18.55 20.8495 8 0
-2.00394 3.91611 9.44265 8 0
-3.57592 -9.86904 17.2848 8 0
-0.683013 -9.3671 16.8365 8 0
5.98392 -6.22109 15.018 8 0
2.79922 1.51637 9.26047 9 0
-30 30 19.9504 9 0
-29.5804 26.0121 21.5792 9 1
-17.5281 24.554 22.0562 9 1
-19.0612 20.5121 21.3715 9 1
-19.2297 -25.1527 21.0713 9 1
5.07548 2.88748 11.6789 9 0
3.7835 5.08169 12.838 9 0
30 -30 19.9504 9 0
-22.8756 25.3167 21.3943 9 1
-2.53984 -14.1883 19.3693 9 1
4.7382 3.85145 12.9872 9 0
20.5744 8.06519 20.8274 9 1
16.2269 27.3698 21.7322 9 1
29.7405 -1.64855 21.7012 9 1
-8.55693 29.9861 21.445 9 1
30 -30 19.9504 9 0
-11.7028 7.13091 18.6244 9 0
0.790267 -0.00701427 2.96556 9 0
-10.69 22.4656 21.6149 9 1
29.8493 29.8145 21.0363 9 1
4.20322 -6.44765 15.2636 9 0
11.2065 -22.6152 21.3679 9 1
-13.298 29.591 21.9488 9 1
0.476343 1.40174 6.09068 9 0
-23.8484 26.4724 21.7721 9 1
26.3282 7.69443 21.6393 9 1
17.8175 9.75057 20.3563 9 1
-8.76706 4.8735 16.3796 9 0
-27.0078 -29.1185 20.2655 9 1
-2.25102 -0.924539 6.98651 9 0
-30 -30 19.9504 9 0
-14.7726 -6.22846 19.4982 9 1
-17.7511 1.79717 19.953 9 0
6.21475 3.81871 14.2134 9 0
-14.315 -11.5015 20.731 9 0
-4.71676 -3.67211 13.4176 9 0
-29.9124 -29.9887 20.1465 9 1
-29.0771 8.06133 19.9641 9 1
15.5943 -10.4291 20.889 9 1
16.4272 13.143 20.8257 9 0
14.4365 15.1849 20.9153 9 1
-10.2831 -8.13312 18.3254 9 1
-7.88476 25.045 19.8798 9 0
10.7559 14.9515 19.5988 9 1
-11.5473 -21.4674 21.7017 9 1
-0.778118 -8.90246 15.4231 9 0
27.4089 21.1528 21.6939 9 1
-30 30 19.9504 9 0
-27.4853 -2.91854 21.3771 9 1
20.9371 1.02502 19.0871 9 1
29.6063 -26.5518 22.2256 9 1
-15.8013 29.3054 21.5499 9 1
-21.1108 -25.8358 20.6427 9 1
27.1031 -27.0979 20.3886 9 1
-16.8579 8.20725 19.7451 9 1
2.88623 5.22329 12.5323 9 0
-3.93771 -2.73666 11.0448 9 0
21.2891 16.7264 21.461 9 1
29.5458 -23.2945 22.0812 9 1
-4.81733 -2.10523 11.3873 9 0
-2.95061 -6.73276 14.1211 9 0
22.023 10.173 20.0015 9 1
-11.4912 7.05134 18.7715 9 0
-29.6505 16.5056 22.1007 9 1
17.9696 18.2634 20.6177 9 1
-3.87332 -6.14042 13.6053 9 1
27.4107 15.4792 22.0863 9 1
-30 30 19.9504 9 0
-2.8326 -0.767454 8.15835 9 0
-28.859 28.3387 21.5995 9 1
3.68743 -10.2105 17.4767 9 0
-29.6235 13.6715 21.9677 9 1
-12.9109 6.43259 19.1493 9 1
-2.35401 -2.70404 10.0325 9 0
-12.7746 28.9562 20.7434 9 1
28.5764 28.7811 21.9463 9 1
16.2449 9.63908 20.5979 9 0
29.0726 29.4412 21.678 9 1
23.3626 29.4593 22.1747 9 1
15.812 -17.6677 21.0744 9 1
-5.8969 -29.1303 20.3226 9 1
25.7226 -22.3239 21.8227 9 1
-0.206417 -26.354 21.3924 9 1
12.9289 -12.0837 18.6617 9 0
-29.9894 -22.9656 19.9387 9 1
-29.3349 -17.2981 21.8881 9 1
20.6314 -2.17496 20.7605 9 0
-1.87454 0.586786 6.6413 9 0
-7.40403 29.996 21.3731 9 1
-30 30 19.9504 9 0
-29.8105 -13.4277 21.7539 9 1
29.8807 4.16539 20.5797 9 1
0.678617 0.776388 4.55783 9 0
14.502 -11.4056 20.8457 9 0
30 30 19.9504 9 0
0.999801 -30 19.7133 9 0
3.96163 -1.05484 8.91616 9 0
-3.64429 4.70943 13.4548 9 0
-30 30 19.9504 9 0
2.07931 -2.02286 6.90388 9 0
-30 -30 19.9504 9 0
3.89369 10.7388 17.3127 9 0
-1.97956 -0.611818 6.67704 9 0
4.04162 -19.9597 18.9655 9 1
-4.04211 -12.054 16.8092 9 0
-12.6114 3.94127 18.544 9 1
1.02042 13.2252 17.8794 9 0
-2.60821 -13.4299 19.3978 9 0
2.16222 0.391257 7.17852 9 0
0.591265 0.774269 4.5835 9 0
-29.8072 18.6871 21.5966 9 1
-30 -30 19.9504 9 0
-0.304266 2.16936 6.968 9 0
8.88626 -6.87331 16.5649 9 0
2.36788 -17.1646 20.0716 9 0
-4.66837 2.64585 12.7773 9 0
2.70618 0.300397 8.36307 9 0
0.359925 0.321716 3.45322 9 0
0.957122 6.8221 13.1533 9 0
-24.7304 -9.58659 21.6352 10 1
-4.46108 7.64161 16.5466 10 0
-6.4626 12.4771 19.6017 10 0
7.5579 -25.579 21.8544 10 1
8.49486 25.6102 21.865 10 1
-3.10616 14.453 19.3281 10 1
-8.55063 -1.75015 16.2754 10 0
16.1368 13.2656 20.3559 10 1
25.955 -14.5128 21.4381 10 1
-23.7955 27.3798 21.7999 10 1
-23.4268 26.0486 21.5481 10 1
21.8938 24.4137 21.5596 10 1
29.0739 28.6159 21.5791 10 1
-1.44454 17.4182 20.6252 10 1
-9.09498 -16.8127 19.5464 10 1
29.1713 5.5447 21.6341 10 1
-2.06568 -1.44966 7.73833 10 0
-16.6592 -16.8503 20.9924 10 1
26.3013 17.1697 21.3958 10 1
-3.84296 -7.19797 14.8635 10 0
-8.33783 -8.22064 18.0565 10 1
28.1081 27.6761 21.4633 10 1
30 -30 19.9504 10 0
-28.5144 27.9642 21.6583 10 1
0.251357 0.397214 3.33666 10 0
23.1996 18.9775 20.5127 10 1
-30 30 19.9504 10 0
-3.86872 -28.2652 21.0258 10 1
7.1726 3.01063 13.981 10 0
-8.946 -4.39317 16.7496 10 0
-11.463 -8.77 19.4662 10 0
-29.9718 29.6042 21.5663 10 1
-1.53266 3.86864 10.7545 10 1
7.8125 16.6954 20.2196 10 1
4.05149 2.38697 11.3334 10 0
-23.9064 -10.6345 21.136 10 1
-7.25138 4.13025 15.1726 10 0
30 30 19.9504 10 0
-29.71 -28.9761 21.214 10 1
20.6959 3.60787 21.1198 10 1
18.8358 -5.3069 20.3767 10 1
1.38328 4.31494 11.6154 10 0
11.3894 28.4958 22.0444 10 1
-0.273332 -1.31668 5.42355 10 0
-19.8529 -6.36757 20.7048 10 1
21.5219 -1.63343 21.3372 10 0
30 -30 19.9504 10 0
3.59074 -2.46641 11.5143 10 1
-8.77357 27.3962 21.6526 10 1
-25.2868 -14.2169 21.399 10 1
26.3556 -9.74177 21.626 10 1
21.6571 28.8806 21.5025 10 1
7.55788 -1.98695 15.0637 10 0
1.07449 -27.9817 19.7696 10 1
-8.17742 14.1341 18.993 10 1
19.1711 15.3812 21.221 10 1
-5.12258 25.8215 20.4563 10 1
-2.73116 11.3901 18.2609 10 0
2.95378 -4.26062 11.5491 10 0
-2.78476 12.0897 17.5577 10 0
-22.2364 -16.5731 21.6555 10 1
-15.0531 -0.852396 18.1821 10 1
-29.9645 -28.8209 20.6423 10 1
-6.19756 -22.7233 20.9216 10 1
-6.53168 -16.3083 20.5387 10 1
-29.9134 29.574 21.6851 10 1
10.9534 -7.51605 18.6809 10 1
9.39984 -3.22431 17.0894 10 0
-15.0928 -19.5334 21.178 10 1
9.25798 -26.3856 21.6655 10 1
-0.454176 -0.581133 4.29912 10 1
-27.9183 -29.3904 21.6027 10 1
11.8955 -22.3997 21.1723 10 1
-7.74129 5.30611 16.5956 10 0
2.12885 1.87027 7.33257 10 0
1.50686 0.944148 6.19483 10 0
10.9136 -0.0773484 16.0579 10 0
12.6804 -27.1257 21.2779 10 1
-29.929 7.97638 19.8935 10 1
-12.6772 14.9212 20.2186 10 1
23.9221 29.6003 21.5882 10 1
30 -30 19.9504 10 0
1.28583 -26.9171 20.8958 10 1
-20.5343 27.5268 22.1879 10 1
12.9451 2.1494 17.4405 10 1
2.2892 -5.61487 13.6258 10 0
28.9437 22.8231 20.6141 10 1
-1.93578 -2.63296 8.98741 10 0
-22.3203 -29.997 21.2857 10 1
5.42269 -20.4941 21.3307 10 0
-30 30 19.9504 10 0
-15.3928 -29.7167 21.9325 10 1
-1.27061 1.43822 6.88191 10 0
0.681692 30 21.0922 10 0
-7.02603 8.60079 17.4654 10 0
-7.88825 -10.7523 18.2092 10 0
4.01377 -4.81592 12.4648 10 0
30 -30 19.9504 10 0
6.43959 7.46648 17.3732 10 0
30 -30 19.9504 10 0
30 30 19.9504 10 0
30 30 19.9504 10 0
4.34652 9.81706 17.4141 10 0
10.2285 7.79935 18.2289 10 0
-1.23214 -1.15891 5.58686 10 0
-1.71303 -0.716614 6.53419 10 0
6.08909 20.2334 20.1015 10 0
1.32759 0.868015 5.62807 10 0
-8.46388 -12.6754 19.9111 10 0
-30 -28.6299 21.4909 10 0
4.01305 0.322693 10.0803 10 0
-8.63815 7.33783 18.135 10 0
-0.289217 -8.63091 16.1913 10 0
4.61733 9.38084 17.6806 10 0
-5.53935 3.84134 14.2012 10 0
3.73242 4.50785 13.4026 10 0
-14.5108 -0.134602 19.3033 10 0
3.58289 8.40799 16.8004 10 0
2.03557 -2.3162 8.45649 10 0
0.968049 7.18512 13.5545 10 0
-1.58708 -0.425714 6.44793 11 0
7.65567 -3.09728 15.359 11 0
-30 -30 19.9504 11 0
-28.3221 -12.676 21.8277 11 1
-2.02909 16.4191 19.7347 11 0
-1.51435 -1.91478 7.62301 11 0
30 -30 19.9504 11 0
27.2712 20.5328 21.9845 11 1
21.6795 -12.2196 21.2385 11 1
-27.6168 -29.3234 22.0989 11 1
-5.81859 -2.76713 13.377 11 0
-12.5685 25.1989 21.6021 11 1
26.2596 -19.9785 20.9375 11 1
-12.4128 25.7545 21.7055 11 1
-20.1117 -8.44032 20.8834 11 1
-2.54811 4.8008 12.7196 11 0
1.07651 28.4201 21.3549 11 1
-25.573 -26.6922 22.0761 11 1
-29.8872 15.8576 20.5524 11 1
8.86211 -28.4748 21.5798 11 1
0.289019 -0.197354 2.64217 11 0
15.992 -29.6706 21.2511 11 1
-3.68377 -2.86312 11.2472 11 1
2.4221 1.49758 8.95821 11 0
27.1583 -6.38751 21.4336 11 1
-3.23658 1.82983 9.57025 11 0
5.12658 4.51397 14.2439 11 0
-26.6489 -6.48848 21.8534 11 1
-29.9832 -22.5852 21.5499 11 1
29.6707 24.4592 22.1458 11 1
-15.7504 -29.7576 21.5218 11 1
2.44254 2.20077 9.4257 11 0
4.3421 6.08522 14.6003 11 0
-14.4113 9.22564 20.2336 11 1
-21.2054 -10.4067 21.2528 11 1
29.8475 21.2878 21.4209 11 1
-0.229804 0.00123692 1.60143 11 0
15.1626 -15.1924 20.2076 11 1
4.97306 6.34455 15.0848 11 1
-10.0097 -29.1721 20.3796 11 1
-30 30 19.9504 11 0
-6.77826 -4.8674 15.0446 11 0
30 -30 19.9504 11 0
-29.0597 23.5996 21.5561 11 1
-10.1955 1.88452 16.3831 11 0
1.14665 8.16369 14.7338 11 0
-9.13812 11.6927 19.1074 11 0
22.5913 -0.855085 21.0079 11 1
2.66654 -2.80174 10.2312 11 0
-27.7796 27.7999 21.3616 11 1
1.28292 -5.61166 13.2414 11 0
7.16504 4.63013 15.817 11 1
19.9458 1.16563 19.4699 11 1
-13.9669 29.9556 19.894 11 1
28.5077 27.5396 22.2709 11 1
10.3848 8.61252 19.2805 11 0
8.54751 -3.99076 16.4287 11 0
2.86506 0.308157 8.24798 11 0
28.336 -17.8373 21.5392 11 1
-0.387998 0.643097 4.23333 11 0
-18.1902 -2.42365 20.4546 11 1
27.2838 -28.1132 21.3252 11 1
24.7418 10.4566 21.6681 11 1
-7.32191 7.73211 17.5222 11 1
-11.5183 18.2611 21.1865 11 1
9.13256 -20.295 20.6412 11 1
-25.8077 29.9664 20.697 11 1
1.30745 2.64556 8.92452 11 1
-1.15487 -30 20.2473 11 0
-13.6298 -9.38628 20.306 11 1
20.7994 -14.2864 21.1144 11 1
1.31633 3.90805 10.3143 11 0
29.2272 4.52914 21.7563 11 1
-24.4029 3.13956 21.1879 11 0
-1.11157 -2.86769 7.71992 11 0
-26.0294 -29.1063 20.2176 11 1
-0.36165 -5.86797 12.9947 11 0
16.7021 18.1694 21.0095 11 1
-30 30 19.9504 11 0
-30 30 19.9504 11 0
3.61069 2.05066 10.5058 11 0
-7.23596 -6.21882 16.3781 11 1
19.9611 -6.74406 20.1078 11 1
-21.8096 -5.40974 21.0971 11 1
-19.7469 -22.4272 21.7936 11 1
0.491674 29.0115 21.3886 11 1
29.8838 -4.24846 20.9797 11 1
-2.13619 8.90375 15.1457 11 0
0.177078 0.604687 3.58347 11 0
-3.16518 -1.54787 9.7671 11 0
-0.0136368 -4.86207 10.388 11 0
3.13758 23.2523 20.6206 11 1
-2.10664 7.41881 15.0418 11 0
-30 30 19.9504 11 0
-10.4713 -1.73493 17.6771 11 1
29.4293 -21.285 22.0298 11 1
5.75055 8.21334 16.7512 11 1
-30 30 19.9504 11 0
-29.3164 2.53865 21.904 11 1
3.38313 1.5727 10.4776 11 0
2.52979 -7.12517 14.9821 11 0
-8.50267 -26.9994 21.3531 11 0
-1.20114 28.9962 20.4708 11 1
-1.22598 -1.25839 6.0682 11 0
-30 -30 19.9504 11 0
5.81985 -29.6402 21.5394 11 1
1.16016 0.456222 5.14339 11 0
-30 -30 19.9504 11 0
30 30 19.9504 11 0
1.16524 0.795368 4.8522 11 0
10.8146 -9.02282 17.991 11 0
2.15568 -2.59839 9.43151 11 0
3.32426 -3.7385 12.0904 11 0
-0.23556 -4.71496 11.5217 11 0
10.4238 -7.0281 18.2888 11 0
-29.2218 10.6101 21.7288 11 1
4.38797 -9.51382 17.758 11 0
-0.884959 4.92575 10.5894 11 0
3.83569 9.04579 15.6472 11 0
8.31304 2.95585 15.6415 11 0
4.68186 -8.23641 16.6326 12 0
27.2603 -21.5329 21.9777 12 1
29.9151 29.8812 20.4477 12 1
-28.939 9.48863 21.4832 12 1
2.37978 -2.40992 9.87432 12 0
2.43143 3.35326 11.1154 12 0
30 -30 19.9504 12 0
0.55122 -10.969 17.4706 12 0
-30 30 19.9504 12 0
25.4638 -25.9518 21.6112 12 1
-19.2559 6.34453 20.8391 12 1
-1.79535 -1.24288 6.85488 12 0
-0.170228 0.201624 1.97405 12 0
5.32434 10.5042 18.4518 12 0
13.7227 24.764 21.3938 12 1
7.04805 3.89424 13.9248 12 0
-17.6801 -28.5154 22.0529 12 1
11.8638 29.5223 21.65 12 1
0.49156 0.0270004 3.06981 12 1
1.09772 16.9462 18.4949 12 1
-12.6099 23.0539 21.1418 12 1
12.9275 -27.8712 20.2464 12 1
10.579 -29.9732 21.4403 12 1
2.95831 5.6909 13.2922 12 0
-18.8642 14.9712 19.7829 12 1
30 30 19.9504 12 0
27.6178 -20.8234 21.7045 12 1
-0.252943 -4.20174 10.5399 12 0
25.9876 14.6766 21.1069 12 1
-23.7146 5.41586 21.4955 12 1
-29.7496 -3.9227 20.8769 12 1
30 -30 19.9504 12 0
-6.21928 12.8741 18.5061 12 1
30 -30 19.9504 12 0
7.1528 5.8019 15.7177 12 0
12.5986 -12.6088 20.6586 12 1
4.16561 -1.62212 11.1913 12 0
-3.58239 -2.75282 11.5078 12 0
2.80278 12.3368 18.4684 12 1
2.97978 1.9677 7.96839 12 0
8.84313 2.04935 15.0564 12 0
-24.6246 -28.8255 21.7428 12 1
-25.2514 -26.1997 21.4391 12 1
3.08553 -24.9584 19.6568 12 1
26.7206 23.8303 21.43 12 1
30 -30 19.9504 12 0
-29.2875 -24.1362 21.3899 12 1
-4.16641 -1.2788 10.7457 12 0
0.595077 1.3871 6.10994 12 0
-1.99387 -2.63774 8.99657 12 1
29.2319 -23.3353 21.7976 12 1
0.694098 0.708871 4.59545 12 0
30 -2.98842 19.7222 12 0
-29.4994 -29.9973 21.6662 12 1
28.1854 1.32901 21.3885 12 1
-29.1971 28.4098 21.8832 12 1
28.4877 24.8449 21.8186 12 1
10.866 -10.9626 18.1953 12 0
28.9116 -24.5988 21.6066 12 1
-23.1578 -27.3839 21.6872 12 1
29.4216 -29.9586 21.622 12 1
29.9771 -29.3708 21.5027 12 1
-20.9631 -29.9752 19.939 12 1
15.1663 27.6314 21.5708 12 1
-6.28968 3.25051 14.4874 12 0
15.7531 -25.3074 21.5766 12 1
9.25069 -10.3861 19.2365 12 1
-12.4421 -25.0202 21.3048 12 1
26.8353 -6.23039 20.9393 12 1
-2.59366 -1.00858 8.13825 12 0
1.08567 -1.01535 3.9833 12 0
-27.49 -7.35858 21.9179 12 1
-26.9222 -22.9192 20.1767 12 1
-23.001 26.7962 20.6804 12 1
-29.9997 -13.3549 21.3119 12 1
-20.8328 -22.7897 21.0138 12 1
17.9417 -12.7793 20.0829 12 1
20.8527 1.41033 20.7923 12 1
8.81808 -6.4799 17.7137 12 0
1.43849 0.997956 6.06722 12 0
-0.0953057 1.25636 4.50113 12 0
-0.493382 3.50809 10.2315 12 0
-20.3115 -29.4812 22.0877 12 1
4.86841 -1.73989 11.732 12 0
26.6018 -29.9877 21.5471 12 1
-20.7433 28.2618 21.6339 12 1
3.7382 5.06368 12.9788 12 0
-6.81949 0.809011 13.6648 12 0
-1.66782 0.575638 6.63392 12 0
-3.73949 -4.23514 12.709 12 0
14.7604 -4.01749 18.7212 12 1
-27.6037 -10.9741 21.3181 12 1
15.1534 -0.59496 19.4968 12 0
-30 30 19.9504 12 0
-30 -30 19.9504 12 0
30 -30 19.9504 12 0
30 30 19.9504 12 0
-0.967941 -2.5127 8.06053 12 0
6.14585 -7.93279 15.7408 12 0
2.43371 30 21.3912 12 0
24.3499 -23.3829 22.0349 12 1
-29.0851 -8.54077 21.4954 12 1
-9.60101 9.7274 19.2008 12 0
-20.9271 -8.56358 20.9133 12 1
1.16326 -2.80287 8.17185 12 0
-0.130488 -3.85886 9.20428 12 0
30 30 19.9504 12 0
29.7185 25.2832 21.8208 12 1
-3.01759 -6.25755 13.6254 12 0
2.09714 8.41392 15.8696 12 0
-1.85942 -1.70569 7.52352 12 0
-28.2593 -17.0629 20.99 12 1
-9.79603 8.19783 18.0789 12 0
0.603665 8.77544 16.2259 12 0
-1.14995 -0.240596 4.39787 12 0
-25.1752 15.7858 21.017 12 1
12.9877 30 19.8076 12 0
-7.3546 10.1113 18.2254 12 0
-2.18485 -3.33806 10.4038 12 0
1.96707 4.26974 10.8977 12 0
0.980474 0.70924 4.41698 13 0
-25.2083 -20.4984 21.8258 13 1
-25.0151 -23.2774 21.0489 13 1
19.6812 21.1364 21.2565 13 1
13.7411 29.962 20.9488 13 1
30 -30 19.9504 13 0
-3.20207 1.7102 9.72404 13 1
21.6763 -29.5433 22.1118 13 1
-29.4399 24.9219 21.6563 13 1
-12.7644 -28.3682 21.7264 13 1
0.637828 0.84974 4.53882 13 0
7.24614 22.5437 21.3902 13 1
17.2281 -25.5963 21.7535 13 1
28.4191 -25.9022 21.6591 13 1
28.1348 -20.9652 20.3094 13 1
-2.15998 4.5075 12.0612 13 0
-7.32246 -9.77491 18.2951 13 0
-4.76769 5.7964 14.5785 13 0
-5.00987 16.3425 19.6836 13 1
-14.1606 -6.38267 19.5935 13 1
29.981 -27.9467 20.023 13 1
-28.2918 17.077 21.1642 13 1
3.43033 2.0547 10.3386 13 0
26.0686 10.6337 21.2172 13 1
-29.9887 -25.5875 21.5674 13 1
-30 -30 19.9504 13 0
-5.20202 3.14187 12.6621 13 0
3.9582 -4.69037 12.9724 13 0
-30 30 19.9504 13 0
1.48055 26.2108 21.5423 13 1
-20.4989 1.39788 21.2177 13 0
-0.091944 0.227046 1.76577 13 0
3.2897 -29.7314 21.5936 13 1
-1.05677 -0.30552 4.25307 13 0
-4.48 -6.14228 15.0606 13 0
-30 30 19.9504 13 0
-1.92594 3.92196 9.50689 13 0
-5.43663 -4.27864 14.6233 13 0
-4.01515 2.88524 10.3841 13 0
-30 30 19.9504 13 0
-14.8766 29.6354 21.5067 13 1
1.93301 1.36917 7.28849 13 0
29.2006 -6.18195 20.9913 13 1
23.2486 24.9623 20.9244 13 1
30 -30 19.9504 13 0
26.2173 26.687 21.7044 13 1
-16.5547 14.6238 21.4011 13 1
-7.42978 -6.21903 16.9365 13 0
-1.64939 0.56315 6.61809 13 0
28.6368 12.0307 21.2924 13 1
17.1119 14.0675 19.5366 13 1
-24.1103 29.7963 20.9339 13 1
-2.907 -30 19.9347 13 0
-28.2532 28.5951 21.9956 13 1
-1.1121 0.543031 5.02544 13 0
-16.1153 3.57032 19.8554 13 1
15.7911 29.2728 21.4792 13 1
2.80637 6.75052 14.4145 13 0
14.3973 -7.86772 19.814 13 1
-12.421 -14.8337 20.5938 13 1
-1.49806 -6.2416 14.027 13 0
2.33915 -5.78379 13.5899 13 0
-22.826 -27.3151 21.5567 13 1
-4.99708 -3.72472 12.9111 13 0
14.4683 15.6466 21.2835 13 1
29.006 -12.2865 21.0148 13 1
16.7513 12.0498 20.0218 13 1
28.0519 29.2744 21.1661 13 1
-18.1331 18.0169 19.8811 13 1
26.6101 16.0024 21.3487 13 1
29.7578 -13.3368 21.7288 13 1
-1.88134 -1.30176 7.01594 13 0
-0.200677 -1.59434 6.01455 13 0
-0.113847 -0.969761 2.91462 13 0
-10.7013 10.887 19.1523 13 1
2.91056 3.39308 11.0577 13 0
-30 4.79681 20.5401 13 0
-29.9508 8.4511 21.4733 13 1
6.34237 0.350962 14.008 13 1
23.5689 -13.9748 21.2626 13 1
-1.6899 7.5341 15.4969 13 0
-17.9866 -30 19.8627 13 0
18.004 -27.6538 21.2895 13 1
19.8642 -7.59502 20.8112 13 1
29.6724 -17.7545 21.7655 13 1
-16.0962 17.2196 20.3458 13 1
-30 -30 19.9504 13 0
30 30 19.9504 13 0
-17.9938 2.39744 20.0782 13 1
1.48255 6.38647 14.3883 13 0
0.281868 1.19073 4.81038 13 0
29.9105 17.2184 20.8816 13 1
8.02526 -7.51469 17.4979 13 0
26.7646 -20.6005 21.8504 13 1
-6.29843 13.453 19.7374 13 1
-30 30 19.9504 13 0
8.66667 -6.64608 17.8753 13 0
-30 -30 19.9504 13 0
17.2161 17.4709 21.4153 13 1
-7.57942 24.3593 21.7066 13 1
-0.214303 0.178072 2.10068 13 0
-1.06991 -2.02374 5.67151 13 0
-6.60219 8.66417 17.9145 13 0
1.52863 8.18391 15.8086 13 0
-1.57401 4.44351 12.0497 13 0
17.7471 -25.9009 20.9951 13 1
-30 30 19.9504 13 0
4.73039 3.70374 13.352 13 0
11.7939 -29.5399 21.7898 13 1
-27.961 2.06534 19.77 13 1
7.77648 -29.9982 20.6774 13 1
2.90032 5.71038 13.308 13 0
-2.14331 -0.510021 7.2441 13 0
-11.087 23.8745 20.0543 13 1
7.29094 -5.31726 16.4189 13 0
-7.06304 7.76142 16.5401 13 0
-0.214283 -1.29983 5.15972 13 0
3.27232 -0.700611 9.4585 13 0
-0.146401 0.880592 3.13855 13 0
0.70043 4.37662 11.4323 13 0
-0.335133 0.122368 2.59223 14 0
-5.01824 13.4292 19.0384 14 1
1.0421 17.5289 20.0581 14 1
-6.37845 -3.06036 14.2555 14 0
30 30 19.9504 14 0
-1.91552 1.44513 7.5121 14 0
-4.39871 13.0659 18.8147 14 1
1.48533 -1.08171 6.35548 14 0
12.7788 -26.3764 21.6353 14 1
-3.3737 2.51447 11.2596 14 0
-27.2435 -11.9947 20.7391 14 1
-1.55273 -1.85612 7.66552 14 0
-9.80327 -29.7386 21.3426 14 1
-28.5988 -17.2603 21.8961 14 1
0.364885 4.69433 11.8364 14 0
30 -0.826247 20.3553 14 0
0.852433 -1.94853 5.74477 14 0
30 -30 19.9504 14 0
30 -30 19.9504 14 0
2.67664 2.56239 10.3713 14 0
-30 30 19.9504 14 0
30 -30 19.9504 14 0
-2.11934 -5.00991 11.0767 14 0
28.8832 -23.6507 21.5341 14 1
-4.92329 -3.42069 13.1475 14 0
-30 30 19.9504 14 0
-1.15081 -2.8286 8.03535 14 0
9.71259 -19.9044 20.5012 14 1
-24.7776 29.7062 21.6826 14 1
4.51895 3.87438 13.234 14 0
-26.7161 -27.9072 21.268 14 1
17.0887 -10.5753 20.5728 14 1
7.43369 4.86013 16.1517 14 1
-21.6969 -5.15297 20.7342 14 1
-29.6476 -11.0559 21.3057 14 1
-11.5178 -14.0372 20.1947 14 1
19.5541 5.14644 20.7275 14 1
3.02012 -1.87074 8.30056 14 0
22.8167 27.1202 20.8209 14 1
30 30 19.9504 14 0
-4.04755 1.24069 10.0673 14 0
5.83002 -5.31558 15.1233 14 0
21.0589 6.29249 20.4279 14 1
29.6201 -29.5985 22.2024 14 1
26.3505 14.3123 21.8153 14 1
13.8267 -17.0927 19.9111 14 1
28.3027 27.5627 22.1077 14 1
27.8175 4.91223 20.4695 14 1
-13.7391 -26.2362 21.4057 14 1
-2.1048 -1.29562 7.32871 14 0
-27.8845 22.8528 20.6324 14 1
-2.79856 -29.9581 20.5513 14 1
-16.6905 -17.2874 21.3081 14 1
-2.04217 3.5116 10.4744 14 0
-0.578243 -2.0919 7.02592 14 0
-0.975058 -8.98265 14.4516 14 1
24.8773 1.51752 21.2584 14 1
-2.13427 -0.936041 6.1248 14 0
14.0969 19.4285 21.0867 14 1
27.4002 -13.0705 21.397 14 1
-14.3821 25.4422 21.9644 14 1
2.23755 19.4447 20.8128 14 1
4.20681 -3.88124 12.1657 14 0
-1.24458 -3.91943 9.96273 14 0
-29.7458 -2.20445 21.2874 14 1
-2.20734 -20.9329 19.8976 14 1
30 -5.38638 21.3199 14 0
27.4721 22.7592 21.9603 14 1
-1.65784 -2.33367 8.78467 14 0
-26.8638 28.5236 21.7934 14 1
2.62946 6.37151 14.6708 14 0
29.5137 -29.2305 22.0161 14 1
2.91829 -0.554986 8.61304 14 0
-9.12545 -23.0275 19.7879 14 1
-29.8574 29.1694 20.9219 14 1
-0.575 0.0791869 3.30051 14 0
-3.23241 -1.4058 9.87156 14 0
-1.86335 3.77352 10.1966 14 0
0.517916 1.00236 4.66477 14 0
-1.30873 -1.28937 6.55568 14 0
30 -30 19.9504 14 0
-0.565426 -5.91465 13.1145 14 0
2.65485 -11.9833 17.9522 14 1
3.02922 1.43156 9.22815 14 0
7.98769 8.38621 17.7019 14 0
1.07034 0.433843 4.73751 14 0
5.05187 0.175773 10.9224 14 0
0.65966 -0.466813 4.40962 14 0
20.394 28.0931 21.5467 14 1
30 30 19.9504 14 0
-23.1144 20.2562 21.0303 14 1
-0.179606 -7.14408 13.7519 14 0
18.0087 -25.5804 21.4149 14 1
25.894 29.6436 21.555 14 1
0.584116 0.527089 4.42757 14 0
-0.956312 2.00692 5.44709 14 0
4.17838 30 20.3932 14 0
-16.621 -28.4903 22.1073 14 1
10.5849 -29.9525 21.446 14 1
-22.4635 25.2009 21.8341 14 1
19.3982 22.5159 22.0121 14 1
-6.23239 -29.5858 21.7522 14 1
30 -30 19.9504 14 0
0.938963 1.316 5.50595 14 0
1.57587 1.0508 6.38708 14 0
1.67322 3.91452 10.546 14 0
-26.3006 -1.84422 21.1071 14 1
-29.8902 -26.3165 21.4462 14 1
-30 -30 19.9504 14 0
26.9092 30 20.14 14 0
27.187 0.68524 21.296 14 1
28.8427 11.6477 21.4967 14 1
27.2159 -22.9634 20.7787 14 1
0.364196 2.66836 8.48964 14 0
-24.2985 -23.2044 21.5542 14 1
2.55365 2.97438 10.2081 14 1
-6.68941 5.89545 15.8169 14 0
20.8528 19.6555 21.3493 14 1
25.3742 13.0327 21.2166 14 1
-5.67009 6.16525 15.5874 14 0
-0.827847 -0.0936277 3.02397 15 0
-29.4181 -3.39206 21.9763 15 1
3.3434 4.33563 12.9108 15 0
20.0188 -17.474 21.2484 15 1
30 -30 19.9504 15 0
28.2205 -15.8231 21.1437 15 1
4.41521 3.72857 13.2777 15 0
-9.35669 -11.8249 19.428 15 1
2.25024 -0.588759 7.67085 15 0
2.62565 2.32875 9.98848 15 0
0.0648053 0.313828 2.30238 15 0
17.4463 -18.8331 21.3877 15 1
27.1387 -15.1745 20.7383 15 1
-20.881 -23.9338 20.2146 15 1
-29.1285 -3.57728 21.495 15 1
25.9414 -18.7322 20.9939 15 1
3.80074 -20.4029 20.8794 15 1
-0.628582 -0.0810676 3.33762 15 0
0.54799 0.930768 4.57511 15 0
0.17629 0.3498 2.86369 15 0
17.2936 -19.3442 21.5476 15 1
2.45839 -4.47149 12.622 15 0
29.209 14.637 21.7015 15 1
-3.22282 -27.6741 21.464 15 1
-10.9181 25.5729 21.3395 15 1
-24.479 -12.3417 21.84 15 1
26.7994 -24.9534 20.7249 15 1
2.99111 4.17641 10.9871 15 0
2.47261 -3.53833 11.4804 15 0
-30 30 19.9504 15 0
2.28146 -2.13036 8.58068 15 0
1.70277 0.334037 6.39884 15 0
-28.7264 -29.9013 21.2662 15 1
-0.111592 -1.9546 5.18773 15 0
24.1251 -13.7522 20.8906 15 1
-30 30 19.9504 15 0
2.87304 2.32229 9.71831 15 0
-30 30 19.9504 15 0
0.409776 0.414434 3.87374 15 0
3.28671 6.82198 14.7545 15 1
25.8437 28.8384 20.9163 15 1
10.4947 29.4309 22.0919 15 1
-5.92465 -4.59864 14.7549 15 0
0.0760632 23.9533 19.5266 15 1
1.15135 2.87236 7.91416 15 0
30 -30 19.9504 15 0
-0.861162 -2.92902 7.56554 15 0
17.6145 29.773 21.8303 15 1
-21.9136 23.2364 20.8985 15 1
4.25876 -1.53093 11.5769 15 0
-0.576786 -1.65914 6.6274 15 0
-24.1203 0.391506 21.0825 15 1
-30 30 19.9504 15 0
-30 -30 19.9504 15 0
29.9008 -10.3431 21.3516 15 1
-29.913 15.9247 20.1603 15 1
29.1892 -29.8064 21.2303 15 1
-0.901549 4.69209 11.2844 15 0
-5.58048 -30 21.3865 15 0
-30 30 19.9504 15 0
-0.948549 2.45477 7.93941 15 0
29.2979 18.5016 22.0464 15 1
14.0556 -29.6582 21.3075 15 1
-14.9364 -1.93537 17.8324 15 1
-30 2.13786 20.1547 15 0
-0.155713 0.151833 1.55861 15 0
1.73941 0.403573 6.54023 15 0
1.12656 -2.76764 8.11142 15 0
-30 -30 19.9504 15 0
0.0906319 7.79756 14.3143 15 0
-25.8982 -20.6477 21.4266 15 1
6.93165 11.4483 18.7239 15 1
-12.7613 15.7385 20.5798 15 1
-27.0006 27.4153 21.5601 15 1
-9.60663 23.9169 21.1535 15 1
11.2221 26.7799 21.1908 15 1
28.1362 -14.9805 20.2183 15 1
-30 -30 19.9504 15 0
-0.34974 0.112426 2.63979 15 0
-0.582156 1.85233 6.64698 15 0
-11.578 28.2521 21.8126 15 1
1.333 -1.32371 6.76101 15 0
5.19255 -3.96527 12.8355 15 0
-1.45216 -0.44478 6.19635 15 0
-9.83603 -23.111 20.2477 15 1
-2.8663 2.9552 9.28813 15 0
23.0127 -19.9218 19.8899 15 1
-15.2286 8.92508 19.4008 15 1
-8.48642 -10.0762 18.6674 15 1
-0.676536 -0.289705 3.98779 15 0
-1.12656 -2.01978 5.96674 15 0
28.957 -10.0795 19.9453 15 1
-30 8.25212 20.835 15 0
29.9915 19.2883 21.1269 15 1
23.3896 0.845644 21.0847 15 1
-28.8237 11.9824 20.4214 15 1
0.00430489 2.12052 5.52957 15 0
-5.52728 4.36232 14.8879 15 0
-16.612 -13.2587 21.0636 15 1
-23.5334 9.76772 21.5254 15 1
-3.27453 2.00429 9.57105 15 0
29.9991 13.8205 20.4881 15 1
-0.976868 1.91383 5.44186 15 0
1.32367 2.96548 8.77987 15 0
-0.141399 -2.57631 7.95329 15 0
1.93939 1.01622 5.42828 15 0
27.0305 -4.97352 19.6332 15 1
-17.1035 26.1057 20.2694 15 1
-30 -30 19.9504 15 0
-2.42139 -2.63907 10.1993 15 0
22.5871 -7.69215 21.4873 15 1
11.0739 -27.7002 21.0833 15 1
30 30 19.9504 15 0
16.3141 6.33674 20.4007 15 1
29.5702 -21.0574 21.5846 15 1
3.99436 -3.73123 11.9318 15 0
-26.0884 27.2841 21.2472 15 1
-27.1786 28.9668 20.6196 15 1
-2.58582 -20.311 21.073 15 1
17.3525 -1.99592 19.8059 15 1
21.7104 -17.7054 21.5678 16 1
-4.52357 29.9484 21.4628 16 1
-21.7555 6.97768 20.2587 16 1
3.05834 1.83185 8.59853 16 0
-3.21878 -2.45909 10.7602 16 0
-1.00859 8.06791 13.7874 16 1
-29.9967 -7.19462 20.5084 16 1
-6.45898 28.7399 21.8105 16 1
-18.5972 -7.28675 20.9396 16 1
10.6387 29.4061 21.9998 16 1
19.1774 -25.9843 20.4607 16 1
30 -30 19.9504 16 0
-3.53255 -2.90818 11.315 16 0
-30 30 19.9504 16 0
-13.9718 15.3696 20.4954 16 1
1.06897 1.49178 6.33471 16 0
-30 30 19.9504 16 0
11.5698 -29.9988 21.4579 16 1
-0.66044 2.02604 6.66783 16 0
28.4455 -24.3835 22.1879 16 1
-3.1691 3.6397 11.6845 16 0
1.84919 1.2393 6.73515 16 0
0.599794 0.11544 3.40366 16 0
-22.4646 -10.0509 21.1153 16 1
-0.0991973 -0.739439 3.26912 16 0
25.7708 -1.16392 20.8168 16 1
-0.0108016 0.41986 2.80883 16 0
-24.9839 -7.35533 21.0059 16 1
22.0149 -24.9528 19.8837 16 1
-24.4904 -11.6423 21.8423 16 1
30 30 19.9504 16 0
-24.9449 29.9948 19.9997 16 1
29.0777 -17.9354 20.0967 16 1
-28.8182 -11.3863 21.6246 16 1
-26.2524 -4.08575 20.7271 16 1
22.0601 -25.8002 20.6953 16 1
0.138284 0.336493 2.65483 16 0
4.65922 2.76305 12.6262 16 0
30 -30 19.9504 16 0
-3.70014 20.8442 20.5833 16 1
-1.07432 -0.619788 4.85097 16 0
-13.3649 24.7596 21.6034 16 1
-5.53733 -25.9008 21.3231 16 1
17.731 1.99264 19.562 16 1
25.3365 -29.9939 21.368 16 1
0.15489 0.410392 3.05321 16 0
-27.173 26.321 21.6064 16 1
3.23095 -1.11897 8.85477 16 0
14.3243 -16.0263 20.454 16 1
-16.0744 -6.12602 18.7422 16 1
-25.721 -8.89184 20.9445 16 1
-1.78607 -2.4293 8.94899 16 0
1.36528 3.93981 10.4855 16 0
30 -30 19.9504 16 0
0.30671 3.23662 9.21383 16 0
30 -30 19.9504 16 0
-1.45914 -0.259671 5.90194 16 0
29.1824 29.9924 20.6395 16 1
17.874 27.548 21.6443 16 1
-17.2158 27.3798 21.739 16 1
1.2477 0.989234 5.09211 16 0
-2.64603 0.5855 8.60528 16 0
-27.5693 6.45161 21.9591 16 1
30 -30 19.9504 16 0
-1.13499 -0.678541 5.00918 16 0
29.9524 21.0191 19.956 16 1
-0.0162113 0.264452 1.88224 16 0
-3.8639 -0.709364 10.0198 16 0
1.56322 -22.472 21.5058 16 1
-5.03498 26.9994 19.6212 16 1
0.520243 0.145182 3.36209 16 0
-2.91071 4.18809 11.1498 16 0
1.00637 0.109953 2.96326 16 0
-21.6651 29.3484 22.0229 16 1
29.7778 5.77541 21.2631 16 1
7.98336 23.8592 19.8915 16 1
-8.62762 16.7852 20.5436 16 1
18.7471 -26.6548 21.7713 16 1
29.668 10.9265 21.2665 16 1
30 30 19.9504 16 0
29.9753 -18.3492 21.3554 16 1
30 30 19.9504 16 0
0.54852 0.618618 4.49541 16 0
4.43769 17.5341 20.7824 16 1
-0.490457 0.0535226 3.09291 16 0
-11.9047 25.1364 20.2301 16 1
-29.2411 -28.9633 20.9857 16 1
24.526 -14.6863 21.8649 16 1
30 -2.18673 20.4332 16 0
1.21439 2.39972 8.29989 16 0
1.2256 0.464865 5.4398 16 0
0.744967 0.929432 4.2726 16 0
6.58254 -3.66425 15.3255 16 0
1.5741 -3.5707 10.7935 16 0
-27.2702 29.7945 21.5745 16 1
10.3331 -26.7253 21.6494 16 1
-13.8812 20.8841 20.0456 16 1
0.628375 0.460631 4.36919 16 0
8.32169 30 21.1472 16 0
-0.273473 -0.497902 3.69857 16 0
22.7205 -14.4125 21.6776 16 1
0.239713 0.55242 3.70751 16 0
-0.706064 3.93424 9.97481 16 0
-0.471453 1.08649 4.86466 16 0
-1.2719 -2.1815 7.57417 16 0
27.8427 5.30643 21.2482 16 1
5.66513 23.575 21.5731 16 1
-18.5059 3.61591 20.9108 16 1
-27.094 14.5279 21.5338 16 1
30 30 19.9504 16 0
-29.9813 15.1541 20.3639 16 1
30 -10.5736 21.4418 16 0
0.200638 -0.213422 2.22448 16 0
-30 -30 19.9504 16 0
0.760362 -6.11389 12.8435 16 0
0.158287 -0.624328 3.53879 16 0
-3.74167 3.58066 12.4741 16 0
-2.37695 3.01678 9.95047 16 0
-28.413 -10.6382 21.9721 16 1
14.4621 -17.5755 21.524 16 1
0.216608 0.369235 3.10368 17 0
-1.50732 2.79393 9.25695 17 0
1.21603 -2.63454 8.65211 17 0
-0.946308 -0.243407 3.66308 17 0
-1.63748 1.18987 6.82781 17 0
29.8721 28.4676 21.7927 17 1
-2.32846 -0.00221086 7.02841 17 0
-28.2316 -22.5181 21.9527 17 1
-27.84 8.31294 21.3116 17 1
12.9808 -29.6524 21.2809 17 1
25.602 26.3067 22.0444 17 1
27.8362 28.9622 20.5465 17 1
0.429733 27.2267 21.6086 17 1
1.03238 -0.438966 4.62605 17 0
-30 30 19.9504 17 0
30 -30 19.9504 17 0
-29.5072 -28.2666 22.0804 17 1
-21.0244 25.9196 20.001 17 1
0.682564 0.609586 4.59279 17 0
29.7463 25.0911 21.1321 17 1
-0.0771865 1.92435 5.0591 17 0
-30 30 19.9504 17 0
4.76167 3.55576 13.4393 17 0
30 -30 19.9504 17 0
-29.0981 27.1323 20.54 17 1
1.36026 1.44452 7.15757 17 0
-2.04753 -1.30624 7.17582 17 0
-1.78645 -1.11104 6.22183 17 0
-30 -30 19.9504 17 0
0.0232215 0.367456 2.56153 17 0
15.1132 -14.174 19.8125 17 1
-1.10593 -1.57403 6.53421 17 0
15.6136 6.90413 19.8951 17 1
24.6186 4.65995 21.6104 17 1
24.9586 28.5117 21.6395 17 1
-3.60596 -29.0918 21.3755 17 1
-0.825737 -0.0179564 2.85656 17 0
-2.25177 -9.86235 16.5597 17 1
-25.8645 14.1777 20.6782 17 1
-0.1035 0.72348 3.3119 17 0
0.0122755 0.184424 1.22307 17 0
-15.5701 -12.2305 20.8259 17 1
-0.621078 -0.074155 3.32322 17 0
-29.0706 13.73 21.0306 17 1
3.40154 3.04613 11.1584 17 0
-29.9997 -21.419 21.544 17 1
-1.5547 -0.534587 6.48404 17 0
-30 4.42682 21.3905 17 0
23.1438 29.4449 21.7668 17 1
1.04441 1.37326 5.90848 17 0
21.1877 12.3314 21.1466 17 1
24.6755 19.2387 21.6521 17 1
-28.7604 -18.3869 21.8509 17 1
-0.494087 -0.523723 4.28446 17 0
-0.32032 -0.246848 3.01446 17 0
0.393693 -1.05796 4.5918 17 0
-30 30 19.9504 17 0
1.2635 -0.945129 5.18377 17 0
-30 -30 19.9504 17 0
-1.29454 -1.68301 7.19599 17 0
0.160327 0.340983 2.75959 17 0
-0.190973 -2.35741 7.52705 17 0
-0.443327 0.480548 4.10359 17 0
-24.5841 1.62728 21.6465 17 1
20.102 -21.9163 20.1195 17 1
29.1858 27.5946 21.846 17 1
-30 -30 19.9504 17 0
0.354931 -0.0619366 2.54261 17 0
4.03985 -3.79806 11.7048 17 0
-18.2439 -27.7338 21.5667 17 1
5.61401 10.411 18.5148 17 1
-12.0949 -30 20.0183 17 0
-0.287556 0.505078 3.75666 17 0
1.41095 3.38848 10.3703 17 0
17.2663 17.6869 21.3283 17 1
-16.1492 16.2682 20.6667 17 1
28.6137 26.5652 22.2051 17 1
-12.0853 -18.2428 20.2406 17 1
-24.6363 -15.5038 21.9551 17 1
-30 16.2248 20.7736 17 0
-20.1027 27.8343 20.6429 17 1
-30 30 19.9504 17 0
-29.0454 24.8393 20.5205 17 1
30 30 19.9504 17 0
-8.14258 5.54171 16.9081 17 1
-27.4016 -27.5357 22.2274 17 1
23.131 6.84847 20.181 17 1
-9.01772 4.875 15.6849 17 1
-14.0143 29.8448 20.3513 17 1
-29.7338 2.28539 21.5723 17 1
2.23961 -0.274313 7.22471 17 0
-0.439717 5.79571 13.2032 17 0
0.0501192 0.312974 2.26829 17 0
17.3734 -27.8187 21.6561 17 1
-22.3771 3.61502 21.4273 17 1
26.7465 -23.6037 21.9248 17 1
23.2407 -29.0229 20.9256 17 1
1.67737 -1.49218 7.672 17 0
-29.6846 24.1037 21.4097 17 1
-2.63771 9.98222 16.8858 17 1
0.937358 -1.2459 5.0684 17 0
-24.752 12.3043 21.4659 17 1
-30 30 19.9504 17 0
-9.14328 22.1568 20.2451 17 1
-16.2304 -29.8953 20.9761 17 1
-14.3712 -4.53359 19.9098 17 1
27.9584 25.7079 21.2032 17 1
-16.0114 -19.9655 19.4991 17 1
29.0922 -18.6219 21.5073 17 1
-30 -30 19.9504 17 0
22.9975 28.1315 20.2875 17 1
-26.6162 7.4432 21.8856 17 1
-28.4413 15.0013 21.4722 17 1
3.10496 -2.31285 9.92604 17 0
29.3836 3.55304 21.9843 17 1
0.118773 1.34261 5.09255 17 0
-0.62295 -1.74894 6.63997 17 0
-7.19435 4.33256 15.6935 17 0
-2.2905 4.11313 11.153 17 0
0.849363 1.47031 6.16834 17 0
-0.399426 0.095527 2.8376 18 0
-27.0781 -27.6457 21.4884 18 1
-5.31478 -3.1346 13.2181 18 0
30 -30 19.9504 18 0
0.86082 -1.56366 6.31057 18 0
-3.17397 -29.9815 20.3691 18 1
2.30033 1.90504 8.31421 18 0
29.9221 27.3135 21.373 18 1
1.71586 -1.42854 7.56046 18 0
-29.0082 1.60023 21.2897 18 1
-20.9253 -15.7445 20.6902 18 1
1.86819 1.80436 7.20844 18 0
-0.0914568 0.0637623 0.620005 18 0
-11.4271 -20.89 21.09 18 1
-1.29766 -10.3935 17.5884 18 1
-23.8641 17.1101 20.3626 18 1
24.8418 1.07893 20.0852 18 1
5.9787 -27.647 21.1379 18 1
-0.337841 0.000240564 2.38287 18 0
-4.76434 -29.9199 20.8218 18 1
-4.76469 -8.29092 16.6235 18 1
0.312706 1.10002 4.46808 18 0
-2.75881 -1.18409 8.38014 18 0
-29.7646 29.7295 21.6844 18 1
-30 30 19.9504 18 0
29.9076 25.302 21.3457 18 1
0.850123 1.47332 6.17475 18 0
16.8902 -8.06376 18.9704 18 1
0.344519 -0.832329 4.14256 18 0
-21.167 29.3806 21.709 18 1
20.7527 18.8407 21.0176 18 1
27.2351 27.5019 21.9988 18 1
25.5141 17.0259 21.4616 18 1
1.03302 0.30595 4.17162 18 0
-2.74976 26.254 21.2533 18 1
-0.647629 -6.8147 14.2192 18 1
-0.103118 -1.03827 3.04075 18 0
13.8541 -23.1113 20.2882 18 1
30 -30 19.9504 18 0
30 -30 19.9504 18 0
1.69198 -0.368051 6.4654 18 0
30 30 19.9504 18 0
0.934228 -0.0532258 2.66228 18 0
29.652 -28.4163 22.172 18 1
24.9446 -10.0475 19.6919 18 1
-1.94252 28.1702 20.3194 18 1
-0.300959 -16.7892 19.8923 18 1
-30 30 19.9504 18 0
23.4071 -7.73867 21.4703 18 1
1.91919 1.78574 7.18347 18 0
19.4645 1.98557 20.4508 18 1
30 -30 19.9504 18 0
2.74187 -2.43765 10.2 18 0
-0.807772 -0.12651 3.2071 18 0
-22.1153 -5.90809 19.7219 18 1
-6.55056 19.388 21.1866 18 1
-6.99182 29.3862 21.3096 18 1
-8.508 -2.41043 16.5938 18 1
27.2929 15.2292 21.5434 18 1
-20.9076 21.7841 20.7489 18 1
-2.1011 1.69698 7.79778 18 0
18.7327 30 21.0223 18 0
-0.567327 -0.0449898 3.24036 18 0
-25.8934 13.9424 20.0438 18 1
0.158023 0.833982 3.29032 18 0
29.0911 -29.8615 20.5619 18 1
0.836391 1.46146 6.15956 18 0
0.0568033 0.294849 2.15959 18 0
-8.09149 -26.1496 20.2585 18 1
-1.25902 -2.19804 7.59891 18 0
-1.60977 -2.87313 9.2007 18 0
-11.9135 24.9338 19.8929 18 1
29.1105 -3.16782 20.5205 18 1
0.168936 0.849828 3.31349 18 0
29.8964 5.23759 20.8973 18 1
9.06852 14.5746 19.9449 18 1
29.9966 29.8405 20.51 18 1
-17.105 24.8836 20.2851 18 1
-14.6273 16.8617 20.8923 18 1
30 -23.056 19.987 18 0
0.00372648 0.266653 1.8939 18 0
21.1222 -22.4168 21.5327 18 1
-0.810639 0.494114 4.50031 18 0
30 30 19.9504 18 0
1.14587 -0.850788 4.55122 18 0
30 30 19.9504 18 0
-3.65014 24.3609 21.5634 18 1
-0.0708662 0.477158 3.07987 18 0
0.842746 1.65114 6.34628 18 0
0.416286 -29.529 22.0144 18 1
27.6813 -28.4533 22.1427 18 1
26.9439 30 20.0156 18 1
-5.57735 -7.33362 16.7838 18 1
-3.09296 4.00541 10.4397 18 0
30 -6.00149 19.7358 18 0
-1.08612 -1.09105 4.29401 18 0
-22.7796 21.9256 20.7755 18 1
-26.1301 16.089 20.3067 18 1
-1.05474 1.08699 4.12014 18 0
-21.0516 5.94048 19.2529 18 1
-6.50189 -29.0401 21.4366 18 1
-30 -30 19.9504 18 0
-1.1729 2.7415 8.37069 18 0
-1.38311 28.3397 21.8283 18 1
8.2546 -4.01974 15.6403 18 0
-23.854 24.7918 21.0213 18 1
22.7711 -25.7166 21.6001 18 1
29.7049 16.1069 21.2641 18 1
30 -30 19.9504 18 0
-0.143935 -0.420859 3.05981 18 0
-0.93607 1.62262 6.26621 18 0
27.6605 -8.73672 21.6528 18 1
30 30 19.9504 18 0
-29.7122 25.3422 21.9622 18 1
-0.0381882 0.25129 1.80573 18 0
0.333145 -0.16923 2.7542 18 0
0.560314 -2.18079 7.39665 18 0
-0.0583747 -0.242312 1.77721 18 0
1.01101 -4.12117 9.37822 18 0
-2.51343 2.61254 10.3252 18 0
0.142846 0.595773 3.47372 19 0
0.739484 0.66229 4.59323 19 0
18.64 -8.25285 20.8783 19 1
3.32686 -24.6276 21.5631 19 1
2.37647 -6.50058 14.7787 19 1
-8.27822 19.1345 20.3939 19 1
-29.4191 25.7952 21.8959 19 1
-0.777564 -0.398957 4.31475 19 0
-0.117119 0.185052 1.56164 19 0
1.8381 -0.615504 6.61887 19 0
5.9913 -7.36784 16.3212 19 1
5.83574 6.12543 14.8343 19 1
28.8899 -29.1054 20.4779 19 1
-25.3923 -3.19941 21.3906 19 1
-30 10.8527 20.2713 19 0
-30 -30 19.9504 19 0
28.2859 27.7804 21.6616 19 1
30 -30 19.9504 19 0
-0.0961109 -0.26009 2.02525 19 0
-5.5685 -25.468 21.8283 19 1
1.03646 -0.436449 4.63249 19 0
21.7456 -24.9596 20.9328 19 1
7.26955 4.64675 16.1193 19 0
29.865 6.19566 20.805 19 1
-29.1176 -22.7797 21.0232 19 1
26.2139 -7.88513 20.6731 19 1
9.22067 -18.9446 19.9485 19 1
-30 30 19.9504 19 0
24.1748 -7.16577 20.5367 19 1
16.9715 -8.191 19.366 19 1
0.0354509 0.267236 1.9236 19 0
-1.0023 -0.541477 4.67732 19 0
24.0415 18.0537 19.835 19 1
-26.6584 28.5922 22.1375 19 1
3.33346 -5.43351 14.1061 19 1
28.0045 -26.9049 20.1438 19 1
-29.4796 10.8152 21.7393 19 1
-27.8899 -9.85885 20.3975 19 1
-30 30 19.9504 19 0
25.8954 -26.3551 21.5175 19 1
-21.9304 29.9728 20.039 19 1
-1.01078 -0.53473 4.69386 19 0
-30 30 19.9504 19 0
0.349141 0.455213 3.81477 19 0
26.1286 -7.91225 20.1344 19 1
0.107783 0.756985 3.2589 19 0
-26.6866 29.2289 21.7641 19 1
-0.813679 -0.926261 4.01799 19 0
0.260312 0.76597 3.86255 19 0
-25.8841 -21.1959 20.8262 19 1
-0.276854 0.151221 2.36118 19 0
-30 30 19.9504 19 0
11.9637 -28.0937 19.9853 19 1
-29.1049 -29.8993 20.4412 19 1
0.469757 0.430888 4.05353 19 0
-8.98721 -25.2647 20.6955 19 1
30 -30 19.9504 19 0
-1.91572 2.03337 6.73508 19 0
-30 -30 19.9504 19 0
-0.518994 2.69826 8.63914 19 0
-0.221492 1.71498 6.07698 19 0
2.86099 -2.27913 9.53692 19 0
-0.546099 4.29926 11.3509 19 0
-0.342927 0.79305 4.15109 19 0
2.60379 -1.93867 9.01295 19 0
23.0509 29.9315 20.0906 19 1
13.0089 6.36999 18.9697 19 1
-30 30 19.9504 19 0
-22.5017 -28.5484 22.2248 19 1
-30 -30 19.9504 19 0
-1.74364 1.75906 7.61987 19 0
-0.230719 0.164364 2.13114 19 0
0.641278 -0.129133 3.45644 19 0
27.1021 -23.5548 21.6613 19 1
22.018 22.4342 21.444 19 1
27.2781 26.3551 21.9507 19 1
-1.2229 -17.5485 20.3808 19 1
29.5513 -29.5584 22.2738 19 1
0.381359 -0.453613 3.89715 19 0
0.0357546 0.148098 0.94968 19 0
9.85777 -29.6378 21.4876 19 1
-0.250849 1.8494 6.02186 19 0
-25.8555 7.86139 20.4035 19 1
-0.702818 7.59262 15.3461 19 1
30 30 19.9504 19 0
8.88774 -18.5959 20.6647 19 1
0.295551 -0.174246 2.57359 19 0
-0.268835 5.74338 12.9256 19 1
-30 30 19.9504 19 0
21.9774 12.7437 20.5593 19 1
0.892184 -0.750244 4.28044 19 0
-2.21953 27.1523 20.8269 19 1
-0.191804 -0.746092 3.6015 19 0
-0.496988 0.784768 4.50435 19 0
-0.365515 0.378018 3.65106 19 0
0.53052 0.580335 4.42788 19 0
-29.0231 -30 19.9597 19 0
-0.120061 1.73539 5.70488 19 0
1.00701 2.54592 8.11865 19 0
-7.81836 29.212 21.0546 19 1
18.5565 19.7264 21.703 19 1
-18.7502 -4.07003 19.8191 19 1
0.0877869 0.315818 2.37203 19 0
-0.475366 0.462955 4.13461 19 0
-30 -30 19.9504 19 0
-21.4523 29.9961 21.5873 19 1
-10.774 1.362 17.6326 19 1
0.434539 0.44262 4.00185 19 0
2.05943 -2.01285 6.78685 19 0
5.68373 -28.7515 21.5804 19 1
0.612452 1.37542 6.07436 19 0
28.3546 29.1352 21.6295 19 1
-9.43476 5.21472 17.6581 19 0
-22.8658 -9.60139 21.1857 19 1
0.13182 1.99462 5.33205 19 0
-11.9968 -29.9939 19.7938 19 1
-7.48488 28.2328 21.7552 19 1
22.0711 -22.4325 21.4895 19 1
-13.6168 26.7342 21.7744 19 1
28.778 -11.3864 21.719 19 1
0.0467176 0.294626 2.13918 20 0
-0.808028 -0.467714 4.4597 20 0
-30 30 19.9504 20 0
-20.8884 -8.25596 20.4457 20 1
0.314804 0.612419 4.01328 20 0
-0.713196 1.42418 6.18017 20 0
0.959988 0.051006 2.652 20 0
-0.753964 -0.119331 3.305 20 0
23.1026 8.97969 19.6685 20 1
0.540811 0.751505 4.55339 20 0
19.969 22.7624 20.7443 20 1
-0.536481 -0.597854 4.45751 20 0
-8.99377 -5.14129 15.8374 20 0
25.7259 21.9038 21.1509 20 1
-0.0588013 0.243891 1.79053 20 0
29.9817 13.5274 21.5233 20 1
30 30 19.9504 20 0
-11.9677 -25.7813 20.5595 20 1
-18.1958 27.5033 21.8127 20 1
14.8577 -28.9929 20.2649 20 1
1.38197 0.964449 5.83314 20 0
9.09662 27.4676 21.4601 20 1
0.00246346 0.280404 1.99659 20 0
-20.0386 -25.7824 20.723 20 1
-22.2718 -23.8799 21.1766 20 1
-1.2646 -0.666627 5.63528 20 0
-10.2858 19.0015 20.3016 20 1
14.5723 18.4524 21.6033 20 1
-18.3011 -26.3152 21.8036 20 1
-0.45532 -10.1183 17.0497 20 1
-9.31782 29.9803 21.1466 20 1
0.478184 0.559628 4.31293 20 0
30 -30 19.9504 20 0
-0.0962991 -0.20528 1.61639 20 0
-30 30 19.9504 20 0
-9.64718 -15.732 20.548 20 1
-0.208345 -0.0110512 1.4256 20 0
26.1779 3.36039 21.3356 20 1
7.02064 -16.093 18.5572 20 1
-11.556 -29.996 21.4751 20 1
-0.35797 -0.268657 3.25579 20 0
0.422551 -1.02519 4.5679 20 0
0.401148 -1.35812 5.8617 20 0
29.4123 11.543 22.0855 20 1
-20.3327 -11.2784 21.2579 20 1
-28.4608 -28.7113 22.1066 20 1
30 -30 19.9504 20 0
20.5652 29.9266 21.6114 20 1
20.3488 5.48827 21.249 20 1
26.7662 11.821 21.0939 20 1
0.114279 0.248768 2.01489 20 0
-0.0176353 0.413142 2.78231 20 0
-1.03755 0.352378 4.38464 20 0
-0.0838863 1.14581 3.62879 20 0
30 -30 19.9504 20 0
30 -30 19.9504 20 0
1.23595 0.0885293 4.33522 20 0
-29.9999 -29.9995 19.9504 20 1
-26.9557 -12.592 21.3567 20 1
4.49211 -0.997831 11.2848 20 1
0.152132 0.347599 2.7625 20 0
30 30 19.9504 20 0
1.68316 -0.418013 6.54052 20 0
29.5195 -22.7292 22.045 20 1
-21.4564 -16.9356 21.3209 20 1
0.283138 0.15162 2.40148 20 0
2.68912 -24.0622 20.7493 20 1
0.574514 0.807967 4.56984 20 0
30 -16.9981 19.8476 20 0
27.4768 -29.986 21.6514 20 1
30 -30 19.9504 20 0
21.5046 -6.37014 21.4491 20 1
30 -30 19.9504 20 0
-22.3149 17.1085 21.1341 20 1
-30 -30 19.9504 20 0
30 30 19.9504 20 0
9.74427 24.4898 21.6409 20 1
-0.594487 1.34096 5.9609 20 0
-29.8353 29.7395 21.4174 20 1
-24.9469 13.7937 20.5266 20 1
0.0579348 -0.526236 3.18666 20 0
-1.44959 2.63312 9.19915 20 0
30 30 19.9504 20 0
-0.0384744 0.457105 2.97103 20 0
-0.935837 -1.47395 6.12698 20 0
-0.0240989 0.257689 1.83688 20 0
0.262006 0.456394 3.55761 20 0
-1.52845 2.19384 8.28876 20 0
0.224482 0.131673 1.9217 20 0
1.15384 0.174433 4.09128 20 0
-29.9389 -5.01454 19.8293 20 1
25.4943 2.03421 21.1921 20 1
30 30 19.9504 20 0
-0.833271 -0.846819 4.10301 20 0
11.5677 -5.58165 19.0559 20 0
-21.4551 -11.2301 21.4087 20 1
-23.1726 19.7765 21.0768 20 1
-29.232 28.464 22.0059 20 1
-19.1227 7.43009 20.7088 20 1
-0.0342 -0.348937 2.46764 20 0
27.954 3.03942 19.721 20 1
-24.8882 4.21975 20.5454 20 1
0.094504 0.102245 0.849648 20 0
1.07773 -3.27351 8.98895 20 0
-0.0581611 0.292871 2.1488 20 0
-2.6064 2.73697 10.3506 20 0
7.32949 6.50716 17.2397 20 1
-19.8354 17.5674 21.428 20 1
-25.3902 21.1055 21.5223 20 1
29.8247 3.33589 21.4616 20 1
28.9312 20.7934 20.7869 20 1
29.0111 28.1975 20.7164 20 1
-10.5044 16.7022 20.9671 20 1
-26.205 20.8135 21.146 20 1
15.9541 -3.54242 19.7384 20 1
5.53416 -2.04684 13.0461 20 1
-23.5035 26.4267 22.1961 20 1
17.7801 -27.3946 21.7804 20 1
1.65377 29.1936 21.5031 20 1
-10.9619 27.5819 21.3658 20 1
12.7603 7.83378 18.9837 21 0
-0.12259 0.218813 1.83716 21 0
-10.215 -8.13413 18.0077 21 1
-11.436 3.00869 17.9223 21 1
0.613421 -1.22673 5.5078 21 0
0.231605 -0.359612 3.12128 21 0
0.58806 0.643883 4.55899 21 0
-29.8024 -20.3229 21.6542 21 1
12.035 -20.678 20.7306 21 1
10.3369 -29.8783 21.3832 21 1
-0.362553 0.0598898 2.58062 21 0
-26.7065 -29.833 21.528 21 1
22.2859 -11.6493 21.4821 21 1
25.6818 -0.914913 20.9409 21 1
13.4855 12.4641 20.855 21 1
-27.4463 23.8584 21.7467 21 1
-2.07165 -29.1417 20.2488 21 1
1.48168 -0.305765 6.05805 21 0
0.703853 0.809322 4.49319 21 0
5.55675 -22.2695 21.3509 21 1
30 -30 19.9504 21 0
-0.339696 -0.410209 3.66761 21 0
-30 30 19.9504 21 0
28.5321 -19.2433 21.9387 21 1
-8.26903 21.1915 20.7892 21 1
-29.9693 -29.7692 20.9324 21 1
-26.2573 28.9364 21.0898 21 1
-27.8938 -25.6792 21.4302 21 1
-0.0986253 -0.533581 3.27425 21 0
-0.414354 0.0440106 2.80976 21 0
-0.187638 0.31373 2.72993 21 0
-0.160909 -0.00114337 1.01824 21 0
0.0401559 0.290297 2.09846 21 0
-0.647643 0.402807 4.27133 21 0
0.261049 0.730646 3.88762 21 0
0.485363 2.38711 8.13083 21 0
-0.953656 0.711495 4.38359 21 0
-30 -30 19.9504 21 0
0.643012 0.797368 4.56735 21 0
-29.7619 5.30999 21.5767 21 1
18.4653 29.6819 22.077 21 1
-0.442562 -19.2946 20.8677 21 1
9.26697 16.7569 20.416 21 1
-30 29.9897 19.9532 21 0
-30 30 19.9504 21 0
0.368766 0.531351 4.03033 21 0
-30 -30 19.9504 21 0
0.21761 0.557427 3.64818 21 0
-21.6782 -8.17686 20.9594 21 1
-0.786616 0.528463 4.54156 21 0
-26.9896 -20.9715 19.8653 21 1
-28.0882 13.7931 20.7299 21 1
-30 30 19.9504 21 0
-9.40108 -24.2491 21.5449 21 1
17.6969 -27.9437 21.1751 21 1
-30 30 19.9504 21 0
-0.103869 0.14231 1.17578 21 0
-15.6465 27.1412 21.4671 21 1
-26.7373 -29.7811 21.5899 21 1
-4.58236 3.02486 12.4569 21 1
-1.05439 -0.142664 3.32355 21 0
-0.391605 -0.0382926 2.69877 21 0
-0.0681058 -0.858969 2.8506 21 0
30 -30 19.9504 21 0
-26.4007 29.2829 22.0411 21 1
9.38318 -11.4986 19.8479 21 1
-30 -30 19.9504 21 0
-29.0817 18.7713 20.9162 21 1
-30 30 19.9504 21 0
-0.4083 -0.319326 3.59947 21 0
-0.0259112 0.414538 2.79339 21 0
-27.0139 -28.2578 21.0332 21 1
1.92299 -1.56319 7.64947 21 0
-29.4028 -17.1405 21.6439 21 1
0.164431 -0.647116 3.56446 21 0
1.47432 -0.742936 6.28568 21 0
-0.642911 4.09407 10.4791 21 0
-0.168005 0.720612 3.53823 21 0
3.22248 -2.51712 10.8381 21 0
-16.7406 24.8173 21.2361 21 1
-30 30 19.9504 21 0
-21.5324 -18.8422 21.5628 21 1
-6.84587 11.2706 18.3756 21 1
29.7927 -9.68198 21.5521 21 1
-0.0553359 0.280596 2.05673 21 0
-24.379 21.4395 22.078 21 1
30 30 19.9504 21 0
-15.3655 16.2172 21.0743 21 1
0.352144 1.06147 4.46598 21 0
-0.0159073 0.261369 1.85841 21 0
-0.228913 -0.60648 3.74856 21 0
-14.3943 7.68414 20.1765 21 0
-28.2659 -4.98151 20.8097 21 1
-0.414263 0.0678487 2.84465 21 0
-21.3327 -18.301 21.6762 21 1
18.484 28.0255 21.5487 21 1
-1.63564 -17.9488 19.9986 21 1
23.686 -10.9562 20.8886 21 1
28.7419 -13.9624 20.915 21 1
0.842864 -0.793531 4.23098 21 0
28.3253 5.29593 21.6878 21 1
25.6603 -29.3819 22.1083 21 1
-28.2414 29.2443 21.6086 21 1
-0.372204 0.129507 2.80633 21 0
-30 -30 19.9504 21 0
-20.5507 -29.7193 22.0323 21 1
-1.48717 26.8039 21.5521 21 1
20.5671 24.6224 22.0618 21 1
1.60437 25.4104 21.7314 21 1
-10.2585 21.7263 21.1453 21 1
27.4828 5.00648 21.3309 21 1
0.364452 1.21372 5.19438 21 0
1.61191 -19.8255 20.6596 21 1
-30 -17.803 20.633 21 1
-21.9435 -24.0237 19.8971 21 1
-0.0151336 0.325044 2.30701 21 0
-19.3397 21.5548 21.9071 21 1
0.194579 0.422748 3.23006 21 0
-30 -30 19.9504 21 0
19.2007 15.3545 21.2419 21 1
30 -30 19.9504 22 0
0.236849 -0.265709 2.70811 22 0
0.294296 0.106223 2.29304 22 0
-30 30 19.9504 22 0
-3.44044 -11.9974 18.2597 22 1
-24.4985 23.5916 22.1565 22 1
28.2488 15.6368 21.7861 22 1
20.4516 17.8989 21.3618 22 1
20.198 30 20.6623 22 1
-14.0574 -29.3411 21.2997 22 1
24.4849 -23.4952 22.1847 22 1
29.8166 10.155 20.863 22 1
0.204359 0.381191 3.10692 22 0
-26.1036 7.39944 21.2928 22 1
-24.3185 -26.72 21.8584 22 1
-22.3737 8.50409 21.6136 22 1
-26.9132 25.4315 21.6386 22 1
-16.6917 -20.4816 21.7328 22 1
-28.8178 -5.72514 21.2671 22 1
24.2857 27.7742 21.6447 22 1
0.789533 -0.0813611 3.09291 22 0
-1.27557 13.9959 18.4559 22 1
-6.25651 -29.1219 21.0173 22 1
-0.869883 -0.204323 3.47066 22 0
0.0071145 0.327361 2.31867 22 0
-0.434071 -0.348576 3.75917 22 0
-17.2948 -10.044 20.1282 22 0
-30 30 19.9504 22 0
30 -30 19.9504 22 0
30 30 19.9504 22 0
-0.0353952 0.813261 2.91681 22 0
-0.523751 1.11223 5.01745 22 0
8.3982 7.01435 17.3609 22 1
-17.9093 -26.5783 21.5227 22 1
-27.2918 23.8595 21.3932 22 1
-11.6616 10.8724 19.5326 22 1
1.25085 -3.67393 10.3737 22 0
-0.864027 0.953749 3.80418 22 0
13.5405 21.6923 21.6644 22 1
-9.82268 21.5729 21.222 22 1
17.2786 -27.0649 21.0579 22 1
-12.7462 24.55 21.7041 22 1
-0.433855 -0.0663247 2.92215 22 0
20.3377 20.134 21.2951 22 1
-0.190989 0.184263 1.98997 22 0
0.0689742 0.296725 2.19945 22 0
0.757828 0.0448169 3.09744 22 0
-0.09212 0.200498 1.56167 22 0
-26.6866 9.42564 21.8258 22 1
-27.9948 21.474 21.5757 22 1
0.0785525 0.323804 2.39689 22 0
-3.23549 3.21635 11.0646 22 1
3.33008 27.5439 21.8372 22 1
0.0956767 0.53677 3.27414 22 0
-0.645663 0.360268 4.16822 22 0
-0.36305 -0.0593735 2.5824 22 0
30 30 19.9504 22 0
30 -30 19.9504 22 0
-0.707889 0.424803 4.36003 22 0
0.182394 0.186366 1.94956 22 0
-1.20514 2.17502 7.20583 22 0
-5.25742 -15.3937 20.0543 22 1
-0.0606202 0.239975 1.7647 22 0
-26.3888 -29.011 21.5173 22 1
30 -30 19.9504 22 0
-11.3545 29.5419 22.0359 22 1
-1.51057 16.0048 19.6583 22 1
-0.00596321 -1.75146 5.45061 22 0
-22.6478 21.5154 22.0264 22 1
0.307788 0.254948 2.99297 22 0
28.7009 -10.4884 21.9308 22 1
-29.7077 0.675299 21.7196 22 1
-3.77418 3.80102 12.0791 22 0
30 30 19.9504 22 0
-20.9073 0.27281 20.2651 22 1
0.0934533 0.340486 2.534 22 0
30 -30 19.9504 22 0
-9.30412 -20.621 21.3134 22 1
0.0783593 0.311161 2.31748 22 0
-28.4338 28.2973 22.1027 22 1
-0.0830436 0.293123 2.21231 22 0
-0.451316 -0.47024 4.09956 22 0
0.0381083 0.413609 2.79996 22 0
30 30 19.9504 22 0
30 -30 19.9504 22 0
-0.145385 0.0296628 0.915079 22 0
18.7873 -29.7469 21.4678 22 1
13.0517 -7.01431 17.6151 22 1
0.388282 0.321699 3.54572 22 0
30 30 19.9504 22 0
-0.161935 0.176099 1.75673 22 0
-0.133685 0.208182 1.81615 22 0
-0.0332586 0.820489 2.89048 22 0
-10.3586 17.4084 21.0987 22 1
30 -30 19.9504 22 0
-22.227 -30 20.8448 22 1
-25.5171 -17.5395 22.0929 22 1
16.3081 -27.4999 21.9934 22 1
-0.0998447 -0.254766 2.00073 22 0
13.5045 -5.14368 19.3003 22 1
-10.8689 -0.81012 16.7473 22 1
-7.61541 -9.97067 18.2018 22 1
-28.1989 25.6213 21.8115 22 1
18.9707 -9.32875 20.4229 22 0
0.781329 0.517302 4.52976 22 0
29.9887 -4.78585 20.6043 22 1
27.2897 -22.0362 21.1393 22 1
13.0377 -29.9364 19.9435 22 1
0.0227328 -0.633101 3.25892 22 0
0.0693799 0.603213 3.30773 22 0
25.003 -7.09454 19.7166 22 1
9.92674 25.9066 19.9493 22 1
29.1962 18.1845 21.1222 22 1
-13.8468 -20.4041 21.2253 22 1
-3.71975 8.78171 16.5224 22 1
-11.5082 29.1657 21.6997 22 1
18.4 20.6556 21.8136 22 1
-0.0550765 0.062773 0.413587 22 0
-30 -30 19.9504 22 0
-0.384031 0.244463 3.2646 22 0
0.420534 -27.71 21.7519 23 1
0.942149 -0.297758 3.95003 23 0
28.7424 29.9868 21.0549 23 1
24.8853 29.5788 21.6961 23 1
30 -30 19.9504 23 0
29.9233 -14.8484 20.4596 23 1
0.14222 0.396759 2.95718 23 0
27.3548 -22.378 22.0696 23 1
25.3159 -29.9996 21.2922 23 1
0.510869 0.0469816 3.1382 23 0
-30 -30 19.9504 23 0
29.9897 -25.3115 21.2763 23 1
-30 30 19.9504 23 0
0.879694 -0.0636603 2.78321 23 0
-0.301051 0.109409 2.34698 23 0
-0.0736868 0.157551 1.14622 23 0
-22.6871 15.7095 21.5872 23 1
-11.3828 2.02943 17.6911 23 1
2.50842 -26.282 21.6909 23 1
0.163867 0.331641 2.72539 23 0
-0.0549208 0.245749 1.79562 23 0
-0.428281 -0.144622 3.08982 23 0
0.392476 0.284756 3.43636 23 0
-0.190547 0.288234 2.60652 23 0
-18.5854 1.63438 20.8222 23 1
-0.0515336 -0.351782 2.50705 23 0
-0.214605 -0.0725702 1.59961 23 0
0.55787 0.0715806 3.26438 23 0
-30 30 19.9504 23 0
29.684 28.1103 21.4554 23 1
-0.0263633 0.65797 3.25077 23 0
24.0038 -22.6431 21.3226 23 1
-11.1307 29.9431 20.254 23 1
14.3328 -1.13748 19.0211 23 1
-29.4305 -28.6951 22.1217 23 1
-30 30 19.9504 23 0
25.5322 15.4037 22.0173 23 0
0.29496 0.513142 3.79569 23 0
-8.70227 -26.1925 21.2852 23 1
-0.493278 -0.106217 3.19705 23 0
-0.188539 -0.0539721 1.33085 23 0
-29.7852 -22.8533 21.1098 23 1
-0.135028 0.050381 0.883421 23 0
27.4872 -11.025 21.4193 23 1
29.5058 11.4611 22.1173 23 1
-0.0216415 0.212076 1.46554 23 0
-16.5224 -29.9576 21.5725 23 1
18.3038 -18.6525 21.5861 23 1
-1.30101 -1.32731 6.66465 23 1
24.7395 -29.6543 21.9042 23 1
-30 -30 19.9504 23 0
29.0212 -21.9646 19.9289 23 1
29.0335 -29.8456 20.4997 23 1
14.6469 -9.64328 20.5015 23 1
-0.219224 0.645911 3.7453 23 0
-29.2693 -3.50551 21.8377 23 1
-29.9937 20.1553 20.4162 23 1
0.0716755 0.573286 3.2852 23 0
0.0951371 0.326612 2.45832 23 0
-30 -30 19.9504 23 0
0.119472 -0.121384 1.12516 23 0
13.5933 28.7163 21.9011 23 1
-24.8138 -29.8828 20.8758 23 1
-30 30 19.9504 23 0
-0.0560979 0.385386 2.69211 23 0
-30 -30 19.9504 23 0
-0.28097 -0.188934 2.55867 23 0
-0.0318969 0.252422 1.80519 23 0
0.0185708 0.192525 1.29731 23 0
-18.2096 29.9851 20.713 23 1
0.100365 0.297051 2.2912 23 0
23.4615 17.4595 22.0192 23 1
14.307 -19.0495 20.6791 23 1
-30 30 19.9504 23 0
-23.6854 -5.17868 21.0503 23 1
23.7881 -2.20176 20.7291 23 1
0.762456 2.8554 8.13638 23 0
17.0136 14.406 20.7772 23 1
-26.9329 -6.22905 20.6321 23 1
-30 30 19.9504 23 0
26.1813 28.0697 20.6918 23 1
-0.461696 -0.033963 2.98267 23 0
-30 30 19.9504 23 0
10.0583 -29.9745 19.8769 23 1
22.0968 13.1949 20.4066 23 1
0.081001 0.741712 3.21338 23 0
-7.20806 22.6425 21.1906 23 1
-29.5704 29.2428 22.0115 23 1
4.66733 29.9958 21.1589 23 1
-0.071236 -0.0996483 0.708259 23 0
18.644 -21.3533 21.8125 23 1
24.2403 -15.5088 21.7509 23 1
0.18146 0.111221 1.50454 23 0
-4.28373 29.6537 21.752 23 1
-0.279403 -0.388725 3.40532 23 0
30 -30 19.9504 23 0
-0.130112 0.0491664 0.841097 23 0
-11.8476 -28.0668 20.344 23 1
-27.305 3.74477 21.4822 23 1
0.172902 -0.250739 2.3022 23 0
-30 -30 19.9504 23 0
17.5268 -20.0077 21.2469 23 1
-0.035507 0.250741 1.79726 23 0
1.77208 -1.24236 6.89388 23 0
-0.96483 28.8809 20.0326 23 1
29.2423 7.70865 21.5396 23 1
7.46367 4.18226 15.9986 23 1
-29.9775 -29.9136 20.1508 23 1
-25.3893 13.3439 21.8562 23 0
-0.88838 5.12503 11.0474 23 0
25.1496 -2.89695 20.1596 23 1
10.8409 19.8827 20.0077 23 1
0.261734 0.418296 3.44282 23 0
7.1946 -23.4082 21.3118 23 1
-29.8582 27.5084 21.823 23 1
5.14189 -4.16324 13.0974 23 0
8.36054 -15.6683 20.5273 23 1
30 30 19.9504 23 0
-14.9497 29.4683 21.5462 23 1
-0.328252 0.77119 4.10986 23 0
-30 -22.3334 21.3334 24 0
30 -30 19.9504 24 0
-28.4109 7.78908 21.6689 24 1
23.1282 22.6913 21.3331 24 1
0.202688 0.324146 2.84605 24 0
24.5569 18.4076 22.0455 24 1
21.4956 28.7242 22.0335 24 1
-10.2862 -29.9958 21.0199 24 1
-0.127305 -0.31031 2.46727 24 0
15.5433 29.7603 21.9068 24 1
0.0299901 -0.318853 2.27876 24 0
0.263496 -0.571818 3.81088 24 0
0.0731751 0.0318048 0.387499 24 0
-0.208102 0.180963 2.07798 24 0
30 30 19.9504 24 0
30 -30 19.9504 24 0
15.1573 14.6087 20.8061 24 1
0.498785 -0.692576 4.48393 24 0
0.0460476 -0.443278 2.92921 24 0
-0.115836 0.645076 3.41935 24 0
0.78631 -0.0958087 3.14703 24 0
-30 30 19.9504 24 0
28.3181 -29.9973 21.3201 24 1
16.8315 -28.3739 21.6305 24 1
-4.35009 29.7073 21.7792 24 1
28.4299 -0.00250244 21.3106 24 1
0.583397 -0.0696099 3.29269 24 0
-4.799 23.6864 21.1047 24 1
-28.9299 -10.7042 21.0996 24 1
30 -30 19.9504 24 0
0.104715 0.192501 1.55615 24 0
30 30 19.9504 24 0
-0.116332 -0.644652 3.42074 24 0
-0.0371546 -0.227996 1.61856 24 0
-0.853905 20.4346 20.7527 24 1
-2.5306 -18.9971 20.3788 24 1
-30 30 19.9504 24 0
0.137884 -0.143094 1.38555 24 0
0.17979 -0.179224 1.8885 24 0
24.2774 15.375 21.73 24 1
-12.7315 26.4601 21.8224 24 1
-26.7722 -27.7112 21.682 24 1
8.5916 21.6788 21.4495 24 1
-28.2345 -19.5528 21.9084 24 1
-29.8927 -1.61891 21.4041 24 1
-28.9208 -3.20135 20.5882 24 1
-8.63423 -26.2483 21.5955 24 1
-0.105911 0.00444214 0.573128 24 0
4.15596 8.7299 16.3821 24 1
0.122211 0.055592 0.802269 24 0
29.0757 -29.3084 21.3563 24 1
1.65512 -5.86068 13.2251 24 0
-22.3698 6.36831 21.4662 24 1
30 -30 19.9504 24 0
19.1652 29.9678 20.4836 24 1
24.1452 -20.8199 20.8186 24 1
-10.3321 16.4542 20.953 24 1
-5.56516 -15.7175 20.255 24 1
-28.641 2.78392 21.5664 24 1
29.5437 -22.8371 21.8149 24 1
-18.0537 19.1255 19.9533 24 1
0.354943 -0.351918 3.53717 24 0
-6.64981 5.55314 16.3799 24 0
0.0450583 0.0619885 0.367097 24 0
26.8848 -3.17995 20.4838 24 1
8.82726 -20.4576 21.0825 24 1
-28.4887 -21.7082 22.0587 24 1
0.0639779 -0.564146 3.26117 24 0
-0.151541 -0.372621 2.88088 24 0
26.7354 -26.2016 21.5084 24 1
30 30 19.9504 24 0
-0.0119059 -0.147456 0.909218 24 0
-22.2811 7.21801 20.9868 24 1
21.3242 28.2527 21.7922 24 1
-0.111964 -0.81989 3.11606 24 0
-1.18705 1.715 6.74 24 0
-0.492774 -0.420114 4.07699 24 0
30 -18.6476 21.3615 24 0
-0.230814 -2.75437 8.11257 24 0
-27.1369 -20.9015 20.4784 24 1
-27.7842 29.6214 21.8793 24 1
30 -30 19.9504 24 0
0.00145455 0.0296773 0.10738 24 0
-0.387177 0.134079 2.8899 24 0
-9.86175 25.6508 21.2763 24 1
-29.9744 -27.6844 21.3153 24 1
15.658 -1.97232 19.3265 24 1
0.721563 0.0409758 3.17759 24 0
26.4587 11.734 21.7979 24 1
30 -30 19.9504 24 0
-0.197539 -0.375078 3.05666 24 0
-30 -30 19.9504 24 0
28.4329 -21.5687 22.1874 24 1
-29.6597 -15.6445 21.982 24 1
-28.6853 -26.2036 21.6887 24 1
-1.45304 9.07652 16.3019 24 1
30 30 19.9504 24 0
-20.7511 -27.3232 21.7583 24 1
30 -30 19.9504 24 0
-29.9569 21.8041 20.6995 24 1
0.2593 -0.0344164 1.86187 24 0
-0.367488 -0.455118 3.86434 24 0
29.7243 19.439 22.0063 24 1
-0.0569317 -0.0220895 0.269298 24 0
-0.0852765 -0.444887 2.99893 24 0
-20.3394 -29.715 21.9083 24 1
17.9488 -7.44176 20.4295 24 1
-29.996 -5.73035 20.9019 24 1
-24.6323 27.6259 22.1094 24 1
26.3992 24.3797 22.1296 24 1
-0.0839799 0.00169864 0.414962 24 0
29.9676 -5.58649 21.3862 24 1
-25.5555 3.26781 21.604 24 1
-0.289194 -0.328109 3.21846 24 0
0.187417 -1.392 5.50065 24 0
-24.9732 26.7093 21.1619 24 1
30 30 19.9504 24 0
-0.182352 -0.274072 2.48825 24 0
0.179008 -0.325393 2.75391 24 0
-0.10525 0.305624 2.36166 24 0
-0.0130191 -0.111749 0.622931 25 0
30 -30 19.9504 25 0
-24.4549 -24.1482 21.7293 25 1
-0.0702586 0.211334 1.56595 25 0
-30 -30 19.9504 25 0
18.7513 4.44348 20.7794 25 1
28.6919 -17.4757 22.0352 25 1
23.023 -20.681 21.1376 25 1
-8.00343 -0.0625057 13.6534 25 1
-27.4626 -8.96948 21.3775 25 1
27.0091 15.3443 21.2249 25 1
9.41868 8.37556 18.9004 25 1
-15.8579 -28.3326 21.4476 25 1
0.3921 0.93924 4.32204 25 0
-30 30 19.9504 25 0
-0.307447 0.63023 4.01095 25 0
-27.5055 -21.6642 22.1074 25 1
-29.5327 -9.60988 22.0539 25 1
24.884 29.2067 20.9696 25 1
24.2819 -27.3629 21.9515 25 1
-7.77421 -28.0466 20.651 25 1
-28.0827 29.5686 21.6758 25 1
-25.7229 29.7249 21.792 25 1
29.9436 -18.5416 21.5949 25 1
0.0607031 0.430073 2.89817 25 0
0.0558184 -0.02826 0.278316 25 0
-1.50292 8.18611 15.817 25 0
-19.5103 27.5863 22.1544 25 1
0.650009 0.0975393 3.37156 25 0
9.46491 -7.21678 18.322 25 0
-0.502218 15.6116 20.108 25 1
30 30 19.9504 25 0
-0.0500179 0.0153972 0.219431 25 0
-0.321977 0.0644553 2.3532 25 0
0.940463 -0.0823929 2.75856 25 0
-0.0353977 0.505337 3.11294 25 0
-26.0368 14.5766 21.3799 25 1
-6.83622 29.9066 20.4946 25 1
-30 30 19.9504 25 0
0.246094 0.0907053 1.90427 25 0
-0.0228254 0.150181 0.9437 25 0
-0.101804 0.175034 1.40892 25 0
0.122367 -0.0683259 0.853909 25 0
-30 30 19.9504 25 0
14.2855 -28.1431 21.2659 25 1
1.01415 4.14026 9.51137 25 0
21.8642 12.0959 20.037 25 1
-29.9986 23.235 20.8969 25 1
0.0729037 0.0723829 0.552976 25 0
27.5228 -29.9179 21.7127 25 1
-0.0734589 -0.0277176 0.378844 25 0
-0.170216 0.195591 1.93471 25 0
29.9778 28.6698 21.3728 25 1
-30 30 19.9504 25 0
0.254344 -0.00294009 1.7987 25 0
-9.80295 26.7162 21.3013 25 1
-27.5213 29.8719 21.7925 25 1
-27.1057 -13.5521 21.5197 25 1
29.9658 -28.1696 20.5823 25 1
26.017 -29.9936 19.936 25 1
-0.00154783 0.0910509 0.463999 25 0
-0.0392324 0.135781 0.857838 25 0
-29.0638 -28.2417 21.0268 25 1
6.67282 28.5977 21.8776 25 1
-19.5933 -3.47606 21.1171 25 1
-0.25552 0.307884 2.99586 25 0
-30 -30 19.9504 25 0
12.656 -29.9999 21.27 25 1
30 30 19.9504 25 0
-29.9683 12.0448 19.8716 25 1
0.174677 -0.0386941 1.17747 25 0
15.5212 -29.27 21.9615 25 1
29.1109 -20.1511 20.6212 25 1
0.100893 0.0150732 0.543639 25 0
-30 30 19.9504 25 0
-8.87734 21.8999 19.8661 25 1
20.7876 26.7631 21.3812 25 1
-0.122467 0.222715 1.8648 25 0
-0.000233978 0.552719 3.19452 25 0
-25.4882 -29.9253 21.6926 25 1
-17.7877 27.9008 20.845 25 1
14.3412 -14.0298 20.3004 25 1
-9.61469 0.488884 17.1756 25 1
0.0175476 0.274704 1.96044 25 0
-30 -30 19.9504 25 0
-10.1937 -10.5895 19.4376 25 1
-0.70226 2.25313 7.53953 25 0
3.44591 -29.4312 22.0192 25 1
23.8043 -19.7944 21.1108 25 1
-7.32153 10.4117 18.8864 25 1
0.524579 0.634031 4.47812 25 0
-30 30 19.9504 25 0
29.4514 -29.6385 22.2144 25 1
-0.154557 -0.157345 1.58686 25 0
-0.403863 0.111804 2.89856 25 0
0.018096 0.333379 2.36093 25 0
0.520481 -0.0508026 3.16495 25 0
11.9299 29.9868 19.9226 25 1
0.0420682 0.397363 2.73054 25 0
-26.2251 -6.21196 21.059 25 1
27.7765 2.69645 21.4109 25 1
-15.3908 26.8519 21.5514 25 1
-10.425 12.0409 19.5765 25 1
0.0572748 0.0664124 0.442757 25 0
0.0506918 0.0153224 0.222862 25 0
-18.7574 -27.3824 21.828 25 1
0.294517 0.0703947 2.18801 25 0
30 -30 19.9504 25 0
21.0086 -29.6602 21.3401 25 1
-0.465504 -12.2525 18.578 25 1
-30 -30 19.9504 25 0
-30 30 19.9504 25 0
1.92506 -1.07952 5.65881 25 0
-30 -30 19.9504 25 0
-12.3804 -29.6752 21.953 25 1
-30 27.1462 20.4196 25 0
26.0288 -24.9642 19.934 25 1
-0.0375944 0.298703 2.15331 25 0
-0.0679252 -0.166292 1.19373 25 0
15.5601 22.0086 21.241 25 1
-0.118746 0.0250323 0.693077 26 0
16.6045 25.7882 21.6991 26 1
19.6248 -5.30404 20.9957 26 1
-28.1354 -20.7311 21.265 26 1
-6.69789 1.20865 14.1116 26 1
-0.0848698 0.00772355 0.42339 26 0
4.41431 26.8863 21.3442 26 1
10.1029 -22.6442 21.0236 26 1
30 30 19.9504 26 0
0.00582998 0.111651 0.617279 26 0
21.5387 28.7692 21.9405 26 1
30 -30 19.9504 26 0
13.0299 -14.3143 20.0808 26 1
-0.0578334 0.139298 0.941904 26 0
-0.7159 -1.32265 5.82888 26 1
0.674701 0.0753968 3.30673 26 0
-30 30 19.9504 26 0
30 30 19.9504 26 0
21.8616 -18.022 20.0887 26 1
-27.1351 -14.2429 21.0332 26 1
17.4585 -24.322 21.9326 26 1
21.0334 -28.0836 20.0649 26 1
2.48786 -27.836 21.5485 26 1
-24.5643 -0.37542 21.6556 26 1
-3.50613 17.5293 20.751 26 1
-0.132267 0.29996 2.42395 26 0
-10.443 -10.3705 19.779 26 1
-25.85 -29.9986 20.4322 26 1
29.6697 10.5278 22.0053 26 1
-0.20979 0.135772 1.83843 26 0
-23.9109 20.8686 20.3495 26 1
-0.201405 0.085756 1.54287 26 0
-7.40955 -21.4285 21.4901 26 1
29.0417 15.1109 20.1451 26 1
-1.93894 -23.1807 20.0099 26 1
0.198352 -0.524969 3.52848 26 0
-28.6068 -13.8758 21.5308 26 1
-0.0296542 0.074901 0.392552 26 0
-14.8162 27.8923 20.6813 26 1
0.0812463 0.260289 1.97711 26 0
-10.354 -22.1877 21.1984 26 1
-29.9062 -8.80125 20.6996 26 1
24.4589 -19.5675 22.089 26 1
-30 -30 19.9504 26 0
-0.0541547 0.0160972 0.242718 26 0
-9.07512 -7.85643 16.9273 26 1
-0.0885255 0.0478069 0.535715 26 0
-0.0495184 -0.0265468 0.241117 26 0
-0.0513163 0.0322767 0.266886 26 0
30 -30 19.9504 26 0
30 -30 19.9504 26 0
0.747952 -1.22068 5.29499 26 0
0.120752 0.014889 0.694705 26 0
0.0254681 0.581226 3.23894 26 0
-0.0999607 0.0802733 0.755879 26 0
30 -30 19.9504 26 0
0.0982608 0.0910389 0.80462 26 0
-0.0567244 0.121843 0.803633 26 0
-8.17811 22.4819 21.2827 26 1
-26.9964 -3.79957 20.3735 26 1
2.60248 -10.1415 17.2501 26 0
-30 30 19.9504 26 0
0.437373 -0.0357892 2.89581 26 0
0.0385516 -0.0611822 0.338881 26 0
-9.38032 15.9065 20.1976 26 1
-27.2026 2.77923 21.0311 26 1
16.1782 2.47356 19.9826 26 1
-28.2239 29.7762 21.4802 26 1
-0.120084 -0.0662327 0.828232 26 0
14.883 -27.8609 20.4914 26 1
-29.7589 29.3438 21.8853 26 1
-0.0074542 0.202047 1.37066 26 0
-28.3058 -29.2163 21.7193 26 1
27.5051 29.9695 21.6636 26 1
-0.544112 -4.4375 11.701 26 0
21.7416 6.11897 20.493 26 1
29.2153 -26.6253 21.8607 26 1
7.9265 -18.6712 20.3488 26 1
0.117416 0.165338 1.41807 26 0
-7.91773 -29.8027 20.646 26 1
-0.0761431 0.00621386 0.364293 26 0
-22.1914 -29.956 20.679 26 1
-3.91109 25.5975 21.1896 26 1
-28.6673 28.7409 21.8959 26 1
0.0541733 0.123853 0.809624 26 0
0.801159 0.0353018 2.95525 26 0
30 30 19.9504 26 0
-9.65152 29.9045 21.3527 26 1
9.71322 -28.7003 21.678 26 1
-8.37432 -1.61427 16.2485 26 1
30 -30 19.9504 26 0
-0.259261 -0.322025 3.07349 26 0
0.0152168 0.167726 1.08292 26 0
30 30 19.9504 26 0
0.290738 -0.350995 3.31165 26 0
0.0961291 0.174242 1.37558 26 0
10.6345 21.5186 21.6104 26 1
-0.107592 -0.0101091 0.588852 26 0
-27.7172 -29.8882 21.3334 26 1
30 -30 19.9504 26 0
11.0013 7.53109 18.6735 26 1
0.03372 25.7941 20.328 26 1
30 30 19.9504 26 0
-0.81825 -0.66424 4.53521 26 0
30 -30 19.9504 26 0
-1.29962 22.6545 21.2636 26 1
-0.120695 0.155964 1.36901 26 0
-30 -30 19.9504 26 0
-27.5913 1.70476 21.7461 26 1
-0.0467915 0.032891 0.246972 26 0
29.9413 -28.664 21.4285 26 1
0.617531 -2.98952 8.59242 26 0
-13.1602 10.6285 19.9652 26 0
17.636 -27.347 21.9768 26 1
0.283047 0.0563325 2.07627 26 0
-1.51248 1.9072 7.62096 26 0
17.1162 -27.3417 21.4043 26 1
30 -30 19.9504 26 0
29.4181 7.63805 21.9782 26 1
1.21568 25.1489 20.6527 26 1
0.00530797 0.238052 1.6693 27 0
25.4266 -29.8004 21.893 27 1
-6.07309 -26.5721 21.2961 27 1
0.747165 -0.0227748 3.09887 27 0
-30 -30 19.9504 27 0
-4.50848 -26.7841 21.6139 27 1
-23.4989 18.807 21.712 27 1
0.0225376 -0.194732 1.32034 27 0
-0.0544011 -0.205447 1.47146 27 0
-10.7888 2.79286 17.2936 27 1
1.46068 6.57888 14.6104 27 0
-19.3743 7.60753 21.1887 27 1
-0.249263 -0.104725 1.97984 27 0
-30 30 19.9504 27 0
22.3091 -17.4035 21.7995 27 1
-9.70606 -23.7376 21.3471 27 1
-0.0802694 -0.151531 1.12708 27 0
3.84799 -10.0858 16.3229 27 1
12.6548 22.8025 21.3306 27 1
0.00761748 0.0108622 0.0422062 27 0
-0.0558138 -0.131179 0.871505 27 0
26.2059 11.4928 21.673 27 1
30 -30 19.9504 27 0
-30 30 19.9504 27 0
30 30 19.9504 27 0
30 -30 19.9504 27 0
-23.5018 21.3195 22.0024 27 1
16.469 -16.5307 21.6058 27 1
29.8851 -29.6241 21.6462 27 1
-0.158688 0.0495551 1.07163 27 0
-30 -30 19.9504 27 0
-30 30 19.9504 27 0
-17.0566 9.86981 19.2369 27 1
11.8667 12.1349 18.9589 27 1
-29.7792 20.1818 21.2465 27 1
-30 30 19.9504 27 0
-11.7758 -29.8879 20.9189 27 1
24.0164 29.9722 19.9403 27 1
0.0342578 0.0215049 0.15748 27 0
-30 30 19.9504 27 0
-0.0875292 -0.071034 0.63021 27 0
-11.3621 -18.7531 21.0876 27 1
29.3054 29.794 21.6974 27 1
29.6871 29.5228 22.1617 27 1
27.6396 23.1595 21.6455 27 1
29.8667 -28.0407 20.3907 27 1
-20.6003 -17.8363 21.43 27 1
1.59196 -29.7823 21.6961 27 1
-30 -30 19.9504 27 0
-0.176918 -0.117882 1.50554 27 0
-5.22013 -3.15496 12.8228 27 1
-30 30 19.9504 27 0
29.5394 -28.824 21.8892 27 1
-25.4573 28.8472 21.8091 27 1
18.0209 27.8596 20.2792 27 1
0.0531779 -0.0416403 0.308872 27 0
-3.12157 20.1665 19.7588 27 1
-0.0389326 -0.0102806 0.156523 27 0
22.4543 29.6359 22.1685 27 1
-14.9702 3.67106 19.1688 27 1
-0.0557095 -0.12209 0.801789 27 0
0.00629801 0.196734 1.3251 27 0
20.8695 9.94477 19.7066 27 1
-3.53512 6.95557 15.0908 27 1
-6.81176 -28.1783 20.8846 27 1
0.354058 -0.0242109 2.48789 27 0
-14.1256 -3.2367 18.6592 27 1
16.0448 29.4858 21.5623 27 1
-0.200414 -0.0245183 1.37082 27 0
-0.0161029 0.0646369 0.302526 27 0
-0.0465622 -0.104052 0.637685 27 0
28.5567 -12.9074 21.53 27 1
29.4564 -21.8194 21.843 27 1
0.0784838 0.053064 0.492935 27 0
0.689925 0.100546 3.35109 27 0
28.5919 -29.8559 21.7649 27 1
-30 30 19.9504 27 0
-0.0808788 -0.0402437 0.460578 27 0
-30 -30 19.9504 27 0
-0.223756 0.218628 2.38661 27 0
6.66735 0.112986 13.7894 27 1
17.288 -18.5725 21.5983 27 1
-2.6816 -13.9939 18.7138 27 1
11.5311 20.6765 21.5252 27 1
3.06633 -29.9809 19.8414 27 1
-0.0421113 0.099565 0.591677 27 0
0.112718 0.150162 1.28178 27 0
19.6219 -16.1404 21.2096 27 1
27.096 22.9496 20.1588 27 1
28.7976 24.3214 21.6887 27 1
-0.634626 27.2689 21.6193 27 1
13.1876 14.6454 20.5945 27 1
18.9917 -13.22 20.1506 27 1
30 30 19.9504 27 0
-26.6597 -29.7123 21.9678 27 1
-24.1627 -19.5934 21.6168 27 1
-0.910292 -9.79079 16.0075 27 1
-1.29499 4.55583 11.9383 27 0
10.5406 -11.5122 20.1442 27 1
0.0488376 -0.0776226 0.470852 27 0
2.47718 -1.51697 9.085 27 0
0.747587 0.816716 4.40063 27 0
-30 30 19.9504 27 0
-0.0628615 -0.178334 1.27388 27 0
2.80521 10.3898 17.546 27 1
6.94362 -29.0199 19.7993 27 1
-0.110332 0.1069 0.975386 27 0
0.00284997 0.607468 3.24887 27 0
-27.8459 -8.49904 21.5874 27 1
-30 -30 19.9504 27 0
-0.0039687 0.106047 0.574004 27 0
27.6228 26.973 21.4893 27 1
-0.0170109 -0.171453 1.11629 27 0
0.245197 1.37158 5.57685 27 0
-2.91526 14.5153 19.3185 27 0
0.166385 0.492502 3.35606 27 0
19.4859 -15.0929 21.1832 27 0
0.019034 -0.0467057 0.20912 27 0
0.256985 -0.00438225 1.81956 27 0
-0.0511272 0.00938279 0.217432 27 0
-0.0151725 -0.0192884 0.0853841 28 0
8.83528 -22.5486 21.266 28 1
-20.9506 15.6484 21.0277 28 1
20.7476 -10.4212 21.3291 28 1
-0.0546187 0.141579 0.948933 28 0
-0.0257436 -0.0336728 0.167153 28 0
30 30 19.9504 28 0
-14.0783 26.0781 20.0006 28 1
0.0220499 -0.00836581 0.0814528 28 0
-20.6433 -27.6775 21.9785 28 1
5.54019 27.1689 21.5356 28 1
-18.5089 8.52613 21.2271 28 1
27.9317 17.2941 21.1521 28 1
0.00970122 0.0250481 0.0950841 28 0
0.74692 0.0491498 3.13257 28 0
-0.0617424 0.0528771 0.398394 28 0
-2.5195 1.48833 9.12633 28 1
19.8054 -29.7978 21.2164 28 1
29.7453 -27.8259 21.4157 28 1
0.0319458 0.00315452 0.118005 28 0
29.935 29.7755 20.9533 28 1
-29.2582 -6.58126 21.8004 28 1
-0.105886 0.176628 1.44123 28 0
2.52496 -29.1861 21.6588 28 1
-0.0479119 0.223797 1.60552 28 0
-2.9241 0.373238 8.43713 28 1
30 -30 19.9504 28 0
5.50822 -29.4515 22.0527 28 1
-19.217 -25.8669 20.9589 28 1
29.5284 -4.2727 21.8547 28 1
30 -30 19.9504 28 0
-29.4032 27.3043 22.0884 28 1
-14.1578 -28.7185 21.3104 28 1
3.57438 -10.1564 17.5112 28 1
25.1673 17.4576 21.6641 28 1
1.53473 -22.9501 20.9575 28 1
-29.9714 -29.8782 20.3224 28 1
-29.0071 -7.14596 20.1923 28 1
-30 30 19.9504 28 0
30 -30 19.9504 28 0
-26.8843 -29.5385 21.7536 28 1
-0.255591 0.14345 2.19026 28 0
-27.0132 -29.9806 19.9483 28 1
11.9577 -29.8026 20.5996 28 1
20.7111 18.7524 21.4408 28 1
0.760754 -0.0468527 3.09293 28 0
-30 -30 19.9504 28 0
-30 30 19.9504 28 0
29.9991 29.8334 20.5508 28 1
29.9261 -29.7035 21.313 28 1
-0.0449784 0.210393 1.48948 28 0
-1.19934 -8.03116 14.4656 28 0
5.98025 -0.351833 12.9275 28 1
-29.8718 13.827 20.7436 28 1
30 -30 19.9504 28 0
30 30 19.9504 28 0
24.8888 25.9412 20.2571 28 1
-0.0269415 -0.00368823 0.0964848 28 0
-10.1701 -29.9782 20.4035 28 1
-0.0201581 0.0124226 0.0818447 28 0
-0.0429493 0.167922 1.13064 28 0
-0.287374 -0.442811 3.59957 28 0
-0.0826906 -0.063927 0.566296 28 0
30 30 19.9504 28 0
30 -30 19.9504 28 0
29.016 18.7937 20.6842 28 1
-26.3174 -21.9351 21.2723 28 1
-25.3594 -24.1961 21.718 28 1
-9.44342 -5.6242 18.0534 28 1
-0.0588303 0.15495 1.07012 28 0
-29.5899 28.9268 21.6348 28 1
6.72451 29.7842 21.4244 28 1
17.5782 -20.6421 21.8156 28 1
13.2612 -29.4126 21.8793 28 1
0.0169246 0.0641263 0.300764 28 0
-29.8566 1.99594 20.1793 28 1
29.0966 -29.7006 21.368 28 1
0.212689 -0.252511 2.51628 28 0
-30 -30 19.9504 28 0
-22.8673 29.8091 20.9422 28 1
-28.8754 16.2298 21.0151 28 1
29.6861 22.0705 21.3192 28 1
28.239 29.3335 21.8495 28 1
-0.0978274 0.0724396 0.702185 28 0
0.0399805 0.028235 0.201204 28 0
-26.0411 -26.6439 21.4248 28 1
-3.00726 6.93319 13.2482 28 1
11.4405 18.4972 21.4144 28 1
-2.47071 29.6291 21.9863 28 1
0.072962 0.169274 1.23671 28 0
0.872823 -1.73158 6.17748 28 0
4.7245 -19.6468 20.8875 28 0
-0.0864707 0.578641 3.31861 28 0
0.279782 -0.0160288 1.99695 28 0
30 -30 19.9504 28 0
1.51371 -6.53123 14.5969 28 0
-0.00419889 -0.0286209 0.10395 28 0
-28.8359 22.9551 20.5191 28 0
-0.053006 -0.000804118 0.223064 28 0
-0.0339305 0.0897903 0.500643 28 0
13.9757 14.2012 19.6171 28 1
-23.1287 -8.15415 20.2202 28 1
-0.0590756 0.00430788 0.258317 28 0
-24.2827 0.959408 20.6101 28 1
-0.0389214 0.00414672 0.150998 28 0
21.4849 -22.1704 21.6916 28 1
30 -30 19.9504 28 0
-24.1447 15.6563 21.3467 28 1
-0.0894731 -0.0594846 0.588324 28 0
30 30 19.9504 28 0
-0.00919187 -0.118843 0.674909 28 0
30 30 19.9504 28 0
-1.05548 -0.883755 3.93447 28 0
-2.35961 2.61068 10.0635 28 0
-0.0658587 -0.0070214 0.300052 28 0
-0.0486481 -0.0388129 0.276532 28 0
19.6393 10.6916 21.265 28 1
0.239317 -0.0304072 1.6996 28 0
-3.57669 29.9499 21.4046 28 1
30 -30 19.9504 28 0
-0.0404774 -0.0337694 0.22174 29 0
0.0489688 0.033267 0.258567 29 0
24.1036 -26.2356 21.031 29 1
0.733774 -0.0121458 3.12527 29 0
-16.6592 -22.2983 21.6705 29 1
19.2785 -26.5056 21.9692 29 1
-8.99751 25.9239 19.7358 29 1
-0.0132591 0.0277026 0.111813 29 0
-3.00437 -27.0496 19.6391 29 1
-4.90308 -25.7481 20.7289 29 1
-29.9878 -22.6959 21.2267 29 1
-0.097812 0.0983092 0.845001 29 0
-0.0240251 -0.0148986 0.101122 29 0
-9.95008 -27.5363 21.4114 29 1
-12.5583 26.2822 21.8261 29 1
12.4672 -6.12374 19.0379 29 1
-13.4485 17.7114 21.3049 29 1
-0.14759 0.136903 1.40928 29 0
-26.4858 29.5233 22.2744 29 1
-29.0034 28.6164 21.519 29 1
30 30 19.9504 29 0
-0.0836897 0.094505 0.739837 29 0
-19.4 29.741 21.9377 29 1
-0.0543865 -0.115543 0.748229 29 0
30 -30 19.9504 29 0
-30 -30 19.9504 29 0
-30 30 19.9504 29 0
-19.1966 0.444496 20.6581 29 1
-3.2007 20.0567 19.7261 29 1
-21.5875 -11.1532 21.2058 29 1
0.4921 -14.1299 19.1553 29 1
20.5686 13.5267 21.7152 29 1
11.8441 21.1719 20.3984 29 1
-29.5193 -3.91476 21.4859 29 1
-9.49025 16.7157 20.8531 29 1
0.00443893 -0.00513145 0.0204163 29 0
-30 30 19.9504 29 0
0.796937 0.0192404 2.9509 29 0
-2.64037 2.20416 9.58294 29 1
26.465 29.2265 21.9818 29 1
0.0850593 0.00598055 0.423697 29 0
0.0319859 0.0751204 0.399989 29 0
-0.0260889 0.078319 0.405818 29 0
1.06609 1.11527 4.3409 29 0
30 -30 19.9504 29 0
-11.6057 -29.7515 21.822 29 1
-4.13393 21.8132 20.1595 29 1
0.225947 -0.0404278 1.60776 29 0
-26.5524 -15.0862 21.4956 29 1
-14.7329 -27.4949 21.9006 29 1
-23.439 29.7323 22.0288 29 1
-30 -30 19.9504 29 0
17.0651 -13.4555 20.8145 29 1
-28.1723 12.1671 20.8361 29 1
0.095228 2.06692 5.40618 29 0
-0.104482 0.03599 0.609442 29 0
-30 -30 19.9504 29 0
30 30 19.9504 29 0
0.0534874 0.798971 2.99426 29 0
-0.0399577 0.0404607 0.245134 29 0
2.4346 11.9259 18.1534 29 0
-18.7925 29.4767 21.88 29 1
0.0413432 0.552744 3.21569 29 0
29.2065 -29.8954 20.9636 29 1
28.854 -27.2933 21.4609 29 1
-4.65166 22.8036 21.0912 29 1
-30 30 19.9504 29 0
-0.0608273 0.00988021 0.272381 29 0
19.5976 -25.8081 21.7196 29 1
-0.151993 0.134994 1.42712 29 0
-30 30 19.9504 29 0
-0.108553 -29.7388 20.9969 29 1
9.55425 -3.17304 17.1145 29 1
-10.9046 -19.1338 19.7209 29 1
-30 -30 19.9504 29 0
-0.0765938 -0.0346083 0.416459 29 0
-27.3628 -6.38408 21.8448 29 1
-20.4609 -4.4048 21.2745 29 1
8.08506 -28.2973 21.0783 29 1
19.761 17.2333 21.1371 29 1
24.0515 -8.54187 21.1857 29 1
-0.0830177 -0.0482789 0.502065 29 0
-0.0386906 0.0540795 0.302357 29 0
26.8814 29.0977 20.4714 29 1
-29.7997 18.2226 21.3048 29 1
11.2168 29.2831 21.4808 29 1
-0.0434969 0.0121229 0.181154 29 0
-2.70483 10.1228 16.9298 29 0
3.7299 -2.57759 11.5813 29 0
-9.16529 10.5909 19.1128 29 1
-30 30 19.9504 29 0
-0.0237619 -0.0130823 0.0962124 29 0
0.0540515 -0.0476655 0.337479 29 0
-0.0504186 0.0132246 0.218253 29 0
29.8876 -3.81569 20.6483 29 1
-24.0161 -22.3667 21.3485 29 1
-0.000641018 -0.339662 2.39393 29 0
-30 30 19.9504 29 0
-30 30 19.9504 29 0
-0.0862963 0.0495463 0.527683 29 0
-6.14966 28.9854 20.2062 29 0
-0.0812913 0.00486325 0.39766 29 0
0.217659 -0.0102256 1.50331 29 0
-30 30 19.9504 29 0
0.0565439 0.102746 0.664752 29 0
-30 -30 19.9504 29 0
-0.0407278 0.0937339 0.546941 29 0
-0.0549103 -0.0276768 0.271922 29 0
28.6159 28.0765 21.5766 29 1
-24.0635 -3.3769 20.9662 29 1
-0.093934 -0.10587 0.869386 29 0
-13.4069 -10.0077 19.7551 29 1
12.6804 25.289 21.6356 29 1
-6.83004 13.8545 18.741 29 1
3.34388 -22.9097 20.8071 29 1
30 -30 19.9504 29 0
29.8949 29.6015 21.6728 29 1
-25.4045 29.622 22.1764 29 1
-23.9113 24.0052 20.0328 29 1
-27.4952 25.5039 22.2508 29 1
