9.56094 16.1912 20.5648 1 1
19.1371 -0.452744 20.525 1 1
11.7887 -12.2167 19.6543 1 1
19.7073 -17.209 21.2292 1 1
11.5721 3.06046 18.0234 1 1
-8.27958 25.5518 21.7025 1 1
-26.6959 12.1912 21.3891 1 1
16.2173 -20.2333 21.0401 1 1
18.1099 -24.8662 20.4078 1 1
14.3598 29.4402 22.0668 1 1
-4.76451 5.84919 14.4355 1 1
20.6093 -28.1519 21.6675 1 1
1.73385 -7.75051 15.2613 1 1
6.38488 -8.15525 17.1857 1 1
27.6482 -7.17335 21.4307 1 1
-24.6571 -20.652 21.9379 1 1
-22.7341 22.3343 21.7587 1 1
1.36432 22.4127 21.4131 1 1
18.9368 -5.31018 20.1607 1 1
-6.53193 10.9282 18.4532 1 1
11.4945 26.8467 21.5894 1 1
21.8448 17.9164 20.3101 1 1
-13.032 29.997 19.8314 1 1
6.41698 9.71416 18.2839 1 1
-22.1219 -24.421 21.6052 1 1
16.608 8.884 20.3405 1 1
-7.39038 27.1351 21.3976 1 1
25.6604 25.6683 22.0013 1 1
24.9146 -1.75985 20.5484 1 1
-20.8251 5.03005 19.7007 1 1
4.63947 -7.78216 16.362 1 1
-15.6546 -3.67186 20.0644 1 1
26.5718 -20.7448 21.9209 1 1
-3.70799 -6.99876 14.7463 1 1
-1.1362 28.7338 21.0566 1 1
-9.799 -0.62991 16.9039 1 1
-29.1707 -11.2366 21.1532 1 1
-14.3148 28.6911 21.819 1 1
8.41825 -28.5366 22.0231 1 1
-6.50553 -9.93865 18.0261 1 1
-30 -0.814746 20.4219 1 0
-12.3362 -30 21.2404 1 0
2.5758 -4.56654 12.7839 1 0
30 -27.0419 19.9802 1 0
13.2184 -21.9325 20.4427 1 1
-10.0159 -13.8349 18.8111 1 1
23.8119 -12.3923 21.4505 1 1
27.145 24.5081 21.7802 1 1
-10.6142 -26.1838 21.5108 1 1
-23.9937 -8.52925 21.1644 1 1
-9.85863 5.22711 17.1182 1 1
26.5905 22.9867 21.4995 1 1
-12.1613 -16.011 19.4084 1 0
-1.59694 -0.141714 5.86666 1 1
-30 30 19.9504 1 0
-27.971 -5.36903 21.1982 1 1
-5.47297 5.31585 15.4199 1 0
-16.1145 26.979 20.0923 1 0
-30 30 19.9504 1 0
30 -30 19.9504 1 0
30 -26.3617 21.4539 1 0
-30 30 19.9504 1 0
23.2226 3.65821 21.1693 1 0
-12.1916 30 20.5407 1 0
-1.64115 -16.3837 20.2673 1 0
8.76601 24.9859 20.5152 1 0
-5.31165 -29.6497 21.8192 1 1
-3.71926 -23.5197 21.4757 1 1
-0.801607 -6.92186 13.4302 1 1
3.26886 -22.238 20.9068 1 1
-21.1171 -17.4229 21.371 1 1
23.4596 -25.1132 21.6632 1 1
-6.73949 -23.4861 21.4989 1 1
-27.432 -19.986 21.5097 1 1
-16.7467 23.6194 21.6984 1 1
10.2375 -23.1904 20.9148 1 1
30 -17.964 19.892 1 0
-3.18584 -30 20.4317 1 0
-30 30 19.9504 1 0
25.0778 -29.3298 21.4105 1 0
-5.2076 6.07084 14.4738 1 0
-0.326579 21.665 21.1694 1 0
-30 30 19.9504 1 0
-4.6829 6.81763 15.5075 1 0
2.63195 -0.41793 8.53654 1 0
30 30 19.9504 1 0
-1.95988 1.85128 6.87402 1 0
30 -16.814 20.5586 1 0
-3.20433 -30 20.5384 1 0
-5.49732 4.03354 14.1039 1 0
-30 -11.6145 21.3749 1 0
30 7.02357 19.7586 1 0
-30 11.256 20.8852 1 0
-0.214944 -5.29761 12.3066 1 0
-30 -30 19.9504 1 0
18.6061 30 21.4695 1 0
-30 -30 19.9504 1 0
-30 -30 19.9504 1 0
-19.1552 4.26559 20.211 1 0
-1.60861 4.44546 12.0459 1 0
3.20157 -25.5364 21.4793 1 0
11.3378 -9.99932 19.0915 1 0
9.91076 -4.59547 17.441 1 0
-12.1093 -23.2809 20.8926 1 0
24.8412 14.1871 20.7785 1 0
-18.6024 22.1025 21.3822 1 0
30 -27.0584 20.023 1 0
-11.7619 -30 20.797 1 0
30 -30 19.9504 1 0
18.0304 28.7936 20.6841 1 0
19.6364 15.4643 21.6923 1 0
-3.73594 -0.410284 10.337 1 0
-30 -19.6383 21.3988 1 0
30 12.3848 21.3815 1 0
-30 30 19.9504 1 0
-13.7013 -26.4195 21.8656 1 0
29.6832 -10.9182 21.2293 1 0
-10.533 -10.9068 19.4454 1 0
0.474681 0.664188 4.42685 1 0
-14.8827 25.499 21.5325 1 0
5.61461 3.55155 14.4747 2 0
-18.2964 8.59295 21.0006 2 0
8.37999 -25.1501 21.3159 2 1
-20.7351 -20.0501 20.8447 2 1
4.72688 25.6353 21.5483 2 0
-12.4667 -2.7077 18.8883 2 1
-30 -19.0776 20.0229 2 0
-29.8759 3.48856 21.5674 2 1
-15.9479 4.60993 19.7145 2 0
-29.0778 6.87842 20.1949 2 1
25.6709 14.6536 21.8197 2 0
-10.788 -14.2202 19.8806 2 0
-28.1191 28.6069 21.6741 2 1
-4.10822 -10.2566 17.0814 2 1
2.71701 -2.00718 8.82763 2 0
4.66653 30 21.1616 2 0
-18.3516 2.06908 20.0816 2 1
-16.253 27.7816 21.4142 2 1
-22.0625 12.8942 19.8266 2 0
18.5245 -16.3965 21.7036 2 0
-29.2876 2.96867 20.9547 2 1
-23.5205 -28.1785 21.8502 2 1
15.7856 8.74126 20.0726 2 0
6.69005 12.045 18.5238 2 1
19.2571 -29.3937 21.919 2 0
2.62516 9.75908 17.2055 2 1
-11.6115 -24.7383 21.6412 2 1
7.1364 13.9265 18.3603 2 0
17.1371 5.22601 19.6382 2 1
20.9617 -26.5695 21.5183 2 1
-30 30 19.9504 2 0
-27.1556 -22.0383 20.4268 2 1
-23.3121 -17.2397 21.5329 2 1
-6.28692 4.49876 15.4754 2 0
-0.602433 -7.89665 15.1944 2 0
13.7859 -16.769 20.603 2 0
-1.29883 -14.0871 18.6955 2 0
28.347 4.37044 21.8392 2 0
6.06564 4.03633 13.0078 2 0
-29.9572 -26.8059 20.7273 2 1
-14.1947 -13.2295 20.1683 2 0
-1.08772 -28.3132 21.0928 2 1
20.1675 -3.37079 20.7005 2 1
-25.4299 13.5264 21.9894 2 1
-23.013 5.85309 19.7967 2 1
-27.2822 -25.5661 22.0448 2 1
13.1133 -1.1589 17.696 2 0
20.8841 -13.5959 21.1667 2 0
-29.0834 -26.7345 21.1748 2 1
8.77225 22.5322 21.4068 2 0
-21.6741 -4.88078 20.7079 2 0
-13.6622 -29.1012 21.3556 2 1
-0.271265 -9.76288 16.7187 2 1
7.80058 -19.7621 20.5126 2 1
4.45595 3.25476 12.9446 2 1
-23.5986 -29.9735 21.5376 2 1
-29.83 -29.9987 20.5702 2 1
19.1232 10.043 19.4607 2 1
-26.972 6.77305 20.5681 2 1
-29.9139 25.0419 20.1501 2 1
22.1586 -28.0782 20.5525 2 1
-11.3031 7.19186 18.6959 2 1
-22.4893 15.7062 21.7749 2 1
-0.843224 -10.0918 15.9378 2 0
-2.08643 -7.16165 13.7569 2 0
-17.7995 18.361 21.3356 2 0
-20.6853 17.9347 21.0038 2 0
-0.395444 23.4283 21.5616 2 0
-4.97467 -8.33599 16.3838 2 0
-9.92869 16.5937 20.3846 2 0
21.9312 17.2588 20.8003 2 0
8.25588 -8.95393 17.5603 2 0
-14.9855 -2.82776 18.3236 2 0
1.92314 -13.2155 17.959 2 0
26.7285 -21.5826 21.9575 2 1
-1.68391 22.8354 20.8783 2 1
-6.09318 -28.1201 20.1929 2 1
-13.099 11.4645 20.0908 2 0
-21.1917 18.0498 20.4035 2 1
-16.3391 24.8785 21.3209 2 1
-3.98644 0.672024 10.1265 2 0
1.813 -8.60024 16.1383 2 1
-18.6779 29.9878 21.2604 2 1
-22.9698 23.2368 20.8184 2 0
19.4033 -7.67815 21.1393 2 0
-4.29426 3.09586 11.9421 2 0
-27.2548 -23.709 21.7302 2 1
19.0166 0.779316 19.5609 2 0
-25.2755 24.289 21.7599 2 1
-28.2845 30 21.1788 2 0
-20.8742 4.59492 20.8049 2 0
-27.1785 -23.4149 21.785 2 1
-6.53139 -12.7611 19.4504 2 0
13.8969 13.9241 19.1569 2 1
11.3824 -29.7935 21.7076 2 1
7.37558 -8.41479 18.1527 2 0
-28.565 -25.9625 21.6054 2 1
2.01101 -2.32728 8.46872 2 0
17.697 16.5624 21.5342 2 0
-30 -28.0406 19.9835 2 0
-5.9727 -11.6987 18.2003 2 0
19.374 30 21.4299 2 0
-5.58488 -29.9863 21.3807 2 1
-21.0725 -29.3756 21.4991 2 1
17.5115 -20.0916 21.3331 2 1
-26.3588 19.0876 21.4011 2 1
17.0707 -1.31017 19.6362 2 1
-23.9059 -12.5231 21.3548 2 1
-15.3513 6.70201 20.2063 2 0
21.9419 2.61526 20.7426 2 0
-8.13549 11.222 18.384 2 1
0.324607 -6.34042 13.9597 2 0
-28.4866 -27.7191 22.0941 2 1
-9.17382 -9.50154 18.8655 2 0
0.288112 1.01717 4.03556 2 0
-29.7996 -25.9953 20.7224 2 1
-8.67379 30 21.1672 2 0
4.23312 -23.708 21.1292 2 0
10.5316 -1.56644 17.8936 2 1
-4.88209 9.24662 16.6982 2 0
22.5834 24.3269 22.0211 3 1
-2.78867 -11.855 17.613 3 0
-20.215 -11.1481 20.4508 3 0
28.7887 8.03487 20.5887 3 1
29.6772 11.9541 21.2063 3 1
15.1984 -16.1221 20.1658 3 0
12.0165 25.9744 19.6754 3 1
-22.037 -19.1889 20.4355 3 1
15.9804 -29.8771 20.2024 3 1
-21.95 -3.65366 20.6481 3 1
-28.8893 -10.277 21.1074 3 1
-23.7901 -8.78972 20.8828 3 1
-7.53429 18.543 21.1597 3 1
3.20079 -29.5799 21.6695 3 1
21.6298 -24.535 22.0865 3 1
5.31155 -2.3349 13.2722 3 0
3.25745 -15.9359 19.1663 3 1
5.61461 3.55155 14.4747 3 0
29.6527 -22.2304 21.8144 3 1
12.0364 15.5442 20.4717 3 0
5.03052 -15.5835 19.6848 3 1
3.32059 -2.91652 10.7694 3 0
-8.40529 2.42854 16.4937 3 1
-2.17529 26.283 21.1072 3 0
-12.9746 -9.61106 19.5628 3 1
-18.7394 -28.3683 21.8654 3 1
-8.0955 3.86308 15.0001 3 0
21.8291 7.87719 20.1507 3 0
-18.9562 8.87701 19.3677 3 0
-30 17.0744 19.9902 3 0
-2.67404 -16.9091 19.7312 3 0
10.6122 10.9548 19.3005 3 0
27.8765 6.92852 20.132 3 1
30 -30 19.9504 3 0
-7.79507 -25.1463 20.678 3 1
-30 -19.0776 20.0229 3 0
-13.8255 8.25656 19.4362 3 0
5.25934 -2.15164 12.4667 3 0
-28.6681 24.2284 21.7828 3 1
12.9631 24.0052 19.6148 3 0
3.71648 -20.3578 20.9883 3 0
-2.3181 -26.3548 21.6455 3 1
-29.2284 -5.33146 21.5813 3 1
-13.7473 23.2064 21.1419 3 0
-5.41252 22.9736 20.939 3 1
-29.7485 30 21.0266 3 0
30 30 19.9504 3 0
-8.21585 11.8949 18.4785 3 1
7.59682 -30 21.3731 3 0
-22.0831 -4.72105 20.4888 3 1
-27.5931 -28.1588 21.7781 3 1
29.6237 -15.3423 22.0072 3 0
-29.103 3.92053 20.0924 3 1
-14.2617 8.60905 20.1676 3 0
30 -9.07626 19.9112 3 0
-30 16.1177 20.171 3 0
12.3871 -29.7622 21.7978 3 1
11.5257 30 21.4993 3 0
-19.2747 -21.0577 20.888 3 0
3.22019 1.69977 9.82794 3 0
15.5911 -24.0251 21.2937 3 0
-24.0461 9.94215 19.6371 3 1
14.8719 -16.6681 20.7635 3 1
-15.0984 -2.47877 19.5049 3 0
11.5161 30 21.5032 3 0
-1.36564 5.05359 12.0291 3 0
-7.86164 -20.2423 20.3761 3 0
1.10508 5.29125 12.1007 3 0
4.68177 20.0663 20.3498 3 1
-16.5491 -1.86964 19.9472 3 0
29.6307 -6.19877 21.6086 3 1
-28.1364 2.68743 21.2054 3 0
4.06064 -9.18073 15.9185 3 1
-9.79458 -16.1152 19.6589 3 0
-7.69128 13.1897 19.4054 3 1
27.5861 -6.16787 21.5174 3 1
2.59973 17.0572 19.9101 3 0
13.6295 28.9468 21.3638 3 1
-4.34877 -13.8632 19.1194 3 0
-21.2921 24.9844 21.0826 3 1
-14.9707 -11.5978 20.258 3 0
-26.2883 -25.6269 21.981 3 1
-4.69233 -0.61581 11.9002 3 0
16.9151 -29.8987 20.2637 3 1
10.9975 28.8405 20.306 3 1
30 -10.0985 20.0134 3 0
30 26.2342 20.9147 3 0
-4.25142 5.13757 13.5524 3 0
22.0133 -27.385 21.4481 3 1
1.1837 -17.0066 18.9061 3 0
4.22061 30 20.6354 3 0
0.332417 -0.858959 4.08975 3 0
30 -30 19.9504 3 0
17.2741 -14.4652 21.3226 3 1
14.0007 -15.9565 19.0564 3 0
-17.2804 -11.5004 21.1046 3 1
30 30 19.9504 3 0
21.2775 -28.0136 21.07 3 1
-28.2123 -0.0873718 20.6255 3 1
-17.4391 -30 21.5336 3 0
27.0736 29.8906 20.3492 3 1
16.7169 -2.60688 20.2808 3 0
-29.7626 -29.774 21.5448 3 1
-26.4032 4.68224 21.7278 3 1
0.534026 0.436333 4.18964 3 0
0.310839 0.652515 4.03905 3 0
-17.8957 0.109266 18.9381 3 1
-12.303 -25.1592 21.2248 3 0
30 -22.6357 21.4334 3 0
10.9515 -4.51221 17.9938 3 0
-22.5245 4.74734 21.3419 3 1
12.731 -14.9067 20.0389 3 1
-29.0431 -15.0437 19.9027 3 1
-28.4814 -29.9879 21.6586 3 1
-18.1203 -14.1498 20.0127 3 1
-14.4574 18.2267 21.309 3 1
-29.6152 -5.18888 21.6044 3 1
0.813704 25.1529 20.5309 3 1
-6.2918 -18.9382 20.1337 3 1
27.4912 -19.9223 21.6099 3 1
24.2973 -29.3358 21.9586 4 1
24.9737 -2.05615 19.5222 4 1
2.08198 13.1858 17.8103 4 1
-19.7264 -9.65504 21.1214 4 0
-29.6456 -3.34481 21.8673 4 1
22.6611 -8.19793 21.1551 4 0
-23.2093 -0.0861282 20.2253 4 1
-1.75761 1.44648 7.58426 4 0
-30 -24.5951 21.545 4 0
5.45767 29.998 21.4325 4 1
30 30 19.9504 4 0
-28.1751 22.9376 20.6096 4 0
-11.9041 24.2962 20.9739 4 1
13.176 4.4112 19.0964 4 0
-12.793 -25.8891 20.7045 4 1
-29.6239 -28.018 21.5045 4 1
8.54863 -3.9564 16.4356 4 0
12.5132 14.0191 20.3177 4 1
-20.1088 -11.091 19.6971 4 0
-30 4.32466 21.1281 4 0
24.0384 23.0349 19.8906 4 1
8.95769 11.4191 19.1033 4 0
23.4414 -17.285 21.8307 4 1
18.5315 12.5285 21.4982 4 0
1.70243 17.8816 19.8945 4 1
-18.7765 28.0535 20.8075 4 1
-29.5797 24.2037 21.8839 4 1
-29.7003 26.493 22.1259 4 1
5.95001 -7.00407 14.6138 4 0
7.63086 7.85698 17.4974 4 0
-6.09685 -11.6664 18.4369 4 0
24.2708 20.1909 21.3646 4 1
15.8173 -26.6609 21.5272 4 1
-11.7102 14.2466 20.3515 4 0
-28.9329 -24.0426 20.0644 4 1
29.8236 -20.1132 20.7693 4 1
-26.0151 11.1661 20.238 4 1
7.59024 -20.4863 21.4094 4 0
-27.1056 7.28994 21.031 4 1
0.105591 3.13753 7.83696 4 0
-25.1291 6.53596 21.343 4 1
-29.9056 -23.1573 20.6303 4 1
-3.94152 26.2703 20.7549 4 1
-0.901711 2.7738 7.85865 4 0
27.2038 -18.6119 21.7412 4 1
-4.7188 -8.43145 17.042 4 0
25.6835 9.62872 21.7267 4 1
10.9713 -24.4376 21.2353 4 1
15.262 -7.42409 20.2866 4 1
22.4422 -28.2073 21.8805 4 1
-18.1452 18.9461 20.0526 4 0
13.8259 5.1407 18.5074 4 1
2.10181 -1.53803 7.96161 4 0
28.5756 -12.2764 21.8821 4 1
6.30625 -2.9566 13.8881 4 0
19.9079 -27.5278 21.6256 4 1
13.3499 -1.79853 18.8757 4 1
-2.29864 -29.1645 21.2879 4 1
1.78397 -2.60727 9.17233 4 0
16.6949 25.9712 21.084 4 1
1.92429 2.4869 8.95026 4 0
24.6026 -29.4214 22.1983 4 1
-22.0982 -8.67651 20.8185 4 0
-14.4853 -21.2165 21.5148 4 1
6.7167 -9.42477 18.2484 4 0
-1.27241 4.84197 11.6408 4 1
1.76011 5.44504 13.1698 4 0
-25.1995 30 20.7125 4 0
15.5495 3.41108 20.2065 4 0
-25.2928 3.66039 21.509 4 0
23.5854 13.9256 21.2858 4 0
14.8904 -20.1489 20.1606 4 1
18.4318 22.6595 21.912 4 1
17.453 -19.9954 21.2279 4 0
-29.0254 24.1406 20.372 4 1
-2.32775 -15.044 19.1159 4 1
-1.3434 20.2841 20.9082 4 1
27.2991 23.5113 22.074 4 1
13.9365 22.0428 19.651 4 0
12.6392 28.4376 22.0158 4 1
-9.31249 14.5866 20.4495 4 1
-6.49421 7.89555 17.1054 4 1
-17.6594 -13.743 21.1263 4 0
-29.9967 -21.0065 19.8887 4 1
10.5744 2.59916 18.0041 4 0
-5.43745 -14.6256 20.074 4 1
-12.7805 -17.3359 20.9166 4 1
15.8802 -15.1745 20.0128 4 1
-22.0425 28.3928 21.4985 4 1
8.65444 29.8074 21.5709 4 1
-25.6149 -11.5137 21.9239 4 1
-27.7713 -28.66 21.8296 4 0
0.0866289 4.60526 11.2582 4 0
-19.6631 -22.8432 21.4197 4 0
11.6475 -8.51418 19.6686 4 0
-23.1899 -12.8255 20.7357 4 1
12.1374 30 20.231 4 0
-29.9978 3.20479 20.541 4 1
18.4614 -3.02191 20.2891 4 0
-6.27355 28.2654 21.5 4 1
-30 30 19.9504 4 0
-30 23.7143 21.1534 4 0
-0.696794 2.73935 8.48759 4 0
-14.1595 8.42409 19.9328 4 0
-28.8496 19.1516 20.7781 4 0
26.2765 26.4519 22.0446 4 1
3.12378 5.20292 12.588 4 0
-25.0124 29.9968 19.9245 4 1
13.3621 -12.0779 20.0277 4 0
1.25659 -18.6982 20.4709 4 0
-13.6197 7.98835 19.4313 4 0
9.65026 -10.6578 19.533 4 0
-23.7993 -2.89595 20.3125 4 0
30 7.88955 20.0481 4 0
1.1719 5.55565 12.9671 4 0
6.90137 19.0596 19.1879 4 0
5.192 0.910833 11.4027 4 0
1.96347 11.9099 16.6087 4 0
-7.45441 -9.19275 18.2293 4 0
-0.563154 -9.09765 16.2587 4 0
-29.9991 -14.8214 20.4943 5 1
14.363 -5.51752 20.0091 5 0
-30 -15.6778 21.2274 5 1
7.12325 -7.13792 15.9374 5 1
-9.74881 -12.964 19.0791 5 0
-24.2066 26.4246 21.859 5 1
10.7279 -9.51859 19.519 5 0
0.753764 13.6477 19.0742 5 0
-0.0602574 15.0183 17.7119 5 0
22.7558 -21.0402 20.8158 5 0
-6.9331 29.9384 19.951 5 1
-9.98137 18.1763 19.5987 5 0
2.58695 -2.81672 10.2737 5 0
18.1258 10.4085 20.7434 5 0
-0.0937433 1.21475 4.19232 5 0
-27.6694 28.6317 22.0871 5 1
13.266 2.25485 18.7993 5 0
30 0.524002 21.4254 5 0
-27.3167 29.9407 21.3538 5 1
-29.9362 -28.3308 21.4169 5 1
28.6495 29.9659 21.4479 5 1
24.7191 -25.7736 21.6124 5 0
25.0858 19.564 21.5263 5 1
-3.35036 2.73263 11.1616 5 0
-22.8033 -22.9499 20.616 5 1
2.50301 2.34386 9.94437 5 0
-8.65916 -29.9798 21.2225 5 1
-21.0615 -4.27488 20.2908 5 0
10.7036 21.7431 21.2212 5 1
-6.6632 -16.2128 20.1753 5 1
18.3254 -9.35207 21.0381 5 0
-26.4083 -15.9145 21.4524 5 0
22.3451 -8.07519 20.8455 5 0
13.6676 -28.4727 22.0114 5 1
-2.53907 3.92 11.4322 5 0
25.6921 15.2282 21.5293 5 1
-23.7086 -16.8243 21.289 5 1
-29.9992 17.0085 19.8495 5 1
19.3135 5.04243 20.1956 5 0
-25.3592 8.90094 21.1777 5 0
-14.0255 13.6739 20.1638 5 1
1.2527 5.96417 12.6565 5 0
20.3776 22.7555 21.742 5 1
10.3566 -14.1175 19.9758 5 1
-1.35226 -14.2897 19.4362 5 0
0.715584 -25.7749 21.2256 5 1
15.5437 15.4356 21.4252 5 1
-29.9167 20.1599 20.5803 5 1
-4.97159 -27.2477 20.6729 5 1
5.6884 -26.0285 20.902 5 1
-17.066 6.09667 18.7941 5 1
-11.2246 -11.3507 19.8206 5 1
-29.8635 -16.6205 21.5947 5 1
-15.537 -13.9401 20.695 5 0
-1.05908 -4.16866 9.79739 5 0
29.8265 25.3066 21.5803 5 1
-5.39683 -18.5543 20.9984 5 0
15.5172 28.6783 22.0303 5 0
27.5835 -27.6472 22.1583 5 1
-24.2474 -1.83041 20.792 5 1
24.9965 -2.19573 20.1945 5 1
-21.067 22.0353 19.8793 5 0
-2.80454 -4.85141 12.0711 5 0
13.082 10.296 19.4794 5 0
-11.3598 -14.7793 20.4884 5 1
10.1565 2.47421 17.3525 5 0
-16.1165 -29.3453 21.4484 5 1
24.6985 -1.49946 21.5966 5 1
-26.6127 29.1459 21.7158 5 1
-15.8635 6.90394 18.8931 5 0
28.7072 -24.1 21.3064 5 1
22.2231 15.4251 21.5855 5 0
14.8651 -4.94424 18.3097 5 0
30 30 19.9504 5 0
4.48478 -2.74837 12.608 5 0
-8.53186 -8.85159 18.3779 5 0
-13.6955 -21.5936 21.6228 5 0
-29.9447 15.2992 21.1718 5 1
-11.6544 -4.91625 18.2135 5 0
-26.0728 -4.1205 19.9875 5 1
0.927512 11.5709 17.8471 5 0
-6.09685 -11.6664 18.4369 5 0
13.8256 -20.9892 20.0765 5 0
30 -29.2066 20.7783 5 0
-24.3479 -23.2286 21.7455 5 1
0.105591 3.13753 7.83696 5 0
-14.311 -2.71226 19.4315 5 0
30 -30 19.9504 5 0
29.2971 29.9205 21.3242 5 1
0.903436 -0.477169 4.4897 5 0
-11.2358 19.5697 21.231 5 0
2.8243 -21.8154 20.298 5 0
-30 -7.59377 21.3789 5 0
30 -30 19.9504 5 0
22.6579 7.66036 21.4565 5 0
30 -30 19.9504 5 0
-6.64631 4.33899 15.6425 5 0
-10.3515 -20.1422 20.8895 5 0
-29.3703 -10.0883 21.3852 5 1
-21.0605 7.62114 20.7684 5 1
8.40279 -1.5381 16.3344 5 1
25.8069 28.3213 21.6701 5 1
-20.0693 -29.9946 20.0032 5 1
18.0027 28.2473 20.8801 5 1
-18.3656 -24.385 21.9585 5 1
29.0501 26.7108 21.2189 5 1
-17.4823 21.2297 21.6607 5 1
8.72799 12.7399 19.5622 5 0
21.8398 4.56487 21.0403 5 0
-12.8827 2.98391 17.2549 5 0
2.0073 -2.32034 8.42809 5 0
10.2101 22.8568 20.5936 5 1
-21.5509 -15.9008 21.3317 5 1
28.7513 -0.430635 21.7375 5 1
23.7715 29.9491 20.9092 5 1
-26.7557 -29.9992 20.9718 5 1
-29.2236 -2.14112 20.9113 5 1
-26.5175 4.97139 21.2827 5 1
22.2537 -8.86374 20.6706 5 1
-6.31633 21.7398 21.1134 5 1
29.9688 29.9746 19.9932 6 1
7.25069 -3.31997 15.4367 6 0
-4.9071 5.75578 14.3103 6 0
20.3488 3.25444 20.8962 6 0
-0.0817156 15.4251 19.4708 6 0
14.5817 7.98642 19.7485 6 0
13.6091 9.59208 20.373 6 0
30 27.066 20.0468 6 0
20.6522 29.9612 21.3841 6 1
-5.87354 -23.2144 20.4555 6 1
22.0763 -22.8303 20.5101 6 0
11.5944 14.5886 20.8523 6 0
-7.77007 10.5654 18.9151 6 0
14.2008 -10.3636 20.2143 6 0
28.9824 9.29564 21.0212 6 1
-7.18908 6.68226 16.7466 6 0
-26.6075 -28.6599 22.1213 6 1
30 29.6276 21.5024 6 1
-28.9697 4.05812 19.7924 6 1
-11.0999 -10.5692 19.4767 6 0
13.7071 1.65729 19.2154 6 0
0.465725 0.228733 3.47746 6 0
-9.48083 14.1554 20.1155 6 0
-3.14731 -10.3399 17.3477 6 0
9.98464 14.0384 18.2957 6 1
0.111211 4.24434 10.2542 6 0
16.0893 9.26546 19.8156 6 0
-13.4587 3.16024 19.0815 6 0
28.0296 29.9279 20.0951 6 1
-0.350128 -6.72903 14.3082 6 0
12.6127 -13.1978 20.4019 6 0
-25.018 27.8885 20.2097 6 1
-30 -30 19.9504 6 0
23.3162 22.9221 21.2518 6 0
28.6298 -10.342 21.908 6 1
-21.7159 13.2207 21.184 6 0
-30 30 19.9504 6 0
-29.9795 -20.3189 21.2678 6 1
21.6669 24.0707 21.2893 6 0
-4.02363 -1.92054 9.52872 6 0
-0.269363 1.93957 6.05875 6 0
-1.02262 4.21615 10.0667 6 0
5.87247 10.8724 17.2294 6 0
-7.26249 -12.0411 18.4213 6 0
-30 30 19.9504 6 0
30 4.78365 20.6148 6 0
-1.2691 -18.4741 20.6854 6 0
3.16484 -0.984135 8.07996 6 0
-20.5541 30 21.5724 6 0
1.70224 2.77091 9.17039 6 0
11.8705 -3.6635 18.178 6 0
8.27439 18.8757 20.3123 6 0
-30 30 19.9504 6 0
14.8814 11.738 19.9569 6 0
3.96484 -28.5905 21.312 6 1
-2.5277 -0.216054 8.06828 6 0
-24.728 -16.967 20.9079 6 1
9.30579 29.8071 21.4727 6 1
-18.5453 -15.0368 21.0281 6 0
20.6555 -24.9419 21.3071 6 1
7.98499 27.1807 20.3231 6 1
1.29041 -0.890202 5.39819 6 1
-29.9289 -12.9386 20.0247 6 1
22.5526 -14.1272 21.3711 6 1
1.70522 -28.6098 21.7791 6 1
24.9112 -0.139717 20.0247 6 1
-5.12062 27.8104 20.621 6 1
14.7202 -13.986 20.0869 6 1
-1.11971 -18.6643 20.1823 6 0
14.6437 -5.63808 20.0132 6 0
-3.96063 -3.87082 11.2885 6 1
-28.2689 13.0493 20.9561 6 1
-30 -23.309 21.2501 6 0
-5.01594 -6.70342 15.1737 6 0
6.89518 -13.1518 18.286 6 1
-4.08704 3.19578 11.3044 6 0
-13.5468 -14.7457 20.9287 6 1
-21.7247 -7.37379 21.288 6 1
-2.88414 29.3397 21.2972 6 1
16.8324 6.21157 19.6935 6 0
-14.1871 14.3604 20.6864 6 0
-7.02431 28.7807 20.6115 6 1
6.51068 -2.85071 14.5823 6 0
-4.97042 -29.8888 20.0458 6 1
17.3861 -4.53713 20.7212 6 1
-29.6932 -29.9007 21.4066 6 1
-16.7365 11.4428 20.9809 6 0
29.7609 29.8468 21.2899 6 1
16.592 4.34619 20.4547 6 0
26.4817 -10.0869 21.4217 6 1
-7.67271 13.5071 20.0148 6 0
-16.2362 -25.5534 21.7905 6 1
25.2159 27.8432 21.1533 6 1
-12.4021 -29.9945 21.4195 6 1
-21.0096 28.1871 20.583 6 1
-11.101 7.99697 17.3634 6 0
-28.4255 29.9714 21.6134 6 1
-6.75018 28.7977 21.2534 6 1
6.04132 -27.2866 20.8874 6 1
29.9708 26.6761 21.3427 6 1
-29.2647 -16.2372 21.5481 6 1
27.0484 8.60685 21.2677 6 1
0.341606 0.554914 4.00317 6 0
-8.92325 6.80462 16.7848 6 1
-24.1312 -28.0097 20.2978 6 1
-23.8821 -29.5026 21.7478 6 1
-27.9284 -27.1484 20.5243 6 1
-8.80842 -4.50836 17.0571 6 1
-4.06233 -4.21824 12.2288 6 0
5.54882 29.277 21.852 6 1
-1.51656 13.7097 19.3382 6 0
27.7311 -12.781 21.4137 6 1
6.62059 -9.44656 18.3713 6 0
-20.5649 27.2614 21.9488 6 1
-29.8066 29.9581 20.7387 6 1
15.528 29.3908 22.1214 6 1
29.259 28.6424 21.9463 6 1
23.9629 -28.9918 19.9404 6 1
20.0083 20.6096 21.2542 6 1
-22.6155 -21.9608 21.3693 6 1
23.992 23.606 21.4348 7 1
-14.3606 -7.85676 19.7523 7 0
9.30906 11.9562 19.0224 7 0
29.9952 -12.1687 20.4081 7 1
-9.19949 -0.851523 15.7291 7 0
28.5794 -29.4893 22.2667 7 1
-1.17562 16.7045 19.7575 7 0
-29.9984 -26.7999 20.7269 7 1
-20.8093 7.92042 19.9997 7 1
7.68774 25.1362 21.0853 7 1
13.1394 -4.48241 19.0725 7 0
27.9687 -27.0053 19.945 7 1
25.9601 29.937 20.0701 7 1
2.90961 -1.38826 9.00042 7 0
13.0067 -7.51938 19.3256 7 1
-24.0099 16.5281 21.3873 7 1
2.93684 20.551 20.6699 7 0
-8.89964 6.1876 16.5873 7 1
11.8325 -17.557 20.9146 7 0
3.6563 -1.36695 10.6609 7 0
1.99205 -0.172018 5.55956 7 0
-13.132 17.5704 20.9271 7 0
-24.1169 21.0268 20.1291 7 1
28.483 28.7628 22.0197 7 1
-15.6364 -6.05635 19.699 7 0
-29.9585 -1.05204 19.8271 7 1
30 13.4969 21.5274 7 1
-6.25011 8.08491 16.4668 7 0
17.4361 -26.3328 21.9963 7 1
-17.2967 29.5798 22.0028 7 1
-30 -30 19.9504 7 0
29.8953 -12.5558 21.5856 7 1
1.93971 11.7531 17.4009 7 0
-16.1608 -25.2607 21.1688 7 1
18.7237 2.97937 19.8366 7 1
-3.82806 -0.886285 9.39837 7 0
-26.5835 0.605122 21.8157 7 1
24.697 16.6438 21.7987 7 1
27.5653 -24.7106 22.0525 7 1
8.23067 8.48809 18.3158 7 0
30 -30 19.9504 7 0
24.6641 30 21.3606 7 0
-22.5831 -23.0291 21.4493 7 1
19.0116 22.795 20.5246 7 1
9.44672 -4.38539 17.7049 7 0
-22.7646 22.5867 21.8212 7 1
-15.7565 18.8151 20.8514 7 1
19.4898 28.6072 22.1579 7 1
4.72872 -29.7311 21.5533 7 1
-9.34787 5.88848 17.4274 7 0
-0.765143 8.8263 15.6842 7 0
5.1182 13.8492 18.3044 7 0
-1.42473 3.09288 9.38959 7 0
8.68715 15.8324 20.1061 7 0
-6.02548 0.400052 13.1111 7 0
9.66916 -8.59671 18.989 7 1
30 30 19.9504 7 0
5.74501 -14.5454 19.9186 7 0
-17.0933 3.40889 20.0217 7 0
7.00952 -10.0812 16.647 7 0
-11.63 16.1519 20.5718 7 1
-7.77649 10.1975 18.1799 7 0
0.425954 4.0009 10.342 7 0
-16.3215 0.977829 19.4172 7 1
-18.1108 -10.3985 20.6929 7 0
-21.262 3.81094 20.615 7 0
-0.084692 -2.55547 7.82534 7 0
-1.67853 0.526667 6.6318 7 0
10.1783 16.0028 19.3003 7 0
1.12723 -1.01007 4.2382 7 0
2.99984 21.7418 20.2139 7 0
-9.76493 -7.53587 18.5795 7 0
-27.4567 -1.37595 21.8756 7 0
30 -30 19.9504 7 0
-8.55004 -1.46431 16.4717 7 0
-29.6566 29.7003 22.0152 7 1
17.7236 22.8735 21.0771 7 0
-0.532944 -22.77 21.2672 7 1
25.6804 -29.9857 21.3116 7 1
26.1052 26.1111 20.4337 7 1
4.84538 -8.70256 16.684 7 1
21.9101 0.255074 20.3148 7 1
29.4522 -2.6762 21.9171 7 1
-5.20133 5.09289 13.8101 7 0
-24.9211 26.5363 21.6482 7 1
-4.12655 -13.1916 18.188 7 1
-30 -30 19.9504 7 0
-27.6122 1.82518 21.461 7 1
-28.9989 -26.3822 21.5003 7 1
27.801 26.2108 21.3057 7 1
-21.0034 27.9708 19.8809 7 1
14.3605 -26.2618 21.7283 7 1
0.352736 -15.5051 20.0383 7 1
-28.523 -29.8978 21.7504 7 1
27.6517 24.9459 21.4156 7 1
30 -27.7158 21.1744 7 0
-28.8099 20.2557 21.4005 7 1
26.253 -29.1542 21.3255 7 0
-19.4323 -26.7322 21.9318 7 1
24.7151 28.1198 21.3261 7 1
-7.6447 -24.1613 21.2049 7 1
29.2795 15.1487 21.3016 7 1
7.97607 -24.3991 21.0923 7 1
-28.9245 0.927053 19.9414 7 1
-25.1822 -29.7569 21.3812 7 1
18.5522 4.71117 20.8315 7 1
-5.76762 7.39726 16.7016 7 1
-9.03327 -15.2735 19.5768 7 1
-9.96208 10.7055 18.7738 7 0
0.972741 -11.5666 17.8082 7 0
-12.7806 9.88338 19.087 7 0
-8.46503 11.4093 19.6332 7 0
-21.3284 -19.8274 21.3955 7 0
17.9659 -4.56818 20.2302 7 0
-3.805 -19.6757 20.5969 7 0
-0.365462 -6.59691 14.3854 7 0
11.6418 -1.65213 18.3792 7 0
-10.5975 -11.5905 20.1124 7 0
0.368385 0.746267 4.23448 7 0
-9.56414 -20.673 21.4199 7 0
-24.9837 -20.1107 20.09 8 1
0.0539341 0.925479 2.67211 8 0
-2.1116 -17.1291 18.9088 8 0
0.92392 -10.2053 16.2323 8 0
28.9344 29.9306 20.1751 8 1
-2.57576 8.86002 16.4122 8 0
-29.5113 -26.8363 21.8612 8 1
-3.20897 5.00402 12.2175 8 0
29.6591 -16.1044 21.4149 8 1
27.3838 28.8267 21.7773 8 1
10.5458 12.7516 20.1697 8 1
-13.7086 6.06213 18.9208 8 0
12.5398 -1.33461 18.8789 8 1
16.5015 17.7131 21.5257 8 0
13.5032 -26.3174 21.9194 8 1
29.6975 24.5715 22.0903 8 1
-29.9469 -18.1065 20.2026 8 1
-10.739 29.0888 20.9928 8 1
3.91459 -1.54191 10.7387 8 0
-9.04955 4.59786 16.8885 8 0
-16.7023 -16.7812 21.0643 8 1
11.223 29.9266 20.7982 8 1
13.5895 15.37 21.1542 8 0
-27.0667 -13.2104 20.6497 8 1
2.65591 2.06657 9.09681 8 0
30 -24.9016 20.1598 8 1
8.09855 -3.11263 14.6578 8 0
3.42522 4.2171 12.733 8 0
3.5117 -0.224026 9.90025 8 1
-30 -30 19.9504 8 0
2.77219 2.83546 9.91888 8 0
18.8562 20.9912 20.1034 8 1
10.5767 -1.49954 17.9139 8 0
21.0652 24.3941 21.4411 8 1
1.08601 -3.22768 8.71607 8 0
-6.0251 -0.644513 13.0245 8 0
12.7556 17.1429 20.3544 8 1
-10.6167 6.59505 18.8471 8 0
1.35651 -1.10263 6.00539 8 0
-14.6889 -1.62637 19.6606 8 0
6.06772 6.84698 15.1346 8 1
11.964 5.50155 18.6246 8 0
-2.09726 -18.9504 18.9452 8 0
7.40107 -19.677 21.1616 8 1
30 30 19.9504 8 0
23.5418 -28.5426 22.2305 8 1
8.50836 -7.61918 18.3205 8 0
-30 30 19.9504 8 0
-19.0986 28.146 20.519 8 1
17.8797 -7.9725 19.1087 8 0
-29.8389 3.32076 21.3806 8 1
-30 -30 19.9504 8 0
-11.2574 19.2283 20.8163 8 0
-16.2972 -28.6441 21.8946 8 0
-8.53951 19.5759 21.3476 8 1
15.8872 -13.4089 20.7008 8 0
-4.81842 -4.6073 14.0942 8 1
0.0857995 -2.98019 7.07642 8 0
8.99515 14.3552 19.6835 8 1
23.9509 -24.2916 21.1427 8 1
-7.15604 12.9388 18.1473 8 0
-0.892977 -3.69558 9.78575 8 0
24.6101 25.7873 21.8249 8 1
25.8098 22.5942 21.7686 8 1
-12.2672 5.55105 19.15 8 0
20.2289 -11.4449 21.3035 8 0
0.884751 3.39203 9.55069 8 0
24.3098 -23.0546 21.2102 8 1
-5.22113 -4.02205 13.0477 8 0
6.50188 -13.5999 19.9412 8 0
7.91171 10.6369 18.5467 8 0
-22.3134 -2.73096 21.1098 8 1
-22.6799 29.6102 22.066 8 1
-26.0898 -20.5424 21.5938 8 1
-29.972 -4.90141 19.9874 8 1
-3.30357 28.9855 21.0004 8 1
27.3728 16.6299 22.0015 8 0
-6.46022 -10.4237 18.7925 8 0
-9.20432 12.7083 19.5321 8 0
0.986773 -0.677344 4.51226 8 0
-2.45718 -4.29754 12.2545 8 0
30 0.663618 21.1577 8 0
-10.0351 -7.77442 17.6383 8 0
-1.53181 0.0383071 5.61927 8 0
1.18915 22.6606 20.9872 8 1
29.695 -29.4038 22.1046 8 1
4.5473 -2.77747 12.6289 8 0
-23.5176 2.77335 21.3613 8 1
29.8965 -24.9757 20.1971 8 1
0.33082 -22.1409 20.7692 8 1
-14.4458 -2.78656 19.5217 8 1
1.39952 -8.06513 15.377 8 0
-14.7127 26.0557 21.0037 8 1
-14.4292 -20.2932 21.5702 8 1
30 30 19.9504 8 0
-19.7624 -18.7704 21.1861 8 1
-30 30 19.9504 8 0
-30 30 19.9504 8 0
-24.4025 23.6899 22.0028 8 1
9.52718 -4.42035 17.7956 8 0
-30 30 19.9504 8 0
-3.07069 -6.4465 14.4529 8 0
-16.3849 29.0876 21.4877 8 1
-3.4593 15.7253 20.096 8 1
17.463 9.13067 20.6216 8 1
0.69379 -12.2975 18.4883 8 1
-23.0464 -12.7546 20.5986 8 1
3.25813 -28.7106 21.5199 8 1
-14.1327 10.6658 19.9957 8 1
-5.54989 -13.7933 19.5647 8 1
-16.492 7.58254 20.7899 8 1
8.08896 -21.1778 20.0058 8 1
-29.9227 26.512 21.7031 8 1
29.9071 -29.5028 21.7451 8 1
29.8674 -10.7695 21.006 8 1
-29.9699 -0.0264359 19.7539 8 1
-10.1975 -5.5175 18.1222 8 0
-3.45577 4.94948 13.2073 8 0
12.7704 4.44172 19.0947 8 0
-5.3353 -15.9418 19.6269 8 0
18.9684 -20.8926 19.936 9 1
7.94364 -6.79433 16.3238 9 0
2.97178 13.959 17.4078 9 0
0.119356 10.3809 17.1119 9 0
-8.61041 4.40765 17.1776 9 0
13.6384 -15.1665 20.6703 9 0
26.5036 -18.2626 21.9243 9 1
-28.6098 -21.9431 21.5101 9 1
2.96193 -2.51388 10.1848 9 0
1.67559 15.4735 20.0171 9 1
-13.2711 -8.17814 19.3479 9 0
-23.9478 -9.70026 20.824 9 1
-6.56527 -8.78384 17.7744 9 0
22.7792 2.09692 20.2801 9 1
6.33385 27.7756 21.5198 9 1
-23.9737 -24.4827 21.5649 9 1
19.3106 24.6145 21.9086 9 1
-21.7475 -21.7069 21.5911 9 1
-25.8737 -29.0424 20.3364 9 1
30 30 19.9504 9 0
-2.03691 1.9663 6.66466 9 0
28.9749 26.305 21.256 9 1
-4.96025 19.1354 19.2392 9 1
28.9423 28.4316 21.6408 9 1
-13.3149 14.6345 20.9111 9 0
19.8763 4.86876 19.6059 9 1
-17.8611 25.2161 20.9325 9 1
-2.44546 -5.11447 12.8376 9 0
-19.1289 10.5187 20.9465 9 1
-20.2178 -11.6968 21.0447 9 1
-3.95485 18.306 19.9428 9 0
3.04318 29.5229 21.4306 9 1
-12.9335 -3.36309 18.5567 9 0
10.6144 3.95214 17.5809 9 0
-9.13058 24.244 20.7725 9 1
19.845 23.105 20.483 9 1
-16.1286 -9.69342 20.1341 9 1
-29.7879 -29.4984 21.9826 9 1
12.6039 3.03981 18.4302 9 0
20.8147 3.43748 20.9382 9 1
6.1997 18.3855 20.63 9 1
-8.58492 2.17818 16.1942 9 0
23.9116 -29.9824 20.1164 9 1
30 -17.2343 20.8362 9 1
-0.381077 2.1486 7.09579 9 0
-12.3357 13.0649 19.918 9 0
-29.709 3.5439 21.8835 9 1
10.5289 0.985168 17.2296 9 0
23.4645 -4.63699 21.5958 9 1
30 30 19.9504 9 0
11.0205 -16.2712 19.9402 9 0
2.85524 15.8837 18.7045 9 0
-15.5222 3.4452 20.2266 9 1
30 -30 19.9504 9 0
0.720682 0.352103 4.18649 9 0
-27.5983 -0.237921 21.6238 9 1
18.651 30 21.351 9 0
11.707 -29.265 21.6517 9 1
1.97383 -14.517 19.2033 9 1
26.1108 -2.01473 19.811 9 1
3.24244 -5.58735 14.0282 9 0
-5.70334 5.87722 15.1986 9 0
-27.7607 -29.8683 21.205 9 1
-29.9861 21.7405 21.015 9 1
-25.1314 -21.0217 20.2206 9 1
-30 -24.3198 21.3 9 0
5.82362 -3.81969 13.7038 9 0
24.9044 26.4229 21.63 9 1
7.06523 8.02782 15.7223 9 0
28.6807 -3.88013 21.2183 9 1
-0.551355 3.06864 8.86918 9 0
-29.8385 27.4815 21.8614 9 1
-27.9787 -29.2985 21.2407 9 0
25.9445 22.377 21.4426 9 1
-30 1.46621 21.4211 9 0
30 -30 19.9504 9 0
30 -30 19.9504 9 0
10.4794 29.6709 22.0049 9 1
8.47063 6.73817 17.8013 9 1
2.97255 -27.8302 20.2527 9 1
-29.033 22.2025 20.7149 9 1
29.4226 -11.7672 21.8136 9 1
21.9945 -16.2387 20.592 9 1
-5.64215 5.93529 15.2798 9 1
29.4554 -22.2826 22.0519 9 1
-2.73281 -21.7205 20.9496 9 1
29.8525 -1.35503 21.4325 9 1
8.62647 21.247 21.2261 9 1
-23.0219 28.2989 21.1928 9 1
4.57809 -18.2285 20.6282 9 1
24.7304 24.2357 21.5853 9 1
-22.2425 24.552 21.896 9 1
6.62036 -1.91363 14.1048 9 0
-26.176 6.13984 20.55 9 1
-6.74911 1.91145 13.777 9 0
-25.7985 13.0937 20.623 9 1
-5.69234 -5.91181 15.171 9 0
2.1652 -29.9771 20.3186 9 1
1.31032 6.59701 14.441 9 0
26.7853 -24.0788 20.8626 9 1
15.0126 14.3195 20.3222 9 0
1.90911 -8.59468 15.9534 9 0
5.02708 12.2354 17.9243 9 0
-0.732123 2.50149 8.31082 9 0
1.44288 -8.54541 16.4592 9 0
8.06724 1.53599 15.4879 9 0
30 -30 19.9504 9 0
-30 -30 19.9504 9 0
4.8092 -1.85536 11.4395 9 0
-0.472745 -7.27369 15.0167 9 0
-4.33171 -8.70281 16.9845 9 0
-1.56835 -5.71636 13.4978 9 0
13.7143 -13.3065 20.6253 9 0
-3.9338 -6.68777 14.7369 9 0
8.87739 7.01722 16.3281 9 0
6.36855 1.69825 14.2366 9 0
12.727 7.37328 19.5641 9 0
8.78691 -8.87763 17.6928 9 0
-14.8251 8.04799 18.8543 9 0
4.40991 8.36702 16.9997 9 0
-18.3602 7.19153 20.6184 10 1
28.839 19.202 21.057 10 1
3.65139 -2.60976 11.608 10 0
-29.8909 10.2943 21.2059 10 1
-24.8332 13.7989 20.8651 10 1
0.232867 7.39243 14.9769 10 0
11.0005 -25.3622 21.125 10 1
11.3805 2.00542 17.6726 10 0
-10.9837 10.7453 18.8211 10 0
30 30 19.9504 10 0
27.9813 6.5726 21.3261 10 1
1.09918 5.17144 11.3471 10 0
5.53649 -5.64896 15.7267 10 0
7.57121 7.00084 17.0153 10 1
30 30 19.9504 10 0
27.3091 2.64327 21.694 10 1
-24.64 29.6694 22.0621 10 1
-9.93555 14.8481 19.0054 10 1
-26.0352 8.95811 19.6714 10 1
16.4056 -26.9895 21.4006 10 1
-16.3984 -23.2323 21.6524 10 1
-29.5931 -8.11138 21.4912 10 1
3.58738 9.37916 17.4304 10 0
15.2338 -16.5809 21.2103 10 1
-1.57671 -8.75365 16.3836 10 0
15.6232 16.0592 20.7627 10 1
29.2443 0.477619 21.7782 10 1
-22.7532 29.4152 21.9577 10 1
0.951519 3.00781 7.26165 10 0
-1.16315 -29.0868 20.4048 10 1
-25.3896 -4.48324 21.7824 10 1
5.27372 -11.3149 18.5346 10 1
10.6903 8.448 19.2879 10 0
-1.78723 1.83615 7.34494 10 0
-30 -30 19.9504 10 0
29.5111 29.6586 22.2015 10 1
2.70381 -24.1736 20.9853 10 1
30 -29.5996 21.5672 10 1
-13.5501 2.70698 19.3406 10 0
27.0955 -0.567326 21.3276 10 1
-23.7288 -9.96665 20.6669 10 1
5.22504 -10.4022 18.1442 10 0
28.9473 29.9942 20.0186 10 1
-29.8673 25.45 21.7706 10 1
20.8517 -22.9541 20.2931 10 1
0.785195 -0.179405 3.48844 10 0
-10.6051 -3.91706 17.6361 10 0
-15.7995 -6.4002 20.146 10 1
4.19975 -21.4024 21.0272 10 0
-11.5252 18.9042 20.9232 10 1
30 -1.61932 21.2892 10 0
-22.0206 17.7542 20.6885 10 1
9.47075 12.254 19.8765 10 1
-19.9119 -12.2289 20.3497 10 1
-17.2325 1.77894 19.8362 10 1
-26.6328 -29.831 21.7363 10 1
26.2398 -2.69237 21.3737 10 1
-11.2732 -2.18965 17.6572 10 0
-1.14251 1.80108 6.3256 10 0
4.88986 -28.9785 19.993 10 1
30 30 19.9504 10 0
-1.39648 -10.3906 17.7213 10 0
29.3973 28.2553 21.9961 10 1
-30 30 19.9504 10 0
-30 30 19.9504 10 0
-18.9524 -29.9057 20.1431 10 1
23.3824 -29.1251 21.6327 10 1
11.155 -7.72241 18.5672 10 1
-20.8808 -27.8252 20.7611 10 0
19.4078 -18.0919 21.2484 10 1
-30 30 19.9504 10 0
16.8042 -24.6215 21.5995 10 1
-24.2234 27.1329 21.0816 10 1
14.6654 -28.5384 22.0266 10 1
28.6205 7.47291 21.9885 10 1
0.0317726 0.673896 3.24135 10 0
-0.301499 -0.570851 3.92017 10 0
-25.4364 -19.4828 22.1192 10 1
12.6156 -11.1886 20.0453 10 0
-30 -30 19.9504 10 0
-7.95583 13.9736 18.0118 10 0
29.5856 29.7794 21.9519 10 1
8.88931 -4.16042 15.8101 10 0
3.24244 -5.58735 14.0282 10 0
-17.573 24.1747 21.6242 10 1
-8.07507 3.02031 14.2459 10 0
-5.55199 -12.2999 19.2183 10 1
6.90727 4.10208 14.0307 10 0
-9.90094 9.8149 18.1033 10 0
3.59543 -0.735209 10.1841 10 0
-3.23393 4.68352 12.9171 10 0
6.95746 10.8274 17.4321 10 0
0.0314407 0.0120263 0.12513 10 0
-7.59721 -5.29328 16.7386 10 0
7.57533 6.01929 16.5751 10 0
6.0631 -9.61065 17.6283 10 0
1.12916 -3.52136 10.0036 10 0
4.6691 1.32016 12.0152 10 0
8.26966 -5.45744 17.2119 10 0
2.26236 7.18879 14.6688 10 0
6.73659 -9.63664 18.2346 10 0
-5.98982 1.71898 12.9382 10 0
1.10249 -0.627341 4.94981 10 0
-0.505081 10.2157 17.3352 10 0
-30 30 19.9504 10 0
-0.926401 1.25629 5.14612 10 0
4.94678 8.82964 15.9 10 0
14.3253 29.6099 21.9858 10 1
13.3272 -3.96406 18.6297 10 0
11.46 14.1288 20.3219 10 1
0.506428 0.112718 3.24612 10 0
18.0087 5.83748 19.204 10 1
-11.0601 -11.3361 19.3584 10 0
-22.5074 27.74 22.0022 10 1
-6.85443 -11.9261 17.7381 10 0
-1.21778 29.8255 21.0351 10 1
15.8464 -22.2853 21.1089 10 1
-13.2882 19.4922 21.468 10 1
29.964 29.9966 19.985 10 1
12.6764 -23.4758 21.7705 10 1
-1.35868 -17.0552 19.7718 11 1
12.6969 11.6691 20.3075 11 0
-29.8384 29.9059 20.6958 11 1
-3.81451 4.68939 13.2002 11 0
-29.2087 28.9697 20.8013 11 1
0.81014 -7.3687 14.8515 11 0
-25.1259 -23.1655 20.7284 11 1
24.5991 -13.8206 21.5229 11 1
-0.508097 1.56973 6.49456 11 0
3.30389 0.815563 9.32357 11 0
-5.47961 -0.338048 13.0489 11 0
-23.5627 -5.22724 21.3829 11 1
-7.62323 -27.5581 21.9292 11 1
12.4132 27.3854 21.9857 11 1
-0.0325061 -4.09827 9.06293 11 0
3.68702 -3.39428 12.3166 11 0
-29.2835 29.2965 21.8813 11 1
21.6703 -6.1106 20.735 11 1
5.06631 -2.21736 11.8204 11 0
27.6222 23.2935 21.9878 11 1
-2.57542 -4.49184 12.7128 11 0
-23.7434 4.06605 20.5076 11 1
-30 -30 19.9504 11 0
2.9371 3.58741 11.3009 11 0
-0.0130777 11.0195 15.8052 11 0
-15.3169 29.6829 21.8762 11 1
6.48717 -2.12581 14.2382 11 0
-12.1719 -2.70147 18.1993 11 1
7.77551 -0.927316 14.4136 11 0
-24.7684 -4.74981 21.0945 11 1
0.506168 -2.43203 8.25807 11 0
-29.7223 29.9067 21.2758 11 1
0.9718 4.06868 9.073 11 0
30 30 19.9504 11 0
-6.16856 -4.73189 14.8504 11 0
-21.5065 -25.0386 21.5445 11 1
-1.86287 -0.0613967 5.15166 11 0
12.9852 -18.2191 20.0613 11 1
5.58748 -2.35114 13.7469 11 0
18.5053 28.6051 22.1479 11 1
28.3603 -19.2899 21.92 11 1
-29.3583 -10.9147 21.3577 11 1
10.8232 -5.2039 17.6183 11 0
2.75632 -12.1073 17.7561 11 1
-7.70341 7.01758 16.7139 11 1
-0.945034 -3.85955 9.1171 11 0
-5.42926 21.0274 20.749 11 1
0.452552 0.58878 4.30646 11 0
-17.866 -24.2706 21.1284 11 1
5.46407 -1.78516 13.1618 11 0
16.9611 23.1782 20.3535 11 1
12.9582 11.2373 19.2631 11 1
-27.6972 -1.90959 21.029 11 1
1.97456 7.33991 14.6383 11 0
30 6.78944 20.5963 11 1
30 -30 19.9504 11 0
26.6549 -29.9358 21.4537 11 1
5.01475 6.19604 14.2972 11 1
27.7281 30 21.117 11 0
29.7479 -29.8677 21.2753 11 1
0.24154 3.07082 8.16836 11 0
30 -30 19.9504 11 0
2.2291 6.06715 13.016 11 0
-4.2703 3.06643 11.7271 11 0
2.55444 -0.724671 8.40268 11 0
2.33147 3.79505 11.1652 11 0
3.91006 2.24745 10.6115 11 0
8.17909 2.3609 15.818 11 0
-29.9238 -29.3186 21.4001 11 1
-28.9197 25.6519 21.4734 11 1
25.0523 -29.8916 20.2707 11 1
-16.2283 16.6357 21.2005 11 1
-2.44017 -7.64769 15.8261 11 1
5.03996 6.34267 15.1253 11 0
-3.84727 3.99256 11.3925 11 0
-18.2517 -19.5989 21.6028 11 1
-30 -30 19.9504 11 0
-7.40899 7.9658 17.3538 11 0
-3.48997 -4.20015 12.7709 11 0
-30 -30 19.9504 11 0
7.21852 3.88705 14.833 11 1
-4.48071 -6.83949 15.6308 11 0
30 -30 19.9504 11 0
12.3523 4.73084 18.9398 11 1
30 30 19.9504 11 0
7.65044 2.08585 15.0561 11 1
1.39837 -1.66217 7.49305 11 0
6.93844 -9.77052 17.3508 11 0
3.79651 5.62082 14.251 11 0
30 -30 19.9504 11 0
-9.12224 -4.91174 15.9059 11 0
-30 3.82492 20.3722 11 0
-2.97836 27.4935 21.322 11 0
-2.26631 3.60342 11.126 11 0
-13.8619 21.7678 20.7374 11 0
6.15211 4.77735 14.6177 11 0
-3.42287 -9.83595 17.302 11 0
-0.534424 -24.7544 21.4932 11 1
2.34622 -9.404 17.1411 11 1
-27.9158 -28.1305 20.4788 11 1
11.4458 29.8946 21.5762 11 1
11.8546 26.6312 21.4279 11 1
-9.86683 -15.6993 20.0702 11 1
-25.3593 5.78152 21.4093 11 1
-15.6642 -11.7571 20.6737 11 1
26.0109 8.22724 20.5277 11 1
-29.802 22.289 21.5749 11 1
4.83087 6.38334 15.3917 11 1
-17.7276 19.5838 21.6361 11 1
-28.3299 -29.9172 21.4462 11 1
-27.9371 -26.9037 20.2418 11 1
25.7456 29.5916 21.9919 11 1
-17.22 -16.5321 21.3617 11 1
29.8881 -13.347 21.4232 11 1
10.5215 -18.9358 20.8188 11 1
22.6228 25.0566 21.4326 11 1
-7.81577 3.75146 15.6213 11 0
4.21206 4.32377 13.3013 11 0
-0.0379653 4.07997 8.96746 11 0
-1.76743 4.18201 10.895 11 0
-2.53109 -1.20634 8.56409 12 0
15.4424 25.7624 21.7809 12 1
7.93186 -18.8918 19.2902 12 1
-0.616717 -1.05459 4.78717 12 0
0.168016 -19.0778 19.3822 12 1
5.38491 -1.65805 13.18 12 0
-29.24 0.347761 21.6249 12 1
9.5758 17.4291 21.1086 12 1
-19.1146 28.4238 21.6264 12 1
25.6747 16.8826 21.3061 12 1
11.1273 -9.70631 19.0028 12 1
-3.53634 4.42591 13.3492 12 0
-4.63231 -15.1874 19.7361 12 1
26.6006 -20.5886 22.1095 12 1
19.6768 -25.1081 21.3167 12 1
11.8683 9.85589 18.5517 12 1
0.654376 -3.32414 9.72966 12 0
-26.1276 -25.7656 21.12 12 1
5.98173 0.935492 11.6213 12 0
28.5782 3.59185 21.9547 12 1
-0.586879 -3.32902 9.80451 12 0
5.52115 -7.03186 16.0754 12 0
-1.89447 17.5373 20.1558 12 1
3.38117 -2.07843 10.2325 12 0
-30 -30 19.9504 12 0
-29.9665 20.135 20.3274 12 1
-29.9904 -28.5854 21.5893 12 1
-29.8826 29.005 20.2763 12 1
29.9913 -29.4487 21.6405 12 1
-6.69653 -0.513578 14.4667 12 0
22.8073 15.6877 21.3339 12 1
-2.23766 1.96286 7.89907 12 0
5.70212 -24.3267 21.4502 12 1
5.53193 -5.20377 15.179 12 0
-0.0494924 1.15835 3.62948 12 0
1.60272 -2.39776 8.96755 12 0
25.1673 21.5311 21.7486 12 1
-8.90511 3.315 16.2612 12 0
16.7817 -29.9649 20.7645 12 1
2.07935 2.8763 8.39538 12 0
7.73331 -2.35432 15.6427 12 0
17.9971 -11.6926 20.3752 12 1
8.89259 14.0855 18.5515 12 1
30 30 19.9504 12 0
23.8201 -11.9117 20.3624 12 1
-30 30 19.9504 12 0
-9.15915 -9.55659 18.8221 12 0
29.6768 -5.23802 21.6046 12 1
-4.23712 -9.30538 17.13 12 0
-7.02542 21.2604 20.2898 12 1
0.503426 0.484269 4.23077 12 0
-0.834357 -0.89563 3.98358 12 0
-4.22321 8.028 15.3943 12 0
14.8383 22.5431 21.4744 12 1
6.37595 -6.80212 16.5446 12 0
-0.57372 2.543 8.49039 12 0
-12.0231 -10.092 18.0528 12 1
-0.109109 -4.45525 11.1583 12 0
-0.302812 5.80944 12.9136 12 0
-0.930223 -1.85737 5.66036 12 0
30 30 19.9504 12 0
18.391 -9.92411 20.6185 12 1
-2.65932 5.6326 13.8844 12 0
18.3766 0.661432 20.6962 12 1
-30 30 19.9504 12 0
-30 -30 19.9504 12 0
-30 30 19.9504 12 0
-20.3232 22.8682 21.3309 12 1
4.16644 -0.26194 10.3985 12 0
-19.93 -15.085 19.7171 12 1
-3.6838 -2.80295 11.3636 12 0
-0.144585 -1.54743 5.82132 12 0
0.243125 0.980643 3.70267 12 0
-17.2583 -29.8359 21.3058 12 1
-3.37408 -0.367672 9.84014 12 0
25.3801 21.2137 21.7548 12 1
5.92624 9.27163 17.0378 12 1
0.60186 21.6549 21.2785 12 1
30 -27.6074 21.5397 12 1
-12.902 -23.9692 19.8359 12 1
0.418642 12.8731 18.5657 12 1
1.32678 -7.40041 15.283 12 0
-10.8486 -25.2799 21.0919 12 1
-30 30 19.9504 12 0
-19.084 18.8406 20.2512 12 1
-4.0707 2.9535 10.3625 12 0
29.4847 -12.0027 21.4943 12 1
-3.2767 -6.76509 14.8457 12 0
15.2658 21.9418 20.744 12 1
30 30 19.9504 12 0
-1.08249 1.34874 5.9031 12 0
3.97766 4.14857 11.6369 12 0
-30 -30 19.9504 12 0
-0.0707512 1.90191 5.07604 12 0
-7.46116 0.802799 15.0734 12 0
30 -4.69904 21.0367 12 0
4.3657 -30 21.2609 12 0
29.3171 18.1542 21.4841 12 1
-28.9804 -23.3248 21.3047 12 1
-7.9198 2.99014 14.1254 12 0
2.91928 -9.64805 16.7624 12 1
0.39218 -0.63446 4.23449 12 0
17.7071 -23.242 21.4998 12 1
-29.5822 22.6119 22.1729 12 1
-6.34312 -13.1478 19.1569 12 1
5.90894 5.22041 14.4904 12 0
13.4985 8.07919 19.6153 12 1
5.64917 10.5342 18.5732 12 0
-0.45071 16.0462 19.6496 12 1
18.0912 -3.14804 19.1759 12 1
4.85093 25.7055 21.052 12 1
-0.878105 -2.45 7.9856 12 0
1.90732 -0.355255 6.40049 12 0
4.95415 1.872 10.9766 12 0
-2.01021 -0.278016 6.19898 12 0
-27.8674 -29.9977 20.3497 12 1
-29.9487 4.86092 20.2296 12 1
-1.12535 -1.81823 6.18575 12 1
-3.67331 -25.8512 21.1528 12 1
-23.7893 -7.24684 20.9831 12 1
-21.9647 28.9711 19.9381 13 1
20.3627 22.7413 21.7485 13 1
-26.4845 29.372 22.214 13 1
-28.3893 19.4262 22.1285 13 1
-4.8211 7.16749 15.2331 13 0
-9.91703 -16.1678 19.3755 13 1
1.33034 -0.20983 5.29714 13 0
-12.8977 -13.8436 19.372 13 1
-6.51555 -29.6059 22.0331 13 1
-2.05957 -21.8186 19.854 13 1
-20.898 2.11289 19.5108 13 1
0.146708 6.57608 13.9612 13 0
12.8557 -29.9504 20.3286 13 1
29.9821 11.9045 20.0263 13 1
-21.7366 25.6549 21.8224 13 1
-7.08884 8.74336 17.1506 13 0
-27.0835 -17.3716 21.4163 13 1
-8.07979 1.995 13.9986 13 0
-2.60278 4.26932 12.2257 13 0
-3.08602 2.15588 8.94528 13 0
-25.174 -28.0696 20.6424 13 1
26.183 26.4371 21.8413 13 1
-27.6873 -22.7932 21.649 13 1
22.4622 28.3874 22.178 13 1
-14.0596 -21.2764 20.7089 13 1
-19.1888 29.9983 20.5996 13 1
4.76883 3.32734 13.0905 13 0
28.5337 23.9658 21.6157 13 1
-29.9906 -24.1508 20.4264 13 1
5.05063 1.33823 11.9298 13 0
18.2878 8.07941 20.1561 13 1
-2.62796 -2.53496 10.3508 13 0
0.691401 3.01201 8.42417 13 0
-30 -30 19.9504 13 0
7.56588 4.5051 16.5773 13 0
0.0345824 2.048 5.12152 13 0
15.5109 -21.22 21.5653 13 1
30 30 19.9504 13 0
-0.0409518 0.0401068 0.247744 13 0
-0.289032 1.03927 4.10972 13 0
30 -30 19.9504 13 0
22.6188 8.48202 21.6401 13 1
-28.0508 24.8402 20.516 13 1
9.21881 -2.87097 16.0576 13 0
30 30 19.9504 13 0
21.2357 29.895 21.0539 13 1
30 30 19.9504 13 0
2.93356 -1.30038 8.66232 13 0
0.791456 7.15657 13.9935 13 0
3.37913 7.08309 15.0528 13 0
0.631861 -16.0916 19.5824 13 1
-30 -30 19.9504 13 0
3.48571 -4.4661 13.3697 13 0
23.9144 29.051 20.1513 13 1
-4.92172 3.76223 12.7756 13 0
28.1442 25.9411 20.4595 13 1
-7.0491 4.45368 15.5703 13 0
-10.9045 11.2832 19.1818 13 1
7.44581 -28.8887 21.5088 13 1
18.4532 0.902117 20.3195 13 1
-5.82227 26.0746 20.3158 13 1
5.33913 4.81429 14.5493 13 0
-17.9304 24.8338 20.4331 13 1
30 -30 19.9504 13 0
-3.28644 4.90095 12.6964 13 0
25.7229 21.7763 21.5506 13 1
-5.33667 30 21.1769 13 0
0.0513568 1.14563 3.53302 13 0
5.45794 -4.55499 15.0144 13 0
30 -30 19.9504 13 0
0.787441 7.38349 14.9456 13 0
-9.97666 -22.737 20.5468 13 1
-29.8043 -6.26476 21.32 13 1
15.8479 -24.2795 21.17 13 1
29.0113 25.0427 19.9631 13 1
7.73629 -26.1558 21.0297 13 1
4.04422 6.22528 13.971 13 0
-3.62023 -3.41712 12.3761 13 0
6.84914 6.88935 15.6904 13 0
4.75231 -0.542671 11.9279 13 0
1.12133 -0.136201 3.67849 13 0
30 -14.768 20.7973 13 1
28.6265 26.9357 21.5256 13 1
-5.77567 2.51585 13.8539 13 0
14.4836 15.2626 21.1134 13 1
-0.503744 1.61509 6.5571 13 0
0.095378 4.20176 9.92573 13 0
3.03892 -3.93335 10.2508 13 0
16.973 -29.8417 20.4133 13 1
5.4127 -14.8461 19.7109 13 1
6.25676 -9.02627 16.8837 13 0
-6.42899 -11.7696 19.0394 13 1
-8.18107 -5.96523 15.9314 13 0
25.4017 -29.3771 22.171 13 1
-2.01188 -2.18528 7.57189 13 0
29.8571 -13.3816 21.5774 13 1
0.663364 2.85859 8.45361 13 0
-13.3604 16.8828 20.7141 13 1
0.0662274 2.46615 7.6398 13 0
-22.3833 24.0881 21.4719 13 1
-1.52797 1.98116 7.67414 13 0
18.3225 -28.3731 21.9838 13 1
-6.37888 -1.90198 13.8692 13 0
30 -30 19.9504 13 0
-1.60535 0.839952 6.35792 13 0
-1.67134 1.76838 7.70561 13 0
-0.239876 2.52667 8.11933 13 0
2.18233 -13.4552 19.0484 13 1
29.346 4.50393 21.9612 13 1
-29.2273 27.2783 21.6657 13 1
-24.5183 -4.19787 21.4103 13 1
-30 -30 19.9504 13 0
3.74092 -9.58585 17.4184 13 1
0.335865 3.79418 10.1608 13 0
-12.2484 -29.3029 21.6403 13 1
-0.0513323 0.899602 2.70512 13 0
-29.1939 22.938 20.7259 13 1
-30 9.87242 20.1541 13 0
10.9112 -24.9436 19.8501 13 1
29.7208 -24.2603 21.7464 13 1
26.1833 19.0649 20.5734 14 1
2.88122 -1.62257 9.18042 14 0
25.3789 -28.8968 21.5943 14 1
0.357331 2.20333 7.28666 14 0
0.529207 0.723819 4.53661 14 0
5.46401 -3.45892 14.3255 14 0
10.6249 -13.8423 20.0995 14 1
-3.7691 2.75043 11.3167 14 0
30 30 19.9504 14 0
15.6958 -26.0043 21.0507 14 1
4.71153 1.26585 11.842 14 0
-29.9433 -27.2479 21.0447 14 1
30 30 19.9504 14 0
29.9482 21.3523 21.418 14 1
-2.5565 4.23379 12.1226 14 0
30 -18.1151 20.1791 14 1
-5.88776 9.9258 16.5206 14 1
3.15573 0.366811 9.01092 14 0
26.5572 -25.2486 21.977 14 1
0.0719217 3.84464 9.03274 14 0
21.9505 -26.5425 21.5712 14 1
-30 -30 19.9504 14 0
28.7352 29.6712 21.9075 14 1
7.06372 14.0297 17.9588 14 1
-1.00869 1.81854 5.78424 14 0
-9.35644 -27.7562 21.6526 14 1
-21.527 -11.1746 21.3033 14 1
-0.132432 3.01541 7.36387 14 0
4.46378 -0.838422 11.397 14 0
6.23224 5.82924 15.3929 14 0
29.0889 23.4038 21.6036 14 1
1.20398 0.919888 4.78878 14 0
1.10473 2.21989 7.00218 14 0
6.63497 -6.07327 15.9889 14 0
-26.8469 -9.1369 20.5117 14 1
-0.445969 11.6558 18.4035 14 1
-30 30 19.9504 14 0
-0.63134 2.02253 6.728 14 0
-1.57259 2.58107 9.26212 14 0
-30 30 19.9504 14 0
5.67284 -2.25695 13.5089 14 0
-14.2691 -19.0005 20.4709 14 1
-1.74963 -4.79589 11.8509 14 0
0.387533 -0.473234 3.95801 14 0
26.9301 -13.9825 19.8601 14 1
6.15126 -16.5401 20.2454 14 1
27.5472 17.2265 21.849 14 1
-1.46699 4.16549 11.2186 14 0
-22.5512 -3.02966 20.9003 14 1
8.47462 -11.0362 18.9296 14 1
-2.039 -3.89382 9.57087 14 0
-24.5993 19.3124 21.9277 14 1
1.27873 4.41568 11.6849 14 0
-28.705 2.16091 21.2427 14 1
-13.3079 29.851 21.3956 14 1
2.36949 2.37631 9.77757 14 0
16.0652 3.94074 18.2701 14 1
24.7302 -17.0972 21.0177 14 1
-30 30 19.9504 14 0
-0.468072 -3.37759 9.94242 14 0
29.7916 -24.08 20.8661 14 1
-1.79643 -4.62471 11.9926 14 0
-1.01305 -25.9577 19.5442 14 1
-7.35922 11.752 19.1707 14 0
-0.0011692 -28.8 20.4535 14 1
2.33498 2.15449 8.92864 14 0
-0.86911 29.4235 21.505 14 1
-30 -29.4255 21.6105 14 0
-1.8663 -24.1444 20.1675 14 1
1.99854 0.325462 6.38625 14 0
-5.25394 -1.22206 12.3138 14 0
-1.57206 1.59759 7.72752 14 0
0.85347 0.466469 4.45845 14 0
-0.062267 5.17955 11.1379 14 0
-30 30 19.9504 14 0
0.948146 0.495249 4.55185 14 0
2.47554 5.70863 13.8858 14 0
6.06676 -29.4617 21.4626 14 1
-29.5223 14.7531 21.9148 14 1
-21.4211 -26.5471 22.1583 14 1
29.2325 -2.41588 21.7165 14 1
-0.1285 3.42178 9.48589 14 1
-17.1591 -11.8337 19.9849 14 1
-29.8963 20.7975 20.8784 14 1
-28.1877 -27.7563 21.4095 14 1
27.9718 -23.3115 21.2474 14 1
-14.5196 -25.7976 21.7088 14 1
30 30 19.9504 14 0
-3.1152 27.1914 20.5601 14 1
-2.42435 -3.45738 11.3152 14 0
19.6594 24.6011 21.9748 14 1
0.102538 0.569026 3.34108 14 0
-7.32528 -0.134527 14.5121 14 1
30 -13.5467 21.5064 14 0
-15.7184 -29.2228 21.5487 14 1
0.336943 -0.402132 3.63581 14 0
-29.3225 15.3988 21.9966 14 1
-0.518433 1.3885 6.08494 14 0
-29.9727 28.8834 20.2891 14 1
4.36723 2.15988 11.7424 14 0
-20.3125 11.5348 21.4763 14 1
4.85324 1.02709 10.5879 14 0
-0.609042 0.882127 4.54957 14 0
1.30114 1.4546 7.01352 14 0
0.493804 -1.66989 6.60728 14 0
0.717237 0.170109 3.54981 14 0
5.35674 4.75425 14.7122 14 1
-5.0279 -3.27786 12.6601 14 0
29.9121 -19.3486 21.4435 14 1
-27.6871 -29.7928 21.7128 14 1
-10.2826 6.69225 18.4341 14 1
-30 -30 19.9504 14 0
-29.8145 -27.8544 21.0039 14 1
-7.25239 5.75158 16.3192 14 0
-14.3573 -11.4927 20.7899 14 1
7.98637 -28.3201 21.0767 14 0
-10.0228 -24.4126 21.1687 14 1
-25.6452 -1.25214 21.457 14 1
28.1848 -25.8277 21.0859 14 1
29.6656 -27.3798 22.1124 14 1
1.9262 -29.6903 21.1187 15 1
-18.1228 -29.4486 21.6772 15 1
-3.07967 0.039898 7.26345 15 0
-4.24862 -2.16713 11.242 15 0
16.8703 19.4144 21.2747 15 1
6.63445 8.79934 17.6734 15 1
27.4151 28.8303 21.8184 15 1
-30 -30 19.9504 15 0
0.838014 -2.66335 8.23913 15 0
-2.61112 28.6982 21.7975 15 1
29.959 -29.2014 20.7794 15 1
28.8654 5.40836 21.4881 15 1
-10.0405 -18.2082 19.8142 15 1
-24.056 -17.1146 20.0824 15 1
8.61285 -5.99008 17.0552 15 1
2.16832 1.09129 6.58428 15 0
-0.386415 0.248805 3.28902 15 0
-0.193806 -0.89033 3.38775 15 0
26.8647 -29.6975 21.4662 15 1
-1.54109 2.29261 8.6459 15 0
-17.8592 -16.5991 21.1678 15 1
2.21306 2.58374 9.62828 15 0
-29.0025 28.0605 20.0292 15 1
-30 -30 19.9504 15 0
30 -30 19.9504 15 0
-29.9694 -27.0786 20.1149 15 1
22.5961 23.696 21.9623 15 1
-25.3423 -22.6691 21.9591 15 1
-23.7766 -29.9261 20.9289 15 1
-29.6104 10.6608 21.963 15 1
1.61242 -0.0755658 5.73383 15 0
17.2083 2.25581 19.8823 15 1
0.899705 0.50939 4.52963 15 0
2.87384 -2.14056 8.7186 15 0
29.9984 28.9976 19.9455 15 1
2.28125 -0.140032 6.99464 15 0
-9.52676 26.4095 21.9402 15 1
25.3863 25.0756 21.5204 15 1
-24.3705 -27.5697 22.1573 15 1
-15.1172 -27.0774 20.2157 15 1
12.3353 -25.5063 21.8844 15 1
30 -30 19.9504 15 0
27.4088 -22.8003 21.8217 15 1
28.8597 -28.7902 21.0984 15 1
30 -30 19.9504 15 0
22.237 21.1647 21.1132 15 1
30 -30 19.9504 15 0
-3.98698 0.411655 10.2958 15 0
-5.91175 29.6127 21.3924 15 1
-0.766055 -1.91204 6.16294 15 0
0.995237 1.34176 5.67158 15 0
-0.0463971 1.52939 5.62234 15 0
-30 -30 19.9504 15 0
0.0175667 13.1975 17.6923 15 1
14.5568 0.691713 19.6483 15 1
-15.8963 2.01636 18.1969 15 1
-0.0195998 -0.70555 3.18724 15 0
12.6319 -29.4245 22.0452 15 1
29.5394 -7.42351 22.0536 15 1
-4.80422 0.00977457 10.6334 15 0
24.1157 29.8292 20.7856 15 1
30 30 19.9504 15 0
0.220117 1.79456 5.97017 15 0
1.83795 2.28081 8.32069 15 0
-30 24.0891 20.1132 15 0
27.4341 -17.7312 21.9247 15 1
3.92591 -2.74029 11.04 15 0
1.40785 -1.72934 7.511 15 0
0.745446 0.988148 4.30693 15 0
-16.5016 17.7218 21.5116 15 1
-27.5737 -0.707203 21.7539 15 1
-1.31938 18.5186 20.7775 15 1
19.0763 19.0204 19.7163 15 1
5.76446 29.9573 20.7562 15 1
5.32604 28.2238 21.5116 15 1
28.8035 26.258 21.4875 15 1
7.55404 -16.4762 20.7966 15 1
8.55101 -26.4784 21.9483 15 1
12.2924 -26.5936 21.8226 15 1
-2.55716 2.21624 9.62904 15 0
-25.803 6.92462 20.4233 15 1
30 30 19.9504 15 0
0.140444 1.00911 3.13872 15 0
2.92084 -0.444105 8.57824 15 0
0.658094 -3.6145 10.3002 15 0
0.537244 1.45532 6.27782 15 0
9.70118 17.5833 20.9921 15 1
-0.312253 -0.188903 2.72768 15 0
15.2251 4.53567 19.9394 15 1
-0.809287 2.12525 6.51123 15 0
-18.6526 -29.9841 21.3487 15 1
-13.016 -20.5456 21.0587 15 1
-28.1344 5.76371 20.9188 15 1
2.94259 -25.1643 20.0992 15 1
27.9863 -11.2971 21.0159 15 1
-27.6635 29.7786 21.81 15 1
-4.12613 -2.47354 11.7219 15 0
3.99246 -0.868369 9.18423 15 0
3.57539 -0.567332 10.3257 15 0
-5.26033 6.24802 15.4434 15 0
1.41287 1.4468 7.28595 15 0
4.31166 -0.0916636 10.591 15 0
0.73037 1.57689 6.47222 15 0
-0.499386 1.60982 6.54753 15 0
-3.16206 -2.30471 10.1195 15 0
0.570052 -1.60062 6.56528 15 0
0.891307 1.5167 6.22702 15 0
-1.41375 3.66926 10.7384 15 0
6.10458 23.5927 21.1026 15 1
30 -8.86061 20.2076 15 1
-15.9828 -15.8812 19.5188 15 1
-27.6506 9.69043 21.7792 15 1
-4.40745 2.21795 12.0368 15 0
0.012813 -0.482774 3.03734 15 0
-1.2758 -0.544137 5.71023 15 0
3.22448 5.01029 12.3228 15 0
5.08817 4.85366 13.2482 15 0
30 30 19.9504 15 0
5.84887 -4.47888 14.8471 15 0
-10.6897 30 21.1267 15 0
-14.4515 12.9889 20.4151 16 1
29.4261 27.8909 21.7118 16 1
-1.44243 -1.40062 7.25044 16 0
30 30 19.9504 16 0
1.07344 0.835188 4.19854 16 0
-17.3707 -29.9283 21.4564 16 1
-2.56254 3.46754 11.4625 16 0
-29.7442 7.87959 21.0479 16 1
26.7246 4.63832 21.6178 16 1
20.4037 -15.9438 21.145 16 1
0.217671 2.36066 7.61235 16 0
0.921074 -0.234945 3.60659 16 1
22.4914 20.1014 21.5302 16 1
0.579932 0.718288 4.58179 16 0
-27.7538 12.538 21.8262 16 1
-29.8319 -23.2025 21.1416 16 1
-28.7822 21.9529 20.8147 16 1
-30 -30 19.9504 16 0
-27.3154 1.5183 21.8022 16 1
18.7115 26.3859 21.9034 16 1
-17.9094 -29.7764 20.9163 16 1
-28.1842 10.7522 21.2063 16 1
24.5736 -29.9649 21.5937 16 1
-29.7186 -10.0828 21.083 16 1
-0.0333576 -29.3188 21.0791 16 1
-27.2267 -29.7585 21.5471 16 1
-0.0123032 0.879497 2.68993 16 0
27.7752 29.8326 21.2692 16 1
-0.634314 3.1994 9.27 16 0
22.8698 -10.3138 20.9846 16 1
29.9195 -10.9612 19.9815 16 1
-29.9655 19.7062 21.1705 16 1
-7.47956 27.9812 21.3849 16 1
30 2.54168 21.418 16 1
-25.7734 29.3937 21.9122 16 1
23.5021 -29.9999 21.627 16 1
-27.2058 -26.3421 21.7515 16 1
-21.5805 -4.10689 20.8682 16 1
4.6839 -5.99415 14.5508 16 0
30 -30 19.9504 16 0
-29.9845 -25.2896 21.1861 16 1
-5.31983 -6.63527 16.1294 16 1
-19.5838 -25.009 21.4251 16 1
-2.04413 3.52172 10.4882 16 0
29.8757 15.686 21.3761 16 1
29.9987 16.0844 20.0179 16 1
15.8408 -24.8409 20.6915 16 1
-2.62833 0.704494 8.49245 16 1
4.24734 -1.22354 10.9187 16 0
-18.455 -22.687 21.8883 16 1
0.542586 4.59013 11.9106 16 0
-7.7094 26.02 20.84 16 1
14.1315 -12.5689 20.4482 16 1
2.46106 -0.380507 8.22812 16 0
26.3746 -25.5107 22.18 16 1
-3.83063 2.99711 10.5638 16 0
27.4457 9.54802 22.0027 16 1
-28.3403 -19.592 22.0624 16 1
27.8335 -23.0845 20.6212 16 1
4.28959 -2.75053 12.1038 16 0
5.32219 5.07159 14.3868 16 0
1.32206 2.92368 8.76165 16 0
0.948199 0.569957 4.5934 16 0
-0.238539 0.120503 1.96917 16 0
-1.00502 3.91196 8.89901 16 0
0.156741 -0.503963 3.35686 16 0
-1.09999 0.636981 4.92719 16 0
-1.71521 -0.630743 6.63504 16 0
0.439384 0.832483 4.40579 16 0
0.44364 1.56097 6.42614 16 0
0.485798 0.77823 4.48804 16 0
5.26566 0.552689 12.666 16 1
0.486752 -0.639398 4.42566 16 0
13.6852 -19.4049 21.4797 16 1
-21.3787 -29.9715 21.4696 16 1
15.4956 -20.0148 21.1626 16 1
-16.3134 26.3495 21.8538 16 1
-3.81118 1.10556 9.51911 16 0
-1.59829 -29.9163 21.4042 16 1
-30 30 19.9504 16 0
13.2666 -1.62796 19.0267 16 1
-0.282076 1.17004 4.69745 16 0
-16.837 20.0687 20.1837 16 1
2.04887 -0.0131466 5.09849 16 0
-30 30 19.9504 16 0
21.0708 29.98 20.0269 16 1
-30 -29.7493 21.0221 16 0
-1.02417 -0.437714 4.60039 16 0
-1.80493 0.252845 6.08871 16 0
-8.80688 -29.131 20.7746 16 1
30 30 19.9504 16 0
-3.18642 -2.62289 10.7122 16 0
-1.71206 2.73821 9.19459 16 0
-0.331411 1.24449 5.25185 16 0
0.462368 0.3656 3.87665 16 0
-0.0540765 -1.24494 4.32182 16 0
-3.86002 2.28779 10.8922 16 0
29.5871 -16.0519 21.4992 16 1
-30 -30 19.9504 16 0
0.830994 0.132538 3.17614 16 0
0.310364 3.16705 8.90025 16 0
-2.92888 5.13107 11.8405 16 0
27.5448 -6.83044 21.5689 16 1
-0.0609534 2.26633 6.69366 16 0
16.2085 -30 20.682 16 0
30 30 19.9504 16 0
20.0904 -25.4406 21.5572 16 1
-8.48687 -4.57209 17.2145 16 1
-30 30 19.9504 16 0
-26.4768 14.2402 21.8046 16 1
-20.4364 -28.7574 21.9363 16 1
-30 30 19.9504 16 0
-25.4146 26.7413 21.9767 16 1
0.584385 0.565143 4.47977 16 0
-2.47065 -0.410314 8.28259 16 0
5.19576 1.38375 12.5544 16 0
-3.22044 2.05693 9.31622 16 0
-1.17373 -1.14414 5.14178 16 0
0.320294 0.860291 4.04177 16 0
1.64561 -1.41299 7.52057 16 0
-23.1288 29.1275 20.6147 17 1
0.0972489 0.77837 3.17259 17 0
4.25103 9.24337 16.9564 17 1
0.421427 2.76957 8.57607 17 0
29.4095 17.1417 21.6572 17 1
3.14782 0.72134 8.81749 17 0
-26.9641 -16.3593 21.3013 17 1
20.6581 13.2147 21.2451 17 1
-23.8423 -22.1301 20.666 17 1
4.162 -2.97205 10.8876 17 0
10.2623 -17.4301 20.9614 17 1
24.0193 20.7379 20.9121 17 1
1.8425 -1.0963 5.96408 17 0
-2.76027 29.925 20.8206 17 1
-17.1194 22.7498 20.9208 17 1
0.450237 2.85117 8.58534 17 0
-30 -30 19.9504 17 0
-17.1834 -20.4116 21.4575 17 1
-4.8995 14.4518 19.4783 17 1
-14.0335 16.6374 20.6192 17 1
-0.567062 26.4962 21.8626 17 1
30 29.7516 21.0106 17 1
0.588669 1.13494 5.11575 17 0
28.6147 -6.72815 21.7639 17 1
-28.3016 -1.54829 21.8259 17 1
9.58908 -2.25961 17.1178 17 1
28.7357 -28.8157 21.4862 17 1
1.73097 -0.644594 6.62329 17 0
13.7155 25.995 20.9247 17 1
-0.120955 -1.36123 5.19146 17 0
30 -30 19.9504 17 0
-30 -30 19.9504 17 0
4.65133 -3.6924 13.4564 17 0
-0.957096 23.0644 19.39 17 1
28.1524 17.2035 20.99 17 1
1.18127 0.229301 4.53254 17 0
-28.4963 5.16843 21.6102 17 1
2.51825 -3.50153 11.4817 17 0
5.88716 4.47457 14.7976 17 1
-1.78104 3.71491 10.562 17 0
3.75836 -1.15053 9.87126 17 0
29.6003 -15.4396 22.1206 17 1
1.68729 -4.06598 10.6826 17 0
28.9243 -27.13 20.4486 17 1
13.5268 25.5114 22.0104 17 1
1.22108 -3.50266 10.2184 17 0
1.14379 0.342193 4.78902 17 0
26.5519 -26.2581 22.0094 17 1
-25.639 29.2035 21.7984 17 1
0.0682716 0.542293 3.23336 17 0
-5.18729 -5.88671 14.3553 17 1
-13.2812 17.6418 21.1751 17 1
29.8548 -4.28058 21.203 17 1
3.47697 1.37252 10.4997 17 0
4.78057 1.93684 11.3301 17 0
-16.6937 29.9997 21.1758 17 1
-2.95615 -0.794483 7.88853 17 0
2.65028 1.73332 9.23036 17 0
-23.6136 -8.87395 21.1801 17 1
28.7114 -25.2862 21.8367 17 1
27.2841 29.9982 21.1713 17 1
30 -30 19.9504 17 0
11.8446 -29.969 20.3476 17 1
-1.11171 -2.89787 7.63731 17 0
21.2682 -21.0314 20.8847 17 1
-26.4922 -21.667 22.0871 17 1
-24.7259 13.5529 21.7693 17 1
0.680437 2.13336 7.01625 17 1
29.9332 -23.9218 20.1762 17 1
29.6205 -5.81037 21.6017 17 1
19.4439 -3.25398 20.8697 17 1
30 -30 19.9504 17 0
29.2956 -21.1282 21.3697 17 1
18.668 24.3972 21.9344 17 1
-29.4659 29.7493 22.0525 17 1
6.83669 -18.7773 20.1222 17 1
14.9591 -3.98235 17.8124 17 1
3.78873 -0.629099 10.3005 17 0
-4.42194 29.5058 22.0338 17 1
24.7584 9.35151 21.4822 17 1
29.7837 14.5365 21.8513 17 1
1.13046 -3.32208 9.41209 17 0
-20.5638 -11.2138 21.2835 17 1
30 -30 19.9504 17 0
-3.32309 18.1495 20.1705 17 1
30 30 19.9504 17 0
-29.9053 11.6618 21.3419 17 1
4.34764 2.66421 12.4139 17 0
2.43158 -0.528126 8.26318 17 0
-30 -30 19.9504 17 0
26.3627 -11.5426 21.9307 17 1
2.20612 -1.57386 8.35272 17 0
18.172 -29.4356 21.769 17 1
-0.381937 2.01146 6.60728 17 0
4.43645 3.01601 12.3149 17 1
3.471 1.94006 10.3473 17 0
28.8932 -2.51036 21.4892 17 1
0.220962 -2.9381 7.79457 17 0
30 30 19.9504 17 0
-28.3115 25.9736 21.2747 17 1
1.16601 -0.546351 5.25118 17 0
0.34373 0.29574 3.30316 17 0
30 30 19.9504 17 0
0.923908 -4.05769 9.12752 17 0
4.59619 -2.86825 12.4932 17 0
2.64134 -3.70863 11.572 17 0
-30 30 19.9504 17 0
-22.1392 30 20.3437 17 0
3.08509 -0.867221 7.85521 17 0
-0.322769 -0.496394 3.83835 17 0
0.426276 2.00735 6.70264 17 0
1.52364 -1.04409 6.3294 17 0
-2.85339 -4.09807 10.813 17 0
-1.01584 1.19906 4.7791 17 0
0.67937 -3.69772 10.2794 17 0
-0.125488 -3.21293 8.42923 17 0
-1.3697 0.275266 5.64734 17 0
2.06992 1.62174 7.83333 17 0
1.57495 -0.874487 6.30523 17 0
-0.129257 -0.192125 1.67755 17 0
-22.754 -28.2995 21.7317 18 1
-9.25808 17.2826 20.5878 18 1
1.92846 29.3117 21.1057 18 1
16.1426 -11.6537 20.4925 18 1
0.981311 -1.08181 3.91126 18 0
23.6498 12.0718 21.082 18 1
25.055 -23.9651 19.9622 18 1
0.343733 -0.305357 3.33855 18 0
-27.1961 1.43904 21.5508 18 1
4.06156 29.4052 21.3674 18 1
0.525463 -18.5816 20.8803 18 1
0.572157 -0.492807 4.35689 18 0
0.244556 -0.348178 3.12449 18 0
-3.40695 1.60782 10.5324 18 0
20.3227 21.4347 21.9044 18 1
1.26522 0.422695 5.54407 18 0
-28.2801 -24.0948 21.2367 18 1
30 30 19.9504 18 0
21.0795 17.9367 19.8596 18 1
0.501265 0.565208 4.36144 18 0
-15.6372 20.5023 21.7586 18 1
-27.3067 -6.3635 21.7334 18 1
-2.97141 4.90024 11.3731 18 0
1.58247 -1.06277 6.41666 18 0
-0.386126 0.13975 2.90307 18 0
30 30 19.9504 18 0
-30 -4.88935 20.0261 18 1
-3.46351 3.08699 11.3992 18 0
-24.1854 11.3858 21.4261 18 1
2.62793 8.79862 16.4386 18 1
-13.4543 10.4732 20.5461 18 1
-30 30 19.9504 18 0
29.7138 -10.587 21.9045 18 1
10.9454 29.9004 20.0951 18 1
-30 30 19.9504 18 0
-0.402761 -0.0713746 2.80052 18 0
27.4683 27.0551 21.6521 18 1
29.9973 27.4716 21.6469 18 1
24.7211 -19.1621 21.2904 18 1
-2.22398 2.18961 8.54972 18 0
-1.06701 -0.0540197 2.99395 18 0
1.40005 -4.5915 12.1357 18 1
-3.51299 4.68294 13.4838 18 0
-30 30 19.9504 18 0
0.114412 0.314958 2.44935 18 0
-2.67964 0.419353 8.56833 18 0
-4.76009 16.5251 20.3312 18 1
-0.0602885 0.0709127 0.481197 18 0
-5.98489 25.3465 20.9782 18 1
-21.6077 -2.15883 20.9027 18 1
-4.38163 -1.65314 11.8849 18 0
30 -20.3895 21.4772 18 1
29.9326 0.0832958 19.9957 18 1
1.36135 1.68066 7.40181 18 0
2.3946 1.38335 8.72705 18 0
11.7122 -9.4451 19.7811 18 1
10.8369 18.5216 20.9665 18 1
-27.5339 -8.56991 21.9893 18 1
25.4165 29.9906 21.5726 18 1
-0.865144 -0.88091 3.91405 18 0
29.4175 -17.9497 21.5236 18 1
-1.4563 1.34607 7.14419 18 0
-29.4009 28.6054 22.2087 18 1
-29.7625 11.279 21.5465 18 1
15.2138 10.6264 20.4802 18 1
-26.6523 5.49401 21.8371 18 1
16.083 -25.5932 21.4229 18 1
-27.604 -15.8137 21.6789 18 1
-28.8701 28.0044 20.3289 18 1
-0.44716 0.902824 4.43529 18 0
-2.4028 2.95957 9.97588 18 0
-28.9915 -20.6213 21.4401 18 1
-30 30 19.9504 18 0
29.988 22.0505 19.9672 18 1
-30 -30 19.9504 18 0
26.6274 -29.7458 21.9509 18 1
-16.7372 28.4819 21.9466 18 1
0.21328 0.343357 2.9794 18 0
1.27165 -0.632033 5.69048 18 0
-1.12531 -1.05038 4.3421 18 0
-30 -30 19.9504 18 0
-1.44183 -0.811707 6.13365 18 0
-1.29523 0.321331 5.45816 18 0
-1.31312 0.084322 4.84512 18 0
-1.58927 0.0896451 5.75041 18 0
-26.7606 -20.3399 21.7547 18 1
-19.7087 -28.1241 21.3075 18 1
26.7481 7.1856 21.11 18 1
5.73286 -1.88335 12.8246 18 1
29.3074 -29.9989 21.283 18 1
1.65733 3.44849 10.6032 18 0
-0.336431 0.571257 4.01612 18 0
-2.45375 -0.601448 8.3124 18 0
0.740542 3.98542 9.84758 18 0
-1.26646 1.06085 5.37507 18 0
-0.0711252 2.26146 6.68072 18 0
-30 -30 19.9504 18 0
30 30 19.9504 18 0
16.2902 -27.7129 21.72 18 1
29.4677 27.8873 21.758 18 1
-5.77676 -25.1398 20.7014 18 1
0.844858 0.839498 4.09008 18 0
-15.4992 -24.5454 22.0132 18 1
19.1629 -29.9956 20.4497 18 1
-0.12356 1.17449 3.99923 18 0
12.4285 -19.3235 21.4321 18 1
0.155635 1.01944 3.26034 18 0
-25.1863 29.9095 20.7871 18 1
0.0710888 -0.627207 3.31853 18 0
-0.764806 1.69796 6.45689 18 0
-1.23715 3.52833 10.2952 18 0
-2.55356 1.30482 8.85909 18 0
30 -30 19.9504 18 0
-1.2731 0.740314 5.57618 18 0
3.66143 -2.5072 11.5745 18 1
-0.678334 -0.346896 4.15682 18 0
16.5021 -20.8429 21.4535 18 1
0.453185 -0.689589 4.40629 18 0
4.18229 -18.5708 20.5807 18 1
30 -30 19.9504 18 0
16.6567 -14.1855 20.8885 19 1
-9.50628 23.5305 21.7944 19 1
29.3993 28.8824 21.6925 19 1
0.123901 -0.386018 2.85367 19 0
-6.78405 28.9732 20.6004 19 1
-0.618835 0.0459878 3.27979 19 0
0.196074 -2.07456 5.97842 19 0
30 29.9437 20.033 19 1
-0.783889 0.416281 4.35626 19 0
-29.1852 -5.89483 20.6127 19 1
-9.80102 3.73587 17.0609 19 1
25.7568 -0.595512 21.519 19 1
30 30 19.9504 19 0
-2.20935 -1.02755 6.69128 19 0
-28.3915 23.5833 22.1702 19 1
0.836267 -0.716202 4.43734 19 0
0.316392 -0.740102 4.07844 19 0
0.739964 -0.295091 4.00663 19 0
-29.8627 17.6156 21.6172 19 1
-0.0471565 -2.14277 5.74412 19 0
-29.0687 29.3222 21.3951 19 1
-0.811969 -0.0721271 3.00078 19 0
26.1265 29.9949 20.3067 19 1
-1.63715 1.21393 6.91853 19 0
26.0577 -26.7261 21.1353 19 1
-0.368335 0.476893 3.91736 19 0
-26.3816 29.7955 21.8494 19 1
3.04029 -5.52901 13.532 19 0
-2.88489 -21.075 19.4595 19 1
-29.5061 -27.1385 21.8117 19 1
-28.1956 -17.785 21.2204 19 1
0.357904 -1.43047 6.01825 19 0
-0.855606 -0.441787 4.41153 19 0
0.737168 -0.122395 3.34822 19 0
14.6895 27.8908 21.2636 19 1
-17.4723 -29.5975 22.1575 19 1
-0.474969 1.50406 6.34674 19 0
-23.5894 11.4028 21.7916 19 1
29.9905 -29.9969 19.953 19 1
-0.500231 -0.104293 3.21097 19 0
7.66906 -23.8585 21.066 19 1
-1.43251 -0.795716 6.12483 19 0
4.77399 -3.11492 12.218 19 0
29.019 -0.0751705 19.8238 19 1
2.49937 0.346792 8.26494 19 0
5.3259 -5.85783 15.1028 19 0
-15.9698 -23.9173 19.8537 19 1
-0.358257 -2.52245 8.32398 19 0
0.278493 1.90241 6.10285 19 0
2.20961 -2.92526 9.03868 19 0
30 -30 19.9504 19 0
0.0461438 -0.341935 2.44188 19 0
30 -30 19.9504 19 0
0.628238 -0.538391 4.49147 19 0
-25.1295 -29.6223 21.6519 19 1
-18.7338 -8.03157 20.0467 19 1
29.8805 -11.3197 21.3343 19 1
-25.7787 -26.9137 20.9367 19 1
30 30 19.9504 19 0
3.07552 1.25534 8.68135 19 0
-15.4244 0.863359 19.5794 19 1
0.873062 1.72426 6.19309 19 0
2.69804 -0.820654 8.24016 19 0
-23.3258 -17.9874 21.0989 19 1
0.114412 0.314958 2.44935 19 0
-28.9765 20.0311 19.9031 19 1
-1.50268 -1.08319 6.39208 19 0
-13.9637 3.47832 19.1132 19 1
2.07635 -28.633 21.259 19 1
0.560699 0.329467 3.98079 19 0
12.3974 -23.7172 21.6587 19 1
-0.233738 -17.7985 19.8822 19 1
-29.9998 -16.5892 21.482 19 1
12.9951 16.8862 19.3315 19 1
-29.9942 0.933855 19.8271 19 1
-0.0657024 -0.00676858 0.298939 19 0
-20.2059 -2.29449 20.5923 19 1
-0.147279 -0.173651 1.65051 19 0
21.9679 -25.8747 20.2312 19 1
0.775737 -0.281596 3.93937 19 0
28.0434 10.5036 21.4469 19 1
-1.35754 0.196944 5.38358 19 0
3.76234 -6.67639 15.1204 19 0
-27.1032 18.8829 20.3733 19 1
8.77836 -1.58185 16.3464 19 1
-0.4541 -0.527991 4.21566 19 0
-30 -30 19.9504 19 0
-10.4037 26.6829 21.8297 19 1
-0.308805 -0.815524 4.01903 19 0
23.6649 26.7855 21.7251 19 1
-0.805001 0.658943 4.55087 19 0
-3.49873 -0.918412 9.78931 19 0
-30 -30 19.9504 19 0
1.2855 -0.404879 5.59686 19 0
-0.848279 -0.620377 4.55189 19 0
-16.9028 -28.4323 21.5771 19 1
29.1028 16.1077 20.3358 19 1
2.48135 2.82413 10.2038 19 1
30 -30 19.9504 19 0
-21.8707 29.9946 20.2886 19 1
30 -30 19.9504 19 0
29.9246 26.9278 20.2051 19 1
-30 -30 19.9504 19 0
-0.333859 1.33595 5.65595 19 0
0.338182 0.372903 3.55034 19 0
-30 30 19.9504 19 0
-26.1105 16.177 20.6262 19 1
-18.1611 -29.6867 21.4984 19 1
2.42379 0.466553 8.21791 19 0
-24.6149 -11.117 21.2839 19 1
-21.7851 0.664824 20.9366 19 1
18.8717 -16.8455 20.2846 19 1
-23.2557 6.61029 21.3949 19 1
30 30 19.9504 19 0
3.41476 29.8828 21.4918 19 1
1.38269 -2.29241 8.41653 19 0
-6.2207 -27.0584 20.5763 19 1
12.4692 29.3879 22.0811 19 1
-30 30 19.9504 19 0
-14.8756 23.2134 20.7146 19 1
-19.4065 20.7509 21.6971 20 1
-0.598807 0.867074 4.556 20 0
5.53184 29.2617 21.8313 20 1
0.280118 0.1831 2.52651 20 0
1.29926 -0.491907 5.76461 20 0
0.103661 -0.568312 3.34268 20 0
21.0348 -27.3227 21.2591 20 1
29.5901 20.5408 22.1914 20 1
-18.5432 24.5082 22.0843 20 1
0.14237 0.368088 2.8286 20 0
27.9368 -23.9815 20.0028 20 1
-0.464254 0.959993 4.52114 20 0
-0.272133 0.690083 3.93374 20 0
29.9185 19.8484 20.5276 20 1
30 30 19.9504 20 0
-26.4319 -24.4444 22.1987 20 1
-19.7723 27.9761 20.8031 20 1
0.233152 0.709838 3.79319 20 0
27.7052 24.3697 21.9914 20 1
-30 30 19.9504 20 0
21.8862 1.68112 20.6385 20 1
-0.270663 -0.359246 3.26812 20 0
-17.5917 -29.9995 21.488 20 1
29.6365 29.722 22.0048 20 1
-26.3317 -20.7944 21.6467 20 1
1.22415 -0.366166 5.24772 20 0
-6.40387 3.46926 15.1725 20 1
-20.7067 9.13953 20.6998 20 1
30 10.1588 20.3293 20 1
29.7369 -29.7131 21.8104 20 1
-30 30 19.9504 20 0
13.2568 26.8816 21.0156 20 1
-26.8196 24.6025 21.7733 20 1
0.270415 0.416753 3.46692 20 0
-1.05622 1.58725 6.40171 20 0
-0.945727 -0.303432 3.9805 20 0
0.891183 0.716072 4.3784 20 0
-30 30 19.9504 20 0
-17.9721 1.1889 19.1791 20 1
1.20807 2.48395 8.49299 20 0
2.02838 0.0158558 5.01588 20 0
-1.21357 -20.5973 20.8936 20 1
-4.68023 6.06123 14.661 20 0
-10.4401 -29.7473 21.8638 20 1
-30 30 19.9504 20 0
30 30 19.9504 20 0
-0.280751 -0.972336 3.89884 20 0
-5.95515 9.33266 17.278 20 0
-0.419722 -0.482038 4.05404 20 0
-0.357311 -0.0350768 2.51628 20 0
-0.16695 -0.0598965 1.17109 20 0
-30 -30 19.9504 20 0
-22.4586 -11.2107 21.4466 20 1
0.052981 -1.20576 4.0166 20 0
0.148029 -1.55752 5.84345 20 0
30 30 19.9504 20 0
1.84892 0.872425 5.84546 20 0
16.7119 19.3257 21.4725 20 1
-10.0925 29.9967 19.9871 20 1
0.356331 0.463168 3.85375 20 0
12.1305 29.9623 20.2243 20 1
0.832749 -1.29792 5.53181 20 0
0.221814 0.234621 2.46492 20 0
-0.409409 0.0471529 2.7919 20 0
-0.381669 -1.13475 4.8695 20 0
-0.35043 0.109807 2.63556 20 0
23.1628 29.7657 21.2589 20 1
0.202686 -0.0223193 1.38737 20 0
-0.309755 -0.859141 3.99898 20 0
30 -30 19.9504 20 0
26.2813 28.7541 21.7184 20 1
-2.49265 0.983613 8.02904 20 0
-5.82135 25.1651 20.5984 20 1
0.88686 0.549295 4.55427 20 0
15.3123 28.7205 21.7642 20 1
-1.27501 0.702434 5.64133 20 0
1.09719 -0.578829 4.96625 20 0
6.87836 27.6873 21.1803 20 1
0.261707 -2.02355 6.15083 20 0
18.1163 19.512 21.3736 20 1
15.9616 -29.9813 19.8842 20 1
15.0872 -13.9921 19.1038 20 1
-7.63332 -28.8876 21.3791 20 1
-29.0052 -20.5217 21.5824 20 1
1.01421 1.18862 4.69754 20 0
27.1652 -29.0762 20.6368 20 1
-19.2792 11.5428 21.3211 20 1
-25.6263 27.1008 21.5621 20 1
-1.50525 0.332026 6.16146 20 0
13.3611 -7.97503 19.3151 20 1
-30 -30 19.9504 20 0
27.6781 7.75967 21.5464 20 1
-0.425709 2.53062 8.41364 20 0
15.175 24.0262 20.3039 20 1
30 -30 19.9504 20 0
-19.5699 -5.88475 20.6818 20 1
-19.7579 -18.5195 21.66 20 1
-15.2939 -26.4146 21.8834 20 1
-17.4116 12.1486 20.8447 20 1
-0.689271 -0.573284 4.56945 20 0
-3.38541 2.63746 11.3215 20 0
-7.02883 8.29709 17.0079 20 0
-0.445989 1.33001 5.82674 20 0
-4.48999 15.3071 20.1135 20 1
-6.80129 27.6663 21.4508 20 1
28.6977 21.7504 21.7436 20 1
8.40976 -13.1284 19.586 20 1
-1.18115 0.550946 5.31765 20 0
28.242 14.7954 21.3177 20 1
-30 -30 19.9504 20 0
20.9068 -29.9281 20.2251 20 1
-25.3634 14.9272 21.2772 20 1
-0.00613219 -0.388592 2.66351 20 0
24.831 29.3346 21.641 20 1
23.4859 -29.9003 21.7146 20 1
-2.55686 -9.28731 17.0395 20 1
5.69836 10.0079 17.3896 20 1
2.0106 -1.44055 7.58765 20 0
-24.2424 27.8713 21.1644 20 1
4.56522 -28.7093 21.8335 20 1
-9.57489 -26.1064 21.3783 21 1
-16.8552 2.87737 18.9909 21 1
-1.10149 0.109316 3.41652 21 0
-16.7432 -29.7614 21.544 21 1
1.7453 -0.0672429 5.54088 21 0
1.33076 0.968097 5.59071 21 0
0.256641 -0.0579034 1.88604 21 0
14.428 10.9817 20.1306 21 1
-0.835685 0.0398147 2.85238 21 0
-28.3444 -3.88414 21.2702 21 1
-0.469024 0.489245 4.17445 21 0
-29.2638 -14.7145 21.6664 21 1
0.397654 -29.074 21.3429 21 1
-0.275379 0.754439 3.92896 21 0
-14.0255 -29.7968 20.6349 21 1
-26.0412 27.1439 20.4116 21 1
29.8778 -13.9532 20.217 21 1
0.237768 1.34363 5.4408 21 0
29.9206 -29.092 20.3055 21 1
-1.88943 -0.987896 5.50715 21 0
8.57357 6.48316 17.9558 21 1
0.239724 0.111413 1.93829 21 0
-28.0943 29.1757 20.7573 21 1
-13.3843 -21.2884 21.5366 21 1
-1.39983 0.566751 6.14165 21 0
-29.6992 18.258 21.7402 21 1
30 30 19.9504 21 0
-0.237742 0.626755 3.79457 21 0
30 30 19.9504 21 0
0.611876 -16.991 19.787 21 1
0.761281 -0.356355 4.19984 21 0
-9.3342 2.60671 17.1139 21 1
-0.898014 -2.36619 7.66598 21 0
30 -30 19.9504 21 0
29.1521 17.5153 21.744 21 1
18.1338 -27.3945 21.5851 21 1
-12.4597 29.3416 22.0284 21 1
-29.8246 27.7084 21.5536 21 1
-24.132 -9.7943 20.6073 21 1
-5.57939 -29.1737 21.6066 21 1
0.929839 -1.74563 6.04785 21 0
-12.6941 18.6122 21.3163 21 1
-23.9069 28.5638 21.6577 21 1
-0.625987 0.271857 3.9012 21 0
18.9379 14.864 19.8487 21 1
-30 30 19.9504 21 0
26.0088 22.2922 21.1155 21 1
0.341136 -0.409556 3.67006 21 0
-7.95987 17.7406 19.8639 21 1
-1.03735 0.160104 3.35193 21 0
-21.1873 25.3187 21.5479 21 1
-0.431133 -0.0432276 2.87889 21 0
-29.6822 -12.9335 21.2284 21 1
-0.0618156 -0.231008 1.69748 21 0
-21.2013 -22.1126 20.7556 21 1
-17.1862 -29.5911 21.7617 21 1
23.1308 -25.631 21.5665 21 1
0.649464 -1.18898 5.30808 21 0
1.43042 0.356829 6.01629 21 0
29.4319 19.5018 22.1977 21 1
-0.479027 -1.21084 5.39403 21 0
24.5649 26.6424 22.1372 21 1
-0.576867 0.0196603 3.23117 21 0
-29.0428 29.755 21.0176 21 1
0.362421 1.43134 6.0283 21 0
2.12881 -0.452774 7.14163 21 0
0.313422 0.386546 3.5132 21 0
-29.9254 20.7721 20.9284 21 1
-0.300756 -0.0456477 2.17944 21 0
-19.5739 3.33968 21.0223 21 1
-29.7439 -28.8265 21.4247 21 1
-20.5145 -1.31406 21.126 21 1
28.3571 29.2262 21.8662 21 1
-29.6887 28.2571 21.8471 21 1
-0.678404 0.704138 4.60313 21 0
0.675341 15.0534 19.0649 21 1
-0.688746 0.968356 4.45895 21 0
-12.0433 26.1862 20.4116 21 1
6.23831 -10.1502 17.6177 21 0
-0.0520771 -0.0210311 0.240903 21 0
-23.9187 22.1874 20.6465 21 1
30 -30 19.9504 21 0
4.85349 -2.94744 11.5869 21 0
30 30 19.9504 21 0
26.5156 -29.4678 22.2722 21 1
0.229335 0.176163 2.18533 21 0
10.3551 -11.3852 19.944 21 0
-0.228415 -0.564081 3.69217 21 0
-4.73781 25.3843 21.537 21 1
-0.69258 0.816867 4.50134 21 0
0.00738239 0.743412 3.10021 21 0
17.6532 -29.5925 22.0705 21 1
7.94362 -13.2911 19.0725 21 0
0.124488 0.0678685 0.867605 21 0
-13.9656 -3.49711 19.1188 21 1
-17.175 26.5343 21.7195 21 1
-22.2535 -29.9482 21.0275 21 1
30 24.7703 20.8796 21 1
-30 -30 19.9504 21 0
29.9553 -8.32961 21.2 21 1
30 -30 19.9504 21 0
0.0217747 0.0895355 0.47226 21 0
1.04429 4.22572 10.1668 21 1
1.05708 0.372025 4.52052 21 0
-2.79325 -0.653796 8.52735 21 0
-22.9616 22.7213 21.0252 21 1
30 -30 19.9504 21 0
-30 -30 19.9504 21 0
-30 -30 19.9504 21 0
-22.5331 5.49371 21.5937 21 1
-29.2692 -9.62257 21.8043 21 1
-0.176199 0.991548 3.31273 21 0
-0.0415361 -0.486207 3.06689 21 0
-27.7503 27.4629 22.0229 21 1
-0.0917 0.242183 1.87883 21 0
-0.327374 -0.472722 3.79659 21 0
-23.6679 -3.1337 20.944 21 1
-0.466748 1.16885 5.19666 21 0
-30 30 19.9504 21 0
-1.99418 -29.848 20.2276 21 1
4.25402 -15.3562 19.8929 22 1
-25.434 15.4889 22.0375 22 1
-1.20331 1.77536 6.69988 22 0
0.189414 0.0417997 1.30791 22 0
0.608872 0.203735 3.67094 22 0
-12.3466 29.7093 21.8444 22 1
14.6728 28.7881 21.6193 22 1
0.0737172 -0.347195 2.52319 22 0
-27.0298 -23.3342 21.3201 22 1
-3.9846 25.5475 21.182 22 1
-19.4949 9.9475 20.8393 22 1
-26.8834 -28.0238 20.2581 22 1
0.438174 -1.24055 5.46533 22 0
-28.7334 20.8388 21.3492 22 1
-0.658447 -0.28442 3.96314 22 0
0.204061 -0.241107 2.40644 22 0
-0.0229141 -0.282953 2.02531 22 0
23.3656 -11.921 21.1149 22 1
-12.1006 10.3701 19.5552 22 1
-1.26745 11.431 18.1846 22 1
29.9999 -2.8384 20.2902 22 1
-0.818368 -0.0980767 3.06679 22 0
-29.8704 -2.38943 21.4696 22 1
0.877239 -0.929471 3.77699 22 0
-0.900906 19.6498 20.3616 22 1
-0.888672 13.2313 18.0979 22 1
0.283211 0.173139 2.49822 22 0
-29.9397 27.8457 20.5449 22 1
-0.234448 0.483431 3.54307 22 0
-0.514171 -0.0709528 3.17958 22 0
13.9186 -27.3772 21.3776 22 1
4.26942 -29.4715 21.8465 22 1
-30 -30 19.9504 22 0
-21.709 -21.5368 21.9124 22 1
0.370716 -24.4676 21.6556 22 1
1.17545 1.54567 6.74522 22 0
-23.3753 10.0952 21.1116 22 1
16.8618 13.403 20.8507 22 1
18.9981 -14.0497 19.3575 22 1
-30 30 19.9504 22 0
-26.028 25.6683 21.3249 22 1
0.029678 -0.273241 1.96096 22 0
0.0473427 -0.24452 1.76955 22 0
-9.50068 13.1485 19.8844 22 0
-0.585786 0.208113 3.65998 22 0
0.00464267 0.185211 1.22627 22 0
-30 30 19.9504 22 0
0.931679 -0.752186 4.2474 22 0
-30 -30 19.9504 22 0
22.7371 -28.4025 21.9639 22 1
-0.256408 -0.0838725 1.95707 22 0
0.56876 13.1257 18.6956 22 1
-1.85755 0.681191 6.49088 22 0
0.0449346 0.427161 2.86482 22 0
29.9273 23.1868 20.7235 22 1
-0.697284 -0.572502 4.57153 22 0
19.6265 -17.1083 21.1756 22 1
-28.9524 29.82 20.6669 22 1
-29.9859 9.37932 21.3386 22 1
15.4086 8.72977 20.4672 22 1
-26.3949 -16.1596 21.5853 22 1
0.20902 0.098951 1.65646 22 0
28.3152 6.50553 21.8925 22 1
1.50831 -0.436379 6.31792 22 0
-3.56079 -25.7964 21.4893 22 1
0.169253 0.179178 1.82227 22 0
-8.49023 -15.9888 20.1728 22 1
-3.82872 2.81621 10.9544 22 0
-0.0951967 -0.0279725 0.523819 22 0
-14.6474 16.8313 20.9202 22 0
-0.641867 0.982891 4.57689 22 0
28.2077 29.3994 21.8936 22 1
0.942109 -1.16122 4.45128 22 0
30 30 19.9504 22 0
-0.221571 0.225427 2.41236 22 0
0.152128 -0.452398 3.19621 22 0
0.277451 0.195259 2.56892 22 0
-19.9389 -9.32756 20.571 22 1
30 30 19.9504 22 0
30 24.411 21.5549 22 1
30 -30 19.9504 22 0
-29.638 18.4127 22.1021 22 1
-0.0234203 0.261655 1.86675 22 0
-30 30 19.9504 22 0
30 30 19.9504 22 0
-30 30 19.9504 22 0
-19.7857 -28.5526 21.8747 22 1
-12.2803 19.5231 21.3971 22 0
-0.218965 -0.339367 2.98439 22 0
-0.00095246 -0.0608605 0.267861 22 0
0.54876 -1.09843 4.97343 22 0
-0.431145 0.104832 2.99156 22 0
-0.672109 -1.15313 5.10634 22 0
12.632 -29.0459 21.3394 22 1
5.11806 -8.36527 16.6832 22 1
-1.12378 0.624594 5.04152 22 0
-0.926625 -0.0212376 2.60673 22 0
21.9684 -2.34143 20.5948 22 1
-30 -30 19.9504 22 0
-0.00479293 -0.0688496 0.317209 22 0
8.66444 -25.1028 21.0966 22 1
-0.227052 2.38891 7.74129 22 0
-29.9915 7.63596 21.2806 22 1
-27.9131 -6.45863 21.4248 22 1
30 -30 19.9504 22 0
15.1797 -12.2648 20.2701 22 1
1.53897 0.751901 6.40144 22 0
29.4763 16.6059 22.1396 22 1
0.122245 -0.012192 0.703952 22 0
0.804592 29.8171 20.9719 22 1
-19.7138 -26.3995 21.9321 22 1
-8.76152 -26.4894 21.702 22 1
10.0812 25.2376 20.6816 22 1
-21.6214 29.9843 21.4652 22 1
-28.4144 -29.9551 21.6079 22 1
-26.8332 8.23807 21.008 22 1
10.8517 -29.8691 20.6016 22 1
4.58818 -18.6404 20.9182 22 1
-12.259 20.0385 20.4171 22 1
-3.21329 -18.0375 19.3964 22 1
-25.4534 25.0558 21.5994 23 1
1.03439 -0.16111 3.34643 23 0
-27.3416 27.8264 21.6785 23 1
0.376714 -0.368874 3.65724 23 0
21.7749 28.8601 21.1108 23 1
-28.7475 2.64854 21.6442 23 1
1.9364 -0.0254769 4.91307 23 0
12.1987 15.4469 20.7515 23 1
0.733699 -0.0751504 3.2161 23 0
-3.72013 -28.9614 20.9164 23 1
0.0313207 0.00184301 0.114742 23 0
0.0208257 -0.060238 0.285166 23 0
18.7369 29.9123 21.1127 23 1
-0.542054 0.130141 3.36571 23 0
24.7805 -12.6076 21.5816 23 1
21.5528 6.43995 21.496 23 1
-30 -30 19.9504 23 0
16.2259 -26.7854 21.2755 23 1
0.168944 -1.01036 3.31395 23 0
-30 -30 19.9504 23 0
19.1146 19.7366 20.9111 23 1
18.2986 -29.0014 21.1431 23 0
16.138 28.9681 20.2787 23 1
0.0879468 -0.098807 0.790378 23 0
18.8967 26.4691 21.6053 23 1
4.2687 11.3675 18.4535 23 1
0.918474 0.469468 4.48651 23 0
9.78925 -3.43839 17.3963 23 1
29.7595 -29.9763 20.9782 23 1
1.08512 0.936876 3.95005 23 0
-1.12082 0.409872 4.88178 23 0
-1.46051 29.2363 21.7567 23 1
0.0186669 0.259247 1.84405 23 0
0.285292 0.329613 3.2092 23 0
-7.1716 -12.5551 19.3387 23 1
-2.04448 -0.875715 5.80929 23 0
-27.5247 28.2505 22.0334 23 1
-13.1986 -21.7217 21.096 23 1
-25.6078 10.6755 21.7824 23 1
6.07951 -3.31475 13.934 23 0
21.0014 -28.8457 20.4018 23 1
0.124352 -0.0182014 0.726929 23 0
-17.3559 -24.7465 21.7135 23 1
-29.4757 -24.3989 22.2211 23 1
0.317914 -0.559455 3.94749 23 0
-30 -30 19.9504 23 0
-21.164 -11.3695 21.1297 23 1
0.200902 0.103019 1.61237 23 0
0.290112 0.00298291 2.06696 23 0
0.0168286 0.778179 3.0075 23 0
30 30 19.9504 23 0
0.649378 1.20404 5.37821 23 0
-23.7244 16.4116 21.7765 23 1
-15.9696 -29.9031 20.0906 23 1
-30 30 19.9504 23 0
30 -30 19.9504 23 0
1.12071 -1.80764 6.19737 23 0
14.0342 -21.0341 19.502 23 0
-30 30 19.9504 23 0
-0.12378 0.147755 1.32937 23 0
-0.0548562 -0.0838071 0.532944 23 0
22.6852 -24.4288 22.0163 23 0
29.9584 24.6139 21.5237 23 1
4.78446 -14.5898 19.7082 23 1
11.4021 8.50229 19.6392 23 1
30 -3.88611 20.0364 23 1
-7.63159 26.942 21.1999 23 1
0.661184 0.387778 4.24854 23 0
30 -30 19.9504 23 0
11.8263 -29.1127 20.6422 23 1
30 -30 19.9504 23 0
27.2063 -14.6283 21.6547 23 1
30 30 19.9504 23 0
0.726838 -0.223141 3.74567 23 0
3.9143 -6.16642 13.6252 23 1
-22.663 -18.8704 21.3225 23 1
30 -30 19.9504 23 0
18.7079 22.9585 20.9924 23 1
0.253679 0.800705 3.80219 23 0
9.3278 10.6193 19.4601 23 1
10.6868 -7.77283 18.747 23 1
-4.08243 -3.06468 10.5578 23 1
-3.3735 -23.7828 21.2685 23 1
2.32811 29.7657 21.595 23 1
-0.0941946 0.458467 3.06509 23 0
-29.8025 0.779156 21.1352 23 1
0.569683 -0.504773 4.37356 23 0
29.8475 28.9581 20.5021 23 1
-11.9221 -23.9651 19.7314 23 1
-8.41233 1.6495 16.2821 23 1
-24.8232 29.9583 20.613 23 1
0.587951 -0.0867989 3.32869 23 0
30 30 19.9504 23 0
-0.046085 0.0217848 0.212078 23 0
1.21934 -0.276071 4.94511 23 0
-1.22348 -0.264013 4.92309 23 0
19.1987 29.5165 21.8681 23 1
1.06183 -1.1026 4.24246 23 0
-9.74557 -29.9406 20.9145 23 1
-0.257013 -0.524124 3.70633 23 0
-22.8622 -25.7227 21.2947 23 1
0.538812 0.521533 4.35559 23 0
-11.5745 14.8257 20.5145 23 1
1.9424 -29.3127 21.0871 23 1
3.2678 28.5227 21.7968 23 1
-24.0947 -9.27844 20.8149 23 1
-0.228772 0.0402665 1.63037 23 0
0.47396 -0.0554182 3.0465 23 0
-12.6716 25.0905 21.1396 23 1
2.16413 0.120992 6.1409 23 0
0.217343 -0.122365 1.82543 23 0
-0.933441 -29.8429 20.3446 23 1
15.2521 -7.20974 19.7523 23 1
-29.988 25.238 20.9306 23 1
-9.96071 22.0531 19.4608 23 1
-10.0824 -9.20753 18.0563 23 1
-0.315045 0.853657 4.0232 23 0
-0.113005 -0.144967 1.2463 23 0
0.0843327 0.257051 1.96326 23 0
0.524146 0.197747 3.5249 23 0
1.05261 -0.191316 3.60494 24 0
-17.24 -11.6149 20.9519 24 1
20.4738 4.83004 20.9202 24 1
-1.51942 1.86167 7.63987 24 0
-11.0133 27.5502 21.394 24 1
23.3978 -15.7011 21.7704 24 1
-30 7.601 21.3647 24 1
0.529408 0.213106 3.58284 24 0
-21.8508 -29.1917 20.9952 24 1
0.379776 -0.197281 3.07524 24 0
23.9879 28.1404 20.349 24 1
30 30 19.9504 24 0
-29.6272 29.9617 21.5198 24 1
0.0382489 -0.00847384 0.15118 24 0
-0.171423 0.582403 3.54302 24 0
-8.68109 -29.705 21.7617 24 1
-26.5847 -7.837 21.4784 24 1
-27.7903 24.357 21.7807 24 1
-19.3168 -1.39421 20.8753 24 1
-2.59341 1.78958 9.16377 24 1
-28.7899 -29.8568 21.1165 24 1
-24.3222 27.4547 22.1094 24 1
0.473635 12.6343 18.9344 24 1
26.4726 -17.7334 21.9175 24 1
-27.7401 9.07996 20.8933 24 1
-27.7124 -11.2082 21.4136 24 1
-0.727985 -1.22796 5.37441 24 0
-29.8484 17.3447 21.557 24 1
-22.539 29.9449 21.6331 24 1
-15.1584 6.31867 19.6928 24 1
-6.95214 -16.5966 20.0791 24 1
-29.9005 29.6136 21.6384 24 1
0.155537 0.222497 2.03016 24 0
-0.0354699 -0.143367 0.91031 24 0
0.0152644 0.0246694 0.104332 24 0
30 -29.9914 19.9524 24 1
30 -30 19.9504 24 0
14.529 29.9866 21.5321 24 1
30 30 19.9504 24 0
0.152007 0.17781 1.70737 24 0
-1.86368 0.383057 6.47907 24 0
-26.0024 8.60674 21.1883 24 1
-0.525915 0.0302697 3.15651 24 0
0.126123 0.0352203 0.771528 24 0
-23.9566 20.7956 20.629 24 1
0.0322556 0.156515 1.01221 24 0
0.378693 -0.0765004 2.6966 24 0
0.106317 0.124239 1.0632 24 0
0.00909165 -0.219621 1.51913 24 0
22.0145 -23.2397 20.8028 24 1
-30 -30 19.9504 24 0
-15.8326 28.263 21.2833 24 1
0.0147708 0.642883 3.25223 24 0
-3.92686 -24.4372 21.1278 24 1
0.038368 0.128461 0.79756 24 0
0.171901 0.0182766 1.12137 24 0
-0.625964 0.131505 3.46053 24 0
0.923731 0.378113 4.26436 24 0
-0.224676 -0.812625 3.6551 24 0
-6.51437 -20.8154 21.0611 24 1
-0.0352965 -0.0555924 0.298338 24 0
-22.8991 27.891 20.3931 24 1
-5.60326 3.71207 14.391 24 0
-28.6582 27.2484 21.8784 24 1
-30 30 19.9504 24 0
7.88483 -22.1323 19.9599 24 1
-0.279452 0.61326 3.91183 24 0
-29.729 -23.2219 21.5995 24 1
12.289 6.44236 19.3525 24 1
18.5127 -10.5401 21.3608 24 1
0.240674 0.14946 2.12035 24 0
9.053 -13.5495 19.7257 24 1
0.108937 0.203252 1.65744 24 0
0.798091 -0.270218 3.87578 24 0
-28.5253 30 21.6546 24 0
30 30 19.9504 24 0
-27.1798 -29.9918 20.6133 24 1
11.7358 19.6611 21.1997 24 1
-21.6967 30 21.213 24 0
-30 30 19.9504 24 0
-30 30 19.9504 24 0
-30 30 19.9504 24 0
0.0723229 -0.00942115 0.341979 24 0
25.7598 7.43763 21.6175 24 1
-30 30 19.9504 24 0
25.0201 -23.0789 20.0068 24 1
0.0979659 -0.0627283 0.657951 24 0
-23.2635 29.9993 21.0449 24 1
-5.16748 9.01727 16.0127 24 1
0.176874 -0.0102233 1.15729 24 0
-27.8186 -29.2936 21.5758 24 1
-30 -30 19.9504 24 0
-1.88877 -0.351213 6.38688 24 0
-1.4068 -2.06987 7.64329 24 0
0.169304 -0.0724469 1.23496 24 0
27.7772 13.8528 20.9991 24 1
-3.69599 -27.806 21.3337 24 1
-1.8725 25.0538 19.8757 24 1
0.19791 0.061434 1.42961 24 0
29.1513 27.6785 21.5741 24 1
-29.8504 7.27694 21.2242 24 1
-18.6068 -8.34874 21.0948 24 1
0.259925 -0.531247 3.72944 24 0
29.9537 -29.8617 20.4383 24 1
-29.931 24.535 21.668 24 1
0.164838 0.0957558 1.30157 24 0
29.8184 -1.94714 20.45 24 1
-26.9862 -14.2559 20.836 24 1
0.0792593 0.252009 1.90989 24 0
-1.41871 0.644693 6.19851 24 0
-0.461324 0.128069 3.15708 24 0
-30 -30 19.9504 24 0
-0.384595 0.579876 4.14891 24 0
-0.465641 2.85678 8.5992 24 0
-0.247709 0.25102 2.68729 24 0
30 -30 19.9504 24 0
29.1854 26.9032 20.8087 24 1
23.3298 12.4792 21.765 24 1
-7.96642 16.9566 18.6653 24 1
-10.9048 10.7677 18.8304 24 1
-29.9926 -26.7904 20.782 25 1
-30 -30 19.9504 25 0
-29.9866 3.61479 21.3085 25 1
-27.6743 -25.1568 21.5688 25 1
0.215815 0.261903 2.58382 25 0
0.0321043 -0.129521 0.791431 25 0
20.8209 9.08662 20.0109 25 1
0.0236027 -0.0340866 0.16251 25 0
29.3366 -27.5311 22.178 25 1
27.0931 13.4181 21.4585 25 1
-11.7654 14.7507 20.279 25 1
-30 -30 19.9504 25 0
-0.817327 -21.9819 19.8092 25 1
-0.190586 0.104325 1.53971 25 0
24.2928 8.75986 21.2965 25 1
-30 30 19.9504 25 0
13.4711 -19.2197 21.3224 25 1
-1.85453 -0.407944 6.53558 25 0
-26.5053 25.1024 21.6987 25 1
-0.0807162 -0.0954348 0.729442 25 0
-26.0186 -9.55942 21.29 25 1
-8.35376 -28.9109 21.3068 25 1
1.2121 -0.599823 5.44929 25 0
0.714154 0.891757 4.38286 25 0
-19.9871 22.9785 19.7473 25 1
-12.6723 19.1058 20.7643 25 1
0.106623 0.0593596 0.70309 25 0
28.467 3.08409 21.4255 25 1
-3.72148 7.33173 15.7505 25 1
-0.448012 -0.0187721 2.92395 25 0
0.282534 -0.193769 2.59006 25 0
27.6154 4.41112 21.8849 25 1
0.437856 -0.0402814 2.90214 25 0
1.42336 -1.37942 7.16087 25 0
-0.0551554 0.0112519 0.24149 25 0
-2.14219 -23.519 21.1767 25 1
0.844556 0.0318968 2.81191 25 0
30 -24.7828 20.8102 25 1
30 -30 19.9504 25 0
0.112439 0.0931926 0.90816 25 0
-26.1121 28.0013 20.2158 25 1
0.0273066 -0.0832418 0.440616 25 0
2.28931 0.262113 7.42842 25 0
0.476207 -0.170884 3.32514 25 0
30 30 19.9504 25 0
30 -30 19.9504 25 0
-29.1518 -19.2118 21.0706 25 1
30 30 19.9504 25 0
-0.190684 0.705518 3.63703 25 0
4.19257 29.1552 20.8286 25 1
0.117196 0.0358744 0.703971 25 0
0.209511 0.00993693 1.43484 25 0
29.206 -29.7733 21.4307 25 1
0.150099 0.00283498 0.927171 25 0
-0.00834697 -0.321007 2.27837 25 0
-20.2369 1.65575 20.7978 25 1
0.162887 -0.0160126 1.04257 25 0
-0.188321 -0.0298621 1.27614 25 0
-1.25985 -0.487319 5.60718 25 0
0.0784392 0.0674516 0.558341 25 0
0.101563 -0.0599102 0.670236 25 0
21.7483 -9.46177 21.4075 25 1
0.0832285 0.02198 0.429783 25 0
-8.31642 -29.9996 21.1271 25 1
8.70167 -4.80617 16.7915 25 0
-10.2519 -6.0901 17.4985 25 1
30 -30 19.9504 25 0
10.7256 -28.4514 21.8718 25 1
0.467844 -0.225982 3.47457 25 0
29.2685 4.17569 21.2306 25 1
-27.0878 -22.9764 20.0766 25 1
-24.8768 29.9074 20.4657 25 1
-17.514 -24.9599 21.464 25 1
2.4108 -0.100831 7.52079 25 0
-23.8327 -13.0444 20.2165 25 1
30 -30 19.9504 25 0
0.122508 -0.00928876 0.703879 25 0
29.4581 22.5593 22.2257 25 1
-13.7118 -1.42739 19.3049 25 1
11.5363 -29.7548 21.8752 25 1
2.05903 -24.9998 19.5149 25 1
28.2738 29.5837 22.0546 25 1
-30 -30 19.9504 25 0
5.80081 29.563 21.6985 25 1
30 30 19.9504 25 0
-18.7781 -24.8798 20.9035 25 1
30 -30 19.9504 25 0
29.5788 -19.8645 21.6932 25 1
29.5273 4.87403 21.5596 25 1
18.9458 -0.595343 20.2879 25 1
1.45764 -2.68147 9.22819 25 0
30 -30 19.9504 25 0
-30 30 19.9504 25 0
27.8088 29.2665 21.5147 25 1
0.0329433 -0.0194537 0.146791 25 0
0.783839 0.445067 4.41777 25 0
1.75191 1.75655 7.60951 25 0
0.0320335 0.118229 0.702904 25 0
-1.61198 29.4276 21.9727 25 1
-10.9193 -28.0007 19.8805 25 1
-28.9963 -16.1109 20.1157 25 1
0.195538 0.563537 3.59014 25 0
23.9883 -4.71949 20.5912 25 1
-29.9987 -12.3348 21.2357 25 1
29.9192 -17.5042 21.6307 25 1
3.76077 -27.8709 20.884 25 1
28.4535 -26.6815 22.135 25 1
12.6855 -26.0569 21.0747 25 1
25.5289 -20.8233 21.765 25 1
-27.7502 -29.9579 21.0349 25 1
5.42409 22.153 21.0697 25 1
2.17979 21.9905 19.8004 25 1
-9.05112 5.5673 17.2494 25 1
27.1462 8.80624 20.7546 25 1
-0.531211 0.0192647 3.1607 25 0
0.227421 -0.00370592 1.58212 25 0
0.163127 -0.0749174 1.19539 25 0
30 -30 19.9504 25 0
0.142814 -0.042675 0.923263 25 0
-0.162115 -0.206371 1.95864 25 0
-0.151473 0.227028 2.03924 26 0
28.9831 -29.7809 20.8517 26 1
0.0969039 -0.0528603 0.610353 26 0
-5.16636 10.9861 17.011 26 1
21.3833 30 21.4719 26 1
8.5023 4.04096 16.4519 26 1
-9.95724 26.4701 21.3609 26 1
15.5427 -26.1846 21.6946 26 1
-19.1061 -22.4014 21.4214 26 1
0.0377733 0.0856597 0.483815 26 0
-15.1882 17.0655 20.0172 26 1
0.035481 0.0817329 0.451559 26 0
29.7609 -27.2738 21.6915 26 1
-28.7646 -13.6542 21.708 26 1
-14.8301 22.0746 20.2651 26 1
-10.4484 18.3025 21.1735 26 1
-0.0350356 0.126979 0.777832 26 0
9.43773 24.7639 21.5889 26 1
-10.0926 -18.6792 20.5003 26 1
16.6754 16.3873 21.4397 26 1
30 -29.694 21.2795 26 1
-22.7783 5.77835 20.804 26 1
0.198323 0.203839 2.15348 26 0
-29.824 23.0558 20.6201 26 1
20.5136 -29.786 21.9184 26 1
0.251162 0.30593 2.96826 26 0
3.42713 -4.20816 12.7078 26 1
-30 -30 19.9504 26 0
12.6962 -3.22847 18.6757 26 1
29.8897 -21.3419 21.4892 26 1
20.0735 -29.4893 21.6394 26 1
0.00448195 0.167264 1.07285 26 0
30 30 19.9504 26 0
0.172919 -0.119146 1.48299 26 0
-30 30 19.9504 26 0
-25.3889 -11.0195 21.1993 26 1
30 30 19.9504 26 0
-0.172973 -0.224578 2.1378 26 0
-30 30 19.9504 26 0
-2.20216 0.875591 6.76012 26 0
28.7631 -29.9514 20.9834 26 1
0.0709048 0.0127101 0.336312 26 0
-14.2187 26.8283 21.0486 26 1
0.34835 0.0905903 2.57034 26 0
-15.9145 23.036 19.8358 26 1
30 30 19.9504 26 0
0.202948 -0.13925 1.80853 26 0
-27.63 -4.04006 21.1802 26 1
0.197878 0.0118858 1.33748 26 0
0.126424 0.156256 1.40464 26 0
0.0356296 0.0859468 0.479509 26 0
-9.03426 -28.7245 20.9307 26 1
30 -30 19.9504 26 0
-0.156045 0.451924 3.20635 26 0
26.8665 17.0018 20.1923 26 1
29.8731 -29.723 21.3635 26 1
29.1159 -0.639051 21.3394 26 1
-30 -30 19.9504 26 0
-15.1825 29.2668 21.364 26 1
26.2712 29.8546 21.3762 26 1
-2.72175 13.5712 19.3107 26 1
-7.13885 -13.6815 19.3435 26 1
-0.993936 4.29168 10.5436 26 0
-0.434649 27.7269 21.734 26 1
30 -30 19.9504 26 0
25.1285 27.273 21.2978 26 1
-2.07847 2.45761 9.07278 26 0
-13.7607 4.38704 19.4166 26 1
-0.0845803 0.0907497 0.721914 26 0
20.7878 -10.9518 20.1843 26 1
0.303216 0.522531 3.83875 26 0
-24.8378 -4.47895 21.3631 26 1
-0.00158544 -0.00701573 0.0217209 26 0
-0.221031 -0.0807713 1.67826 26 0
0.0164668 -0.103348 0.563383 26 0
0.820376 0.352273 4.17273 26 0
0.189416 0.482547 3.39951 26 0
0.0561869 0.0824928 0.530399 26 0
-1.33334 -2.01899 7.23432 26 0
0.129981 0.0900044 1.01263 26 0
-2.27892 0.486876 7.77842 26 0
18.4975 14.0829 21.0356 26 1
-15.7 29.7344 21.7301 26 1
28.1075 -17.0046 20.091 26 1
14.8431 -20.9347 20.1032 26 1
29.9014 -15.3356 21.3826 26 1
-22.7814 24.5766 21.8353 26 1
25.8898 26.4823 21.7181 26 1
-26.9011 -21.5289 21.647 26 1
29.8239 -24.0365 20.5938 26 1
15.8154 23.1094 20.5398 26 1
-9.08233 -19.3279 20.5216 26 1
-30 30 19.9504 26 0
0.0120979 0.0659309 0.305023 26 0
0.0880326 -0.114222 0.891792 26 0
26.3209 -27.4252 22.1095 26 1
-30 30 19.9504 26 0
-29.2469 -9.81369 21.2363 26 1
7.03883 29.7216 20.9655 26 1
0.0517324 0.0468588 0.323062 26 0
-10.1982 -7.97396 17.5906 26 1
-9.52036 6.0702 17.7101 26 0
-1.10097 -0.102449 3.38206 26 0
0.0980644 -0.0106832 0.518655 26 0
-2.24765 -2.9921 9.2773 26 0
0.201931 0.262811 2.51944 26 0
6.40331 -26.6129 21.8477 26 1
-30 30 19.9504 26 0
-10.3065 -29.9829 21.1106 26 1
0.256876 -0.195865 2.4551 26 0
-14.1913 -26.094 20.6046 26 1
-25.1904 26.0039 20.6192 26 1
-0.186409 0.113234 1.55182 26 0
-0.0638943 0.166402 1.18018 26 0
-0.473957 0.764156 4.46822 26 0
0.120919 0.029933 0.719245 26 0
0.489071 0.190388 3.41981 26 0
-30 30 19.9504 26 0
-30 30 19.9504 26 0
-30 -30 19.9504 26 0
-2.35063 5.72369 13.6961 27 1
30 -30 19.9504 27 0
-29.9767 19.2862 21.1239 27 1
-2.12117 -0.49289 7.14805 27 0
0.0475979 0.0962326 0.586571 27 0
-30 -30 19.9504 27 0
23.7013 -17.6022 21.8345 27 1
0.177782 -0.0915331 1.38185 27 0
-6.19214 -20.9437 19.8975 27 1
1.50981 -0.875429 6.22717 27 0
-0.0993937 0.227342 1.79737 27 0
29.4253 17.6725 22.0557 27 1
-29.6032 27.2289 21.9333 27 1
-0.0438647 -0.0381163 0.252301 27 0
-28.8463 -21.2794 21.3799 27 1
-24.2607 -8.19077 21.0235 27 1
6.11504 -3.15511 13.2337 27 1
-0.0431176 -0.0803916 0.467056 27 0
29.3053 29.8365 21.572 27 1
-19.6774 29.5149 22.098 27 1
0.0578946 -0.240962 1.7655 27 0
3.50636 -0.350511 10.1159 27 0
-30 30 19.9504 27 0
-29.4829 11.1426 21.6552 27 1
25.7415 -20.0185 20.9196 27 1
20.7897 29.9773 20.7474 27 1
0.0370684 -0.00803088 0.145148 27 0
-29.3121 -1.22987 21.5221 27 1
-28.9176 -17.0371 20.033 27 1
27.5725 1.42846 21.9084 27 1
-0.0201844 0.633504 3.25737 27 0
-28.8105 26.0221 20.6606 27 1
-0.0628656 0.17906 1.27983 27 0
17.1959 29.9117 20.759 27 1
19.0647 -3.23658 19.7692 27 1
22.2893 -26.9671 21.1329 27 1
-1.51229 -18.3528 20.7896 27 1
0.00441676 0.0539022 0.229015 27 0
0.141631 0.0731969 1.01991 27 0
1.20331 1.58488 6.87275 27 0
0.271312 -0.021259 1.93799 27 0
0.0452079 0.0400992 0.265842 27 0
30 30 19.9504 27 0
-29.2976 -16.0209 21.1238 27 1
2.18489 -4.75972 11.9244 27 0
-0.0680761 0.160018 1.1439 27 0
-30 30 19.9504 27 0
-0.0325842 0.0244805 0.159013 27 0
0.0615657 0.0878404 0.587144 27 0
14.4257 -8.23017 20.1277 27 0
2.16621 -2.19718 8.27738 27 0
-17.3939 28.1805 21.6992 27 1
0.0512476 0.266061 1.9422 27 0
17.5482 -8.07099 20.4418 27 1
-4.86691 24.0632 19.8799 27 1
2.88023 0.222899 7.85808 27 0
-0.0430676 0.200586 1.40402 27 0
-0.0608605 0.0417278 0.348464 27 0
-29.274 12.4195 21.8964 27 1
0.0461734 0.0892614 0.534739 27 0
30 -30 19.9504 27 0
1.79227 24.9265 20.3507 27 1
-0.126517 0.217782 1.84872 27 0
-1.31765 -18.3525 20.6333 27 1
2.87443 3.08571 9.51755 27 0
29.7987 15.9425 20.6946 27 1
21.6002 29.771 21.8952 27 1
-16.1399 29.9844 20.2939 27 1
8.57832 23.6358 21.6839 27 1
-25.2978 -10.8842 21.0583 27 1
-5.37287 27.1712 21.4256 27 1
-29.8758 29.8907 20.5673 27 1
-21.1854 -26.5274 21.8094 27 1
29.5351 9.84995 21.6499 27 1
20.839 6.84913 20.0739 27 1
2.20979 -1.02335 6.68707 27 1
4.80253 -19.3838 20.7209 27 1
5.70639 -14.5286 19.9846 27 1
28.765 16.3198 21.6845 27 1
-23.7545 25.8785 21.1235 27 1
29.46 28.6457 22.2041 27 1
6.07818 6.53217 16.1035 27 1
11.4388 -12.1627 20.0159 27 1
0.0558744 0.0256238 0.271752 27 0
-0.0686171 0.223843 1.6604 27 0
-30 -30 19.9504 27 0
-30 -30 19.9504 27 0
30 -30 19.9504 27 0
0.00132361 0.104182 0.559488 27 0
30 -30 19.9504 27 0
0.20648 -0.325137 2.86676 27 0
-29.8631 14.55 21.6749 27 1
30 22.5893 21.5398 27 1
-20.3386 17.4565 21.7922 27 1
15.2154 -26.5843 21.732 27 1
-29.8353 17.0807 20.5652 27 1
0.858252 -0.122343 3.06416 27 0
8.85704 21.9539 19.8103 27 1
0.0396099 -0.0415371 0.248178 27 0
30 -30 19.9504 27 0
-29.0727 -18.513 21.6139 27 1
30 -30 19.9504 27 0
27.9936 -23.5852 21.5334 27 1
30 -30 19.9504 27 0
0.0656203 0.0310955 0.340559 27 0
27.0078 1.56124 21.2457 27 1
0.0814197 0.0791066 0.636763 27 0
30 30 19.9504 27 0
-3.33422 -25.7411 21.4536 27 1
0.00401963 0.107846 0.587598 27 0
13.7341 -27.774 21.4426 27 1
30 30 19.9504 27 0
20.1771 -6.11184 19.8768 27 1
0.00071875 0.0596015 0.260477 27 0
29.3588 1.24931 21.674 27 1
-0.251664 0.102287 1.98766 27 0
0.283939 0.127914 2.30721 27 0
0.00575289 0.121033 0.690356 27 0
0.633761 0.326409 4.06765 27 0
-0.00956419 -0.302677 2.15653 27 0
27.95 8.23426 20.7033 28 1
-3.34434 29.7364 21.7032 28 1
0.182152 0.631603 3.61724 28 0
29.3258 -29.9345 21.4075 28 1
0.0282714 0.0222963 0.136062 28 0
1.15883 -27.892 20.397 28 1
0.00123554 0.184014 1.21548 28 0
0.055729 0.0793589 0.509395 28 0
-26.0998 -28.4742 21.7183 28 1
11.3879 9.71014 19.7056 28 1
30 30 19.9504 28 0
-29.5079 -16.9335 21.5971 28 1
-0.0295928 0.0111644 0.115898 28 0
-0.0253926 0.614403 3.25956 28 0
-7.87969 28.8936 20.2987 28 1
-29.4154 18.5484 22.1687 28 1
-29.3653 -9.39394 21.9782 28 1
-4.47638 17.9346 20.2892 28 1
0.0730386 0.0546431 0.467627 28 0
0.594766 0.165041 3.53754 28 0
-0.0523967 0.362231 2.5664 28 0
9.70686 28.5756 21.8774 28 1
0.0481394 0.0863373 0.522714 28 0
6.64549 -29.95 21.2715 28 1
-3.17183 3.65802 11.6702 28 0
-29.9798 15.2036 20.6498 28 1
-0.0853237 -0.139777 1.06105 28 0
0.15358 -0.0419146 1.0092 28 0
-17.5622 18.4569 21.7844 28 1
-15.3636 -16.3218 21.2987 28 1
9.71392 3.32174 17.3168 28 1
23.01 29.223 20.8224 28 1
0.157418 -0.149737 1.55643 28 0
-24.6478 -1.05514 20.9212 28 1
0.0638802 0.114082 0.774764 28 0
-26.4749 29.5865 22.2476 28 1
-24.8775 -21.9305 20.2816 28 1
-19.2614 29.4269 21.9635 28 1
-30 30 19.9504 28 0
0.101077 0.101525 0.884541 28 0
10.166 7.04556 17.1617 28 1
-29.8374 -29.9938 20.528 28 1
-30 30 19.9504 28 0
27.2376 -29.8022 21.4306 28 1
-14.2124 17.3207 20.9701 28 1
-6.19767 -27.6628 21.4496 28 1
29.9686 3.38202 21.3081 28 1
18.0653 -0.543587 20.1885 28 1
6.42364 6.75432 16.7155 28 1
0.0546734 0.0835159 0.530375 28 0
17.1475 -16.7226 20.8029 28 1
-30 -30 19.9504 28 0
25.2462 29.7178 21.7223 28 1
-0.00163 0.085512 0.425431 28 0
-1.26277 19.1618 20.1455 28 1
-30 -30 19.9504 28 0
0.234942 0.0515721 1.7031 28 0
29.817 24.4983 21.8889 28 1
-29.9919 -24.6607 21.3731 28 1
-3.08427 -20.5762 20.6757 28 1
-6.27315 20.4585 21.1746 28 1
10.0214 27.4175 21.3331 28 1
26.9729 -19.6323 21.3709 28 1
21.9852 -4.22652 20.1043 28 1
-6.97145 25.753 20.6079 28 1
26.5565 11.8052 21.6484 28 1
-0.00553443 0.204506 1.39086 28 0
26.8547 -28.145 20.7923 28 1
0.0386193 0.0657038 0.364124 28 0
25.7999 -29.4523 21.916 28 1
-18.0468 11.1646 19.6402 28 0
29.0975 -29.2958 21.3537 28 1
-30 30 19.9504 28 0
-25.5198 13.9234 21.4421 28 1
0.160812 0.0751756 1.17808 28 0
-5.59354 -16.3883 20.5403 28 1
-0.0300467 0.202573 1.39667 28 0
0.373076 -0.254931 3.26197 28 0
-3.82228 1.23004 10.0578 28 0
0.153936 0.0256489 0.979213 28 0
-30 -30 19.9504 28 0
-2.07518 7.37377 14.8498 28 0
30 -30 19.9504 28 0
1.16263 0.45436 5.15125 28 0
-1.91187 -2.84011 8.39353 28 0
-30 30 19.9504 28 0
0.00519238 0.0532539 0.225813 28 0
0.0391963 0.01279 0.161296 28 0
-3.21717 0.538924 9.42722 28 0
0.43853 0.30433 3.64018 28 0
-3.8805 -4.92835 12.2204 28 0
0.0383214 0.100847 0.589587 28 0
30 30 19.9504 28 0
30 30 19.9504 28 0
0.131258 -0.141165 1.33047 28 0
-30 30 19.9504 28 0
0.0971861 0.0943747 0.817554 28 0
-30 30 19.9504 28 0
30 -30 19.9504 28 0
13.5409 22.9206 21.2984 28 1
-0.124435 0.0483455 0.794613 28 0
21.0316 10.5443 20.991 28 1
0.0626597 0.0776103 0.530282 28 0
9.13922 -10.7933 18.4357 28 1
-0.627364 -0.154897 3.52975 28 0
-1.71596 -12.9473 18.1212 28 1
0.112089 -0.0261909 0.644056 28 0
4.74182 27.4214 21.7001 28 1
-4.58589 27.1823 21.5123 28 1
1.90936 -29.8854 20.2101 28 1
14.2244 -10.0179 19.2301 28 1
28.8686 12.3038 21.2928 28 1
0.0262423 0.0469397 0.227563 28 0
-30 30 19.9504 28 0
0.048789 0.0643042 0.394427 28 0
-0.0192568 0.00600415 0.0678529 28 0
-26.8127 -1.22896 20.9749 28 1
30 9.15663 20.3069 28 1
-12.7507 3.30487 18.7672 28 1
-20.5879 18.0511 21.2521 28 1
-28.6967 -4.00286 20.9871 29 1
3.67913 -4.05432 12.2058 29 0
1.55165 -0.998045 6.28488 29 0
28.9769 29.8404 20.5161 29 1
19.6347 10.7947 21.0525 29 1
28.8632 24.6668 21.5453 29 1
0.704257 -0.0715202 3.26196 29 0
29.4674 13.0191 21.5013 29 1
-6.33552 29.3453 21.8478 29 1
0.0022353 0.00793855 0.0251369 29 0
-30 -30 19.9504 29 0
-30 -30 19.9504 29 0
30 -30 19.9504 29 0
2.93542 -22.8296 19.9349 29 1
-0.0224085 -0.0217892 0.11425 29 0
20.2026 20.3212 21.4378 29 1
30 -30 19.9504 29 0
29.7718 10.1665 21.1092 29 1
-4.06624 -9.18553 15.9631 29 1
-4.11772 -2.27844 11.1145 29 1
30 -30 19.9504 29 0
-0.0997061 -0.0442819 0.59951 29 0
30 -30 19.9504 29 0
-0.0262544 -0.0423893 0.206102 29 0
-0.00193556 -0.00694818 0.0217855 29 0
-0.0547267 -0.0150607 0.244211 29 0
-0.0896167 -0.103282 0.828171 29 0
-29.5287 -22.2849 22.0629 29 1
-15.6158 29.8037 21.7344 29 1
19.8422 -29.9975 20.4267 29 1
30 -30 19.9504 29 0
28.2301 29.703 21.7372 29 1
-2.68777 -0.701816 8.50368 29 0
-30 30 19.9504 29 0
0.0162774 0.0360375 0.153008 29 0
22.4244 26.0451 21.5274 29 1
-0.0612769 0.209132 1.52059 29 0
-0.756168 8.93562 15.4771 29 1
5.79893 3.10965 13.1203 29 1
-29.9403 16.0502 19.993 29 1
0.0320854 0.526343 3.1588 29 0
27.0093 1.78417 20.4507 29 1
27.1886 -15.9887 20.4998 29 0
0.839869 0.349898 4.15874 29 0
29.7796 -24.9126 20.9556 29 1
5.80784 -0.961998 12.0778 29 0
5.19521 6.80583 15.3537 29 1
7.38291 -15.099 19.8253 29 1
-0.0906184 -0.0038292 0.461441 29 0
30 -30 19.9504 29 0
27.9806 -7.91582 19.8615 29 1
-9.22175 -25.5661 21.5987 29 1
30 30 19.9504 29 0
-28.0148 29.7399 21.0624 29 1
-0.0172561 -0.0360832 0.155237 29 0
25.2036 -28.9262 20.8243 29 1
0.147748 0.0926954 1.15698 29 0
-0.0102932 0.00929482 0.0443421 29 0
30 30 19.9504 29 0
0.0256582 -0.0862998 0.457523 29 0
-19.9904 -20.0446 19.6898 29 1
-16.9597 16.7342 20.4861 29 1
-0.643883 0.0245341 3.25717 29 0
29.9915 29.4581 21.6492 29 1
1.94923 2.66397 8.93554 29 0
5.23631 5.89745 14.6053 29 0
3.7413 -9.44312 17.3538 29 0
7.23883 -4.02762 14.8256 29 1
-0.0487113 -0.0397781 0.280466 29 0
-23.4538 -8.59714 21.7226 29 1
-30 30 19.9504 29 0
-28.1837 28.4018 21.8342 29 1
-28.7456 24.5359 22.0169 29 1
4.129 -0.00919253 9.23927 29 0
-14.8558 -29.8818 20.5723 29 1
-4.62705 -2.18249 12.1507 29 1
3.16941 -22.2892 20.7615 29 1
-13.1135 27.0723 20.1464 29 1
21.8393 29.7225 21.4124 29 1
25.4706 2.49751 21.8112 29 1
-29.6785 -1.39617 21.878 29 1
-15.3788 -25.0895 21.3438 29 1
-3.90314 -26.9821 19.818 29 1
12.9816 28.451 21.4578 29 1
-14.529 8.74702 20.295 29 1
-29.8816 -10.9764 20.1276 29 1
1.88095 3.22831 9.38313 29 1
-29.8209 26.951 20.6528 29 1
-18.1067 -27.8324 20.6406 29 1
-28.5929 -5.62483 21.9312 29 1
-0.000230055 0.064999 0.292518 29 0
-3.4741 24.8289 21.3666 29 1
30 12.5016 21.5165 29 1
6.4782 28.3685 21.9576 29 1
0.0110287 -0.000950865 0.0345693 29 0
-29.3862 24.6669 22.096 29 1
0.106101 -0.0108723 0.578212 29 0
-0.0863758 0.162491 1.23948 29 0
-4.90561 -1.78736 11.46 29 1
0.0247666 0.118997 0.694572 29 0
-0.229878 -0.0873909 1.77034 29 0
-30 -30 19.9504 29 0
-25.5924 13.8645 21.4771 29 1
0.14518 -0.0643835 1.01208 29 0
-1.7184 -3.77571 10.6128 29 1
0.0613937 0.095241 0.634057 29 0
-0.0349238 -0.0313627 0.190586 29 0
-0.156129 0.302261 2.53379 29 0
-0.0641886 -0.364918 2.60112 29 0
2.42474 29.3247 21.8955 29 1
-0.155639 -0.0751956 1.13734 29 0
30 -30 19.9504 29 0
-29.5393 -25.2514 22.023 29 1
0.0257603 0.0531523 0.257656 29 0
-3.26525 -15.0493 18.9177 29 1
-0.0612053 -0.0244552 0.298428 29 0
0.0313877 0.0354964 0.192924 29 0
30 30 19.9504 29 0
-0.0307403 0.0137158 0.125131 29 0
-0.152713 -0.0789384 1.13039 29 0
