-8.14507 3.93708 0.98077 1 1
6.47184 -0.86614 0.999266 1 1
-14.7787 14.2395 0.993705 1 1
13.7525 15 0.992029 1 0
9.66976 6.51291 0.987161 1 1
10.2593 -9.1087 0.986508 1 1
2.60201 -6.73197 0.956766 1 1
11.0322 -12.1137 0.994578 1 1
-10.8004 0.815886 0.989969 1 1
5.68642 8.78689 0.964812 1 1
8.51535 7.46148 0.995689 1 1
-6.8458 1.17934 0.965833 1 1
-8.9558 9.64016 0.980999 1 1
9.90099 11.5616 0.983868 1 1
11.563 7.26535 0.980339 1 1
-4.0565 -7.57198 0.995636 1 0
14.9238 1.69392 0.994726 1 1
13.9204 2.67026 0.981427 1 1
13.3621 -12.1683 0.99997 1 1
11.1914 2.75248 0.970801 1 1
-1.38397 -14.1882 0.988905 1 1
7.20117 -8.48182 0.984348 1 1
14.6341 15 0.991022 1 0
-2.63178 -0.190409 0.640703 1 1
-13.3917 -6.99517 0.986098 1 1
-14.5922 -4.97034 0.999444 1 1
-12.0025 4.72929 0.995839 1 1
0.589943 -14.5518 0.987085 1 1
-7.68624 2.18239 0.97235 1 1
-0.661705 -10.2787 0.990429 1 1
5.53405 -14.8332 0.991489 1 1
11.8614 15 0.999947 1 0
-14.3475 -4.11491 0.999993 1 1
-13.6083 1.05385 0.979918 1 1
10.402 -4.06383 0.991828 1 1
2.79501 6.44457 0.994891 1 1
-5.70113 6.44212 0.997536 1 1
-11.0654 7.57346 0.997536 1 1
1.25025 7.13387 0.947052 1 1
-6.29739 3.28073 0.9973 1 1
5.60808 1.61496 0.915478 1 1
-12.9476 12.1269 0.989132 1 1
-11.1396 -5.97774 0.980291 1 1
5.08972 -10.8836 0.973785 1 1
9.22426 -9.13082 0.985632 1 1
0.97998 4.1801 0.883219 1 1
4.9276 6.26391 0.965048 1 1
14.2335 15 0.999995 1 0
-11.8036 -11.1636 0.985193 1 1
6.66209 1.84278 0.949772 1 1
-7.96935 12.4187 0.987221 1 1
-9.67033 0.908367 0.998994 1 1
-9.7179 10.202 0.981809 1 1
1.12951 -0.160039 0.459427 1 1
-8.00075 -2.11567 0.962977 1 1
-1.52806 -4.3452 0.897642 1 1
1.88768 -5.78658 0.985787 1 1
-7.41564 10.9815 0.992781 1 1
4.21456 11.1716 0.981815 1 1
4.66508 3.8973 0.988855 1 1
12.936 13.7147 0.988876 1 1
0.188413 8.25226 0.969707 1 1
3.26599 10.8178 0.998051 1 1
8.79092 9.85459 0.986773 1 1
0.923197 -0.657185 0.42739 1 1
15 13.4054 0.999411 1 0
15 15 0.999982 1 0
15 15 0.999982 1 0
15 15 0.999982 1 0
15 15 0.999982 1 0
15 15 0.999982 1 0
15 15 0.999982 1 0
15 12.7754 0.99839 1 0
15 15 0.999982 1 0
-2.01652 -4.83291 0.872709 1 0
15 15 0.999982 1 0
15 15 0.999982 1 0
15 14.3572 0.997972 1 0
9.01297 9.72168 0.993532 1 0
8.93237 15 0.997083 1 0
10.9605 10.2072 0.998175 1 0
15 15 0.999982 1 0
15 15 0.999982 1 0
15 15 0.999982 1 0
15 14.1605 0.999057 1 0
15 15 0.999982 1 0
15 11.6565 0.99558 1 0
15 12.6857 0.999963 1 0
15 15 0.999982 1 0
15 5.54886 0.999692 1 0
15 12.9236 0.992967 1 0
15 15 0.999982 1 0
15 15 0.999982 1 0
15 15 0.999982 1 0
8.42421 5.01438 0.983324 1 0
15 8.54013 0.986906 1 0
15 15 0.999982 1 0
11.7577 -4.39732 0.975402 1 0
2.83741 15 0.986861 1 0
6.61577 15 0.99539 1 0
10.4651 13.545 0.995717 1 0
7.84095 15 0.996271 1 0
15 15 0.999982 1 0
15 15 0.999982 1 0
15 8.04225 0.999996 1 0
15 15 0.999982 1 0
7.67372 -0.37035 0.983064 1 0
6.77571 15 0.999402 1 0
15 0.0921116 0.996469 1 0
15 15 0.999982 1 0
15 13.9181 0.991129 1 0
7.82316 15 0.995647 1 0
15 11.053 0.9992 1 0
3.15545 15 0.992934 1 0
4.41634 15 0.986677 1 0
10.6713 3.77636 0.995948 1 0
12.5476 10.2658 0.985214 1 0
11.1992 5.05193 0.999678 1 0
15 15 0.999982 1 0
8.98892 15 0.998719 1 0
15 15 0.999982 2 0
1.91321 13.0171 0.98087 2 0
12.3748 15 0.991393 2 0
14.1213 12.0351 0.999537 2 1
15 15 0.999982 2 0
-14.0973 -8.95742 0.987237 2 1
10.3772 15 0.99103 2 0
9.60035 5.41005 0.968778 2 0
15 15 0.999982 2 0
15 15 0.999982 2 0
15 9.94673 0.998191 2 0
-9.41537 -14.9 0.996974 2 1
8.80608 4.7423 0.965372 2 1
15 15 0.999982 2 0
-6.15437 -12.9332 0.996284 2 1
15 10.1095 0.99974 2 0
-0.57315 -12.798 0.999744 2 1
15 -2.21644 0.983182 2 0
15 15 0.999982 2 0
-0.992114 15 0.993441 2 0
-2.53277 -9.34426 0.999961 2 1
9.69145 -14.8519 0.989424 2 1
-1.92939 2.82289 0.9977 2 1
-4.30583 -2.60898 0.982879 2 1
13.6187 4.35641 0.993836 2 0
-2.53131 -14.89 0.986506 2 1
14.0053 15 0.993672 2 0
0.553075 -14.9112 0.999999 2 1
-0.961084 15 0.993642 2 0
13.3058 15 0.996438 2 0
-0.395761 15 0.996048 2 0
4.20794 -12.0178 0.992997 2 1
-14.7916 -8.21438 0.995796 2 1
1.22804 4.56552 0.849504 2 1
2.82713 -7.96195 0.956096 2 1
7.62506 15 0.988489 2 0
1.69979 -13.9899 0.981627 2 1
-8.08576 -5.40782 0.997605 2 1
-14.7446 11.8407 0.990352 2 1
15 1.22543 0.991687 2 0
-10.6663 -9.46655 0.989575 2 1
-13.5778 0.603284 0.979185 2 1
-14.8299 -14.9966 0.996393 2 1
7.08341 15 0.995825 2 0
10.837 -14.0493 0.988966 2 1
1.54536 -10.2356 0.97975 2 1
15 0.790045 0.994618 2 0
-14.5249 -10.5354 0.994612 2 1
7.06227 5.72167 0.991522 2 0
-14.0765 -14.9952 0.996198 2 1
15 -3.72303 0.999952 2 0
15 -15 0.999982 2 0
10.4936 14.9608 0.989276 2 0
15 6.17254 0.985092 2 0
-2.55511 2.40454 0.914564 2 0
8.43578 10.8355 0.988078 2 0
1.32573 -7.35236 0.970424 2 1
13.3909 -11.7061 0.98763 2 1
3.95178 -3.211 0.943729 2 0
-12.0983 -12.9748 0.989117 2 1
15 -7.16011 0.993119 2 0
-3.65507 -3.88374 0.914102 2 1
14.6961 -14.6174 0.999323 2 1
15 15 0.999982 2 0
3.55571 15 0.999452 2 0
-5.33185 -7.57683 0.985343 2 1
-9.0822 -14.5472 0.993153 2 1
-14.872 -12.6702 0.996835 2 1
-2.40833 -1.12247 0.657846 2 1
9.79809 14.3847 0.993091 2 0
-6.53194 5.56323 0.993723 2 1
-0.966341 -3.93753 0.906266 2 1
4.38814 -0.00650501 0.976965 2 0
-14.6887 -12.4826 0.992566 2 1
15 15 0.999982 2 0
15 15 0.999982 2 0
6.86629 15 0.999994 2 0
15 -0.839849 0.994358 2 0
7.72789 10.2476 0.999962 2 0
-7.66777 1.07901 0.96121 2 1
5.39333 14.9572 0.99742 2 0
-10.6886 -4.70541 0.990521 2 1
-10.8066 -14.6523 0.993233 2 1
14.4196 15 0.995764 2 0
8.91169 -8.47569 0.999967 2 1
-14.9416 -0.913046 0.998646 2 1
11.1484 0.5163 0.990587 2 0
12.4468 -12.7423 0.987597 2 1
15 15 0.999982 2 0
2.21967 15 0.983171 2 0
3.57669 1.61681 0.999975 2 1
-12.6317 1.64056 0.993587 2 1
3.58638 10.4083 0.968251 2 0
-8.75134 -14.8146 0.989034 2 1
7.31207 10.0792 0.984927 2 1
15 -4.7147 0.984216 2 0
15 4.55175 0.984585 2 0
9.71913 15 0.989752 2 0
-6.46506 -14.4032 0.987547 2 1
15 15 0.999982 2 0
11.8874 -1.91668 0.973155 2 0
15 2.91394 0.988158 2 0
15 15 0.999982 2 0
13.1359 2.83388 0.994685 2 0
15 1.94863 0.984837 2 0
-13.9584 -9.46233 0.991197 2 1
7.35209 4.60835 0.997474 2 1
15 4.78946 0.984939 2 0
-4.69596 -2.0516 0.918607 2 1
7.39 -0.120192 0.940398 2 0
-14.9536 13.234 0.991806 2 1
15 4.35442 0.988023 2 0
-7.1229 -14.365 0.997837 2 1
-10.9166 14.3364 0.999147 2 1
-9.71239 -13.5649 0.988298 2 1
-14.9953 -5.92004 0.99054 2 1
4.65774 1.94769 0.97473 2 0
-11.546 0.793685 0.973945 2 1
-14.8864 -14.9424 0.996464 2 1
-11.7625 -9.76846 0.989062 2 1
14.319 0.340528 0.996301 3 1
3.74166 -7.35046 0.971797 3 0
15 0.325289 0.996194 3 0
8.51979 15 0.987109 3 0
-1.37264 -4.9927 0.885292 3 0
2.0663 5.92237 0.908095 3 0
-5.01206 -6.70664 0.946068 3 1
15 2.80373 0.986341 3 0
15 1.20312 0.991872 3 0
15 15 0.999982 3 0
-3.65121 -12.0048 0.975532 3 1
-12.1742 -15 0.990488 3 0
-14.2781 -12.3309 0.98899 3 1
15 15 0.999982 3 0
-12.8919 -13.6848 0.989736 3 1
10.3567 12.2641 0.996562 3 1
13.6054 1.21237 0.980555 3 0
-5.27755 2.06151 0.920683 3 0
10.4256 13.3179 0.995314 3 1
7.68177 4.60009 0.957058 3 0
7.69701 -5.11489 0.990774 3 1
12.0444 -15 0.994982 3 0
-7.35675 -14.9565 0.989354 3 1
-7.51432 14.0953 0.999993 3 1
-9.91665 -4.77528 0.968174 3 1
2.30728 15 0.982968 3 0
-4.57048 11.6428 0.978031 3 1
15 5.73336 0.996074 3 0
13.3008 14.9976 0.996147 3 1
10.4303 6.26858 0.986118 3 0
13.4076 -14.1077 0.992282 3 1
-6.99035 -8.74505 0.995939 3 0
15 15 0.999982 3 0
14.3388 -13.3584 0.999479 3 1
-3.93577 14.9913 0.998387 3 1
14.5913 -9.90988 0.99611 3 1
14.3025 15 0.999381 3 0
1.7161 1.12854 0.541434 3 1
5.07966 4.71695 0.958954 3 0
15 0.729975 0.994908 3 0
10.0971 10.6098 0.981829 3 1
7.30946 13.528 0.997252 3 1
6.02672 -0.973752 0.977644 3 0
11.4983 7.51122 0.988342 3 1
15 3.31582 0.996109 3 0
8.51251 6.20538 0.969838 3 0
15 8.85787 0.994313 3 0
7.30558 -14.0195 0.989343 3 1
12.3386 -11.6729 0.999509 3 1
3.34892 -4.32797 0.997276 3 0
-14.4773 2.72561 0.984982 3 1
5.90675 8.88108 0.994684 3 0
-1.65622 -14.2075 0.994387 3 1
11.5296 15 0.990762 3 0
13.9282 -11.0873 0.987536 3 1
0.349827 -5.33091 0.920722 3 0
-11.2992 5.19629 0.987197 3 1
11.0823 13.6625 0.998817 3 0
-3.05982 1.4459 0.9966 3 1
-2.08883 11.4797 0.988815 3 0
13.4976 5.55916 0.984095 3 0
15 6.26041 0.985354 3 0
5.9915 13.525 0.991132 3 0
6.97665 3.34228 0.963866 3 1
-9.88508 -7.15145 0.991092 3 1
0.0252609 0.329119 0.84552 3 0
2.88298 10.7273 0.980839 3 1
12.3493 11.1821 0.989969 3 0
14.8592 13.4119 0.99442 3 1
14.8596 14.3696 0.999959 3 0
15 10.6607 0.990619 3 0
6.00074 9.48673 0.998873 3 0
-13.4921 -14.9693 0.999986 3 1
6.14891 1.5382 0.919025 3 0
-8.07967 14.9129 0.998511 3 1
-14.5841 1.50292 0.981732 3 1
2.06398 -4.8432 0.877576 3 1
15 4.10704 0.994266 3 0
2.51568 6.60061 0.999938 3 1
4.57252 0.413048 0.911042 3 0
12.2469 6.00129 0.979406 3 1
1.04156 -7.06611 0.986626 3 0
-12.275 2.87055 0.976825 3 1
-13.8606 1.85042 0.992669 3 1
-10.9027 10.8173 0.995795 3 1
14.6413 -13.6287 0.993592 3 1
14.9441 -9.60267 0.988155 3 1
5.66047 -8.06877 0.971351 3 1
-14.9913 -12.0852 0.993792 3 1
15 15 0.999982 3 0
12.8496 -3.67923 0.999841 3 1
-13.9876 -14.4844 0.999819 3 1
8.68708 3.12411 0.992788 3 0
-13.1589 14.7894 0.993161 3 1
15 9.06735 0.999923 3 0
4.8139 0.0933065 0.901757 3 1
10.0826 11.1991 0.989726 3 0
3.78981 15 0.999627 3 0
11.7836 3.60896 0.999657 3 0
-12.7534 -6.00917 0.981329 3 1
8.98476 0.225637 0.964405 3 0
-14.1528 14.6027 0.992685 3 1
15 -15 0.999982 3 0
-6.47339 13.3254 0.993475 3 1
9.6218 9.37437 0.995195 3 1
-14.9574 14.0716 0.994457 3 1
15 6.81599 0.999843 3 0
-3.76702 -1.80595 0.814384 3 1
14.9887 -3.2147 0.993056 3 1
2.37578 -3.90868 0.926888 3 0
10.523 -5.58068 0.986393 3 0
9.98388 -11.9663 0.991199 3 1
15 15 0.999982 3 0
7.27462 -2.37217 0.992206 3 1
-14.986 -12.0342 0.996069 3 1
6.35564 12.7341 0.986263 3 1
12.9133 -1.33611 0.98523 3 0
-2.20341 -6.56603 0.956081 3 0
0.851664 2.20457 0.99923 3 0
12.2491 10.4426 0.992798 3 0
0.916513 12.4849 0.977109 4 0
-0.726188 -11.3844 0.981666 4 0
-1.22802 -10.4864 0.973811 4 0
15 15 0.999982 4 0
-8.1642 -1.7472 0.947304 4 1
5.29662 14.9382 0.993152 4 1
7.90131 -2.98888 0.955784 4 0
-7.55722 2.60412 0.973515 4 1
8.79648 13.8074 0.993435 4 1
9.73708 -5.98945 0.977755 4 0
-14.0593 -13.5631 0.996704 4 1
3.0981 -4.19328 0.874017 4 1
-4.37867 3.28157 0.997176 4 0
13.4499 14.3246 0.999925 4 1
-6.71274 1.7439 0.960639 4 1
-6.92174 14.3092 0.997099 4 1
-7.92314 12.1363 0.99459 4 0
-11.2563 -13.6623 0.991434 4 1
0.344966 -9.67548 0.999964 4 1
-4.7842 2.46758 0.951057 4 0
6.70598 -0.32378 0.94134 4 0
8.31124 -12.6309 0.985241 4 1
7.30727 14.8616 0.997765 4 1
-8.54338 15 0.986882 4 0
-14.935 -11.5937 0.990189 4 1
11.0217 6.57795 0.999955 4 0
9.75204 11.6732 0.983428 4 0
0.194701 2.03218 0.557981 4 0
-6.58573 12.0739 0.990729 4 1
-6.27923 11.7471 0.999209 4 1
-9.03846 -1.16792 0.996084 4 1
8.84798 -1.77811 0.974573 4 0
10.0988 7.41147 0.976529 4 0
12.9099 6.60143 0.993957 4 0
-14.7363 -15 0.993106 4 1
5.80619 0.64458 0.918643 4 0
-10.6985 -0.0694122 0.998528 4 0
0.692836 11.5417 0.972869 4 0
10.4492 15 0.989022 4 0
8.42691 5.45789 0.972248 4 0
-4.27534 2.74739 0.951291 4 1
-14.6736 -2.74389 0.999981 4 0
10.1943 13.3837 0.988311 4 0
1.46808 9.49819 0.99203 4 0
12.7994 -4.23847 0.989202 4 1
7.62671 4.8333 0.975825 4 0
4.78588 -11.2921 0.998528 4 1
5.21226 -7.07702 0.969815 4 0
-14.0791 -7.54484 0.999993 4 1
1.68566 -0.19701 0.693391 4 0
-8.27714 2.66929 0.99425 4 1
-14.9656 -5.02652 0.987514 4 1
-9.71496 13.6264 0.986125 4 1
-5.16545 14.9621 0.991183 4 1
10.2144 13.8954 0.987243 4 1
13.2474 12.8034 0.991901 4 0
-14.5247 4.07083 0.988228 4 1
0.863569 -1.03171 0.967629 4 0
10.8929 -8.44682 0.994423 4 0
5.54633 -4.69139 0.940033 4 1
7.90909 13.2858 0.999857 4 1
0.344463 -1.21534 0.947394 4 0
-6.72865 -3.21679 0.965154 4 1
13.5335 1.95406 0.981673 4 0
8.89613 -14.5157 0.999969 4 1
-3.53822 14.5108 0.999886 4 1
12.2066 9.95002 0.985034 4 0
4.8934 -13.7402 0.985055 4 1
-14.9039 -14.9517 0.997426 4 1
13.5549 3.92469 0.980768 4 1
5.92472 14.9274 0.995933 4 0
0.74299 -14.7422 0.987733 4 1
3.91368 14.9954 0.998485 4 1
-9.70164 -2.03013 0.962735 4 0
11.7197 -3.73693 0.999988 4 1
-1.70686 10.8124 0.970443 4 0
-14.4818 -6.07636 0.984046 4 1
-14.4544 2.3274 0.981949 4 1
14.8611 -12.3316 0.990789 4 1
-11.5453 10.7662 0.987437 4 1
-2.67583 -9.15496 0.974507 4 1
1.55975 -2.03584 0.659262 4 0
-5.34358 9.33802 0.999251 4 1
6.75551 -1.69757 0.974409 4 0
8.36751 2.14495 0.999997 4 0
0.0255737 13.2016 0.986218 4 1
10.7403 9.40235 0.991107 4 0
11.1776 3.75238 0.999906 4 0
14.1135 -14.0243 0.989997 4 1
3.27393 9.0553 0.995253 4 1
-0.566889 -0.881432 0.21544 4 0
10.1102 -2.33726 0.974645 4 0
9.59694 -2.28436 0.96959 4 1
-8.43856 8.21476 0.999982 4 1
-14.6103 -12.7672 0.989811 4 1
14.8188 9.74151 0.989439 4 1
6.29566 3.76231 0.93082 4 0
-1.61728 15 0.987989 4 0
12.8753 5.26268 0.99917 4 0
6.20438 -8.7252 0.999087 4 0
3.3368 12.3468 0.998752 4 0
3.99397 -0.11579 0.967886 4 0
7.34528 11.1687 0.999802 4 1
14.3235 2.33204 0.992649 4 1
14.7764 -12.5237 0.989456 4 1
-3.18683 -4.96501 0.954189 4 1
9.16635 5.91622 0.975365 4 0
10.7309 -14.9843 0.992366 4 1
14.3181 1.94088 0.99835 4 0
12.771 3.79404 0.999335 4 1
15 7.75789 0.993196 4 0
3.94963 -12.3223 0.991011 4 0
6.78841 11.1133 0.980521 4 0
-11.6691 -1.13361 0.996825 4 1
5.16491 12.103 0.981072 4 0
1.3892 7.43989 0.998689 4 1
10.4106 8.98383 0.990454 4 0
6.89618 1.25496 0.99091 4 0
5.14121 4.01541 0.998575 4 0
15 15 0.999982 4 0
13.1086 14.492 0.997044 5 0
-3.91332 -8.26706 0.999555 5 1
8.20895 10.9825 0.985557 5 0
-6.17548 7.33915 0.987883 5 0
8.70294 6.56088 0.977207 5 0
13.4792 -0.301674 0.989245 5 0
12.0441 12.127 0.997465 5 0
14.2529 15 0.99997 5 0
15 15 0.999982 5 0
0.0354624 5.28485 0.885242 5 0
-10.9842 8.25317 0.988977 5 1
11.6357 13.6011 0.991376 5 0
1.91286 1.45008 0.971881 5 0
-6.26386 5.7937 0.981351 5 0
8.23097 11.6858 0.993292 5 0
13.3912 1.71673 0.986943 5 0
4.82468 11.788 0.993511 5 0
15 8.49524 0.987475 5 0
7.72428 12.3667 0.985465 5 0
15 14.4758 0.99369 5 0
1.72118 5.33649 0.957962 5 1
1.7147 10.6155 0.999552 5 0
1.18296 7.7785 0.939731 5 0
12.9375 -14.8221 0.999444 5 1
13.381 7.92742 0.994184 5 1
6.70548 -1.13766 0.920496 5 0
15 -3.27596 0.995358 5 0
15 15 0.999982 5 0
9.23211 15 0.99772 5 0
7.20013 3.75606 0.999945 5 0
12.3819 8.782 0.982949 5 0
14.979 13.5015 0.999981 5 1
15 6.08535 0.985996 5 0
-14.8818 11.9431 0.999655 5 1
-8.51644 -5.28503 0.968892 5 1
-13.929 4.29484 0.985892 5 1
-7.21175 11.4887 0.980504 5 1
1.3774 -5.69868 0.930867 5 1
5.12104 15 0.993215 5 0
-13.822 -14.8564 0.995047 5 1
15 13.0207 0.99037 5 0
-12.658 -13.8075 0.993492 5 1
12.6815 4.20791 0.999927 5 0
15 15 0.999982 5 0
-14.1486 -14.8579 0.993402 5 1
9.4148 15 0.990905 5 0
11.3412 12.2297 0.988585 5 0
-9.91736 0.969077 0.961641 5 1
6.36517 -1.02386 0.972989 5 0
-4.55846 14.711 0.998815 5 1
-10.1525 0.711874 0.998583 5 1
-14.6099 -14.2763 0.99052 5 1
15 15 0.999982 5 0
14.5924 13.48 0.99031 5 1
9.13554 -0.546849 0.999799 5 0
-12.4741 -14.6582 0.994327 5 1
2.83729 -7.27445 0.942963 5 1
6.14174 8.03801 0.989185 5 0
-3.75102 -13.0574 0.979384 5 1
-3.25779 11.6987 0.982172 5 1
13.3692 -1.48248 0.993174 5 1
15 12.0954 0.992981 5 0
8.43829 11.6663 1 5 1
11.2392 10.7198 0.996069 5 0
15 9.42661 0.990495 5 0
10.4415 12.6554 0.996396 5 0
0.127867 -11.7753 0.999975 5 1
-13.1611 -14.8992 0.990085 5 1
-2.65175 1.81242 0.767508 5 0
11.3404 1.68515 0.973492 5 0
5.3494 -11.1996 0.990931 5 1
-0.491492 -4.38628 0.991802 5 1
-4.85457 -10.3819 0.973925 5 1
-0.101653 15 0.996464 5 0
9.35896 9.02052 0.983172 5 0
3.05774 14.3605 0.982089 5 1
-13.4021 14.3508 1 5 1
5.57749 -8.29159 0.964174 5 1
14.9298 8.76114 0.987302 5 0
-10.9234 -13.234 0.99234 5 1
-6.23343 13.9387 0.987126 5 1
-8.85881 -14.9997 0.994332 5 1
14.9383 7.09983 0.998917 5 1
14.2246 -14.9971 0.999952 5 1
3.11096 -4.65353 0.964008 5 0
14.2354 -11.3797 0.991971 5 1
-8.98216 14.5442 0.997301 5 1
7.40399 3.21659 0.99619 5 0
0.00284958 4.28689 0.876348 5 0
11.6547 14.9041 0.990806 5 1
6.8619 8.54112 0.969525 5 0
10.1423 9.52753 0.998853 5 0
11.9223 2.61979 0.991978 5 0
5.72197 1.57027 0.974179 5 0
-0.31536 6.94214 0.967065 5 0
10.6855 -5.73899 0.98002 5 1
-0.0813951 5.42182 0.977142 5 0
-2.34229 3.60286 0.887367 5 1
3.67856 -8.98724 0.999137 5 1
4.65225 0.991303 0.860139 5 0
-3.24487 10.538 0.969213 5 1
0.951194 10.5547 0.981683 5 1
15 -12.4058 0.992444 5 0
-11.213 -14.6087 0.991422 5 1
8.68383 7.47183 0.974487 5 0
-13.9252 14.3641 0.993777 5 1
-2.30285 3.62123 0.881108 5 1
5.1948 10.0124 0.999449 5 0
14.5131 -5.53913 0.995857 5 1
14.5301 14.8841 0.996108 5 1
0.125376 -6.34102 0.920449 5 1
-14.5322 -3.24846 0.999366 5 1
-14.7385 14.0621 0.991274 5 1
3.11736 8.90506 0.957157 5 1
6.70934 7.79812 0.992764 5 1
8.25732 -13.0703 0.999885 5 1
-11.4542 -14.991 0.988996 5 1
9.73587 14.6134 0.999833 5 1
-11.7195 2.10499 0.987078 5 1
11.3859 -4.13502 0.977968 5 0
12.1041 5.28732 0.987136 6 0
9.83696 -2.98327 0.994064 6 0
0.192839 14.0344 0.986605 6 1
-14.1993 14.7029 0.990648 6 1
15 9.28585 0.995879 6 0
11.3776 6.64664 0.983055 6 0
-6.66568 10.1606 0.983415 6 1
9.93807 14.4895 0.9996 6 0
14.8689 -7.4842 0.991029 6 1
15 6.49417 0.991131 6 0
8.91021 -3.90111 0.997684 6 0
-3.23815 14.0693 0.999029 6 1
10.8639 8.26392 0.979961 6 0
-14.9867 9.02803 0.999097 6 1
5.53908 -13.8856 0.999541 6 1
-6.25093 1.99136 0.999269 6 0
15 15 0.999982 6 0
-10.9971 10.1145 0.999781 6 1
-0.105155 -15 0.996462 6 0
10.9356 -10.9013 0.999984 6 1
3.73541 -14.3955 0.998431 6 1
9.20119 12.654 0.98607 6 0
4.73479 2.39885 0.897359 6 0
14.2512 -13.5915 0.998801 6 1
-6.23945 14.9195 0.986801 6 1
1.469 -3.27433 0.809463 6 0
3.33929 9.57565 0.993946 6 0
5.91935 0.961561 0.997863 6 0
13.2972 8.34039 0.984101 6 1
9.21507 -0.766804 0.989591 6 0
-13.8665 4.2518 0.993547 6 1
4.17254 5.71779 0.999746 6 1
12.8308 14.7489 0.997473 6 1
-3.81579 -9.13483 0.964028 6 1
12.8835 7.39157 0.997096 6 0
3.17019 7.53625 0.992968 6 0
9.83535 13.9711 0.997819 6 1
7.41627 11.1563 0.998471 6 0
9.90241 7.32119 0.999901 6 0
1.37424 -1.07172 0.850166 6 0
12.4415 8.10842 0.996872 6 0
-1.26167 11.3457 0.98031 6 1
13.5506 -8.88727 0.985374 6 1
8.68047 -5.0809 0.976208 6 1
2.97087 -4.44097 0.921224 6 1
11.9492 14.9903 0.998716 6 1
5.02374 1.8252 0.922668 6 0
-14.9804 -9.70904 0.988652 6 1
-14.711 3.12298 0.992833 6 1
10.6846 11.6547 0.989552 6 0
-11.5688 8.61275 0.999618 6 1
-0.814009 -14.9781 0.996474 6 1
-6.5528 9.44438 0.97123 6 0
9.38858 9.40382 0.996934 6 0
8.41084 15 0.989607 6 0
15 -4.04293 0.995766 6 0
0.0404463 -4.01043 0.953915 6 0
1.29887 10.2492 0.984081 6 0
1.02498 -3.87124 0.95972 6 1
-2.71494 -14.6988 0.999612 6 1
-12.7742 10.4141 0.999925 6 1
5.25249 3.26442 0.934933 6 0
-14.2488 -12.431 0.990293 6 1
6.94809 12.3424 0.980941 6 0
2.53356 4.36814 0.974012 6 0
6.09784 11.6792 0.982875 6 0
-9.78011 2.56026 0.987886 6 1
-14.8545 11.5099 0.990092 6 1
8.93728 15 0.997246 6 0
12.6266 -9.66018 0.997297 6 1
15 7.55244 0.986763 6 0
15 0.506516 0.995754 6 0
-8.79751 11.6746 0.982796 6 1
6.32241 8.71951 0.998411 6 0
13.301 7.02779 0.992356 6 0
8.98413 10.7714 0.987662 6 0
-13.9259 0.439569 0.997694 6 1
7.7235 6.75998 0.996316 6 0
-5.18803 -6.59174 0.946443 6 1
5.93283 1.88223 0.917638 6 1
15 -3.41451 0.997774 6 0
-5.19499 2.94106 0.990613 6 1
-3.39881 -5.75991 0.953039 6 0
4.614 7.94277 0.999166 6 0
9.88063 8.47688 0.980917 6 0
-14.5094 -11.148 0.988534 6 1
-0.671522 10.6008 0.986782 6 1
0.974499 11.0123 0.972218 6 1
3.13392 10.8477 0.998758 6 0
9.44276 6.9725 0.998169 6 0
6.36869 6.01466 0.978296 6 0
11.3706 1.31577 0.975669 6 1
-14.1062 -2.99378 0.99969 6 1
2.52055 -13.714 0.9968 6 1
-5.37932 14.8955 0.991981 6 1
10.0269 5.40596 0.984494 6 0
-8.83752 -1.7275 0.968931 6 1
-9.82727 -2.72324 0.99979 6 1
-14.9811 12.9962 0.991349 6 1
-9.02993 -1.61465 0.999831 6 1
-4.64296 11.7379 0.978214 6 1
4.88339 4.28262 0.992516 6 0
0.567741 9.64697 0.999228 6 1
13.9492 12.8606 0.994017 6 0
14.0427 14.8561 0.990687 6 1
-3.89255 0.580385 0.999456 6 1
8.40793 12.5821 0.984424 6 0
10.617 -4.88309 0.99173 6 0
4.77446 0.107245 0.871278 6 0
6.34488 6.22786 0.952024 6 0
-7.20421 14.6772 0.991529 6 1
6.85095 3.06365 0.983369 6 1
-4.98908 -2.79595 0.897334 6 1
8.05326 4.05388 0.972064 6 0
12.537 10.6141 0.997783 6 0
-9.29215 -9.9584 0.978928 6 1
6.50773 -7.99505 0.988713 6 1
10.3468 3.45033 0.975844 6 0
14.059 -14.9688 0.994436 6 1
4.27258 -15 0.990029 6 0
1.78074 11.3657 0.970895 7 0
11.6094 5.86984 0.98195 7 0
9.09502 -0.481863 0.995136 7 0
8.02829 -8.32168 0.972918 7 1
11.3469 14.7981 0.99859 7 1
-13.8797 14.6325 0.999968 7 1
-7.488 13.3891 0.99416 7 1
13.2955 -4.88567 0.980982 7 0
4.7277 -3.95399 0.946137 7 0
14.606 -14.8756 0.993608 7 1
8.96621 4.88087 0.999997 7 0
3.23343 -10.3732 0.983456 7 0
15 15 0.999982 7 0
14.3442 -2.47216 0.987916 7 1
9.01396 -7.38919 0.986637 7 1
12.4864 1.18105 0.975723 7 0
-7.22004 6.52431 0.997168 7 0
9.96601 2.61513 0.989774 7 1
-6.92382 5.98534 0.999811 7 0
-7.11248 13.6576 0.998687 7 1
3.87212 -8.65215 0.961747 7 1
1.03277 -4.38691 0.98196 7 0
2.07202 11.2209 0.981147 7 1
10.422 14.5022 0.988973 7 1
7.01455 3.98118 0.994904 7 0
6.85163 13.6501 0.987493 7 0
14.983 -11.824 0.999761 7 1
8.8769 15 0.99506 7 0
-9.08227 14.9473 0.998861 7 1
14.3595 -12.9128 0.990774 7 1
7.98711 2.84304 0.96422 7 0
-14.4989 -13.9842 0.999925 7 1
9.28892 3.50107 0.961641 7 0
-0.00405407 -10.6914 0.997864 7 1
4.6488 4.91668 0.924266 7 0
-14.3546 14.7258 0.996063 7 1
-0.0447512 8.12566 0.999795 7 0
-14.7705 12.9178 0.999941 7 1
3.3385 -6.09339 0.966476 7 1
8.04764 -4.50918 0.994098 7 0
-6.59309 7.35173 0.967744 7 1
-11.7581 4.26181 0.978136 7 1
-11.9513 -13.4968 0.999425 7 1
-8.24387 12.6622 0.986038 7 0
-14.6177 12.5039 0.995051 7 1
-1.34809 -12.2409 0.999902 7 1
3.3119 -1.93536 0.94229 7 0
-5.28244 0.0203805 0.88413 7 0
-9.89946 -14.742 0.988362 7 1
8.79295 8.40637 0.985446 7 0
-7.77917 15 0.994013 7 0
3.64664 -4.29928 0.938183 7 0
-14.0488 -14.6528 0.99461 7 1
3.79675 6.38643 0.953752 7 0
-14.2135 0.591134 0.985597 7 1
12.0282 5.84692 0.999613 7 0
11.0218 6.75399 0.992755 7 0
7.51716 6.44084 0.964112 7 0
8.14568 10.1581 0.980707 7 1
14.4695 -4.01417 0.995076 7 1
-4.36312 -11.5677 0.996971 7 1
4.95256 9.34801 0.977849 7 0
13.0813 7.06401 0.998078 7 0
15 8.533 0.986967 7 0
13.3293 -3.05589 0.981789 7 1
-14.0851 -13.0308 0.997865 7 1
4.72233 0.48394 0.855684 7 0
12.1018 -0.117186 0.976675 7 1
15 2.74287 0.985487 7 0
-1.22518 13.1857 0.99171 7 1
9.30038 6.03368 0.976905 7 0
2.7253 15 0.985262 7 0
-5.35746 1.73666 0.941845 7 1
5.5646 -13.9404 0.995622 7 1
-1.75906 13.6273 0.98912 7 1
7.72022 4.2339 0.965546 7 0
4.44945 8.61539 0.999855 7 0
9.3082 -0.649422 0.968617 7 1
-14.7274 6.16023 0.999981 7 1
8.73747 5.52253 0.982962 7 0
-13.8018 -5.89705 0.995733 7 1
5.31125 -10.8867 0.977929 7 0
11.7602 11.3396 0.990368 7 0
4.59617 8.61782 0.991363 7 0
-2.89724 -14.921 0.983125 7 1
13.799 -13.5652 0.989631 7 1
-14.9904 -13.9865 0.992663 7 1
8.33886 4.12893 0.97496 7 1
4.38455 15 0.987345 7 0
11.4511 0.161492 0.974932 7 0
9.26747 -14.7319 0.993076 7 1
9.71062 -0.536396 0.997836 7 0
3.41587 6.31409 0.972813 7 0
4.08828 -0.553886 0.835758 7 0
-6.90936 14.5094 0.995072 7 1
10.7786 5.072 0.986219 7 0
-14.9886 -14.4428 0.995333 7 1
5.92243 1.5878 0.96374 7 0
13.8595 9.92064 0.999641 7 1
11.2716 11.8546 0.992233 7 1
-14.3203 10.8432 0.995971 7 1
4.62559 10.6472 0.978707 7 1
9.06676 9.8723 0.997927 7 0
-14.381 14.3613 0.99328 7 1
1.88974 -6.42247 0.949853 7 0
-14.7289 10.279 0.995878 7 1
2.66503 -14.8716 0.98611 7 1
9.03231 0.413139 0.979378 7 0
9.76596 15 0.99137 7 0
-2.51563 14.5294 0.986221 7 1
-3.92877 14.7639 0.987902 7 1
9.1245 7.89977 0.973934 7 1
-12.145 8.47414 0.992914 7 1
-8.406 2.39836 0.983563 7 1
10.8236 7.96355 0.994744 7 0
1.40807 -5.122 0.899939 7 0
-2.19819 1.5984 0.760506 7 0
2.83841 -2.86494 0.930438 7 0
5.31934 3.40249 0.911997 7 0
1.94646 11.5225 0.991673 7 0
-2.25097 7.49916 0.940039 8 0
4.3332 1.09743 0.997745 8 0
-2.89547 -0.114162 0.996283 8 1
4.90328 -0.251445 0.979748 8 0
-14.9932 -3.03617 0.989821 8 1
5.72784 5.35024 0.939434 8 0
7.06743 11.7522 0.985819 8 1
-1.6773 15 0.987386 8 0
-7.59578 -12.3801 0.991287 8 1
9.04167 -10.0468 0.985085 8 1
8.01804 0.664835 0.990265 8 0
9.36923 -4.29567 0.989061 8 0
6.68847 13.3194 0.999791 8 1
15 11.04 0.999448 8 0
-0.825386 10.3764 0.969217 8 0
3.26942 1.5473 0.784832 8 0
-10.5964 0.579927 0.984769 8 1
2.53029 -6.48161 0.97105 8 1
8.84285 -14.2962 0.987502 8 1
0.0510921 -9.19793 0.998028 8 1
-3.95402 7.70754 0.999025 8 1
-11.5879 -6.9388 0.986247 8 1
0.907814 15 0.993971 8 0
8.20597 -1.40469 0.950627 8 0
0.649765 -14.5556 0.986459 8 1
13.9223 8.34641 0.985047 8 1
6.45596 -8.36629 0.975608 8 1
11.2776 3.23712 0.997722 8 1
5.80344 2.77358 0.965406 8 0
13.0265 8.01237 0.989409 8 1
15 -15 0.999982 8 0
-7.22944 -14.7561 0.998104 8 1
1.95695 4.46586 0.955389 8 0
4.1277 -1.28847 0.916577 8 0
13.3759 2.52143 0.97887 8 1
7.43945 -4.07521 0.96559 8 1
7.82322 5.14327 0.962178 8 0
14.2753 -8.67245 0.987196 8 1
11.6841 14.4921 0.999685 8 0
8.90121 -2.14157 0.999901 8 0
-10.5008 -6.41033 0.999997 8 1
-0.138333 -0.289601 0.882299 8 0
-14.4268 -2.29957 0.983327 8 1
-3.34333 -14.686 0.990476 8 1
-14.9234 -14.898 0.996184 8 1
1.61273 7.48308 0.991372 8 0
-10.6588 10.848 0.983344 8 1
3.06506 -0.898823 0.745428 8 0
8.99548 14.1087 0.986175 8 1
14.8572 -7.13822 0.999945 8 1
-10.798 3.65678 0.982908 8 1
3.31382 -6.36833 0.97278 8 1
15 9.94199 0.998052 8 0
-7.42698 3.07044 0.98781 8 1
10.9443 6.84269 0.99509 8 0
15 14.9691 0.999934 8 1
12.5476 3.80958 0.977704 8 1
13.0395 1.27262 0.977335 8 1
3.46345 7.40903 0.99236 8 0
-12.0873 14.9929 0.99363 8 1
2.73671 7.74804 0.981737 8 0
-8.00922 -8.42639 0.981446 8 1
-10.3367 -14.4618 0.987807 8 1
6.91043 -13.3696 0.991693 8 1
6.24228 3.02781 0.96171 8 0
6.75285 7.48656 0.981719 8 0
7.45055 2.46269 0.939108 8 0
-3.55389 -0.460223 0.815054 8 1
-13.1702 -8.64967 0.985459 8 1
-12.87 14.2603 0.99671 8 1
0.698114 4.23405 0.88087 8 1
10.3948 2.39483 0.994855 8 0
12.1976 3.08106 0.975532 8 0
7.03552 7.56274 0.984485 8 0
3.70237 2.51808 0.995691 8 0
15 1.60736 0.988089 8 0
15 15 0.999982 8 0
-5.91939 15 0.990181 8 0
-0.730123 15 0.994907 8 0
8.19872 10.4468 0.996124 8 0
8.72885 10.9937 0.986404 8 0
2.57413 6.43964 0.960401 8 0
-11.7561 -1.05666 0.999493 8 1
2.12075 7.49379 0.947307 8 1
8.51771 12.3336 0.997366 8 0
11.9034 -10.0797 0.98992 8 1
15 3.27448 0.995329 8 0
9.59908 3.62039 0.996933 8 0
-1.79439 14.1832 0.993593 8 1
-14.9547 -14.9383 0.998595 8 1
9.01079 14.9625 0.997595 8 0
8.79469 8.66411 0.998483 8 0
0.237426 10.2187 0.999832 8 1
-14.9502 -13.8961 0.99052 8 1
6.19923 0.134629 0.927027 8 0
10.3972 6.25408 0.980601 8 0
-15 13.1495 0.990948 8 1
8.66002 0.839044 0.993532 8 1
-14.1753 -8.05516 0.987816 8 1
4.50548 15 0.985143 8 0
-10.0647 -10.4649 0.991859 8 1
15 15 0.999982 8 0
-7.83107 2.23274 0.998481 8 1
5.69014 13.6324 0.988922 8 0
4.5087 1.35597 0.847233 8 1
15 5.78466 0.994536 8 0
9.60331 15 0.987579 8 0
-11.2364 14.7564 0.99934 8 1
10.5619 2.92232 0.969317 8 0
5.06469 14.9707 0.988936 8 1
0.712728 14.5577 0.985986 8 1
-14.6393 8.98791 0.990932 8 1
8.6804 -0.571338 0.99381 8 0
14.387 -14.7468 0.998014 8 1
-1.29691 -3.84875 0.898324 8 0
10.4061 -2.28106 0.992633 8 0
5.24452 1.76265 0.994974 8 0
7.6992 8.59699 0.971323 8 0
5.51632 -1.85263 0.907265 8 0
7.1542 2.77631 0.98586 8 0
8.74841 7.37383 0.976336 9 0
-14.7644 -1.02668 0.991938 9 1
14.9668 -9.51939 0.989244 9 1
14.4643 -4.76429 0.98422 9 0
7.28228 11.0743 0.993196 9 1
6.86048 -2.12373 0.971646 9 0
-14.4519 -14.482 0.991043 9 1
5.44066 2.24758 0.94586 9 0
14.7117 13.8914 0.998159 9 1
15 -13.728 0.992786 9 0
5.66657 7.18633 0.999791 9 0
4.6839 0.847326 0.861824 9 0
-6.9999 14.9807 0.999101 9 1
4.83311 14.5385 0.992181 9 1
6.1227 9.72 0.971621 9 0
13.8406 -5.12577 0.987569 9 1
9.90126 7.93359 0.986482 9 0
9.26895 14.0908 0.991416 9 0
9.38126 -4.3993 0.977671 9 0
-11.3951 12.2716 0.985977 9 1
-14.3436 14.5401 0.990508 9 1
14.9846 11.5598 0.991082 9 1
2.05187 5.38637 0.892614 9 0
-13.2238 -14.8133 0.990516 9 1
-10.1233 -14.8438 0.9963 9 1
-14.3704 -12.3942 0.994278 9 1
6.73181 10.7262 0.983063 9 0
3.62787 2.02231 0.82011 9 0
-12.5304 -4.0902 0.983576 9 1
6.77477 10.1368 0.989799 9 0
-11.4749 -10.2706 0.998756 9 1
3.35757 -0.859767 0.966478 9 0
8.6748 10.1111 0.999322 9 0
15 2.24696 0.983087 9 0
11.9821 -14.7424 0.995639 9 1
6.80528 1.31741 0.958782 9 0
15 15 0.999982 9 0
6.72686 9.34887 0.970732 9 0
-12.1952 11.981 0.997196 9 1
-7.95708 11.2431 0.993257 9 1
14.7403 0.814599 0.98793 9 1
15 -3.5882 0.999688 9 0
9.81944 4.82897 0.970832 9 0
12.8492 -14.6235 0.992508 9 0
-10.5141 5.11589 0.992741 9 1
14.9971 12.5618 0.998189 9 1
-12.7659 -5.99558 0.98107 9 1
2.12971 6.68573 0.992961 9 1
-2.1305 -14.3148 0.996583 9 1
1.4663 15 0.98949 9 0
14.9809 14.3967 0.997326 9 1
0.163066 -2.98188 0.889792 9 0
-4.14095 8.89022 0.982464 9 0
5.93401 4.14597 0.948391 9 0
-6.66439 -4.7481 0.991361 9 1
-11.145 14.177 0.999588 9 1
7.13229 10.5688 0.995123 9 0
-14.5262 -8.89187 0.999895 9 1
-11.0666 12.5621 0.986024 9 1
-2.38138 3.13972 0.998626 9 0
14.0543 11.8847 0.990805 9 1
-14.998 -2.90106 0.987753 9 1
9.96472 11.9308 0.994938 9 0
-9.20352 -7.46139 0.995745 9 1
3.28925 0.425958 0.934155 9 0
-7.12631 -14.9959 0.994649 9 1
-13.7961 6.88902 0.999609 9 1
0.45975 5.03471 0.970164 9 1
-13.4924 4.05781 0.98183 9 1
7.81049 4.95875 0.988511 9 0
5.70257 8.78138 0.964801 9 1
5.7103 2.55456 0.90977 9 0
-14.5921 -0.802764 0.983016 9 1
2.52798 2.20165 0.976101 9 0
12.0202 3.44848 0.978286 9 0
14.846 13.8758 0.993431 9 1
-14.1777 10.0577 0.991404 9 1
0.627664 12.689 0.988952 9 1
6.39739 15 0.988033 9 0
4.09046 0.812435 0.815291 9 0
13.6091 10.8087 0.99113 9 1
6.60563 6.21453 0.986863 9 0
-9.6182 11.0942 0.982107 9 1
7.99821 9.29143 0.998172 9 0
11.2544 1.89784 0.980697 9 0
-12.5507 14.4306 0.999929 9 1
-14.9376 13.9065 0.990533 9 1
5.94061 -1.77319 0.927522 9 0
6.22303 -8.71904 0.99943 9 1
8.89011 8.07711 0.973967 9 0
8.74036 1.71655 0.952069 9 0
-8.58036 13.9646 0.995046 9 1
6.22002 6.91834 0.975413 9 0
-0.888213 10.3826 0.967754 9 1
5.9379 -7.20113 0.967994 9 1
-2.40376 0.649776 0.797005 9 0
-12.7113 1.27719 0.997672 9 1
14.4952 8.56306 0.98908 9 0
1.42612 5.18367 0.946045 9 0
5.68098 10.4442 0.989933 9 0
7.3166 8.28804 0.972235 9 0
1.58585 15 0.988305 9 0
5.87887 1.72409 0.96653 9 0
-10.1589 7.23989 0.981777 9 1
14.3561 -14.9999 0.998011 9 1
6.54032 5.25705 0.946604 9 0
4.80123 4.119 0.914989 9 0
7.50194 1.02296 0.998987 9 0
-4.95385 -9.26714 0.966659 9 1
3.28106 10.2426 0.999446 9 1
-0.65225 -14.0426 0.984335 9 1
14.6012 14.618 0.999853 9 1
-14.9868 -9.25989 0.997519 9 1
5.75666 10.9127 0.998982 9 1
6.10298 8.04593 0.985482 9 1
2.66824 -1.25508 0.949167 9 0
5.36003 2.78168 0.998919 9 0
0.643151 3.43121 0.937828 9 0
5.56124 3.24569 0.969014 9 0
9.13067 7.57961 0.993309 9 0
2.02068 9.59207 0.983566 10 0
15 15 0.999982 10 0
5.41574 4.44725 0.990396 10 0
-14.7777 -11.8587 0.992367 10 1
-6.46892 1.8877 0.931813 10 1
1.62492 14.953 0.992607 10 1
10.2105 4.18691 0.970002 10 0
-5.74239 -11.206 0.975954 10 1
11.804 -12.4469 0.992802 10 1
-2.13345 13.1116 0.996532 10 1
8.48326 10.1143 0.986125 10 0
7.01827 9.85235 0.97606 10 0
-3.03571 -11.6164 0.974259 10 1
4.98662 5.08368 0.992977 10 0
-14.3007 14.4103 0.994479 10 1
15 -6.55723 0.993366 10 0
-1.30084 14.1471 0.983765 10 1
14.965 14.7763 0.993254 10 1
10.4858 14.8172 0.996955 10 1
6.18731 9.96266 0.997203 10 0
3.19622 8.78124 0.965528 10 0
10.2181 6.0865 0.989263 10 0
-10.2785 14.1118 0.997089 10 1
0.712001 1.00886 0.865769 10 0
10.9217 8.47499 0.99813 10 1
8.83203 4.23546 0.985299 10 0
2.1456 5.10033 0.994844 10 0
10.8909 -14.9936 0.998743 10 1
0.947124 15 0.993731 10 0
-11.5533 8.71192 0.996812 10 1
11.3317 -4.60452 0.995306 10 1
13.4851 12.1542 0.996832 10 1
-2.61248 1.94008 0.832848 10 0
15 -7.35334 0.98709 10 0
14.7795 -4.2193 0.996753 10 1
11.4317 7.38426 0.978874 10 0
5.99801 4.26608 0.93345 10 0
-11.6862 6.80613 0.984234 10 1
6.43922 13.1519 0.98188 10 1
-14.5908 14.3304 0.990848 10 1
-14.7442 -7.25678 0.998185 10 1
-12.4433 -3.11286 0.999998 10 1
12.017 5.78703 0.999847 10 0
5.8774 4.4678 0.938163 10 0
7.47205 -14.7405 0.999449 10 1
-13.6344 -13.1217 0.990956 10 1
-4.32778 -12.8398 0.981668 10 1
7.40688 4.93864 0.951956 10 0
2.04346 -10.9285 0.982724 10 1
5.40397 0.452965 0.977423 10 0
6.98901 8.29418 0.987176 10 0
3.96119 -3.37702 0.875673 10 0
13.127 -14.3487 0.991481 10 1
1.58371 -2.51697 0.911041 10 0
-2.83965 13.8027 0.981682 10 1
-14.2265 -7.11101 0.997749 10 1
8.57397 4.60464 0.997039 10 0
-14.7201 -12.4168 0.993683 10 1
8.98888 1.72681 0.999845 10 0
9.57339 12.7525 0.999689 10 0
-5.45233 2.86867 0.947389 10 1
-2.38646 15 0.982968 10 0
-3.53995 14.5914 0.995198 10 1
8.89048 -4.9676 0.999104 10 1
11.2043 7.8014 0.98013 10 0
-13.6032 -13.5032 0.998834 10 1
9.75545 0.0173273 0.993492 10 0
-1.42184 15 0.989919 10 0
2.89576 6.81504 0.944668 10 0
13.4201 13.931 0.989754 10 1
9.17446 -11.469 0.982242 10 1
14.8049 5.50113 0.988054 10 1
-2.17697 -14.9135 0.989484 10 1
-2.18486 1.38785 0.637834 10 1
3.88014 5.45801 0.948949 10 0
6.80216 1.81797 0.99796 10 0
13.251 -13.944 0.995053 10 1
-5.2391 6.54212 0.946154 10 1
14.8553 -11.8988 0.997769 10 1
6.60662 4.35675 0.947379 10 0
5.39863 8.41111 0.964384 10 0
7.14574 1.81932 0.935999 10 0
9.54995 9.30784 0.999793 10 0
4.78954 3.37481 0.928627 10 0
2.85013 -3.02996 0.817865 10 0
13.7028 -13.9838 0.998855 10 1
4.97205 -0.995704 0.959632 10 0
3.03009 -0.129649 0.808618 10 1
14.7112 13.1547 0.996761 10 1
-13.6457 14.4204 0.990621 10 1
-12.195 -14.9712 0.990865 10 1
-10.4059 -12.9007 0.996866 10 1
-9.41473 -0.889303 0.958732 10 1
-6.02893 -4.7825 0.978656 10 1
-10.7355 2.79721 0.978265 10 0
6.31309 -14.9517 0.985043 10 1
-13.7051 11.8655 0.998326 10 1
12.6894 -4.58252 0.988107 10 0
3.13002 2.74198 0.817444 10 0
-14.6983 14.9861 0.991703 10 1
8.03746 -12.247 0.981794 10 0
14.6247 -13.9502 0.999066 10 1
4.21328 5.85608 0.958025 10 0
-4.41579 15 0.986688 10 0
15 14.001 0.993516 10 0
-10.1174 -9.55675 0.99874 10 1
3.30247 1.21862 0.898616 10 0
7.4817 -12.1943 0.994686 10 1
8.98618 -4.3613 0.963657 10 1
6.55088 6.93489 0.974948 10 0
2.13131 2.09825 0.881965 10 0
4.50272 8.13987 0.975692 10 0
11.6042 -9.87161 0.984576 10 1
6.4356 3.49337 0.930731 10 0
10.4802 4.33167 0.993152 10 1
2.2993 1.56148 0.890458 10 0
5.67385 1.39082 0.918625 10 0
8.48029 -5.72265 0.999453 10 0
8.18276 5.65737 0.961151 10 0
-11.7805 15 0.999434 10 0
0.255831 7.60632 0.999213 11 0
11.7492 -4.70607 0.982114 11 1
-10.5828 14.5263 0.996656 11 1
7.70256 -14.6067 0.999796 11 1
7.00175 4.53155 0.948307 11 0
4.05738 12.3405 0.984167 11 1
10.2856 11.4857 0.999531 11 0
8.03063 5.42942 0.999924 11 0
4.79726 -8.52518 0.988169 11 1
-14.7232 -14.7501 0.993948 11 1
7.93503 -14.4607 0.999999 11 1
-6.57217 -4.74094 0.999699 11 1
-13.9474 9.65875 0.998726 11 1
12.6584 -14.8143 0.993657 11 1
12.246 -12.5002 0.99922 11 1
-11.8424 -2.21699 0.97321 11 1
4.90526 3.15831 0.914485 11 0
-7.01211 -14.2361 0.994983 11 1
6.22323 4.67628 0.948269 11 0
6.10566 -1.72627 0.921496 11 0
-13.8679 2.16369 0.986609 11 1
6.20353 1.76424 0.97423 11 0
6.02218 8.05151 0.9754 11 0
5.28222 2.62025 0.952068 11 0
1.47266 6.4621 0.981041 11 0
12.3843 2.02812 0.975489 11 0
2.0354 15 0.984166 11 0
-8.14151 5.13878 0.995037 11 0
7.13476 13.8371 0.992739 11 0
-1.16707 -14.3009 0.998301 11 1
6.56314 3.43263 0.945288 11 0
8.20157 15 0.997199 11 0
-3.65608 -7.62913 0.958974 11 1
13.5056 -11.8245 0.995126 11 1
14.6035 -14.9835 0.99109 11 1
5.51764 5.06483 0.977882 11 0
15 -3.7243 0.999949 11 0
-5.84737 13.3859 0.983426 11 1
-2.82094 15 0.986603 11 0
6.38631 5.25531 0.964549 11 0
6.18951 4.9633 0.952923 11 0
7.88674 3.05152 0.958046 11 0
8.71998 4.62168 0.968835 11 0
2.65145 7.31496 0.949259 11 0
7.65359 5.62896 0.965771 11 0
5.93091 3.07026 0.957565 11 0
-0.266108 -11.2855 0.998943 11 1
-4.68707 0.0766935 0.849358 11 1
-12.2545 -2.2391 0.984167 11 1
12.9854 -4.25475 0.98094 11 1
15 7.94499 0.999118 11 0
2.87124 9.70891 0.990934 11 0
-0.0761223 -4.29608 0.886761 11 1
6.69154 6.59064 0.958259 11 0
14.9896 -12.7755 0.998723 11 1
10.9605 -4.8792 0.974909 11 1
4.18443 -1.68051 0.980448 11 0
1.11352 -1.55203 0.894666 11 0
-1.08352 -3.61794 0.865249 11 1
15 15 0.999982 11 0
7.915 5.73021 0.990431 11 0
7.80518 6.90436 0.967731 11 1
14.7881 10.8189 0.98823 11 1
-14.5906 11.1909 0.989857 11 1
4.93407 6.50007 0.995995 11 0
-9.6089 -8.1124 0.975403 11 1
15 6.64051 0.99619 11 0
-3.05853 12.5318 0.995939 11 1
9.91129 6.08501 0.982242 11 0
6.70601 -9.98589 0.973291 11 1
11.2055 14.9065 0.998554 11 1
-11.7883 1.42401 0.992264 11 1
13.7792 -11.2715 0.987536 11 1
5.05423 -0.104184 0.970396 11 0
-1.55726 8.95938 0.992479 11 1
0.6246 -9.11059 0.998435 11 1
9.85564 11.3189 0.995767 11 0
7.70029 -12.7541 0.999629 11 1
12.5541 -13.8539 0.995869 11 1
-14.8023 -6.22427 0.99613 11 1
15 -2.72836 0.9853 11 0
8.69935 -1.73343 0.953257 11 0
-11.703 8.12681 0.988029 11 1
-12.2058 -12.8196 0.991513 11 1
15 -12.0841 0.993415 11 0
14.3774 14.5122 0.990527 11 1
7.46506 -12.6432 0.982093 11 1
-14.9658 6.47375 0.987939 11 1
7.97634 7.88828 0.998325 11 0
15 11.435 0.988939 11 1
5.34454 -2.22297 0.896509 11 0
9.10941 7.97095 0.976899 11 1
4.54865 5.4823 0.992322 11 0
4.95549 6.7196 0.947286 11 0
12.8682 4.62024 0.981564 11 0
-11.8946 1.21158 0.979489 11 1
8.94899 13.3541 0.994656 11 1
5.58691 -7.63977 0.959656 11 1
1.61945 8.626 0.973417 11 1
4.95061 5.79597 0.997898 11 0
0.0326548 -14.9592 0.999162 11 1
-8.35861 10.7749 0.979354 11 1
14.9673 -9.51833 0.989255 11 1
15 15 0.999982 11 0
5.73395 2.51704 0.908913 11 0
14.9927 -5.68786 0.99775 11 1
3.08902 7.09928 0.961606 11 0
5.33214 2.95229 0.982284 11 0
7.46914 -6.65562 0.965732 11 0
13.8727 9.10807 0.995267 11 1
7.95829 4.34528 0.986317 11 0
3.87712 -1.63155 0.817673 11 0
-10.5776 -1.55066 0.997783 11 1
6.17232 1.24667 0.908991 11 0
1.49399 5.07479 0.887684 11 0
4.75432 3.27718 0.893727 11 0
4.5039 14.9832 0.986077 11 1
-12.7606 -11.6428 0.986783 11 1
8.16154 2.0357 0.948689 11 0
3.75804 2.35044 0.998023 11 0
15 7.28911 0.9887 12 0
14.999 -8.37827 0.990774 12 1
3.28099 3.78118 0.994979 12 0
-0.305566 -2.48181 0.773567 12 1
-2.92828 -11.5884 0.979985 12 1
-1.13644 -3.11685 0.935346 12 1
10.0032 -11.3035 0.987328 12 1
3.79186 0.115939 0.888043 12 0
-14.9946 -14.8961 0.998534 12 1
-10.0929 -8.75004 0.999972 12 1
1.23897 -1.22113 0.840398 12 0
4.50861 3.77059 0.940055 12 0
1.40144 3.19329 0.942408 12 0
-13.7722 -10.0776 0.998881 12 1
-8.13679 -15 0.998914 12 0
-10.8223 8.47038 0.989447 12 1
14.7358 -13.8867 0.997473 12 1
1.39163 11.8029 0.990649 12 1
3.33951 7.40461 0.999898 12 0
14.6613 -10.5046 0.999659 12 1
-2.77148 8.388 0.958745 12 0
13.0735 -4.71155 0.999671 12 1
7.03064 3.47413 0.939238 12 0
7.70499 4.97242 0.999916 12 0
13.165 0.314813 0.982129 12 1
3.99554 6.79366 0.941138 12 0
15 4.38333 0.987371 12 0
0.981633 7.05602 0.992224 12 0
12.8501 -3.31575 0.995177 12 0
-11.4896 3.42667 0.975579 12 1
-2.83621 -7.7287 0.976798 12 1
0.253332 6.02086 0.999918 12 0
-14.7386 14.8928 0.990997 12 1
6.20339 6.58853 0.981508 12 0
2.10028 -0.641073 0.69507 12 0
14.9949 9.50043 0.98861 12 1
6.74305 11.0291 0.992692 12 1
11.9739 15 0.997619 12 0
2.4985 4.46267 0.926223 12 0
-3.56092 -0.341249 0.822251 12 0
14.3997 12.84 0.991648 12 1
10.066 10.0826 0.987944 12 0
8.91209 -12.8924 0.984675 12 1
-13.9504 12.679 0.988871 12 1
4.17321 8.15605 0.999997 12 0
3.29858 7.92424 0.994399 12 0
13.5326 -11.4294 0.990672 12 1
-1.29498 9.90009 0.9632 12 0
15 4.84777 0.985877 12 0
0.447531 15 0.99592 12 0
11.2634 -11.6335 0.985777 12 1
3.09879 5.82409 0.992018 12 0
3.66443 4.25272 0.953755 12 0
5.98833 14.4644 0.985509 12 1
-0.967831 5.5705 0.927792 12 0
2.42651 -10.6846 0.969481 12 1
0.58214 4.4143 0.999977 12 0
1.5074 2.11325 0.63407 12 0
5.13681 5.49336 0.988635 12 0
-14.842 8.44766 0.99828 12 1
-0.182031 2.73726 0.81484 12 0
1.22136 -14.9116 0.999057 12 0
5.16552 6.50222 0.955108 12 0
4.63038 8.58875 0.993144 12 0
3.16439 10.07 0.973332 12 0
8.87671 7.83151 0.996918 12 0
-14.1838 -11.6571 0.988738 12 1
0.143037 15 0.996436 12 0
6.90051 -3.37876 0.982848 12 1
-1.9814 14.8744 0.996001 12 1
5.29676 7.41181 0.995495 12 0
3.11318 3.49715 0.850734 12 0
10.3477 -14.7244 0.99811 12 1
-2.18292 6.25134 0.983577 12 1
13.954 -0.67966 0.994132 12 1
-0.456792 0.352899 0.16923 12 1
13.7812 -14.9446 0.993027 12 1
14.9995 -14.2869 0.999651 12 1
9.70024 -14.6436 0.999726 12 1
14.9922 12.904 0.994038 12 1
14.047 -4.89602 0.99864 12 1
-11.6873 11.4837 0.994622 12 1
13.0841 13.9342 0.999997 12 0
11.7909 0.133062 0.999885 12 1
-5.56085 6.14769 0.958954 12 1
4.00394 3.24149 0.899839 12 0
-0.626936 3.58907 0.772375 12 0
-7.04968 12.5973 0.9991 12 1
10.5249 -5.77516 0.974339 12 1
-11.7393 14.9718 0.997341 12 1
12.8959 -5.37723 0.993969 12 0
-6.50474 -14.5605 0.999724 12 1
9.54365 -1.48466 0.998839 12 1
3.10906 14.1121 0.998261 12 0
1.77246 1.63649 0.955387 12 0
-2.23107 0.345182 0.8633 12 0
5.48247 4.71817 0.950523 12 0
10.3313 8.98898 0.983659 12 1
4.73144 5.27957 0.99885 12 0
7.11457 5.63933 0.989092 12 0
6.41907 2.98198 0.999769 12 0
4.65065 4.83916 0.94226 12 0
4.75747 2.57524 0.969453 12 1
4.04011 7.21443 0.965165 12 1
15 15 0.999982 12 0
14.9722 -14.1208 0.996939 12 1
-14.9919 4.83299 0.985201 12 1
0.332705 13.5726 0.979784 12 1
14.7417 13.994 0.993167 12 1
4.7787 0.979228 0.957157 12 0
2.72813 12.3029 0.976523 12 1
5.15055 3.51233 0.91453 12 0
-3.7954 12.4844 0.978431 12 1
5.36513 0.516577 0.956018 12 0
-13.0323 12.644 0.996588 12 1
13.5335 14.1623 0.999232 12 1
2.92243 1.52097 0.90055 12 0
-14.2009 -14.9601 0.999014 12 1
3.65546 1.5794 0.978789 12 0
-0.111511 8.47551 0.963683 12 1
1.62265 9.02586 0.999906 13 0
8.97014 10.2095 0.979211 13 0
14.6224 -10.692 0.998937 13 1
1.25582 5.17641 0.909482 13 0
-12.5062 -6.12322 0.998275 13 1
4.85007 4.92451 0.949595 13 0
2.75376 9.09893 0.967016 13 0
2.53862 -14.56 0.989717 13 1
13.9409 12.7189 0.989078 13 1
-8.31237 13.2938 0.984479 13 1
3.94762 3.2704 0.917296 13 0
11.3651 0.234968 0.98868 13 1
-5.66844 7.90285 0.997822 13 0
4.13729 5.59845 0.972538 13 0
14.8263 -14.8323 0.991236 13 1
5.08646 5.10018 0.962683 13 0
15 15 0.999982 13 0
1.91723 0.644471 0.591717 13 0
6.33985 -2.15189 0.949676 13 0
-13.3988 15 0.999283 13 0
15 9.55012 0.987691 13 0
0.954786 -9.75487 0.983827 13 0
-3.92635 -12.4638 0.977522 13 1
-12.7973 10.6651 0.990035 13 1
13.7173 -11.5542 0.993987 13 1
1.65092 6.80523 0.98879 13 0
-14.0933 -0.592604 0.980986 13 1
5.15254 3.81753 0.954918 13 0
5.00411 7.41034 0.955118 13 0
12.2302 -14.1426 0.995773 13 1
14.92 9.52153 0.991628 13 1
2.2107 1.75549 0.962587 13 0
9.67058 7.49336 0.995605 13 0
4.50802 1.28938 0.849129 13 0
-13.9635 9.20821 0.986322 13 1
-3.30247 -14.5084 0.998843 13 1
14.6561 4.04226 0.983209 13 1
8.02399 -6.56085 0.977009 13 1
-1.1581 5.75776 0.937266 13 1
4.71844 5.38304 0.980978 13 0
4.75467 -0.344125 0.865891 13 0
3.43745 5.69252 0.971259 13 0
6.10381 0.393284 0.971832 13 0
-8.27077 2.2749 0.993302 13 1
-3.60793 4.88776 0.990174 13 0
13.4991 15 0.999843 13 0
13.2695 14.4694 0.999998 13 1
5.70145 3.71676 0.920512 13 0
-14.9835 12.8396 0.996911 13 1
6.2359 3.59042 0.965787 13 0
9.64584 -1.58003 0.989838 13 0
-12.153 -14.1271 0.999102 13 1
3.55396 -0.184146 0.845301 13 0
-6.5544 13.1667 0.983256 13 1
4.84616 8.81882 0.977233 13 0
9.11224 8.93175 0.996172 13 0
1.93945 3.64217 0.835232 13 0
2.00997 4.6373 0.971147 13 0
0.260506 4.96802 0.999998 13 0
-11.4926 -4.82987 0.982919 13 1
14.1026 2.17271 0.990474 13 1
10.9671 7.34328 0.985804 13 0
3.60509 7.42507 0.969842 13 0
-6.81698 11.9793 0.994303 13 1
-14.8283 -1.69068 0.999998 13 1
-1.65786 -1.79579 0.898512 13 0
15 9.21298 0.998274 13 0
5.50886 5.57089 0.939638 13 0
3.85758 3.15612 0.999502 13 0
-5.78523 4.51689 0.931097 13 1
2.55448 -8.33594 0.989542 13 1
-0.980165 14.9257 0.999223 13 1
7.15998 8.05671 0.997661 13 0
10.1873 9.21216 0.988418 13 0
1.00674 3.33864 0.942611 13 0
-0.803234 13.8738 0.999658 13 1
4.68414 14.9555 0.984714 13 1
14.0226 -10.6788 0.996952 13 1
6.09341 3.7003 0.990839 13 0
2.74296 3.21063 0.824302 13 1
12.8543 11.5737 0.986964 13 1
4.186 14.3201 0.999994 13 1
10.7544 6.93562 0.999168 13 0
-13.0411 11.7369 0.999991 13 1
5.89763 12.5812 0.999723 13 1
13.7009 11.7401 0.999803 13 1
-15 7.22936 0.990628 13 0
13.0303 14.9788 0.990621 13 1
4.63119 4.10352 0.933237 13 0
6.06339 0.736271 0.976156 13 0
6.52418 -8.74005 0.975895 13 1
11.5719 10.476 0.988864 13 1
-11.223 1.13675 0.999419 13 1
6.65559 -14.4076 0.995087 13 1
-9.29899 -10.2646 0.999545 13 1
10.5398 3.55583 0.983783 13 1
8.736 8.57107 0.996122 13 0
10.942 -3.75458 0.973419 13 0
6.55398 14.9987 0.993148 13 1
5.73493 7.50238 0.957596 13 0
-2.67893 7.52488 0.971434 13 1
9.95438 -10.0028 0.980759 13 0
-5.89118 3.55953 0.937335 13 1
2.45393 3.68145 0.995829 13 0
5.43249 5.18946 0.986094 13 0
-1.44741 14.9829 0.991415 13 1
4.26581 12.6616 0.999934 13 1
4.47055 4.42632 0.908418 13 0
10.377 -0.95337 0.967731 13 1
4.12401 2.40903 0.871549 13 0
-14.2012 -9.60376 0.99362 13 1
13.2577 -5.10333 0.983693 13 1
-10.8543 1.72599 0.967975 13 1
14.1433 7.29922 0.998427 13 1
-9.49821 13.6627 0.991552 13 1
-13.6556 -13.5216 0.996217 13 1
7.32572 5.77797 0.968779 13 0
-1.03039 -2.80327 0.88926 13 1
7.42622 3.49894 0.984159 13 0
-13.5024 6.77911 0.986098 13 1
1.60088 7.92327 0.997847 14 0
8.21974 0.475482 0.976537 14 1
13.4979 -14.5095 0.992047 14 1
-7.99356 -7.51512 0.968505 14 1
2.88641 -1.42607 0.77806 14 0
7.42866 8.67299 0.979668 14 0
3.6226 2.33483 0.900952 14 0
8.45116 11.0281 0.99975 14 1
12.6593 -5.9323 0.993047 14 1
3.26908 2.94104 0.983093 14 0
2.69 -12.7624 0.978818 14 1
1.85717 14.6915 0.992836 14 1
1.94857 4.86567 0.873033 14 0
-4.93305 -13.8379 0.982393 14 1
-12.5587 3.16229 0.989517 14 0
9.69609 15 0.989086 14 0
4.18693 3.45849 0.981628 14 0
2.28303 4.80777 0.906585 14 0
7.19434 5.19658 0.952865 14 0
5.98337 2.22737 0.939791 14 0
5.40926 13.4454 0.994688 14 1
-14.11 1.83654 0.98594 14 1
-7.0439 -10.7926 0.997111 14 1
12.4687 0.550371 0.980997 14 0
4.45044 5.36343 0.976096 14 0
-9.14125 2.64111 0.968956 14 1
10.8647 -14.5045 0.998586 14 1
7.99488 4.60362 0.993958 14 0
-14.8247 -10.384 0.999459 14 1
14.9697 6.44935 0.987523 14 1
5.16342 6.8534 0.993891 14 0
5.41485 -1.43145 0.961989 14 1
15 2.41586 0.983016 14 0
-12.1554 -3.09104 0.975718 14 1
0.719842 -14.9777 0.996902 14 1
4.94227 6.58907 0.975514 14 0
15 15 0.999982 14 0
4.75179 7.97623 0.980348 14 1
-1.84032 14.3177 0.999108 14 1
1.77842 7.31605 0.991001 14 0
-12.9425 -14.6407 0.99705 14 1
1.8309 2.73193 0.891109 14 0
5.03929 0.937873 0.917668 14 0
-7.83442 0.158041 0.939549 14 1
3.94538 7.08856 0.999979 14 1
2.54994 -1.16072 0.931132 14 1
4.3175 1.30724 0.979308 14 0
10.2561 -6.94274 0.994522 14 1
7.0282 6.38212 0.964335 14 0
8.7012 -14.9985 0.988551 14 1
15 4.46213 0.98582 14 0
-7.41203 15 0.986198 14 0
7.48833 14.7806 0.997219 14 1
3.2017 6.82875 0.994237 14 0
10.2253 8.7523 0.992153 14 0
-14.8571 11.6786 0.989823 14 1
-10.6618 0.658556 0.996845 14 1
15 -15 0.999982 14 0
14.9914 -13.4902 0.999972 14 1
1.31599 14.6733 0.985032 14 1
-11.1627 -7.30709 0.999919 14 1
13.1059 -12.436 0.999996 14 1
12.929 -2.20826 0.977836 14 1
11.8886 3.66518 0.986599 14 1
10.6798 1.98291 0.984064 14 0
6.50832 3.67522 0.971799 14 0
5.34379 7.35276 0.991593 14 0
12.14 -7.14891 0.981878 14 1
-14.2309 -13.9098 0.990003 14 1
-14.9997 -1.69317 0.987255 14 1
11.7532 6.33306 0.999999 14 0
11.0188 5.77731 0.98649 14 1
-8.57263 13.0931 0.985802 14 1
-4.87245 0.655328 0.983557 14 1
-11.8811 1.30787 0.979952 14 1
-10.9749 10.1931 0.998116 14 1
-14.603 2.55705 0.994564 14 1
1.00437 15 0.993359 14 0
4.27835 1.65243 0.915434 14 0
3.96433 15 0.997365 14 0
12.6527 14.8892 0.996933 14 1
-1.81176 -3.61915 0.914298 14 0
-14.9828 11.3645 0.989588 14 1
-14.9831 14.7529 0.993091 14 1
4.86941 4.82236 0.927447 14 0
15 11.7084 0.997517 14 0
4.05175 -14.6124 0.983161 14 1
14.7709 14.2065 0.99229 14 1
5.42313 3.61628 0.997808 14 0
7.95765 5.99421 0.961545 14 0
4.5732 4.72513 0.997139 14 0
3.14477 0.791614 0.814274 14 0
2.3126 6.71593 0.996922 14 1
4.07916 3.6139 0.990412 14 0
-14.998 11.3103 0.990409 14 1
3.64249 5.89721 0.958692 14 0
-12.0976 14.6622 0.996346 14 1
5.33834 4.74178 0.987375 14 0
0.59411 4.47336 0.978278 14 0
0.628755 -10.1036 0.99065 14 1
3.94984 4.1899 0.892355 14 0
13.7348 -14.9973 0.992657 14 1
2.25705 4.72441 0.87267 14 0
14.2821 14.9983 0.999734 14 1
9.3763 -1.0277 0.957067 14 1
-11.0778 6.25529 0.991449 14 1
-3.2409 11.7633 0.991219 14 1
5.3105 8.51995 0.972141 14 0
-0.131236 7.89551 0.943576 14 0
14.9949 -14.4076 0.99641 14 1
3.41898 3.60627 0.999884 14 0
4.11498 3.1884 0.875589 14 0
4.43104 -9.43639 0.967253 14 1
2.4228 -1.36205 0.890515 14 0
3.60819 3.19263 0.904435 14 0
6.01714 3.66725 0.998712 14 0
6.65903 1.82417 0.946225 14 0
5.27628 4.11313 0.952033 14 0
3.91845 8.26085 0.999352 14 0
5.39129 1.74945 0.919463 14 0
15 15 0.999982 15 0
-8.94459 -2.74768 0.963126 15 1
-6.48595 2.63904 0.988685 15 1
-14.9986 -12.6033 0.999295 15 1
-6.93559 -14.4551 0.997907 15 1
10.2163 12.3246 0.999189 15 1
11.2767 -13.3674 0.998784 15 1
3.65798 3.8687 0.907898 15 0
7.20841 -10.962 0.978002 15 1
9.94355 -13.3475 0.991196 15 1
-1.67458 -12.9493 0.977956 15 1
13.1097 -13.1303 0.999549 15 1
-14.2656 -14.1415 0.998303 15 1
11.7991 0.265236 0.999553 15 0
-14.5221 -14.9998 0.992265 15 1
1.42736 14.8358 0.999788 15 1
1.8164 3.18686 0.770917 15 0
-5.91161 -7.01485 0.999815 15 1
4.14496 4.22029 0.963798 15 0
4.63487 1.38152 0.920942 15 0
6.25749 6.90405 0.971733 15 0
3.35681 10.1733 0.999472 15 0
7.34793 3.72991 0.974277 15 0
-6.34787 6.45195 0.982 15 1
-9.95289 -6.86759 0.975656 15 1
3.16664 2.13605 0.92253 15 0
12.5761 14.9977 0.998622 15 1
2.07655 5.59752 0.990808 15 0
10.1503 14.8591 0.998018 15 1
5.9275 6.28373 0.999998 15 0
14.4397 -2.55167 0.981741 15 1
3.86264 2.61398 0.85741 15 0
10.5817 6.59786 0.9824 15 0
6.05784 11.2326 0.996415 15 1
-7.38806 -15 0.986488 15 0
7.57798 1.00854 0.993825 15 0
3.62788 8.73809 0.959244 15 0
-2.21972 -8.345 0.999968 15 0
5.48741 1.99341 0.916694 15 0
3.50608 3.20801 0.857977 15 0
-8.21046 13.7633 0.998307 15 1
3.95349 2.66569 0.866562 15 0
-1.82463 11.9818 0.978784 15 1
14.2524 -8.11967 0.996102 15 1
8.68053 -5.61229 0.982884 15 1
3.42132 3.15337 0.863111 15 0
-1.54684 -2.52695 0.928569 15 1
-14.9995 13.8023 0.990923 15 1
-9.89212 -10.2543 0.988028 15 1
-9.7454 -9.18214 0.998888 15 1
1.99671 2.26911 0.82619 15 0
3.506 5.37365 0.956866 15 0
-11.3645 -13.7261 0.987701 15 1
4.42752 3.09785 0.965488 15 1
2.69965 5.72326 0.915594 15 0
13.8787 -2.36081 0.982601 15 1
5.4976 2.96864 0.911157 15 0
14.8872 -12.7407 0.999413 15 1
10.6728 2.10717 0.980892 15 0
7.78735 10.8626 0.99985 15 0
4.17719 3.17433 0.873617 15 0
12.8236 15 0.996793 15 0
5.10997 5.25271 0.930691 15 0
3.48073 12.9845 0.994142 15 1
-14.9311 14.8811 0.995837 15 1
-1.22647 15 0.991678 15 0
3.24849 1.15322 0.983061 15 0
3.05514 6.17189 0.938758 15 0
13.2559 11.4263 0.999282 15 1
3.58501 3.39293 0.992731 15 0
5.076 4.02673 0.987144 15 0
10.2009 8.65092 0.99957 15 0
-14.3687 -14.9333 0.999444 15 1
-9.09157 -3.7666 0.974659 15 1
-11.3002 -4.84301 0.999903 15 1
1.97848 3.72198 0.820799 15 0
3.91317 3.12726 0.994003 15 0
-14.5334 -9.14377 0.991508 15 1
13.0059 -7.45312 0.997283 15 1
5.70551 4.97592 0.998903 15 0
15 15 0.999982 15 0
14.9912 0.423697 0.996729 15 1
2.27059 5.24304 0.89895 15 0
13.0006 -2.07276 0.981686 15 0
14.3408 12.0683 0.992747 15 1
-10.9644 -9.4338 0.997266 15 1
-13.7458 7.98149 0.99707 15 1
2.90877 2.15233 0.783888 15 0
3.63929 3.35415 0.996873 15 0
-14.5429 -3.65356 0.996918 15 1
15 15 0.999982 15 0
15 -14.5692 0.991289 15 0
-13.0431 2.81059 0.999932 15 1
3.81638 3.27622 0.985381 15 0
4.8175 2.37056 0.940734 15 0
2.84001 5.17954 0.958735 15 1
-2.12833 -14.6661 0.994011 15 1
12.2975 14.4338 0.993302 15 1
-0.557221 7.57201 1 15 0
2.5101 3.82079 0.929238 15 0
13.6704 -14.491 0.990241 15 1
0.347861 14.6325 0.982053 15 1
14.954 -14.3991 0.998156 15 1
-1.87108 -12.2465 0.994067 15 1
4.61739 3.73924 0.978389 15 0
-3.7852 14.6657 0.983741 15 1
4.17427 4.03323 0.901377 15 0
15 7.66793 0.989858 15 0
3.17705 2.97087 0.943467 15 0
5.89989 4.99559 0.965749 15 0
-8.8243 -14.9394 0.989197 15 1
3.72671 4.76572 0.997159 15 0
14.9694 -14.9828 0.99978 15 1
9.70748 12.8479 0.992197 15 1
-0.795185 14.6126 0.982126 15 1
1.88703 3.04683 0.814725 15 0
14.6571 -10.5599 1 15 1
13.8623 6.96399 0.99749 15 1
4.18795 3.5368 0.998894 15 0
6.10607 2.44817 0.99661 15 0
4.73947 4.12153 0.907957 16 0
3.16695 4.46275 0.99726 16 0
1.18154 1.53506 0.822307 16 0
4.14784 1.11368 0.884614 16 0
7.66724 6.48614 0.972829 16 0
12.5593 -14.4184 0.999961 16 1
3.619 3.41897 0.999902 16 0
2.93405 4.14539 0.953795 16 0
2.47668 -2.56224 0.839016 16 0
2.43831 -5.65488 0.948929 16 1
15 15 0.999982 16 0
8.62717 3.63797 0.962115 16 1
4.64626 9.96837 0.967996 16 1
15 -5.92024 0.990154 16 0
7.51933 4.71162 0.952973 16 1
15 15 0.999982 16 0
15 -9.5956 0.98755 16 0
3.88003 5.06531 0.937775 16 0
3.20352 2.04023 0.893991 16 0
4.03864 3.42354 0.88987 16 0
0.689265 -10.7489 0.998368 16 1
3.00061 4.10127 0.951484 16 0
7.4682 5.61579 0.965694 16 0
5.29036 -14.4451 0.997752 16 1
14.7059 1.01588 0.985794 16 1
10.659 5.06716 0.999554 16 0
13.9932 8.42304 0.990032 16 1
5.18472 2.9393 0.986852 16 0
14.6528 -14.5147 0.998938 16 1
-3.93432 -3.27483 0.922837 16 1
-10.4776 -14.7183 0.999997 16 1
9.65857 -14.2764 0.987546 16 1
11.7164 -8.76256 0.982248 16 1
9.41948 6.20967 0.999332 16 0
-14.1906 -4.46718 0.998711 16 1
7.53553 12.9945 0.994561 16 1
2.78218 3.34758 0.946565 16 0
-5.7348 -12.9494 0.980893 16 1
-2.4892 12.8234 0.977699 16 1
2.61577 2.11875 0.987225 16 0
6.26462 -5.35473 0.973996 16 0
12.7912 13.4936 0.99999 16 1
4.25379 5.73089 0.98838 16 0
3.2409 2.68281 0.817927 16 0
-14.8146 14.4979 0.999312 16 1
-14.6962 14.4183 0.99732 16 1
3.50403 6.07992 0.993129 16 0
4.28824 2.88396 0.890344 16 0
5.59658 14.0458 0.985265 16 1
3.90591 5.97519 0.987906 16 0
14.9752 -12.2699 0.989506 16 1
3.78194 3.43314 0.931375 16 0
4.70871 -6.59587 0.999722 16 1
3.08002 3.12702 0.977684 16 0
5.63028 4.67431 0.930894 16 0
-3.261 -8.60387 0.997677 16 1
-14.7782 3.50126 0.982959 16 0
1.06472 2.03403 0.945855 16 0
12.7936 -1.69088 0.995377 16 1
-12.3346 -7.6625 0.99169 16 1
7.18782 5.63241 0.998411 16 0
5.66114 4.3283 0.991616 16 0
-14.934 12.0117 0.998915 16 1
4.30116 5.90794 0.931591 16 0
-8.84584 -14.5603 0.999808 16 1
0.72918 -10.9831 0.968197 16 1
1.16542 1.34261 0.941887 16 0
9.33461 8.18087 0.990841 16 0
-12.0472 1.98209 0.992325 16 1
-13.5106 14.8372 0.997311 16 1
0.541828 -6.45804 0.987702 16 1
2.58102 3.26394 0.81746 16 0
4.6895 -2.5139 0.905599 16 1
7.01837 7.81129 0.966057 16 1
1.97467 5.5324 0.938003 16 0
2.50823 3.55048 0.940851 16 0
3.66769 3.38503 0.998592 16 0
4.46917 3.49773 0.915522 16 0
5.33187 0.5242 0.932024 16 0
-9.74462 -14.5677 0.999908 16 1
-1.55297 3.94493 0.834368 16 0
-7.26655 -1.86592 0.982501 16 0
13.979 -13.7715 0.999948 16 1
6.18293 4.87628 0.940309 16 0
8.46301 4.04268 0.959704 16 1
14.3023 -13.5228 0.999172 16 1
5.05807 0.525449 0.948788 16 0
4.14995 4.36158 0.999997 16 0
14.8725 14.8222 0.991901 16 1
4.39012 2.59415 0.937975 16 0
2.32097 4.05695 0.853325 16 0
3.85162 2.99637 0.958663 16 0
1.22423 -14.7392 0.990841 16 1
13.1328 -7.61135 0.982953 16 1
-1.23019 -13.614 0.98131 16 1
11.3925 10.1121 0.984455 16 1
-9.22705 14.9435 0.999776 16 1
0.922365 4.1588 0.850278 16 1
-4.79818 -13.7776 0.984753 16 1
-8.18407 -9.09226 0.995497 16 1
-15 15 0.999982 16 0
-0.80904 0.921082 0.833952 16 1
10.1403 8.80124 0.995859 16 0
7.44416 15 0.985982 16 0
3.94584 -10.9945 0.990948 16 1
-10.2485 -10.5028 0.981888 16 1
7.81612 10.8012 0.999711 16 1
-7.06493 -6.73859 0.992054 16 1
3.65254 3.26409 0.972504 16 0
7.00026 3.13202 0.987411 16 0
9.91557 -13.1452 0.999599 16 1
-9.78903 -7.28321 0.991166 16 1
-3.66672 15 0.999988 16 0
-14.3898 14.963 0.998156 16 1
-5.98415 -14.8814 0.997468 16 1
-5.56817 -9.28321 0.991045 16 1
-6.25623 -13.6681 0.993529 16 1
14.999 1.93107 0.985051 16 1
6.3053 6.58088 0.996144 16 0
3.77408 2.91781 0.867932 16 0
4.10906 0.481065 0.828198 17 0
12.9714 0.152732 0.986559 17 1
12.2309 0.301007 0.995677 17 0
2.05396 4.69388 0.919319 17 0
-12.5609 -12.8049 0.994146 17 1
3.82019 4.05921 0.977693 17 0
4.09442 3.27945 0.873538 17 0
6.52496 1.90074 0.920622 17 0
14.3917 0.561782 0.999991 17 1
12.9814 -14.9698 0.992181 17 1
2.65505 4.448 0.884296 17 0
5.36626 -4.26207 0.927363 17 1
6.88761 -12.9191 0.981951 17 1
8.39593 8.17853 0.996483 17 1
14.6989 8.46984 0.998687 17 1
5.21324 6.58861 0.947482 17 0
3.44148 11.7981 0.999798 17 0
0.370893 -1.17079 0.842048 17 1
14.9972 -9.79249 0.992228 17 1
7.16899 -11.283 0.999796 17 1
3.42419 3.28545 0.855023 17 0
4.26067 3.11554 0.88235 17 0
3.83812 5.93291 0.999984 17 0
-5.64744 13.6275 0.986777 17 1
-2.32494 1.10771 0.647904 17 1
-13.759 -0.553472 0.992804 17 1
10.5732 7.35228 0.99794 17 0
10.2021 -12.1418 0.994046 17 1
-14.6036 13.705 0.995043 17 1
3.761 3.49285 0.912615 17 0
9.71785 -4.5782 0.999913 17 1
4.93427 4.10159 0.956949 17 0
15 8.15687 0.998456 17 0
-11.91 12.9705 0.997965 17 1
-8.21876 14.8132 0.997298 17 1
2.11931 2.38023 0.737911 17 0
5.15066 5.79842 0.956928 17 0
11.192 0.126365 0.995578 17 0
-10.4001 -14.9597 0.992316 17 1
6.77853 13.8737 0.999985 17 1
-12.9915 5.5123 0.980736 17 1
3.22706 14.7392 0.987862 17 1
14.4428 8.29873 0.990154 17 1
-9.35392 -8.34118 0.976161 17 1
3.41204 2.79445 0.990235 17 0
6.9153 -10.8225 0.999809 17 1
11.0358 -14.7818 0.993505 17 1
-9.58275 8.06842 0.976498 17 1
15 15 0.999982 17 0
-12.0186 -3.11263 0.990407 17 1
-3.18746 -12.0786 0.979649 17 1
5.2875 3.29381 0.915916 17 0
-11.7297 13.6445 0.997922 17 1
-1.49896 15 0.98917 17 0
-14.943 -14.0926 0.994677 17 1
7.0965 -3.65359 0.969368 17 1
2.90889 5.26353 0.999797 17 0
-14.9496 2.53622 0.983175 17 1
2.17382 11.6431 0.996184 17 1
5.85435 15 0.992284 17 0
3.88878 3.81686 0.990093 17 0
-9.04947 -13.0045 0.992574 17 1
4.99535 3.03564 0.920608 17 0
4.6171 2.48322 0.873147 17 0
4.69464 3.36019 0.893569 17 0
15 -14.542 0.991776 17 0
4.43665 3.1857 0.994608 17 0
10.5645 -12.7423 0.99828 17 1
5.74979 2.80141 0.94584 17 0
3.04737 3.38151 0.947094 17 0
-9.87891 -5.52917 0.995802 17 1
14.7528 14.9919 0.993381 17 1
3.39254 3.32541 0.857196 17 0
0.98645 4.82549 0.988157 17 0
1.59982 15 0.988165 17 0
-8.1887 15 0.997591 17 0
1.56047 2.55552 0.875925 17 0
13.4024 -4.45381 0.980481 17 1
3.48708 4.22333 0.998158 17 0
4.85249 7.70935 0.995405 17 0
1.12569 7.31633 0.943905 17 0
3.56497 6.11154 0.99988 17 0
8.2585 15 0.995236 17 0
-4.53852 -14.8267 0.997994 17 1
2.93003 3.79568 0.88535 17 0
8.26994 12.29 0.993351 17 1
13.6756 1.69634 0.993997 17 1
-11.3173 -14.9026 0.994748 17 1
2.70546 2.95315 0.959307 17 0
-14.7709 -7.03829 0.992602 17 1
4.25596 3.42331 0.9946 17 0
-13.2831 -14.9668 0.994082 17 1
-11.54 -4.13092 0.99795 17 1
3.17431 3.2136 0.975312 17 0
15 9.29372 0.995582 17 0
4.21889 3.41031 0.978526 17 0
3.62053 4.47429 0.892323 17 0
1.60071 13.3701 0.991402 17 1
8.64463 -14.3843 0.986358 17 1
7.78211 8.72791 0.992862 17 1
3.47875 6.12687 0.998589 17 0
14.4648 1.42057 0.990204 17 1
-4.27428 9.54589 0.964934 17 1
-2.71705 14.0967 0.998771 17 1
-14.738 -14.8278 0.991388 17 1
5.64879 14.9578 0.999798 17 1
4.11293 4.06704 0.895524 17 0
-2.28864 5.51713 0.991737 17 1
14.7115 12.1746 0.999906 17 1
7.1397 5.75868 0.999847 17 0
14.9952 -11.986 0.99741 17 1
-6.60747 9.19912 0.995131 17 0
10.0678 9.08326 0.980854 17 0
-3.28486 -8.71422 0.972998 17 1
4.96716 4.17426 0.990321 17 0
4.03417 2.18745 0.912953 17 0
15 -5.47554 0.999999 17 0
-12.8654 -8.90919 0.985855 17 1
3.51982 5.30328 0.930133 17 0
4.5742 4.22113 0.917639 17 0
4.08758 7.16241 0.97221 18 0
6.27384 -11.7172 0.997195 18 1
2.48379 4.53516 0.888793 18 0
7.84211 12.2003 0.993591 18 1
14.1092 -14.5795 0.995232 18 1
7.94063 -14.341 0.995261 18 1
-1.06747 -12.5517 0.976235 18 1
4.46899 8.6607 0.995117 18 1
3.24087 4.30327 0.954011 18 0
6.93537 -11.8101 0.983815 18 1
-8.29828 -13.5957 0.99905 18 1
3.25596 3.20033 0.934888 18 0
-14.9966 6.22475 0.985071 18 1
4.01693 3.29435 0.878555 18 0
4.36031 3.27958 0.992707 18 0
0.890073 7.05697 0.994945 18 0
10.4027 -14.983 0.990996 18 1
2.32373 -5.06355 0.979201 18 0
-8.0341 4.71252 0.972638 18 1
-7.57301 -9.82292 0.992109 18 1
3.40742 2.90163 0.996313 18 0
15 0.891455 0.994067 18 0
8.29744 11.1107 0.999949 18 1
-11.8036 1.40611 0.990278 18 1
3.39785 2.9839 0.971715 18 0
13.8844 2.98767 0.983369 18 0
0.0240822 14.9993 0.996552 18 1
3.43716 4.41006 0.967878 18 0
6.30204 4.9315 0.976672 18 0
3.42342 2.59912 0.888404 18 0
-14.32 -6.84054 0.995031 18 1
3.64895 3.3286 0.993836 18 0
14.2375 -6.94526 0.99237 18 1
-3.55759 -15 0.999468 18 0
1.41484 14.9478 0.995201 18 1
-5.10233 3.72624 0.912866 18 1
3.34992 2.74932 0.926869 18 0
2.35634 4.31773 0.984928 18 0
15 15 0.999982 18 0
2.2195 3.47987 0.834479 18 0
13.4714 13.9139 0.989463 18 1
-14.9999 -13.2328 0.993586 18 1
14.1394 -3.57045 0.98525 18 1
1.65282 2.04041 0.633677 18 1
10.0387 -14.7847 0.989596 18 1
3.63434 3.30847 0.982662 18 0
-13.5302 5.58745 0.982001 18 1
10.0014 9.3945 0.986787 18 0
1.68353 2.69216 0.727357 18 0
11.3486 6.24303 0.989283 18 1
13.4863 2.13355 0.980209 18 1
3.11688 4.70958 0.931763 18 0
-1.84696 15 0.985735 18 0
-13.3651 2.91058 0.982073 18 1
-9.21763 -14.9914 0.998522 18 1
12.989 14.3849 0.989489 18 1
6.28502 4.87258 0.959014 18 0
14.8595 14.9998 0.997566 18 1
14.9361 -4.57048 0.987983 18 1
2.81464 3.19796 0.850566 18 0
3.22342 4.339 0.966575 18 0
-0.901175 6.69694 0.926347 18 1
15 -15 0.999982 18 0
3.53439 3.34576 0.947897 18 0
6.1779 3.55096 0.991752 18 0
4.16167 3.02497 0.904188 18 0
5.49428 4.43594 0.999866 18 0
15 9.35108 0.993332 18 0
-11.1946 5.46372 0.984254 18 1
-14.8723 12.4531 0.989704 18 1
4.94293 4.45736 0.968443 18 0
10.1581 -14.9654 0.999768 18 1
2.40659 4.94505 0.999987 18 0
-10.9729 -13.7996 0.996649 18 1
-14.6128 -13.7498 0.997196 18 1
5.48773 1.48693 0.910193 18 0
3.29464 4.86062 0.936586 18 0
11.2885 2.32915 0.970824 18 0
13.9051 -13.1885 0.998931 18 1
3.64983 3.59407 0.920248 18 0
-13.5384 -2.45521 0.99148 18 1
2.48392 3.73637 0.992348 18 0
4.36405 3.31368 0.998597 18 0
3.96274 3.57474 0.916721 18 0
2.90834 3.04922 0.820257 18 0
9.34097 6.60169 0.97678 18 0
15 -7.26028 0.98959 18 0
10.8582 -14.6382 0.991913 18 1
4.86426 4.99582 0.977519 18 0
2.8624 3.56715 0.927316 18 0
-14.8931 -11.47 0.989842 18 1
13.8541 -2.72514 0.980549 18 1
15 15 0.999982 18 0
3.46606 6.78235 0.998617 18 1
6.98457 -0.0841179 0.982518 18 1
-11.7875 3.27794 0.995695 18 1
3.798 3.88921 0.984384 18 0
7.38829 4.30352 0.986531 18 0
5.19588 -8.65451 0.984531 18 1
3.67712 3.27286 0.986894 18 0
4.02388 4.12907 0.892726 18 0
10.8045 6.73582 0.992854 18 0
13.4755 8.65838 0.998779 18 1
3.11226 6.42869 0.986637 18 1
-14.9994 12.0898 0.993223 18 1
-7.04393 -14.8321 0.99733 18 1
3.18708 3.37322 0.870597 18 0
-13.8495 3.47231 0.991541 18 1
5.24856 7.0375 0.972706 18 0
-14.9845 -14.7488 0.993001 18 1
10.096 -2.42672 0.973393 18 1
-9.36102 4.44291 0.97761 18 1
-14.3488 -6.54634 0.98637 18 1
-2.75227 5.72008 0.922593 18 0
10.4487 5.42638 0.999947 18 1
3.55788 3.1959 0.875966 18 0
-14.9361 10.471 0.990957 18 1
12.7543 4.19629 0.995879 18 1
3.43466 2.68465 0.952922 18 0
-13.9592 -13.0759 0.999906 18 1
13.3415 -1.07457 0.999157 19 0
3.39987 3.46433 0.936681 19 0
-12.864 6.22032 0.992783 19 1
13.8383 -12.1184 0.990177 19 1
3.08258 2.70588 0.855744 19 0
12.8432 10.7764 0.986022 19 1
-14.8476 6.29498 0.990077 19 1
8.7247 3.75242 0.965107 19 0
2.54577 6.56686 0.998263 19 0
8.80615 -12.3654 0.982947 19 1
-10.7411 8.21055 0.984684 19 1
14.6465 -0.200541 0.981807 19 1
-13.7757 -14.4299 0.991021 19 1
2.8147 15 0.986507 19 0
3.55071 3.04074 0.853026 19 0
2.75632 3.51463 0.998476 19 0
3.78149 3.2017 0.998123 19 0
-13.6745 -9.26225 0.999733 19 1
-14.6815 14.9499 0.991 19 1
-9.52781 13.3723 0.997307 19 0
-8.84399 12.6189 0.999211 19 1
-15 13.4711 0.999998 19 0
13.3654 8.07783 0.988225 19 1
-4.42562 -10.7655 0.983873 19 1
3.23883 3.20256 0.944605 19 0
4.5955 14.9752 0.985026 19 1
14.747 -14.8404 0.991107 19 1
14.7043 4.12012 0.987264 19 1
5.57275 2.98727 0.914119 19 0
4.29523 4.86582 0.991023 19 0
3.3501 3.26893 0.851124 19 0
3.0794 3.12283 0.975233 19 0
3.70766 3.39442 0.986823 19 0
-4.32345 -14.9768 0.990807 19 1
-14.1162 -14.5512 0.996111 19 1
4.48881 2.19793 0.997196 19 0
4.48255 8.28583 0.956899 19 0
3.54971 2.9029 0.916192 19 0
3.20732 2.45074 0.92651 19 0
-14.979 14.9113 0.998522 19 1
2.25829 2.64801 0.950903 19 0
9.64711 -11.0898 0.982745 19 1
4.19834 2.19934 0.85282 19 0
-4.84993 7.59147 0.969941 19 1
5.38454 4.47267 0.987878 19 0
-6.72088 11.7124 0.986586 19 1
-14.5101 3.14392 0.996561 19 1
3.68721 15 1 19 0
7.6501 11.4801 0.995625 19 1
3.9576 4.13061 0.896951 19 0
14.3399 3.02192 0.981738 19 1
-12.9645 -7.82799 0.983819 19 1
1.75727 -2.99573 0.95893 19 1
-3.30312 1.59521 0.770915 19 1
4.07532 4.91213 0.93879 19 0
-14.9643 -14.6614 0.990979 19 1
4.09645 4.92479 0.951188 19 0
15 15 0.999982 19 0
14.8503 2.10091 0.996644 19 1
5.00353 3.51563 0.972514 19 0
2.63443 3.05865 0.926158 19 0
8.40821 -14.3209 0.994334 19 1
5.76531 2.22266 0.937685 19 0
-12.8725 14.9439 0.997381 19 1
9.95706 7.51089 0.982114 19 0
-14.6253 -0.218942 0.982394 19 1
2.91231 3.46768 0.966941 19 0
4.02838 6.55039 0.980583 19 0
8.50903 0.264087 0.975305 19 1
3.31458 3.35316 0.847538 19 0
-10.0537 14.3092 0.998757 19 1
-9.73173 14.1374 0.99208 19 1
4.68867 2.72983 0.978848 19 0
-15 15 0.999982 19 0
-14.8003 12.9374 0.99981 19 1
-0.457482 14.74 0.986364 19 1
5.94215 6.66251 0.953381 19 0
15 8.58742 0.986802 19 0
3.54291 8.09171 0.958878 19 1
-3.83504 -11.1104 0.999249 19 0
4.52762 4.07723 0.983173 19 0
3.67783 3.14376 0.922716 19 0
3.98736 3.40596 0.873308 19 0
-12.9632 10.1995 0.999999 19 1
-13.131 -10.2216 0.991506 19 1
3.94852 3.46601 0.8749 19 0
-10.2818 -6.25163 0.973206 19 1
3.7209 3.02751 0.886883 19 0
-2.74092 -5.84636 0.977778 19 1
2.73333 -12.8347 0.978153 19 1
3.60672 2.8317 0.916228 19 0
-15 -4.15105 0.993169 19 1
14.4075 -7.32694 0.987298 19 1
5.64942 -0.626127 0.910973 19 1
2.80801 3.32071 0.942586 19 0
4.70674 6.25251 0.940399 19 0
5.55114 -4.85388 0.936056 19 1
3.42818 4.50711 0.922522 19 0
11.0634 -12.6969 0.989444 19 1
9.95078 9.66589 0.999994 19 0
-6.35564 -11.5722 0.986353 19 1
-4.58844 15 0.984277 19 0
-10.617 11.5148 0.985127 19 1
3.05322 3.73014 0.906642 19 0
0.106859 -11.9866 0.975832 19 1
5.40465 1.43163 0.968035 19 0
15 0.125755 0.996449 19 0
7.83271 14.9993 0.995939 19 1
13.6431 -8.85434 0.985678 19 1
2.04796 14.3462 0.994792 19 1
6.62953 5.20349 0.951372 19 0
2.62454 4.54318 0.873663 19 0
11.848 3.5571 0.996228 19 1
5.4083 4.0905 0.921872 19 0
-14.922 12.9681 0.994704 19 1
-5.3405 14.441 0.998588 19 1
3.45084 3.67607 0.978706 19 0
-14.9116 0.812275 0.999922 19 1
3.63517 3.3952 1 19 0
-11.8115 11.2098 0.986566 19 1
4.04202 3.76642 0.996974 20 0
1.89116 -9.21875 0.957092 20 0
-2.05819 -14.2255 0.999563 20 1
3.25175 3.78198 0.999091 20 0
1.74322 3.71054 0.857724 20 0
-1.3314 15 0.990761 20 0
3.75909 2.86053 0.848685 20 0
0.262579 12.924 0.992737 20 1
-14.3808 -10.839 0.998673 20 1
-2.85441 -9.64056 0.97534 20 1
7.36198 -8.54075 0.999629 20 1
12.2392 2.86813 0.975329 20 1
14.2008 -9.14206 0.993336 20 1
6.36191 2.47512 0.922042 20 0
3.15156 3.92344 0.983993 20 0
5.90118 4.45779 0.941782 20 0
14.9977 12.9272 0.992934 20 1
-4.31403 2.27955 0.958169 20 1
-1.03464 14.989 0.994242 20 1
-4.18485 10.9605 0.997657 20 1
-5.31296 14.4669 0.999301 20 1
-10.5237 -9.56013 0.984792 20 1
14.9767 6.13844 0.986063 20 1
-4.02756 -7.97015 0.953648 20 1
15 15 0.999982 20 0
4.58495 2.84015 0.958429 20 0
11.7998 14.562 0.992774 20 1
3.70561 5.05375 0.908459 20 0
13.5991 6.64205 0.984327 20 1
3.9514 3.28467 0.908656 20 0
3.76897 3.77747 0.916204 20 0
-8.2628 -0.96974 0.951734 20 1
3.07564 3.67936 0.885756 20 0
3.28523 3.20519 0.9123 20 0
-15 5.53697 0.999789 20 1
3.22706 4.68911 0.907099 20 0
3.24807 4.59473 0.945149 20 0
14.848 14.1737 0.993949 20 1
3.95786 3.03409 0.999181 20 0
-14.8824 -5.609 0.997721 20 1
5.75798 5.72304 0.999987 20 0
-12.3507 -10.1576 0.999747 20 1
3.38194 3.3588 0.865502 20 0
13.1446 14.0796 0.993432 20 1
-6.59086 -0.222378 0.992751 20 1
3.53322 3.40932 0.979854 20 0
3.38142 3.2169 0.856001 20 0
2.95669 3.87578 0.954559 20 0
14.9849 6.2281 0.985046 20 1
-12.9146 -2.29172 0.977843 20 1
6.0247 -7.04844 0.983436 20 1
-3.1781 -2.38809 0.983477 20 1
-14.2679 -14.1851 0.99947 20 1
3.56722 4.04282 0.957204 20 0
2.4685 -8.92911 0.985536 20 1
1.958 10.0668 0.997366 20 1
3.94253 5.6253 0.93235 20 0
-14.5143 8.33028 0.986125 20 1
3.57671 3.43944 0.999268 20 0
15 -1.5964 0.988199 20 0
-9.54586 3.48405 0.996945 20 1
4.00359 3.71048 0.993578 20 0
2.95604 4.45398 0.923134 20 0
3.53803 3.62103 0.96547 20 0
0.994092 6.13454 0.92118 20 0
3.95395 5.2692 0.99457 20 0
-3.45543 14.3653 0.989225 20 1
-0.111875 14.7283 0.984743 20 1
0.847907 5.84176 0.956202 20 1
1.52853 2.47385 0.990904 20 0
1.03654 7.23885 0.931186 20 0
3.21552 3.45365 0.847946 20 0
-11.795 -11.3427 0.992771 20 1
-14.8677 8.96964 0.990031 20 1
15 15 0.999982 20 0
3.57082 3.23189 0.902982 20 0
-10.0064 15 0.999535 20 0
15 -15 0.999982 20 0
-8.6814 11.0322 0.986312 20 1
2.72533 3.53462 0.99903 20 0
-12.8886 -14.6325 0.994506 20 1
-9.87291 14.9712 0.993878 20 1
7.42165 10.5853 0.992589 20 0
12.3038 5.58539 0.985563 20 0
10.2126 7.5255 0.986217 20 0
-7.88605 14.7305 0.986948 20 1
14.3225 -5.59846 0.997352 20 1
3.80375 3.70206 0.897416 20 0
3.76686 3.9458 0.992408 20 0
2.84896 -6.58513 0.974393 20 1
15 -5.71231 0.996656 20 0
12.0049 -10.6451 0.997102 20 1
12.2941 -12.4819 0.999801 20 1
-12.9924 -1.73001 0.977486 20 1
4.4057 2.8962 0.880115 20 0
3.72309 3.30726 0.999837 20 0
14.3598 -14.3218 0.995673 20 1
-6.78287 -6.71786 0.976685 20 1
14.9893 11.7082 0.99703 20 1
3.41578 3.02985 0.934472 20 0
-6.54136 -10.9376 0.994426 20 1
-1.02663 3.74864 0.987992 20 0
3.63154 3.29264 0.974859 20 0
-11.7195 5.06684 0.996999 20 1
-8.49192 7.02274 0.968768 20 1
4.03235 14.2974 0.997243 20 1
4.8097 4.54098 0.986194 20 0
3.79632 3.09046 0.970203 20 0
11.3075 -5.81855 0.990726 20 1
-10.0545 11.2952 0.985106 20 1
-14.9971 3.34053 0.996324 20 1
3.80509 3.96619 0.999991 20 0
1.62496 2.46556 0.943307 20 0
-13.8017 14.0568 0.998534 20 1
12.0509 1.13926 0.976921 20 1
9.91874 9.86414 0.992085 20 0
3.16542 3.91123 0.984407 20 0
-6.13501 13.0919 0.997732 20 0
8.13975 10.3888 0.985711 20 1
4.61613 4.2477 0.90807 20 0
4.30759 4.84912 0.989602 21 0
5.3911 2.74977 0.996742 21 1
-14.4292 -3.10354 0.987555 21 1
13.9973 2.62178 0.987206 21 1
13.9372 -11.7375 0.99221 21 1
3.69289 4.56586 0.936815 21 0
-14.89 10.4084 0.995977 21 1
4.98451 15 0.989138 21 0
10.1716 11.248 0.983133 21 1
5.88979 4.51613 0.950753 21 0
3.33184 3.32909 0.847267 21 0
2.43561 5.49395 0.999505 21 1
3.74635 3.80675 0.91973 21 0
2.34563 -0.932282 0.724286 21 1
-14.8327 11.2822 0.999077 21 1
3.53624 3.36733 0.961134 21 0
3.46918 3.29109 0.875539 21 0
-14.6304 -2.30821 0.993146 21 1
10.1459 14.995 0.999291 21 1
-14.6102 14.2378 0.990617 21 1
11.5525 -13.0075 0.992491 21 1
3.08312 3.54396 0.847782 21 0
3.56479 3.24928 0.909335 21 0
-14.3087 -11.7513 0.997975 21 1
5.85606 8.10681 0.965209 21 1
8.73954 -13.9589 0.999693 21 1
5.08146 -14.9607 0.98858 21 1
3.25956 3.33352 0.8582 21 0
14.7862 14.8257 0.990968 21 1
3.35535 3.67971 0.999841 21 0
1.31052 5.72524 0.93742 21 0
3.23561 3.29136 0.889646 21 0
9.08563 8.47234 0.989262 21 0
15 1.19434 0.991944 21 0
5.48354 2.92437 0.92117 21 0
2.49193 3.79739 0.955839 21 0
-14.9157 -1.28427 0.998569 21 1
3.31879 3.69807 0.999861 21 0
-14.9972 14.9451 0.999652 21 1
-1.71045 -15 0.987055 21 0
4.65099 -14.6635 0.997755 21 1
-3.13154 1.19024 0.974043 21 1
13.7176 15 0.993137 21 0
4.29946 15 0.98935 21 0
-3.7257 -13.2011 0.986199 21 1
-4.86212 -11.0016 0.973303 21 1
1.92282 -4.59505 0.999759 21 1
-9.03382 -3.00728 0.97038 21 1
13.9127 12.8132 0.990517 21 1
8.1519 10.7861 0.984639 21 1
3.85766 4.65503 0.99791 21 0
8.89871 11.3847 0.998299 21 1
-5.77186 -14.9576 0.997922 21 1
10.5691 7.07922 0.991312 21 0
15 12.9971 0.9908 21 0
14.6082 3.21507 0.999227 21 1
3.43984 3.31866 0.874042 21 0
2.87768 2.42188 0.844963 21 0
-4.16908 0.817478 0.840869 21 1
5.46013 3.27218 0.930365 21 0
10.5131 -0.648749 0.969669 21 1
15 -15 0.999982 21 0
3.49979 3.38105 0.947369 21 0
-14.5307 11.7769 0.995343 21 1
15 15 0.999982 21 0
3.64573 3.43942 0.993021 21 0
4.90616 3.64769 0.973306 21 0
1.73766 2.51115 0.775784 21 0
14.0902 11.6943 0.988306 21 1
3.14043 3.0301 0.957141 21 0
-8.06405 14.7847 0.989459 21 1
3.22353 3.29619 0.893865 21 0
5.50127 1.31999 0.925681 21 0
6.1891 2.05164 0.998125 21 0
8.8173 6.29675 0.989297 21 1
3.3903 4.28065 0.994207 21 0
4.09019 2.84748 0.999543 21 0
-9.60202 4.19002 0.964862 21 0
3.48465 3.34209 0.913663 21 0
12.358 -13.9636 0.998635 21 1
13.0867 -14.718 0.998743 21 1
3.88412 3.39182 0.89671 21 0
-4.16158 -12.1513 0.999782 21 1
-13.7517 -14.9999 0.992058 21 1
12.1238 -9.9553 0.984249 21 1
4.6988 4.88827 0.921946 21 0
5.73808 3.8262 0.942926 21 1
3.26972 3.37439 0.847647 21 0
-8.73017 3.99277 0.989727 21 1
3.68774 3.79829 0.889634 21 0
14.9792 -14.7622 0.993264 21 1
6.80224 6.96807 0.996298 21 0
0.270036 12.225 0.99487 21 1
-11.4778 1.79002 0.979969 21 1
3.09915 2.55558 0.947556 21 0
-2.27624 11.2003 0.978126 21 1
9.90311 9.98439 0.983875 21 0
3.33987 3.44933 0.890384 21 0
3.44029 4.07573 0.91438 21 0
5.45389 6.38928 0.947363 21 0
8.43151 5.38374 0.965654 21 1
14.5516 -14.6347 0.999361 21 1
15 15 0.999982 21 0
3.92515 3.31602 0.908644 21 0
15 -4.55655 0.984538 21 0
6.23759 4.81715 0.94109 21 1
-6.38499 6.6482 0.995319 21 1
2.98955 4.87029 0.898624 21 0
14.8813 -14.9766 0.997511 21 1
0.0862808 -9.82493 0.978239 21 1
0.771822 14.8932 0.999944 21 1
-7.46637 -5.26286 0.998704 21 1
3.11567 3.48219 0.853825 21 0
-1.07071 -10.8344 0.979318 21 1
-14.0965 -14.6697 0.992263 21 1
3.22001 3.28069 0.905797 21 0
-11.9167 -13.0803 0.991958 21 1
3.81577 3.35487 0.952137 21 0
-2.33979 -9.77081 0.973756 21 1
3.87061 3.79561 0.976371 21 0
4.24322 2.77387 0.960594 22 0
3.47691 9.1548 0.985818 22 1
2.41587 4.31625 0.996118 22 0
-11.9177 -0.655416 0.982488 22 1
3.2278 3.30277 0.88743 22 0
2.70516 14.5062 0.987269 22 1
3.16529 4.25619 0.895219 22 0
-13.3315 5.94403 0.984171 22 1
3.25661 3.32337 0.863039 22 0
14.7178 1.90593 0.996032 22 1
3.6875 3.26997 0.989647 22 0
-10.862 -1.65409 0.968008 22 1
-11.5034 2.09968 0.992854 22 0
11.5609 -5.45474 0.998296 22 1
-13.2298 6.83749 0.999421 22 1
8.95486 -10.5221 0.997571 22 0
1.99653 3.69762 0.816509 22 0
13.6838 -4.60126 0.99905 22 1
12.3696 -14.9998 0.991229 22 1
-3.50458 11.2421 0.999972 22 1
3.61587 3.14279 0.882073 22 0
-6.89364 -9.07381 0.983774 22 1
4.62911 10.8686 0.998961 22 1
-8.36649 -11.1236 0.998659 22 1
3.33326 2.97785 0.997815 22 0
3.40057 3.05323 0.930556 22 0
1.85443 6.90047 0.985663 22 0
3.82909 6.63108 0.990757 22 0
14.2681 -12.658 0.999453 22 1
13.5293 5.78331 0.983617 22 1
-15 15 0.999982 22 0
0.951447 -4.31534 0.993959 22 0
2.87973 -8.70331 0.999969 22 1
-6.57667 -5.71533 0.990836 22 1
15 15 0.999982 22 0
1.65112 2.46459 0.922705 22 0
14.2719 -3.01779 0.984891 22 1
-8.73281 15 0.989572 22 0
4.81868 -0.598728 0.938267 22 1
-10.3698 4.64885 0.989265 22 1
11.6064 -14.711 0.993058 22 1
3.42695 3.17629 0.853835 22 0
-14.2398 13.0914 0.989762 22 1
-14.8378 -14.8908 0.992826 22 1
3.40755 3.45876 0.937925 22 0
3.0771 3.35199 0.948729 22 0
-14.2507 -0.56526 0.989645 22 0
-8.14614 12.8833 0.985064 22 1
3.2865 3.32782 0.852234 22 0
-14.9528 -12.4592 0.992318 22 1
-13.8974 14.9447 0.990541 22 1
12.0774 12.6657 0.999287 22 1
-1.52165 6.03902 0.916468 22 0
2.27527 -10.2351 0.965105 22 1
-3.72136 -0.330353 0.815094 22 1
4.22543 14.5026 0.986339 22 1
10.8172 -7.92348 0.997559 22 1
9.4335 2.28301 0.999459 22 1
7.27159 12.0112 0.98605 22 0
-4.62177 14.9162 0.988314 22 1
1.21087 2.73255 0.885476 22 0
-6.3659 -13.0554 0.991273 22 1
13.684 -8.68028 0.985376 22 1
14.539 11.69 0.998209 22 1
3.7015 3.38878 0.990556 22 0
11.1254 -1.24904 0.99591 22 1
2.6772 -1.30275 0.905107 22 1
3.63179 3.31837 0.985267 22 0
-14.9592 -5.50269 0.999483 22 1
3.38782 3.67901 0.996399 22 0
4.239 3.25332 0.921557 22 0
3.90756 4.22247 0.892341 22 0
3.40775 3.16985 0.86242 22 0
1.27994 2.63716 0.970554 22 1
9.89936 10.0396 0.981276 22 0
5.86516 1.93086 0.93985 22 0
10.57 -12.3057 0.985076 22 1
-14.9275 5.20381 0.989316 22 1
3.46895 4.01017 0.894182 22 0
0.376751 15 0.99609 22 0
3.53464 -6.38891 0.932282 22 1
2.61753 3.87209 0.853373 22 0
3.9799 4.81702 0.911045 22 0
1.22739 4.02429 0.817945 22 1
2.90407 3.0315 0.815587 22 0
-12.5677 -14.6523 0.991114 22 1
3.21401 4.0611 0.884797 22 0
5.92045 4.86023 0.990042 22 0
3.1169 3.42734 0.876177 22 0
14.6709 -14.321 0.992655 22 1
-6.8036 -14.0612 0.987903 22 1
10.2469 7.29469 0.975466 22 0
14.3114 14.9237 0.999991 22 1
-2.46753 -14.9111 0.985687 22 1
2.97822 3.4796 0.921253 22 0
5.23397 3.07402 0.991925 22 0
15 15 0.999982 22 0
3.52518 3.36763 0.954907 22 0
-13.9718 5.01909 0.996494 22 1
15 13.6279 0.996503 22 0
-13.8387 7.70685 0.992263 22 1
-14.8801 14.9999 0.998224 22 1
4.67697 3.48246 0.912956 22 0
3.54319 3.61439 0.96626 22 0
3.17417 3.41376 0.858611 22 0
3.7738 4.12252 0.96927 22 0
4.8188 6.07765 0.956764 22 0
-14.9433 -5.44147 0.997648 22 1
3.36677 3.02087 0.970755 22 0
14.9992 -9.21301 0.998308 22 1
-4.62085 -5.27794 0.992468 22 0
4.2309 3.95485 0.897306 22 0
5.99978 -10.6565 0.995053 22 1
3.87403 3.43422 0.885707 22 0
3.1932 3.4711 0.847681 22 0
-12.6613 3.30797 0.977187 22 1
0.0136099 -6.89715 0.943096 22 1
-6.74899 0.490837 0.924196 22 1
-3.3063 3.81363 0.975509 22 1
3.96954 3.43919 0.874549 22 0
4.17475 4.55521 0.937707 23 0
-14.4265 -12.3256 0.994134 23 1
-3.62377 -3.14516 0.887951 23 1
0.662715 -0.801326 0.214326 23 1
-12.0474 3.12676 0.98575 23 1
5.70821 13.9125 0.992911 23 0
11.7777 -8.58421 0.986083 23 1
3.23368 3.41966 0.847234 23 0
-7.41253 7.27784 0.972572 23 1
-5.41246 14.1079 0.985945 23 1
3.71598 3.53811 0.913909 23 0
3.15831 3.50855 0.848197 23 0
3.03225 3.37672 0.958908 23 0
3.354 3.3767 0.861517 23 0
12.8528 14.0091 0.996538 23 1
3.2739 3.32455 0.85653 23 0
-14.4072 11.6343 0.998104 23 1
9.79285 -14.9997 0.992391 23 1
-13.6741 -4.96555 0.988744 23 0
15 15 0.999982 23 0
3.09977 3.71009 0.919327 23 0
3.53939 3.31581 0.933122 23 0
15 -15 0.999982 23 0
-14.9622 2.83237 0.984177 23 1
5.25392 2.95222 0.999905 23 0
3.59863 3.7445 0.879099 23 0
3.31011 3.34358 0.847263 23 0
3.72133 3.29406 0.999904 23 0
-14.7554 11.4123 0.99831 23 1
-3.34201 8.47155 0.994989 23 1
15 15 0.999982 23 0
3.27979 3.5333 0.90711 23 0
3.19106 2.98385 0.961498 23 0
3.6728 3.21198 0.958093 23 0
12.9553 5.35228 0.988696 23 1
5.97655 2.16388 0.926132 23 0
-12.7357 6.30816 0.98427 23 1
9.90265 10.0499 0.980861 23 0
6.01488 15 0.98746 23 0
-13.8498 11.9628 0.988461 23 1
-11.3614 -8.92803 0.998316 23 1
7.315 -14.598 0.989657 23 0
-9.95188 -4.73557 0.968863 23 1
1.14412 6.48868 0.994307 23 0
5.30889 5.88322 0.950192 23 0
4.55998 -14.905 0.990942 23 1
15 14.1257 0.998105 23 0
2.52306 3.40159 0.831417 23 0
5.29357 -14.9997 0.997853 23 1
4.7862 4.01857 0.910837 23 0
10.7489 8.59704 0.992063 23 0
-14.4098 14.9761 0.997039 23 1
8.95313 -13.4434 0.988092 23 1
-4.21312 14.123 0.985536 23 1
13.2146 -1.76877 0.999707 23 0
3.36084 3.3259 0.849616 23 0
4.64293 4.60783 0.999959 23 0
-14.181 11.9185 0.998413 23 1
4.77678 3.47101 0.95728 23 1
14.5559 14.0168 0.999187 23 1
11.9407 -11.3858 0.999983 23 1
11.4877 12.6648 0.997007 23 1
3.63612 3.46052 0.99007 23 0
-14.9988 10.395 0.990498 23 1
1.89722 10.6087 0.997814 23 1
11.4122 -2.04175 0.97646 23 1
3.60209 2.98581 0.851732 23 0
4.84295 2.90996 0.930263 23 0
8.93184 14.7033 0.989195 23 1
1.60246 2.45153 0.973291 23 0
1.70756 -11.8157 0.982071 23 1
2.6387 1.64947 0.716902 23 0
-11.3214 -3.69963 0.986502 23 1
3.51152 3.39189 0.960479 23 0
-7.19238 10.0426 0.997948 23 1
11.3473 -10.225 0.987613 23 1
9.57249 -14.3538 0.987055 23 1
3.72818 3.05027 0.90367 23 0
3.23508 3.42617 0.847354 23 0
14.6015 14.9395 0.991837 23 1
2.91534 4.33692 0.872722 23 0
-9.18767 12.0615 0.983199 23 1
3.45658 3.25482 0.856003 23 0
-6.71734 13.5872 0.983343 23 1
-4.30752 14.9102 0.997004 23 1
14.4597 14.9253 0.997136 23 1
9.17981 -14.9787 0.99966 23 1
-14.7892 4.8103 0.99429 23 1
6.38917 6.34548 0.968939 23 0
12.6591 -14.8685 0.996255 23 1
-0.971277 5.46162 0.990138 23 1
3.21477 3.5199 0.865836 23 0
12.5037 13.639 0.997272 23 1
3.4101 3.40531 0.905621 23 0
14.2615 2.32535 0.998301 23 1
14.5838 7.14386 0.985093 23 1
-13.5054 13.8049 0.990733 23 1
3.35467 3.32956 0.849223 23 0
3.77143 -7.88616 0.983526 23 1
10.8845 -9.6048 0.992187 23 1
-9.14848 -11.2338 0.995181 23 1
-7.92137 15 0.998619 23 0
3.2378 3.18597 0.95548 23 0
4.09672 2.91392 0.986572 23 0
3.84968 3.66997 0.904213 23 0
3.6971 3.75931 0.880209 23 0
12.78 -5.91911 0.982166 23 1
5.58116 0.558612 0.956772 23 0
-14.2698 0.541056 0.991757 23 1
-0.312982 -14.9997 0.996245 23 1
-14.4892 -10.2547 0.988619 23 1
3.46376 3.52325 0.994407 23 0
-13.8204 5.43418 0.996858 23 1
6.2392 11.6222 0.984824 23 1
5.03686 4.54071 0.921816 23 0
0.59606 -9.39586 0.956977 23 1
3.52537 3.78433 0.888177 23 0
8.49472 6.50616 0.998634 23 0
15 15 0.999982 23 0
3.84541 3.4839 0.880704 23 0
4.28724 3.57302 0.973943 24 0
15 15 0.999982 24 0
10.1453 14.3273 0.999896 24 0
3.31663 3.35726 0.847999 24 0
3.75596 3.29657 0.997325 24 0
13.9573 -6.06616 0.983727 24 1
3.33721 3.24811 0.860883 24 0
3.63375 3.34722 0.994307 24 0
5.90765 4.35206 0.930975 24 0
3.47233 3.4882 0.986476 24 0
3.47552 4.08783 0.938055 24 0
-1.22376 -9.30223 0.959288 24 0
3.27486 3.41609 0.850599 24 0
11.402 -13.0637 0.988552 24 1
4.53161 -15 0.984806 24 0
13.6518 5.24874 0.98243 24 1
4.92505 9.71961 0.977687 24 1
15 -4.81234 0.98527 24 0
3.12729 2.93915 0.881367 24 0
13.6122 -11.9189 0.999646 24 1
3.36234 3.094 0.931358 24 0
9.59718 6.81603 0.999906 24 0
2.09534 3.68787 0.835741 24 0
15 15 0.999982 24 0
3.3993 3.37774 0.88309 24 0
-7.4046 8.03273 0.973066 24 1
9.43281 -3.95085 0.999635 24 1
0.82478 2.55843 0.703082 24 0
2.82157 3.96384 0.946783 24 0
13.2572 -11.602 0.997503 24 1
3.31325 3.40541 0.857519 24 0
1.13401 11.6752 0.997455 24 1
15 -15 0.999982 24 0
6.13552 2.20857 0.99822 24 0
1.61187 6.31548 0.997753 24 0
-14.2413 -7.00176 0.99499 24 1
-14.915 -3.91732 0.99962 24 1
3.52307 3.84996 0.873317 24 0
10.5305 -8.20163 0.999986 24 1
-13.8695 4.8236 0.982149 24 1
-9.29162 10.5904 0.981874 24 1
-9.66292 -11.3056 0.998438 24 1
-14.9282 14.9998 0.999414 24 1
3.50838 3.35038 0.934215 24 0
7.32408 4.26148 0.962899 24 1
-3.04497 -13.7713 0.98106 24 1
14.3117 13.3446 0.998414 24 1
9.90896 10.0351 0.981108 24 0
3.9038 6.82501 0.939391 24 0
3.29638 3.41884 0.856585 24 0
8.677 -12.8811 0.996121 24 1
-1.98402 -2.28936 0.814368 24 1
2.86046 3.43979 0.996806 24 0
14.7629 -11.0207 0.991859 24 1
3.26451 3.31723 0.862399 24 0
3.41857 3.34154 0.874517 24 0
13.3638 3.19998 0.989275 24 1
12.0545 -8.47949 0.985546 24 1
-3.1618 5.81178 0.985629 24 0
11.2306 -7.12804 0.998064 24 0
-1.59624 14.3209 0.999924 24 1
14.8053 13.766 0.998881 24 1
-13.8161 1.03271 0.999687 24 1
7.28728 12.7873 0.983924 24 0
1.83922 3.34341 0.917623 24 0
-5.69052 15 0.997221 24 0
14.9065 -11.7747 0.995531 24 1
3.4618 3.53025 0.995544 24 0
3.33307 3.88429 0.923306 24 0
-14.9907 -14.796 0.99489 24 1
5.37587 6.14786 0.994868 24 0
-14.9032 -13.6432 0.999264 24 1
-4.8485 -14.8628 0.986895 24 1
3.53986 3.1346 0.849603 24 0
3.32663 3.26051 0.860313 24 0
6.39835 -13.5746 0.995897 24 1
-13.795 -14.6351 0.999252 24 1
-10.7832 14.8078 0.988246 24 1
-9.48034 0.286037 0.96269 24 1
14.7483 11.2792 0.999823 24 1
-14.9284 4.30776 0.995575 24 1
4.31571 -12.4303 0.980999 24 1
3.44591 3.32276 0.879207 24 0
3.22112 3.41824 0.847845 24 0
12.2378 11.9145 0.998164 24 1
-2.5349 9.91407 0.999313 24 1
-14.0515 0.522668 0.984014 24 1
-5.45118 -4.85408 0.932591 24 1
12.7899 -5.74861 0.988117 24 1
12.6724 4.80709 0.981338 24 1
3.68056 3.4714 0.967669 24 0
-0.805449 15 0.99454 24 0
2.8852 3.05049 0.815737 24 0
-2.8464 -14.6379 0.99993 24 1
4.85934 4.23947 0.973853 24 0
-1.69523 -14.9828 0.988812 24 1
5.09737 3.07003 0.982714 24 0
0.234983 -13.3009 0.998158 24 1
13.1579 14.8124 0.992273 24 1
3.36268 3.35014 0.855528 24 0
11.0927 -8.28897 0.999438 24 1
15 10.6264 0.9896 24 1
1.96829 2.17052 0.971946 24 1
3.36367 3.32817 0.850504 24 0
-12.669 -6.72213 0.997852 24 1
-14.9911 1.5862 0.989161 24 1
7.81643 -14.989 0.994622 24 1
3.22474 3.35463 0.862908 24 0
4.34548 4.57041 0.910393 24 0
1.37167 -9.58332 0.999954 24 1
13.6449 -11.5986 0.992031 24 1
-14.8156 -12.9594 0.999151 24 1
3.19339 3.34344 0.883152 24 0
2.21665 -7.13475 0.970519 24 1
3.3093 3.68866 0.998259 24 0
-3.07349 14.8078 0.98501 24 1
5.10871 4.39909 0.930822 24 0
3.88975 3.75661 0.968081 24 0
3.76103 2.90468 0.857911 24 0
11.8705 -14.2823 0.999889 24 1
4.19111 3.83147 0.913757 25 0
3.29676 3.3492 0.847568 25 0
1.96237 6.18608 0.990857 25 1
13.8271 10.8278 0.999786 25 1
3.06083 3.75298 0.926801 25 0
-2.34094 12.3504 0.975324 25 1
-2.21755 -7.04189 0.938174 25 1
-1.89384 -13.9051 0.986855 25 1
14.1239 14.1868 0.994533 25 1
3.67757 3.34461 0.999949 25 0
9.14002 15 0.99972 25 0
-14.429 -5.56637 0.999779 25 1
2.77891 11.9201 0.996256 25 1
14.2337 -4.57038 0.999546 25 1
-11.1113 15 0.997616 25 0
3.34099 3.24303 0.861324 25 0
13.8431 1.73882 0.996046 25 1
13.3158 -4.75085 0.980381 25 1
-4.25095 1.60502 0.954267 25 1
-14.9965 0.127612 0.996734 25 1
15 4.64182 0.984057 25 0
12.5634 10.1931 0.986433 25 1
3.28149 3.36846 0.847355 25 0
3.31104 3.32829 0.848111 25 0
8.55232 -14.2122 0.995931 25 1
7.44451 15 0.985981 25 0
3.10709 2.56788 0.932681 25 0
-8.04905 2.59377 0.958084 25 1
-9.43183 -10.5932 0.981983 25 1
15 15 0.999982 25 0
2.86388 -10.2754 0.994838 25 0
-14.0989 8.16183 0.986957 25 1
3.361 3.42646 0.889067 25 0
3.68424 3.85706 0.914607 25 0
9.91562 10.0105 0.981786 25 0
-15 15 0.999982 25 0
3.46673 3.11854 0.857877 25 0
-14.0089 -9.7343 0.99916 25 1
-0.191676 12.1945 0.990368 25 1
3.72434 11.3717 0.978193 25 1
-4.64806 7.02956 0.951285 25 1
13.5287 -9.7343 0.989437 25 1
3.47919 3.16859 0.847243 25 0
2.60899 9.53632 0.965818 25 1
4.1002 3.57302 0.985587 25 0
3.58434 4.45932 0.896758 25 0
2.67853 4.20076 0.999691 25 0
10.6553 -11.8295 0.998697 25 1
3.34589 3.39353 0.865005 25 0
3.30585 3.34986 0.847235 25 0
12.9189 8.98077 0.984476 25 0
0.34947 14.3224 0.996619 25 1
15 -7.02549 0.997586 25 0
3.7434 3.31103 0.997294 25 0
1.35944 3.11837 0.999977 25 0
5.46159 -0.645706 0.999986 25 0
12.594 14.8276 0.991826 25 1
3.35202 3.28329 0.848511 25 0
13.2595 11.4774 0.999994 25 1
1.46688 6.70681 0.93104 25 0
5.72577 -12.7739 0.990938 25 1
3.20989 3.40737 0.850986 25 0
-9.18225 15 0.999021 25 0
5.19965 3.09311 0.997105 25 0
11.4909 12.6137 0.998992 25 1
11.8085 -10.8951 0.995387 25 1
3.98405 6.25829 0.949597 25 0
3.20237 3.32886 0.886594 25 0
-5.00778 14.9994 0.989746 25 1
13.6105 -8.62138 0.991449 25 1
3.59234 3.38152 0.99176 25 0
5.86455 5.89983 0.951895 25 0
3.27246 3.3706 0.847729 25 0
13.8827 -13.1653 0.999827 25 1
11.5247 14.8995 0.98892 25 1
-14.9824 12.4872 0.994792 25 1
3.11582 3.14236 0.996107 25 0
3.6 3.97448 0.935735 25 0
14.3281 4.15314 0.999986 25 1
-9.55326 8.27701 0.980059 25 1
-6.87539 4.46683 0.987124 25 1
11.2917 14.9831 0.991619 25 1
3.14405 3.29367 0.9459 25 0
-3.87566 -14.6682 0.983019 25 1
-4.57805 -5.44865 0.994084 25 1
3.29445 3.37802 0.847909 25 0
5.33162 2.92799 0.98738 25 0
-13.9597 14.5602 0.999945 25 1
3.55573 3.79826 0.87627 25 0
3.83255 3.55304 0.872701 25 0
-14.6137 -9.52552 0.996114 25 1
3.52332 3.50522 0.99991 25 0
5.88398 -14.4279 0.991454 25 1
12.7246 9.81918 0.994883 25 1
-9.77998 7.0987 0.974991 25 1
2.44935 15 0.983104 25 0
2.60893 3.01494 0.975022 25 0
5.75147 5.94859 0.963398 25 1
13.3926 -10.7378 0.99188 25 1
14.7715 6.88355 0.987314 25 1
6.0654 2.08792 0.956034 25 0
3.35636 3.46886 0.912346 25 0
-1.88981 9.84408 0.969041 25 1
3.49992 3.58246 0.994305 25 0
-11.1184 -1.33995 0.996347 25 1
5.0943 6.09961 0.95719 25 0
13.0943 -14.1198 0.993728 25 1
3.22454 3.43422 0.847293 25 0
3.28159 3.21059 0.911223 25 0
4.05674 3.84623 0.96853 25 0
14.9725 -10.6772 0.989936 25 1
14.6369 -9.06754 0.988381 25 1
-14.3596 -12.2474 0.989118 25 1
9.86633 7.03961 0.97882 25 0
4.24297 -9.51945 0.967555 25 1
14.984 -10.2755 0.99587 25 1
14.981 11.0899 0.998952 25 1
10.6334 -12.1523 0.988406 25 1
15 12.9741 0.991357 25 0
3.55713 3.43495 0.995704 25 0
4.25081 3.99951 0.915787 26 0
-1.97982 -4.69261 0.942726 26 1
3.6864 3.43871 0.979139 26 0
-9.85967 14.8906 0.988989 26 1
8.9351 -14.9978 0.99705 26 1
4.96697 -14.9008 0.984046 26 1
15 5.26854 0.997311 26 0
15 15 0.999982 26 0
-14.0023 10.9849 0.987542 26 1
3.3052 3.77959 0.989511 26 0
-14.9525 -13.248 0.992213 26 1
-6.72822 -5.28415 0.987863 26 0
3.20809 3.35536 0.86959 26 0
12.5903 14.5705 0.993751 26 1
2.42877 4.22912 0.956286 26 0
4.40595 13.06 0.994309 26 0
-12.1167 10.8793 0.98657 26 0
10.3809 5.74831 0.993386 26 1
-13.2013 -10.1841 0.988992 26 1
3.24687 3.29997 0.878544 26 0
14.9673 -8.59054 0.986964 26 1
3.29892 3.3484 0.847491 26 0
-5.85653 -0.491061 0.939798 26 1
3.71531 3.3229 0.99947 26 0
3.29895 3.32527 0.85021 26 0
3.61398 4.20613 0.990829 26 0
9.16525 13.4408 0.985822 26 1
-9.02223 7.81676 0.982226 26 1
14.4581 -0.852001 0.995618 26 1
3.35863 3.442 0.89689 26 0
2.89506 3.55244 0.918833 26 0
12.7199 -14.6345 0.989578 26 1
14.8319 -12.622 0.993038 26 1
2.49364 -8.89617 0.991304 26 1
11.3135 -14.8548 0.997316 26 1
3.49426 3.72999 0.928871 26 0
-5.60975 14.0687 0.983758 26 1
3.23545 3.38622 0.850371 26 0
-7.09493 2.92127 0.98624 26 1
10.5569 -14.8722 0.991119 26 1
-12.3307 0.135226 0.999341 26 1
-14.568 13.9326 1 26 1
4.61743 -13.57 0.997247 26 1
14.948 11.8275 0.999048 26 1
3.45098 3.35802 0.902048 26 0
-14.1797 -13.4877 0.998503 26 1
1.78878 -0.91758 0.618592 26 1
3.20931 3.55526 0.881115 26 0
12.8889 12.9472 0.989491 26 0
4.27836 3.93636 0.904951 26 0
14.8789 7.51961 0.989122 26 1
3.35319 3.28432 0.848262 26 0
10.8908 -3.11568 0.994927 26 1
3.12645 14.5678 0.999663 26 1
-13.0786 10.4007 0.98689 26 1
14.8473 -14.5807 0.995614 26 1
8.67448 -13.248 0.991814 26 1
9.18073 6.76296 0.982492 26 0
-9.34923 13.0883 0.993856 26 1
-6.30613 5.21335 0.991541 26 0
-14.7399 0.116699 0.985739 26 1
-8.4029 -5.28559 0.961629 26 0
-11.6637 -12.5802 0.9927 26 1
15 -15 0.999982 26 0
3.28126 4.0305 0.877854 26 0
7.52779 14.7138 0.999397 26 0
-10.9665 -15 0.999983 26 0
-14.26 14.9941 0.999966 26 1
3.2515 4.61186 0.934773 26 0
14.4 10.278 0.992167 26 1
3.53643 3.62776 0.962873 26 0
1.82188 3.75498 0.814794 26 0
3.26053 3.37776 0.848113 26 0
3.47358 3.67416 0.969794 26 0
3.49975 3.40053 0.958545 26 0
9.92122 9.9857 0.982728 26 0
3.16737 3.47079 0.847637 26 0
-1.34204 15 0.990664 26 0
-13.9082 -14.5303 0.999311 26 1
3.2784 3.36483 0.847728 26 0
8.33809 2.88891 0.960804 26 1
-2.52083 -14.7822 0.996851 26 1
11.484 -10.0083 0.984465 26 1
13.7 4.77123 0.993198 26 1
3.49103 3.37221 0.936534 26 0
13.9882 -8.60077 0.997398 26 1
3.24394 3.35591 0.855871 26 0
6.24255 4.63928 0.950094 26 0
5.99623 2.07951 0.922119 26 0
3.28521 3.34558 0.849113 26 0
3.46335 3.47787 0.978818 26 0
3.41263 -14.354 0.987049 26 1
7.39017 9.08132 0.994946 26 1
5.22138 5.99902 0.959178 26 0
5.03731 3.00686 0.933155 26 0
3.03044 3.16219 0.970732 26 0
3.85587 2.95216 0.938707 26 0
-10.6908 -10.4066 0.999994 26 1
3.26459 3.40053 0.847464 26 0
3.31856 3.34582 0.847371 26 0
5.40441 -10.7549 0.973171 26 1
3.29347 3.18333 0.920935 26 0
3.35378 3.35749 0.855078 26 0
0.638439 -7.96662 0.973106 26 1
-0.0294199 9.8576 0.971069 26 1
3.93279 3.74823 0.98279 26 0
4.20125 14.6639 0.985874 26 1
0.98633 -12.5631 0.976523 26 1
3.29168 3.36031 0.847296 26 0
2.28895 5.26408 0.893205 26 0
-5.44003 -14.3557 0.995206 26 1
11.64 -13.3478 0.990876 26 1
-0.0518713 2.59293 0.635103 26 1
-11.7196 13.6461 0.997616 26 1
14.789 4.93322 0.990639 26 1
3.88778 14.0531 0.985451 26 1
12.7827 5.8563 0.984088 26 1
15 -0.138056 0.99644 26 0
-5.80969 -8.4328 0.998809 26 1
2.14662 3.59299 0.814182 26 0
4.22383 3.6767 0.962589 27 0
3.27933 3.41108 0.850462 27 0
7.40203 -14.8897 0.992544 27 1
5.83207 2.80883 0.984816 27 0
3.30393 3.35185 0.847234 27 0
13.315 2.91566 0.97914 27 1
3.65957 3.37198 0.999979 27 0
-4.60752 14.991 0.98435 27 1
15 15 0.999982 27 0
8.14707 14.9901 0.999076 27 1
-9.27466 14.3463 0.997975 27 1
11.5449 -15 0.99125 27 0
14.9813 -13.408 0.999025 27 1
13.8554 9.95602 0.999054 27 0
3.26112 3.39836 0.847266 27 0
14.6923 -14.8592 0.991641 27 1
-3.18048 -10.2968 0.997826 27 1
11.9528 -3.6152 0.980173 27 1
-14.7272 14.7205 0.994904 27 1
-11.8575 13.9023 0.989351 27 1
3.30562 3.39205 0.851783 27 0
3.39606 3.26165 0.847238 27 0
1.28695 14.9497 0.996063 27 1
3.34169 3.2881 0.849268 27 0
14.5284 15 0.992095 27 0
6.03767 2.13688 0.950562 27 0
5.05478 3.03073 0.950378 27 0
4.89599 4.45458 0.984474 27 0
3.34211 3.40511 0.868409 27 0
-13.6886 8.35097 0.997779 27 1
-4.76629 -3.12781 0.903432 27 1
9.45563 6.82023 0.987177 27 0
-14.8408 -11.8209 0.994028 27 1
-10.536 14.4571 0.9907 27 1
-14.6127 14.4191 0.994063 27 1
8.20248 -12.263 0.986977 27 1
-0.777831 -8.88353 0.952567 27 1
13.3767 14.8394 0.992282 27 1
15 15 0.999982 27 0
10.0721 12.5493 0.99324 27 1
8.83986 -13.2227 0.997795 27 1
3.1502 3.68872 0.933903 27 0
3.4951 3.60657 0.988924 27 0
2.68194 14.2901 0.989632 27 0
3.49459 3.37988 0.943454 27 0
3.30341 3.36211 0.847429 27 0
-6.28731 11.1078 0.996597 27 1
3.29003 3.34709 0.848317 27 0
-14.6488 13.9466 0.998495 27 1
3.35921 3.35227 0.85514 27 0
2.9671 2.75859 0.909691 27 0
-14.6631 -10.2072 0.989342 27 1
3.85493 3.51654 0.873406 27 0
3.69624 3.32667 0.999991 27 0
-14.7944 11.5999 0.989777 27 1
-12.7954 -10.5392 0.996677 27 1
-4.72928 -14.4715 0.98401 27 1
5.7953 5.8294 0.980868 27 0
-11.3336 -14.8994 0.994261 27 1
15 0.793112 0.994603 27 0
8.09602 14.412 0.999304 27 1
-0.593994 2.52442 0.635143 27 0
-12.4256 -11.6552 0.999815 27 1
3.27786 3.28156 0.872275 27 0
-8.41672 1.32115 0.977415 27 1
0.793993 -7.33736 0.937518 27 1
2.85969 -14.9888 0.986294 27 1
-11.9376 8.02162 0.999813 27 1
2.83572 4.09495 0.999771 27 0
13.4803 -14.152 0.997253 27 1
2.98644 2.14886 0.773508 27 0
-12.1593 -14.2811 0.991928 27 1
14.9974 11.4958 0.989776 27 1
13.6825 -14.6199 0.994833 27 1
9.9253 9.96537 0.983683 27 0
15 15 0.999982 27 0
-5.66692 12.0918 0.999997 27 0
3.21933 3.25031 0.926225 27 0
3.28076 3.37903 0.847259 27 0
-9.43637 5.23391 0.996276 27 1
-14.7323 12.7328 0.992833 27 1
3.33757 3.35964 0.85157 27 0
15 -0.112408 0.996458 27 0
12.1254 -12.263 0.987251 27 1
-9.30226 -14.994 0.995628 27 0
-10.009 14.7933 0.989097 27 1
3.55873 3.35795 0.968551 27 0
3.49689 3.36154 0.9337 27 0
-2.6682 -5.51594 0.96603 27 1
3.29332 3.37914 0.84791 27 0
1.39847 14.9965 0.990494 27 1
9.22077 10.869 0.988648 27 1
-14.5063 -6.0037 0.984071 27 1
-14.3683 -14.9875 0.998031 27 1
5.2787 6.08018 0.991874 27 0
-13.2358 14.8143 0.990309 27 1
-10.7146 -14.6387 0.997626 27 1
4.83726 -9.48685 0.991905 27 1
-14.8242 1.58784 0.999883 27 1
13.2298 12.2187 0.998712 27 1
3.22439 3.90598 0.96382 27 0
3.2782 3.25928 0.883736 27 0
3.25618 3.39551 0.847276 27 0
-11.9732 -14.8547 0.999603 27 1
3.31042 3.34912 0.847245 27 0
-9.39899 8.55357 0.989532 27 1
3.0706 13.0147 0.999679 27 1
8.64228 14.6572 0.999999 27 1
3.33655 3.38498 0.858314 27 0
1.29117 1.47816 0.747797 27 1
3.89399 4.12191 0.918138 27 0
3.17045 3.32693 0.906901 27 0
7.54372 5.91206 0.98618 27 1
15 9.87656 0.995778 27 0
3.57651 3.0358 0.848668 27 0
-14.6832 14.9233 0.990979 27 1
5.07368 -3.59397 0.92001 27 0
3.29078 3.37337 0.84738 27 0
3.55206 3.64489 0.945605 27 0
3.93455 3.76942 0.990027 27 0
4.22988 3.9949 0.906851 28 0
3.30221 3.34381 0.847569 28 0
2.57082 13.5011 0.98954 28 1
14.3262 -10.3833 0.99206 28 1
-14.3959 -11.2782 0.988792 28 0
-13.9915 7.87322 0.996375 28 1
-7.17293 15 0.99265 28 0
14.9347 0.545172 0.999693 28 1
3.20649 3.75002 0.991947 28 0
-14.5132 -0.181754 0.992408 28 1
-14.742 4.40247 0.997883 28 1
3.35581 3.30637 0.847301 28 0
2.42204 4.28458 0.986441 28 0
-1.07162 13.9367 0.993328 28 1
1.03701 3.94065 0.883359 28 0
13.4674 -3.18971 0.999091 28 1
-11.6378 8.49881 0.999907 28 1
3.27044 3.3902 0.847284 28 0
12.3613 -11.4988 0.992801 28 1
13.8581 -3.23079 0.986009 28 1
3.26399 3.31607 0.863063 28 0
11.0437 14.9915 0.999576 28 1
-8.83084 14.4098 0.994285 28 1
12.541 -8.61025 0.983482 28 1
10.7568 -10.1837 0.99329 28 1
5.79224 0.712031 0.915405 28 1
6.06288 2.13247 0.962657 28 0
-2.87831 -12.9876 0.998142 28 1
15 -5.39256 0.999507 28 0
1.31806 -2.6012 0.985076 28 1
3.67542 3.37893 0.998322 28 0
3.31487 3.30499 0.851055 28 0
5.18714 6.07678 0.972184 28 0
14.153 -7.65248 0.993422 28 1
-4.44391 6.24018 0.989776 28 1
3.3044 3.3662 0.84774 28 0
3.24613 3.22471 0.92546 28 0
3.28416 3.36696 0.847316 28 0
14.7441 -6.42789 0.99387 28 1
-11.1141 -9.91048 0.999371 28 1
3.57724 3.72864 0.890699 28 0
3.30536 3.35414 0.847246 28 0
-0.519222 -0.881467 0.223943 28 1
3.78603 4.78074 0.980738 28 0
12.0467 -14.9382 0.997757 28 1
9.08089 7.64032 0.993204 28 1
3.49751 3.52321 0.999522 28 0
13.5821 15 0.998081 28 0
9.92794 9.9508 0.984463 28 0
3.53312 -11.2684 0.999203 28 1
3.73534 6.35751 0.935987 28 0
14.9068 -4.26743 0.998007 28 1
3.69229 3.32462 0.999838 28 0
-1.29425 14.3907 0.998372 28 1
-13.9809 13.8074 0.99992 28 1
10.9929 -10.8853 0.999654 28 1
14.8397 -14.9908 0.996538 28 1
11.6131 12.9247 0.990864 28 1
-7.80988 3.89169 0.987742 28 0
5.12052 3.05956 0.988849 28 0
3.30735 3.35138 0.847237 28 0
13.0868 -6.28945 0.991822 28 1
-4.61712 -14.5099 0.984118 28 1
9.18065 5.54351 0.999896 28 0
6.12374 -4.45241 0.998979 28 1
3.29111 3.31946 0.853155 28 0
3.34956 3.56483 0.967604 28 0
3.28222 3.35941 0.847863 28 0
3.24587 3.39922 0.847527 28 0
5.07977 -1.43396 0.882366 28 1
3.49434 3.27123 0.878924 28 0
12.9953 11.6343 0.995988 28 1
-8.83864 14.654 0.995986 28 1
-9.34143 3.74722 0.977766 28 0
8.28442 -14.9052 0.999385 28 1
-8.44819 -11.7364 0.997532 28 1
4.89639 10.505 0.97601 28 0
3.94712 3.75275 0.989044 28 0
15 15 0.999982 28 0
3.26596 3.29167 0.873122 28 0
14.6975 -12.7473 0.991884 28 1
9.59898 6.91031 0.997878 28 0
10.0909 10.3886 0.995662 28 1
4.3596 -6.54778 0.939617 28 1
1.81514 6.10332 0.931297 28 0
-13.2198 -1.43396 0.997722 28 1
3.12705 4.09018 0.90175 28 0
1.7688 6.77308 0.988003 28 1
8.11158 15 0.999382 28 0
-14.1661 -14.7648 0.991105 28 1
14.6645 -6.38614 0.999659 28 1
-12.9623 12.3509 0.991743 28 1
3.5497 3.6399 0.949607 28 0
5.38852 5.40414 0.996477 28 1
3.31147 3.34797 0.847244 28 0
8.90902 9.68086 0.98081 28 1
3.30223 3.48778 0.891815 28 0
-6.13048 -14.7785 0.999513 28 1
-8.37514 15 0.990819 28 0
8.62331 -8.63139 0.991118 28 0
3.30847 3.42376 0.862459 28 0
-13.5483 5.83484 0.986776 28 1
3.53736 3.37506 0.96582 28 0
-11.1935 -13.9418 0.99009 28 1
6.12674 -14.92 0.989903 28 1
3.29337 3.40302 0.85158 28 0
9.17978 7.07199 0.975731 28 1
4.6501 0.652439 0.847988 28 0
3.27595 3.29028 0.869062 28 0
1.98333 3.5055 0.93618 28 0
-15 13.5133 0.999672 28 0
3.98916 3.79954 0.999466 28 0
3.51485 3.37314 0.951892 28 0
3.32531 3.35533 0.848734 28 0
-14.3879 14.883 0.999887 28 1
3.31435 3.35589 0.847701 28 0
-8.69027 5.11578 0.982204 28 1
14.2723 -11.4576 0.988435 28 1
13.0285 -14.2904 0.989882 28 1
-14.6019 14.2261 0.990862 28 1
3.36096 3.52432 0.950577 29 0
3.27786 3.35402 0.848938 29 0
-8.72899 -14.7311 0.995241 29 1
4.37069 15 0.987652 29 0
-10.3583 -4.77178 0.982183 29 0
3.31251 3.33047 0.847788 29 0
7.00122 2.53269 0.959909 29 0
11.8744 1.03358 0.985084 29 1
-5.1578 -6.12578 0.978684 29 1
3.32407 3.32969 0.847263 29 0
3.26823 3.38299 0.8473 29 0
8.40386 -4.54674 0.978839 29 1
-9.36044 10.6145 0.980578 29 1
-13.6067 13.0428 0.988867 29 1
15 15 0.999982 29 0
-3.26088 -9.08246 0.998058 29 0
15 11.3245 0.989969 29 0
3.30314 3.35257 0.847235 29 0
9.10578 -4.09625 0.96323 29 1
3.24641 3.41957 0.84756 29 0
-14.4053 13.1035 0.992907 29 1
2.73519 1.31825 0.80295 29 0
3.69717 3.32124 0.999907 29 0
3.2622 3.87553 0.963241 29 0
2.96027 4.03988 0.994292 29 0
-11.4774 2.69998 0.999905 29 1
8.62136 6.99533 0.979802 29 1
3.31299 3.3828 0.851338 29 0
4.39626 4.39601 0.920218 29 0
6.04091 2.10832 0.947087 29 0
7.7858 -14.4511 0.997001 29 1
1.61811 15 0.987981 29 0
-14.9349 -13.0769 0.990694 29 1
-4.23265 12.7801 0.991759 29 1
5.74892 -0.185077 0.892367 29 1
3.50538 3.6906 0.945163 29 0
14.372 -6.25701 0.984601 29 1
-13.1438 -0.158302 0.979729 29 1
3.55072 3.60811 0.965706 29 0
-14.1433 -14.2977 0.999228 29 1
3.49579 3.33018 0.913506 29 0
3.30363 3.32429 0.849586 29 0
8.37649 -2.91022 0.953529 29 1
8.17055 14.9866 0.998714 29 1
5.23588 -4.1101 0.968201 29 1
9.92947 9.94141 0.98501 29 0
3.19911 3.34411 0.879727 29 0
3.95147 3.76999 0.994453 29 0
-6.77029 -7.89348 0.970708 29 1
2.94742 4.06835 0.988222 29 0
3.67508 3.4026 0.994292 29 0
-6.36137 13.4942 0.999989 29 1
15 -10.0355 0.999879 29 0
6.19628 6.06862 0.997966 29 0
15 15 0.999982 29 0
5.21873 6.04371 0.970556 29 0
2.41703 11.3487 0.977879 29 0
-5.94156 14.9569 0.993023 29 1
3.29217 3.36484 0.84723 29 0
3.34316 3.42249 0.877306 29 0
13.5146 13.8651 0.989491 29 1
4.44168 -4.67183 0.972638 29 1
2.02211 -5.35473 0.896127 29 1
-8.91283 -6.39215 0.968689 29 1
3.29888 3.32295 0.850658 29 0
-14.3411 -12.4564 0.9955 29 1
14.8578 -2.79336 0.985379 29 1
-6.46605 -5.16321 0.963336 29 1
3.66943 3.02274 0.858864 29 0
8.34606 14.1306 0.996727 29 1
9.70507 0.560033 0.998271 29 1
3.30216 3.34894 0.847328 29 0
-13.9985 -2.71531 0.989355 29 1
15 -15 0.999982 29 0
5.08436 3.03668 0.967811 29 0
3.31075 3.34457 0.847239 29 0
12.0199 -9.29426 0.983027 29 1
3.29463 3.35197 0.847528 29 0
-13.5989 8.39529 0.999923 29 1
-12.846 8.59798 0.999919 29 1
-13.1523 14.7195 0.9965 29 1
-12.6546 -14.8648 0.995907 29 1
-5.34718 14.8405 0.986567 29 1
-8.39813 -5.35473 0.961429 29 1
3.3774 3.48829 0.937982 29 0
-14.3694 14.9987 0.99762 29 1
3.69557 14.9244 0.997155 29 1
-14.2829 14.8897 0.999202 29 1
3.3211 3.37038 0.850451 29 0
3.30917 3.35532 0.84738 29 0
9.39134 6.82987 0.97928 29 0
-13.9755 -5.12741 0.99918 29 1
3.26605 3.30708 0.86596 29 0
11.4919 -7.63039 0.995517 29 1
-14.0664 -1.12735 0.980772 29 1
9.47532 13.0696 0.988762 29 1
2.66104 1.55053 0.742296 29 0
-9.68956 -1.85181 0.969618 29 1
-9.31539 0.283785 0.971273 29 1
-11.7427 13.3805 0.987536 29 1
-13.7389 -14.9649 0.993741 29 1
8.73468 15 0.989633 29 0
3.49874 3.36763 0.938628 29 0
0.119398 3.11744 0.71371 29 1
-5.43598 -9.49109 0.971407 29 1
14.9622 -11.9822 0.998774 29 1
15 11.8277 0.999967 29 0
13.7236 3.28624 0.980768 29 1
3.53858 3.37493 0.966408 29 0
3.35809 3.35868 0.856719 29 0
6.64619 -13.2822 0.997009 29 1
14.1464 13.1012 0.992282 29 1
-5.13696 1.12265 0.875846 29 0
4.21287 -1.63942 0.972764 29 0
3.27193 3.39219 0.847403 29 0
2.76191 -2.96679 0.907387 29 1
3.54083 3.62807 0.960509 29 0
3.30388 3.35224 0.847232 29 0
12.0519 -13.0884 0.98757 29 1
3.62381 9.03554 0.996658 29 1
