-9.99653 -10.7347 0.981788 1 1
-3.53164 -0.915372 0.771279 1 1
0.836699 9.68524 0.998262 1 1
-4.96046 0.138253 0.9993 1 1
11.9063 9.35484 0.98395 1 1
-3.14236 -4.61138 0.974332 1 1
-10.2659 11.9268 0.984566 1 1
-3.80173 2.21923 0.985901 1 0
11.0818 12.3111 0.997562 1 1
6.72338 -11.0614 0.990381 1 1
-5.74295 10.4658 0.982154 1 1
7.24119 -12.7978 0.98305 1 1
-11.5391 12.446 0.999033 1 1
-13.2047 -1.78158 0.999407 1 1
11.3455 10.2806 0.991128 1 1
5.2707 -8.17554 0.99763 1 1
1.3896 7.20306 0.930889 1 1
-12.1625 -9.43459 0.998355 1 1
-14.9759 3.62929 0.999208 1 1
8.62712 4.06238 0.973936 1 1
6.49585 5.49423 0.973602 1 1
14.4402 -7.27745 0.986872 1 1
-9.8759 15 0.995752 1 0
-2.12947 -1.93911 0.999999 1 1
7.73813 10.0862 0.990131 1 1
-2.97546 1.58106 0.989336 1 1
12.7345 10.3634 0.997245 1 1
-13.3328 5.78737 0.990167 1 1
-14.8506 -2.97703 0.983752 1 1
-0.592986 -7.33897 0.933866 1 1
1.8301 13.4047 0.983654 1 1
3.82115 -11.8671 0.982801 1 1
-0.767038 7.6502 0.981069 1 1
6.18136 -2.38194 0.982421 1 1
-1.66965 4.51559 0.9014 1 1
12.6893 -5.85303 0.993743 1 1
7.17963 3.25558 0.941375 1 1
-6.59759 -0.644321 0.980544 1 1
11.0265 -2.2427 0.999971 1 0
3.46387 -7.50469 0.966147 1 1
-8.23147 -5.28 0.988796 1 1
-3.13848 -2.28491 0.985163 1 1
-14.4633 -5.12615 0.994549 1 1
8.83246 -0.500858 0.956398 1 1
-15 -8.42711 0.989105 1 0
8.95468 7.87117 0.984604 1 1
-0.247098 9.78026 0.987923 1 1
-14.8503 -11.5102 0.990223 1 1
2.33902 -6.97443 0.932808 1 1
-0.585661 -5.05998 0.942261 1 0
12.0949 8.7151 0.99986 1 1
8.14623 8.91895 0.974576 1 1
3.8523 -0.337107 0.973835 1 1
8.47871 7.25199 0.990019 1 1
10.9649 -14.0282 0.987543 1 1
-12.5631 7.35511 0.987696 1 1
-3.26878 5.6388 0.997722 1 1
12.3596 -4.03891 0.982653 1 1
14.4179 -8.40977 0.987822 1 1
-0.250091 7.15215 0.981638 1 1
-7.36917 -13.1825 0.986608 1 1
3.97373 -0.494409 0.959972 1 1
-10.1639 9.37193 0.998204 1 1
-0.683551 7.79208 0.940866 1 0
-15 4.72721 0.984298 1 0
15 1.50296 0.989131 1 0
1.82985 -7.77857 0.972652 1 1
0.173951 15 0.996409 1 0
-3.54417 -3.42446 0.989546 1 1
-15 9.77155 0.991581 1 0
-13.2674 -14.4309 0.999624 1 0
-11.266 15 0.991728 1 0
2.30452 -5.75981 0.925677 1 0
15 -4.90955 0.98719 1 0
6.07207 6.70951 0.981458 1 0
-4.44998 10.4031 0.996528 1 0
-15 -11.4042 0.988877 1 0
15 -15 0.999982 1 0
7.32479 2.90005 0.9407 1 0
-3.96879 -4.89289 0.909393 1 0
0.303555 15 0.996233 1 0
-15 15 0.999982 1 0
15 15 0.999982 1 0
2.49136 3.79611 0.957012 1 0
-6.98544 13.3852 0.986958 1 0
0.0634611 -10.3695 0.976025 1 0
-14.7676 7.97854 0.986449 1 0
-6.7889 2.86462 0.934915 1 0
0.508883 0.53558 0.932956 1 0
0.312227 1.72334 0.875948 1 0
-10.9844 -1.08064 0.970169 1 0
13.7984 9.52018 0.986005 1 0
15 15 0.999982 1 0
0.314352 0.394459 0.0722266 1 0
-3.39088 1.56729 0.814634 1 0
2.76515 -12.9087 0.986205 1 0
-2.0173 -4.19414 0.862442 1 0
12.1691 -11.1489 0.999941 1 0
6.52711 15 0.992294 1 0
15 1.37571 0.990354 1 0
15 8.14935 0.998636 1 0
7.95689 15 0.999329 1 0
-15 -5.67107 0.99769 1 0
15 -15 0.999982 1 0
15 15 0.999982 1 0
15 -15 0.999982 1 0
-0.632279 0.968868 0.531212 1 0
6.37385 -7.73501 0.968846 1 0
-11.8298 3.07351 0.994173 1 0
6.24525 -7.61321 0.97331 1 0
15 4.39103 0.987204 1 0
-1.88679 15 0.985371 1 0
-15 10.9301 0.99968 1 0
1.64592 -1.86608 0.801082 1 0
1.33943 -0.6773 0.46625 1 0
5.69686 -0.575565 0.895654 1 0
1.98138 -4.49164 0.979461 1 0
-0.283973 -11.7763 0.999998 1 0
11.0246 12.0303 0.988819 1 0
-15 15 0.999982 1 0
-13.6834 -12.1647 0.988331 2 1
-1.67592 0.364531 0.758053 2 1
-11.7192 -14.9975 0.99777 2 1
-13.0532 3.77714 0.979266 2 1
3.90123 -3.33161 0.914438 2 1
14.9038 -13.2438 0.990634 2 1
-13.337 -14.8883 0.992795 2 1
-6.47364 -13.2671 0.987873 2 0
-4.15154 9.69288 0.97145 2 0
15 -9.49972 0.98845 2 0
10.5979 -14.7228 0.997657 2 0
-15 8.41567 0.989454 2 0
10.0038 -2.12388 0.999638 2 0
7.03304 -15 0.997377 2 0
-14.6283 -12.2813 0.999951 2 1
2.75347 5.65363 0.908234 2 1
-13.6867 -14.3039 0.993097 2 1
14.3528 6.24438 0.98566 2 0
4.72355 -3.1318 0.919784 2 1
-9.90544 -14.2435 0.989093 2 1
-10.6025 -0.395716 0.984278 2 1
-4.59836 -14.9666 0.985398 2 1
14.4042 2.66476 0.981798 2 1
-13.5753 -10.7605 0.987742 2 1
-8.97282 1.31389 0.986626 2 1
-9.19624 -14.9446 0.999978 2 1
0.0471601 -6.82351 0.921699 2 0
-14.7425 -8.08212 0.987638 2 1
-8.00869 6.83773 0.969319 2 1
-5.07637 -12.7996 0.992728 2 1
-13.4002 -7.49062 0.99519 2 1
-14.6551 9.14753 0.986779 2 0
-14.2705 -8.51431 0.993439 2 1
-13.8196 -14.6667 0.999984 2 1
12.8027 -7.93849 0.990227 2 1
4.50492 -4.87293 0.97743 2 1
-1.14011 -2.11585 0.967954 2 0
-7.01618 -1.43583 0.979712 2 1
6.62243 -0.680049 0.967787 2 1
12.7168 -5.5701 0.999955 2 1
-3.54768 7.64347 0.951166 2 0
6.46896 -10.4323 0.999203 2 1
-15 -15 0.999982 2 0
2.16269 -0.907982 0.998288 2 1
12.8915 -11.4963 0.986786 2 1
15 -14.8862 0.998407 2 0
-14.9531 -7.8186 0.99206 2 1
-2.91549 3.66865 0.849728 2 0
-11.296 -6.08806 0.999987 2 1
-8.2649 -4.98078 0.998016 2 0
8.70195 -10.5342 0.980855 2 1
-7.75937 8.17036 0.999881 2 1
-0.461998 5.56125 0.974244 2 0
-6.15186 -4.39364 0.997551 2 1
1.27796 -15 0.991237 2 0
-14.9216 -7.1966 0.997417 2 1
-3.9255 -4.48641 0.987423 2 0
-0.948254 3.96662 0.879468 2 1
-0.25968 6.63522 0.975638 2 0
-6.44361 1.48303 0.987136 2 0
6.63104 -8.33624 0.992426 2 0
-4.3085 -6.73929 0.97548 2 1
-14.3954 -14.4986 0.99055 2 1
14.4054 -13.8183 0.991485 2 1
7.46467 -14.0016 0.994779 2 0
-15 -3.08479 0.991479 2 0
-5.47488 1.06764 0.975584 2 0
-12.4627 -15 0.994653 2 0
-1.46429 11.439 0.970982 2 0
-14.9067 -2.49282 0.985706 2 1
4.78681 3.22667 0.893503 2 0
-13.0213 -14.9848 0.990661 2 1
1.37426 5.20839 0.953652 2 1
6.04405 -7.78699 0.971124 2 1
-4.60564 8.74016 0.967001 2 0
-13.3252 -13.4364 0.990987 2 1
-9.87194 -2.1408 0.986086 2 0
2.03292 0.47241 0.522218 2 0
-5.41485 -7.98782 0.998066 2 1
8.24839 -14.5768 0.985962 2 1
-5.96573 -11.2829 0.996514 2 1
-3.72459 -7.29012 0.990459 2 0
-5.36432 8.68255 0.999977 2 0
0.753797 3.19242 0.87703 2 0
5.36806 -12.825 0.999444 2 1
-9.37386 -10.9751 0.999208 2 1
7.51788 -2.51126 0.950701 2 0
-14.5534 8.95824 0.997595 2 1
-12.8946 -14.9674 0.995535 2 1
-0.536656 -5.94355 0.989891 2 0
3.77807 -11.2734 0.989867 2 0
-0.639701 -4.37199 0.99379 2 0
-14.9917 -8.17957 0.998269 2 1
2.78394 -7.70612 0.988614 2 0
-8.12706 -13.5868 0.991496 2 1
6.16052 -0.766504 0.92383 2 0
-14.9919 -2.24621 0.983279 2 1
-6.99418 1.19691 0.998048 2 0
11.8623 12.0138 0.992849 2 0
11.0543 4.49218 0.983045 2 0
-8.83294 1.72077 0.967366 2 0
-14.5536 -6.93251 0.990646 2 1
8.51242 -1.46055 0.999988 2 0
-1.22597 -3.28891 0.9127 2 1
-8.27109 3.20763 0.953171 2 0
-0.232866 -11.171 0.992773 2 0
11.4385 -9.09107 0.983187 2 0
0.420311 -1.43534 0.480549 2 0
-0.0734752 3.31176 0.928224 2 0
0.878256 -0.485772 0.254481 2 0
1.2659 4.547 0.84809 2 0
-12.0303 -15 0.99554 2 0
1.03067 11.2387 0.999119 2 1
6.33943 -6.55739 0.997115 2 0
5.17559 -0.632214 0.873946 2 0
-0.957413 -2.23063 0.930553 2 0
-4.8789 -0.261706 0.963364 2 0
5.87112 6.73047 0.953799 2 0
5.57743 -3.05276 0.92702 2 0
0.298466 -5.99629 0.998881 2 0
7.34476 -2.54051 0.951829 3 0
-14.5943 11.1125 0.98838 3 1
-13.5687 15 0.998478 3 0
13.7623 -14.5043 0.993122 3 1
-0.379507 -10.3734 0.973975 3 1
2.8296 -10.7903 0.989685 3 1
-4.51954 -9.11669 0.998411 3 1
-1.10151 14.9216 0.999026 3 1
-9.04658 2.84904 0.962681 3 0
-2.57657 15 0.983774 3 1
-15 -0.901236 0.99401 3 0
15 -15 0.999982 3 0
-14.704 2.03456 0.996328 3 1
12.0665 -14.6999 0.996916 3 1
-4.49686 4.49182 0.926019 3 1
-0.33815 3.2676 0.885079 3 0
14.0755 -3.90135 0.983499 3 1
13.422 14.9028 0.996719 3 1
-8.85357 14.5699 0.999505 3 1
-3.75043 10.1314 0.994567 3 1
14.8942 -14.8297 0.992685 3 1
4.94408 -1.09273 0.964889 3 1
-2.08712 -2.81557 0.919759 3 1
-6.30823 2.71064 0.931236 3 1
-7.88928 -13.7483 0.993306 3 1
1.61017 -7.11205 0.933676 3 0
-13.3542 0.973631 0.998892 3 1
14.142 -1.56506 0.985863 3 1
-15 15 0.999982 3 0
1.4621 4.33563 0.925526 3 0
1.20902 -0.849292 0.535446 3 0
11.5036 14.7764 0.993844 3 1
-14.1669 7.20307 0.996914 3 1
3.25587 -5.4241 0.915069 3 0
-11.8895 12.5617 0.986948 3 1
6.54415 -14.9771 0.991035 3 1
-4.07665 -13.1134 0.988118 3 1
-4.24298 -6.16786 0.97656 3 0
-0.186203 -14.8638 0.997961 3 1
-6.11266 8.29604 0.989503 3 0
-2.1637 -14.0045 0.981246 3 1
-9.65657 -6.8411 0.997256 3 0
0.568365 -14.7075 0.98396 3 1
-12.297 8.84932 0.983583 3 1
6.96609 -2.8178 0.986611 3 0
-4.76983 -1.26229 0.991964 3 0
-0.483943 -4.01134 0.922071 3 0
-14.7685 -11.3331 0.99968 3 1
9.92736 -5.45253 0.995131 3 1
12.4381 -8.64177 0.983775 3 1
13.4785 9.42332 0.998851 3 1
5.13551 -9.62756 0.97507 3 0
10.619 1.18605 0.997184 3 1
-14.207 14.9666 0.9993 3 1
0.368603 -0.0374513 0.643844 3 0
-1.65548 -3.41667 0.892072 3 0
-10.6481 9.33741 0.980887 3 1
8.26386 14.2526 0.999826 3 1
-9.84697 -10.6867 0.99051 3 1
12.9035 1.11951 0.989346 3 1
-14.925 14.8097 0.993026 3 1
-0.640805 -2.74926 0.962613 3 0
15 14.0971 0.997148 3 0
3.64516 9.23428 0.961596 3 1
15 -3.99603 0.996757 3 0
-11.7643 3.9127 0.992841 3 1
-1.28468 14.8698 0.999995 3 0
-1.94463 2.59259 0.810982 3 0
-5.46149 -12.0885 0.994499 3 1
-10.9612 6.21278 0.976378 3 0
15 -6.38145 0.987599 3 0
1.64007 0.601246 0.86252 3 0
-11.1388 -14.0943 0.996119 3 1
9.91776 -7.65788 0.97631 3 1
-4.29818 7.09508 0.95736 3 0
-14.3913 10.8209 0.998555 3 1
-6.2577 -3.21579 0.997115 3 0
-14.2989 14.9637 0.999926 3 1
-15 -1.20501 0.991857 3 0
5.2543 -9.51648 0.982456 3 0
-12.7356 14.8609 0.998571 3 1
-11.4082 15 0.98887 3 0
-1.58984 13.638 0.987859 3 1
-14.5798 14.9588 0.991879 3 1
12.4109 -15 0.992628 3 0
7.77045 -12.4661 0.982338 3 0
14.8383 -3.82888 0.99254 3 1
-6.69372 -4.5014 0.995083 3 0
-6.59629 7.54217 0.968291 3 0
14.3166 11.6731 0.995274 3 1
14.1226 8.31358 0.994869 3 1
-3.05482 -6.10897 0.922576 3 0
9.92483 6.72579 0.975637 3 0
-3.07254 -8.47978 0.972978 3 1
13.94 14.9623 0.990817 3 0
-3.61805 -2.137 0.816467 3 0
-0.811338 4.7382 0.895234 3 0
0.467804 -0.391603 0.31011 3 0
14.9084 4.25488 0.998127 3 1
-14.9268 6.53714 0.987238 3 1
7.03639 -0.558229 0.999728 3 0
12.2629 -2.58248 0.976213 3 0
8.45948 -9.66179 0.999841 3 0
-15 -3.12837 0.992376 3 0
0.93257 10.2437 0.992962 3 0
14.9728 -14.8149 0.994918 3 1
-0.586492 7.47703 0.981676 3 1
0.247037 -15 0.996322 3 0
14.6889 6.31768 0.999777 3 0
-5.06618 8.22442 0.99893 3 0
-11.1399 14.8744 0.999992 3 1
15 15 0.999982 3 0
-4.21928 1.32282 0.994978 3 0
-8.22499 -10.011 0.988724 3 0
1.09166 8.43285 0.972134 3 0
8.05067 3.56456 0.96567 3 0
2.02575 -1.04925 0.91811 3 0
-6.24962 3.40121 0.99442 3 0
13.1381 -15 0.9907 3 0
1.10661 -2.89183 0.726791 3 0
-8.71217 15 0.988933 4 0
-6.6589 2.35169 0.999883 4 0
5.18435 5.20417 0.931577 4 1
14.8694 -14.6848 0.991588 4 0
-14.9998 14.2544 0.999964 4 1
-1.26386 -4.61885 0.880459 4 0
5.09501 -12.9531 0.998637 4 1
14.9232 -14.9433 0.997793 4 1
-0.981759 7.7065 0.952719 4 1
-9.14628 12.8263 0.985287 4 1
14.3564 13.7618 0.990022 4 1
3.43987 -6.2906 0.976538 4 1
-1.20778 0.425915 0.979724 4 0
11.5638 14.9994 0.991884 4 1
-11.4744 -8.82982 0.996047 4 0
-9.01245 -1.12265 0.989938 4 1
-12.2414 8.60067 0.999095 4 1
12.036 -2.85451 0.996291 4 0
-13.0259 -10.1364 0.999928 4 1
12.4571 -5.45251 0.979007 4 0
8.93784 -14.7138 0.988498 4 1
-12.4029 10.4342 0.985296 4 1
-4.15162 13.4691 0.981533 4 1
2.37684 7.43152 0.944073 4 1
13.3362 12.3522 0.995252 4 1
7.96725 -14.7698 0.986346 4 1
-6.11703 7.01872 0.973643 4 0
-2.46976 11.2093 0.972285 4 1
5.04556 1.1095 0.891261 4 0
6.79119 -6.61953 0.962504 4 1
-3.49308 14.6345 0.992131 4 1
1.16296 -3.6325 0.915318 4 0
-4.72635 14.4966 0.985404 4 1
12.5551 1.57642 0.981724 4 1
3.37954 14.3666 0.987509 4 1
-11.4468 -12.2292 0.985955 4 1
10.8817 -14.9634 0.997188 4 1
1.31139 4.52581 0.847345 4 0
15 -15 0.999982 4 0
-10.7774 -11.6096 0.992348 4 1
4.61136 -15 0.984149 4 0
-13.41 7.39062 0.99126 4 1
3.91839 14.4691 0.997266 4 1
-14.9982 -13.4812 0.999978 4 1
10.4934 12.8329 0.996683 4 1
-14.5262 -8.12458 0.991222 4 1
-8.08792 14.3353 0.999407 4 1
3.14617 13.7079 0.983734 4 1
-1.3133 -1.45123 0.763726 4 0
12.7217 10.921 0.986033 4 1
1.20071 -12.3189 0.995461 4 1
11.4374 -14.3978 0.989844 4 1
-14.0676 11.5535 0.993411 4 1
13.6671 -2.19652 0.999214 4 1
-1.50918 7.39748 0.995861 4 0
9.1392 6.43296 0.993207 4 0
5.79373 9.73523 0.994779 4 0
3.54979 1.15929 0.813265 4 0
14.828 10.5449 0.994026 4 1
-14.5389 1.23909 0.984558 4 1
13.5564 6.12144 0.998558 4 1
5.92666 -1.4042 0.9841 4 0
8.73715 14.3457 0.98688 4 1
14.8168 -7.40796 0.997471 4 1
13.815 12.0507 0.988255 4 1
9.32858 -8.31817 0.978942 4 0
-15 -15 0.999982 4 0
8.332 -13.2427 0.986058 4 1
5.26577 -13.6617 0.981929 4 1
-14.4278 -14.9931 0.995724 4 1
-14.6825 2.59201 0.999892 4 1
-3.65914 -13.6685 0.980525 4 1
-10.3673 4.47276 0.998776 4 1
2.91994 -10.5385 0.971658 4 1
6.21651 -14.95 0.985844 4 1
0.71128 15 0.994992 4 0
13.8427 -3.46278 0.990505 4 1
5.04468 14.4223 0.98804 4 1
0.623196 0.463056 0.997469 4 0
14.5665 12.1287 0.992833 4 1
14.9815 12.8702 0.995847 4 1
2.11227 1.15907 0.959837 4 0
-1.09542 3.6471 0.907364 4 0
3.54683 -1.50685 0.961489 4 0
3.30562 -5.16765 0.962151 4 0
-2.7683 -5.87704 0.992847 4 0
12.4824 7.69062 0.981732 4 1
-7.52773 3.26239 0.98562 4 0
-8.93874 12.9963 0.986502 4 0
10.1763 -11.0941 0.991227 4 1
14.3563 -11.6898 0.997865 4 0
-14.6812 13.0326 0.999995 4 1
3.13728 3.23842 0.980704 4 0
-15 15 0.999982 4 0
-14.2831 -15 0.999698 4 0
1.87837 0.457996 0.832857 4 0
-5.45186 -4.47463 0.999353 4 0
4.08818 -0.706684 0.822078 4 0
13.0408 2.23674 0.990211 4 0
2.69451 -12.4223 0.989933 4 0
0.253918 0.390025 0.162427 4 0
-2.25966 8.81 0.992777 4 0
8.35835 -3.59915 0.99379 4 0
9.95362 10.8331 0.98349 4 0
0.898211 -3.09348 0.78062 4 0
3.34077 -4.39372 0.99803 4 0
6.79079 1.27396 0.948412 4 0
-4.59597 7.66712 0.954755 4 0
6.46488 -0.769556 0.996366 4 0
-7.27381 11.704 0.993964 4 0
2.64146 2.99126 0.972142 4 0
-12.1637 -4.312 0.995312 4 0
-15 0.61768 0.995377 4 0
-12.0398 12.582 0.993864 4 0
-3.01289 1.21213 0.822022 4 0
0.528706 1.29897 0.810423 4 0
-8.99278 -10.0582 0.988033 4 0
0.909835 -0.158356 0.552236 4 0
-9.20811 5.86093 0.974516 4 0
0.119988 -5.84018 0.918395 4 0
-5.50257 2.69344 0.966558 5 0
1.50936 -6.86083 0.994964 5 1
13.606 1.68447 0.985385 5 1
14.7194 14.6987 0.996038 5 1
-4.82497 6.43987 0.99061 5 1
14.8036 13.1719 0.99214 5 1
-13.8412 6.72414 0.998064 5 1
-14.9959 -0.183844 0.996737 5 1
13.0601 -7.4501 0.993154 5 1
-10.2107 15 0.997361 5 0
-10.1249 2.50691 0.966675 5 0
-13.7306 10.1719 0.997692 5 0
10.7146 7.83926 0.995739 5 1
14.8199 -9.71805 0.990125 5 1
-10.8285 -14.8826 0.990767 5 1
-14.5464 7.53696 0.994451 5 1
-10.029 -13.6935 0.99908 5 1
-11.9053 -14.0931 0.99362 5 1
13.9754 14.9784 0.991937 5 1
-11.0387 -13.2169 0.988259 5 1
-0.500518 6.43587 0.976999 5 0
-14.2806 14.9857 0.99989 5 1
11.6515 0.0749481 0.98597 5 0
2.05076 -13.7193 0.99999 5 1
7.80563 -5.88068 0.990141 5 0
-0.750626 -8.37727 0.948585 5 1
13.7335 -12.4392 0.998652 5 1
5.02786 -9.59 0.990516 5 1
10.6804 -11.3318 0.992397 5 1
11.7329 -15 0.998296 5 0
-4.34945 1.14968 0.986554 5 1
-14.9538 9.64784 0.987545 5 1
-2.76354 -14.8281 0.988324 5 1
3.74545 6.42711 0.95732 5 0
9.35992 14.9758 0.994523 5 1
-3.18026 8.05021 0.99952 5 0
8.98628 -1.74448 0.999869 5 0
1.21521 -5.48804 0.94901 5 1
-14.0921 -12.0769 0.999663 5 1
-13.9488 -2.22966 0.980438 5 1
-8.96774 12.9342 0.984651 5 1
2.4646 0.644767 0.682857 5 0
-1.29454 2.08887 0.870102 5 0
-3.67587 8.6046 0.963169 5 0
-15 15 0.999982 5 0
-14.7873 -9.75312 0.99063 5 1
-0.343506 -4.05372 0.890611 5 0
11.4318 14.3867 0.989302 5 1
5.85047 14.9163 0.998507 5 1
4.69805 -0.406228 0.847597 5 0
10.3264 -0.0309447 0.985086 5 0
10.6406 -7.95448 0.996646 5 1
13.1199 -13.6031 0.989876 5 1
3.00154 -14.2556 0.986649 5 1
10.2487 8.03883 0.980266 5 1
3.67761 2.38107 0.971739 5 0
-6.35759 9.61557 0.970846 5 0
-7.87844 -10.0567 0.997671 5 1
4.75309 1.72156 0.97043 5 0
14.54 -13.5421 0.990234 5 1
14.5362 3.51575 0.999332 5 1
-4.82971 6.02728 0.968379 5 1
8.53302 2.94798 0.975438 5 0
-0.77698 -8.35137 0.946388 5 0
2.62242 -1.05079 0.965329 5 0
-6.25275 -14.983 0.985059 5 1
15 15 0.999982 5 0
14.9724 1.32545 0.993626 5 1
1.57526 1.18414 0.724421 5 0
12.4538 10.2617 0.989248 5 1
0.349951 -8.66033 0.998584 5 0
12.8086 8.07402 0.983984 5 1
5.36486 -14.9999 0.999152 5 1
-14.1481 7.86427 0.98602 5 1
-4.58648 -4.14052 0.937655 5 1
-5.92586 -13.7804 0.996448 5 1
15 -15 0.999982 5 0
2.93553 11.5012 0.992856 5 1
12.6623 -13.7668 0.995301 5 1
-7.68843 -12.7729 0.999871 5 1
14.8443 2.6655 0.988483 5 1
0.490864 1.32615 0.768286 5 1
-14.9923 4.02566 0.996737 5 1
-6.03734 11.5737 0.97813 5 0
6.5808 -7.59712 0.974624 5 0
-14.6932 6.52331 0.994585 5 1
-7.71446 11.4491 0.996602 5 1
11.2362 6.52663 0.983693 5 0
11.7363 -7.02965 0.982271 5 0
-9.07585 15 0.999966 5 0
-8.30138 12.7881 0.985309 5 1
10.8932 -10.2944 0.997452 5 1
14.6297 7.93419 0.991323 5 1
-13.3203 -14.5585 0.996885 5 0
-12.0374 3.26195 0.982205 5 0
3.00834 2.36989 0.934883 5 0
1.44217 -2.80237 0.713965 5 0
6.43722 7.47636 0.969452 5 0
-0.431073 2.87925 0.988648 5 0
8.99518 3.65324 0.999285 5 0
7.75725 8.29648 0.990289 5 0
-0.663924 -2.35648 0.889886 5 0
-0.0184526 0.845329 0.894275 5 0
8.68235 0.921105 0.986371 5 0
4.51749 -5.20342 0.940437 5 0
7.29859 -5.50068 0.999084 5 0
-2.6922 7.76418 0.98157 5 0
15 15 0.999982 5 0
0.142564 -9.05162 0.982441 5 0
5.93752 6.44432 0.977518 5 0
7.40811 4.01527 0.951097 5 0
-10.9564 -5.09708 0.974939 5 0
-2.1167 1.06498 0.99735 5 0
6.13056 -7.4484 0.997706 5 0
-5.17295 2.07762 0.977457 5 0
0.116629 -5.89505 0.951941 5 0
-1.54766 12.1226 0.993976 5 0
1.40499 3.84662 0.862044 5 0
0.780904 -1.75136 0.875902 5 0
9.44252 1.61069 0.984862 5 0
-4.85692 1.93511 0.872621 6 0
-4.94643 2.39628 0.999991 6 0
-12.9083 -11.7086 0.99488 6 1
-15 15 0.999982 6 0
15 -15 0.999982 6 0
-12.3395 14.3683 0.991894 6 1
1.37022 14.9978 0.990628 6 1
5.76004 13.311 0.99354 6 1
5.95832 5.37149 0.983386 6 1
-4.36064 14.4879 0.984593 6 1
-14.3284 13.7343 0.990793 6 1
-11.8652 -13.7191 0.997778 6 1
4.6966 -12.2186 0.977189 6 1
5.26786 -0.873214 0.918802 6 0
-10.0941 -3.77136 0.997946 6 0
-13.2588 9.39221 0.985226 6 1
-10.7925 14.0773 0.989211 6 1
8.45334 -14.8351 0.99845 6 1
-11.1307 2.65626 0.97609 6 0
-7.4896 11.5668 0.993938 6 0
8.95996 6.97561 0.990774 6 1
15 -15 0.999982 6 0
7.95631 6.72954 0.967739 6 1
-9.19315 14.2285 0.997273 6 1
0.100721 -0.564719 0.156805 6 0
-2.28053 0.422509 0.979482 6 0
-14.9763 14.996 0.999953 6 1
5.78774 11.8446 0.983814 6 1
6.92736 7.84799 0.964802 6 1
13.368 7.45909 0.9909 6 1
-14.9171 -12.9295 0.996437 6 1
14.7251 0.891278 0.986843 6 1
-10.6412 -7.53411 0.979148 6 1
-3.33666 0.631328 0.999474 6 0
7.14083 4.73804 0.991495 6 0
14.9258 -7.1622 0.998108 6 1
-2.37054 -5.14859 0.919416 6 0
-0.920506 14.8134 0.996141 6 1
0.127979 2.01293 0.603687 6 0
-0.0749679 -3.43895 0.988156 6 0
2.89674 -13.4386 0.989987 6 1
-7.02121 -2.25471 0.936145 6 1
1.13151 2.92642 0.711241 6 0
-2.45453 2.59868 0.825346 6 1
-7.54967 -11.7772 0.99201 6 1
4.82938 -1.88174 0.883046 6 0
-4.99021 5.92459 0.960209 6 0
15 -15 0.999982 6 0
-3.17559 -4.33275 0.942775 6 0
-9.24591 -2.79901 0.998986 6 0
-5.31246 -4.82358 0.974148 6 1
0.294729 1.37136 0.809622 6 0
13.23 -10.8715 0.99519 6 0
5.82789 -6.00664 0.946114 6 0
2.42787 8.10989 0.960534 6 0
-13.6868 -3.22313 0.984015 6 0
4.34183 1.60493 0.87892 6 1
2.96844 14.5262 0.994684 6 1
3.20842 -4.16691 0.87604 6 0
2.8293 -0.12808 0.973591 6 0
0.750775 -0.048748 0.966017 6 0
1.68567 1.78086 0.88162 6 0
-1.70925 -1.24681 0.535735 6 0
-0.628211 -6.19438 0.916997 6 1
0.586754 2.95402 0.845075 6 0
-9.42222 -0.925274 0.960032 6 0
-6.6462 9.21443 0.989762 6 1
0.609553 1.95078 0.554549 6 0
-1.89772 10.9623 0.984128 6 1
9.35387 1.58449 0.963131 6 0
-8.03419 6.69723 0.964924 6 0
1.21523 -13.344 0.998279 6 1
9.30685 14.1359 0.996186 6 1
-14.7117 -12.9334 0.999216 6 1
-15 -15 0.999982 6 0
4.45143 4.65046 0.968215 6 0
-13.7819 2.86365 0.982737 6 1
3.48923 14.6933 0.986646 6 1
-3.70705 -14.7406 0.983122 6 1
2.38936 -6.54848 0.976675 6 0
-6.79504 -5.75685 0.952026 6 0
-5.43026 -8.44256 0.971867 6 0
-15 -15 0.999982 6 0
-9.53458 -9.38068 0.999558 6 1
5.2169 13.5577 0.99104 6 1
14.7675 4.48292 0.999896 6 1
11.426 -11.4202 0.987893 6 1
-2.93992 -4.7602 0.965711 6 0
-4.5386 -5.57706 0.967982 6 0
14.853 -14.9595 0.995853 6 1
13.9453 -14.8126 0.992294 6 1
-6.67418 14.7846 0.985083 6 1
-1.09413 2.83081 0.80525 6 0
14.016 -12.9355 0.99943 6 1
-10.2017 -11.9932 0.984901 6 1
-14.848 14.4618 0.99935 6 1
14.9427 -14.7841 0.992785 6 1
-14.5215 -11.553 0.999602 6 1
-2.44457 -1.04821 0.661099 6 0
11.4407 -14.985 0.988877 6 1
7.87247 7.78734 0.974799 6 0
11.1013 12.0848 0.996616 6 1
1.12085 -2.26072 0.725832 6 1
10.6638 -10.681 0.987422 6 0
3.44911 -10.0002 0.977728 6 0
6.15981 5.91174 0.982916 6 0
4.72719 2.75091 0.996602 6 0
12.695 14.3909 0.997771 6 1
-0.288859 14.6638 0.981767 6 1
-12.9022 11.3229 0.991847 6 0
7.49838 -10.0947 0.975393 6 0
-0.283358 1.35151 0.881614 6 0
9.72765 -7.17696 0.975327 6 1
8.76125 14.9963 0.990324 6 1
-3.83494 0.809989 0.999588 6 0
-5.68834 -7.58508 0.962076 6 1
4.43179 -5.20358 0.923381 6 0
2.83588 -12.9505 0.993589 6 0
5.94107 -7.15212 0.976847 6 0
0.912141 5.80326 0.938166 6 0
-2.28291 0.700741 0.985132 7 0
14.4774 14.9957 0.993788 7 1
8.34463 -13.056 0.998637 7 1
7.60676 -14.551 0.997298 7 1
-4.17681 -8.19491 0.998042 7 1
10.4644 1.72237 0.983316 7 1
6.91375 -6.76636 0.999762 7 1
0.155227 0.288272 0.856718 7 0
-4.48385 5.3402 0.977619 7 0
9.39033 -1.77326 0.979173 7 0
-3.12204 1.1423 0.944707 7 0
-1.05261 1.65214 0.758687 7 0
-7.7882 8.84025 1 7 0
-8.01834 -6.97915 0.988422 7 0
-12.9947 3.01828 0.999901 7 1
-11.113 12.5466 0.985975 7 1
3.13714 -14.2729 0.983045 7 1
3.39808 -6.06398 0.96793 7 1
-5.60139 -14.6633 0.984097 7 1
6.25086 6.7315 0.999126 7 1
15 -15 0.999982 7 0
-12.6439 15 0.999894 7 0
12.8225 -4.57028 0.978871 7 0
2.9477 -5.58574 0.912309 7 0
0.760426 6.26559 0.91137 7 0
12.3846 -0.211317 0.994353 7 1
-8.24135 -6.44972 0.964823 7 0
-3.09418 1.1301 0.899859 7 0
-13.8532 14.8055 0.995959 7 1
13.0054 -7.60626 0.990009 7 1
0.7043 -0.145831 0.86765 7 0
-8.96191 14.8928 0.991289 7 1
8.56169 11.2679 0.980564 7 1
13.2068 -3.90708 0.993093 7 1
1.04779 -4.04381 0.814399 7 0
-11.8642 5.57481 0.977538 7 1
11.637 7.79623 0.989899 7 1
-5.40596 -1.32337 0.982098 7 1
14.6009 3.6263 0.992256 7 1
0.468208 1.89046 0.792095 7 0
-6.76599 2.29071 0.98636 7 0
5.63783 3.77756 0.921279 7 0
14.7649 -3.95774 0.988705 7 1
-14.7674 -2.88048 0.992122 7 1
-8.50949 9.94925 0.977198 7 0
13.6953 -14.0806 0.999979 7 1
-3.97541 13.0574 0.979924 7 1
-10.3612 -7.73768 0.992097 7 1
3.25533 9.80722 0.983612 7 1
-14.8223 7.2121 0.999952 7 1
14.9945 -10.9336 0.999625 7 1
-9.21582 -11.7242 0.999938 7 1
-7.84532 0.560364 0.939548 7 1
2.51998 -8.88202 0.992626 7 0
10.1575 4.32735 0.970516 7 0
-14.933 -9.47879 0.992489 7 1
11.504 -5.04323 0.975301 7 1
1.22087 3.36039 0.824526 7 0
4.9542 -12.7588 0.982885 7 1
-2.92317 12.5758 0.994663 7 1
-14.6691 14.9512 0.990966 7 1
-12.4478 12.5919 0.991164 7 1
-7.49936 13.0783 0.989056 7 1
-8.13779 -4.5767 0.96733 7 1
-8.0658 14.7612 0.988132 7 1
6.53522 -4.06211 0.978896 7 1
3.01032 -1.93154 0.822859 7 1
2.01603 1.2875 0.981218 7 1
-15 15 0.999982 7 0
8.30841 -1.17294 0.946578 7 0
4.71866 -8.30985 0.979129 7 0
9.38643 -3.69592 0.983035 7 0
1.79416 -4.70416 0.982813 7 0
-13.2715 -10.229 0.985954 7 1
1.75786 -2.40524 0.902091 7 0
14.1104 14.8206 0.991156 7 1
-1.07348 14.9497 0.997427 7 1
-7.41022 10.6398 0.987413 7 0
15 15 0.999982 7 0
-15 15 0.999982 7 0
14.6152 -5.15389 0.998504 7 1
-9.13832 -14.9836 0.999955 7 1
-0.684873 0.574078 0.69508 7 0
5.89416 6.31324 0.99999 7 0
-5.53299 -6.87235 0.961142 7 0
3.20021 -3.56952 0.884577 7 0
14.325 -14.618 0.991259 7 1
1.14976 -2.06168 0.999707 7 0
-13.1568 -6.69946 0.988084 7 1
15 -11.2694 0.99161 7 0
-10.5523 -6.2643 0.999002 7 1
5.81243 -8.92337 0.991998 7 0
0.905069 0.419903 0.267762 7 0
1.55781 14.6126 0.982589 7 1
-14.9605 2.28484 0.984356 7 1
4.33599 2.41479 0.999378 7 1
3.29238 -3.3535 0.847569 7 1
-14.9102 -14.9979 0.998988 7 1
-6.20908 -8.22394 0.989532 7 0
12.279 -5.58665 0.988283 7 1
-1.29144 5.60821 0.892323 7 1
-2.85446 5.09286 0.916681 7 0
5.34906 -2.00136 0.899711 7 0
1.5974 -1.05882 0.878808 7 0
6.1013 -8.08859 0.99228 7 1
0.659788 0.913352 0.401063 7 0
0.43303 -1.23787 0.999852 7 0
0.174282 1.67408 0.642605 7 0
13.703 2.27381 0.999836 7 0
-4.80179 1.95601 0.882274 7 0
2.84765 3.97494 0.966226 7 0
7.09631 1.27486 0.959815 7 0
-1.74614 -1.0615 0.555011 7 0
-3.20125 -7.17578 0.939181 7 0
1.1482 -0.604482 0.996715 7 0
6.8086 -5.82643 0.958458 7 0
0.286935 1.40467 0.69434 7 0
15 15 0.999982 7 0
8.00008 12.3424 0.983285 7 0
1.62739 -3.48397 0.952829 7 0
14.9733 -14.884 0.997488 8 0
8.22655 9.38501 0.981084 8 1
4.18876 -1.30608 0.976614 8 0
3.78422 2.70347 0.864348 8 0
14.7496 -5.51411 0.984961 8 1
0.161108 0.705711 0.884866 8 0
5.98265 8.63909 0.966684 8 1
-6.62824 -5.72522 0.978704 8 1
-7.70706 -6.63239 0.99766 8 1
13.864 -1.07944 0.999325 8 1
14.6484 14.5313 0.999225 8 1
-7.80273 14.7284 0.989375 8 1
-14.952 -1.90619 0.989335 8 1
1.24821 14.9048 0.999261 8 1
0.106561 -8.39718 0.947116 8 1
-4.12886 -5.59976 0.97076 8 1
5.15615 -6.69682 0.956816 8 0
-7.55923 -0.749981 0.99996 8 1
-10.3396 -7.67715 0.997945 8 1
-1.71806 -12.0261 0.982835 8 1
-9.50955 -1.32736 0.990125 8 1
4.4653 1.69108 0.870704 8 0
14.915 9.07979 0.99729 8 1
10.0973 -3.73039 0.998889 8 1
-8.1583 -8.41546 0.996473 8 1
7.09001 11.5924 0.979267 8 1
0.348861 -1.74089 0.936899 8 1
-14.9996 4.16343 0.992884 8 1
-10.498 4.10607 0.999752 8 1
-5.10054 7.66195 0.997272 8 0
-10.6347 6.06853 0.99675 8 0
-0.685023 7.68336 0.971994 8 1
-3.81823 -14.7362 0.983921 8 1
15 -15 0.999982 8 0
9.60701 14.8627 0.99177 8 1
-14.6391 -14.2093 0.990607 8 1
0.66912 0.479316 0.957021 8 0
10.9124 10.332 0.993954 8 1
-2.28149 4.41128 0.999691 8 0
-1.68723 11.9826 0.976509 8 1
-7.50515 -8.69512 0.971712 8 1
12.6041 11.8911 0.98797 8 1
4.22637 -1.80198 0.907972 8 0
-13.4089 -8.75282 0.998997 8 1
-15 15 0.999982 8 0
-2.67518 12.5283 0.99974 8 1
2.20072 13.0488 0.99047 8 1
5.73486 -6.62 0.978683 8 0
0.44413 -3.11382 0.712233 8 0
-1.86894 -11.8394 0.975931 8 1
3.16001 1.60877 0.862494 8 0
-14.3428 -12.5347 0.998507 8 1
14.9875 -14.3077 0.999523 8 1
-11.1519 -3.54491 0.99406 8 1
-4.56517 14.3348 0.992284 8 1
-3.63996 -14.1628 0.98256 8 1
-14.6718 -2.33231 0.997306 8 1
-11.1085 14.416 0.993722 8 1
11.5723 -14.9566 0.990366 8 1
10.2257 -5.00142 0.985924 8 1
8.05111 0.559494 0.995838 8 0
2.84843 -0.310704 0.997538 8 0
2.39336 0.374054 0.939312 8 1
-2.97344 -3.46318 0.935742 8 1
8.59849 1.25573 0.995551 8 0
12.5427 5.10757 0.982278 8 1
4.97506 -9.66088 0.983232 8 1
0.379229 0.742098 0.931308 8 0
2.71861 -14.9413 0.982955 8 1
3.35868 -0.00985003 0.981618 8 0
-11.5627 -12.3605 0.996261 8 1
11.5164 4.46534 0.998004 8 0
8.09656 2.60109 0.972422 8 0
-0.754163 0.756667 0.234417 8 0
7.62784 -6.37338 0.961189 8 0
2.28008 -8.03488 0.947023 8 1
-13.5146 -4.18581 0.98049 8 1
-6.604 9.12198 0.99998 8 0
-2.09184 1.17254 0.974672 8 0
7.90577 -14.932 0.993889 8 1
-6.07873 -2.60804 0.98622 8 0
-15 15 0.999982 8 0
3.89479 -6.639 0.978069 8 0
0.853419 2.26524 0.942262 8 0
-0.588371 3.35266 0.999998 8 0
-2.54584 2.11391 0.923061 8 1
0.232984 -1.04438 0.23707 8 0
3.08171 2.92154 0.839323 8 0
-0.286723 1.8691 0.937855 8 0
-2.29409 -3.94024 0.940429 8 0
15 -15 0.999982 8 0
0.335996 -3.75497 0.856334 8 0
-2.01227 3.98878 0.998264 8 0
1.7341 1.1104 0.535958 8 0
-14.7242 11.4074 0.999406 8 1
0.108036 -5.89209 0.949968 8 0
-15 -15 0.999982 8 0
0.0259495 -1.50607 0.45283 8 1
-8.71376 -9.49051 0.99745 8 0
-13.9713 4.89075 0.992211 8 1
7.56018 13.9613 0.995626 8 1
11.3833 -13.8251 0.992032 8 1
-6.57916 2.63112 0.999218 8 0
-0.45474 3.74104 0.8545 8 0
11.532 -11.4881 0.986238 8 0
0.481559 -0.274025 0.101967 8 0
-9.71688 -12.6899 0.999906 8 1
3.73531 0.828871 0.930594 8 0
-7.32408 0.0567279 0.930703 8 0
-4.76679 -5.36345 0.974156 8 0
2.39498 3.41372 0.815343 8 0
-3.13392 6.76386 0.963744 8 0
1.26806 1.24886 0.945812 8 0
-4.48704 -2.82965 0.895562 8 0
-1.02971 1.90345 0.615386 8 0
2.3553 -0.166377 0.999628 8 0
-14.5673 -15 0.991317 8 0
-1.47249 11.0321 0.985018 8 0
-9.95083 -15 0.998307 8 0
-5.42101 1.23839 0.984458 8 0
3.74374 -1.06006 0.990364 9 0
-11.2773 -13.6719 0.990078 9 1
-15 15 0.999982 9 0
-15 15 0.999982 9 0
14.8445 12.4612 0.98949 9 1
9.56238 -5.88023 0.998902 9 0
14.6667 -2.15768 0.994504 9 1
12.438 5.60476 0.979587 9 1
-8.85988 4.45637 0.962248 9 1
-13.91 -9.05656 0.995025 9 1
-4.39117 -3.96729 0.965314 9 0
13.4196 11.9568 0.996732 9 1
-7.84926 -10.3274 0.986629 9 1
-14.9862 7.55732 0.986411 9 1
-7.98841 14.8863 0.993767 9 1
10.2223 7.92245 0.991921 9 1
1.4815 -0.224134 0.473046 9 1
8.61948 -6.27597 0.994112 9 1
3.85451 2.35808 0.974203 9 0
-14.0968 -12.1913 0.999023 9 1
-14.9658 -9.7588 0.989367 9 1
-5.58639 -9.489 0.968347 9 1
6.45327 13.9095 0.99346 9 1
-14.9703 8.59658 0.986873 9 1
-13.0761 -2.96985 0.997522 9 1
14.5499 -1.05865 0.984816 9 1
-5.99506 -14.8781 0.9974 9 1
7.3515 0.217626 0.932601 9 1
5.32621 -11.5575 0.991979 9 1
0.398165 0.616408 0.918257 9 0
-14.9904 14.3379 0.998813 9 1
3.11715 -12.9881 0.999979 9 1
15 15 0.999982 9 0
6.37206 -1.07084 0.979798 9 0
-0.785572 4.14868 0.824106 9 0
-0.0893846 -2.79658 0.924894 9 0
0.958404 12.0757 0.977986 9 1
1.54375 -10.7337 0.987554 9 1
-14.4002 -9.81566 0.994868 9 1
15 -15 0.999982 9 0
-0.186718 4.38884 0.980181 9 0
-1.14076 3.65758 0.936888 9 1
-13.5294 -14.1761 0.99945 9 1
3.56044 5.92366 0.949349 9 0
-9.59081 9.0311 0.982685 9 1
-14.2854 -12.5759 0.99772 9 1
13.3903 -7.46621 0.993218 9 1
0.524645 -0.173915 0.0990295 9 0
-14.6214 -12.9721 0.997338 9 1
14.9999 9.87074 0.995545 9 1
6.7629 -1.23092 0.933978 9 1
-5.26077 -13.4987 0.995191 9 1
0.543476 -0.539953 0.988366 9 0
3.78943 -1.44638 0.904333 9 0
-0.408337 5.17412 0.880223 9 1
13.9976 13.836 0.999217 9 1
14.9639 -10.4909 0.989236 9 1
14.7086 13.9565 0.99594 9 1
14.956 -11.6192 0.991859 9 1
-15 15 0.999982 9 0
-4.67259 -0.57995 0.847236 9 0
-12.0743 14.8912 0.998669 9 1
-5.47322 2.94513 0.920894 9 0
2.35401 14.9552 0.984068 9 1
-1.52819 -1.19961 0.806011 9 0
-11.0199 1.78795 0.99122 9 1
-1.30791 -2.70695 0.85458 9 0
5.94559 14.6821 0.992284 9 1
14.9873 -6.52686 0.991254 9 1
14.8761 3.33864 0.985303 9 1
3.38084 1.85577 0.964467 9 0
-0.270655 4.25297 0.851789 9 0
13.0019 7.90777 0.983695 9 1
-3.46314 1.47276 0.847645 9 0
-2.62324 -2.97956 0.986943 9 0
0.233535 -11.7979 0.999629 9 1
9.35291 -8.42392 0.975761 9 1
-12.7381 13.344 0.993561 9 1
14.9257 13.5439 0.999995 9 1
-3.31378 8.01049 0.998436 9 0
-2.36429 5.86396 0.914047 9 0
14.6677 2.2785 0.996293 9 1
0.876897 -7.14441 0.964792 9 0
4.6542 -14.7945 0.99776 9 1
1.31224 -2.36013 0.72555 9 0
-14.9869 -14.6139 0.990996 9 1
6.40121 6.8426 0.960967 9 0
-2.38325 2.46835 0.993041 9 0
-6.2079 1.62792 0.957712 9 0
-6.93233 -3.54536 0.947757 9 0
-5.11757 -1.85145 0.987243 9 0
-1.8295 0.192546 0.999042 9 0
-0.883783 -5.12939 0.875754 9 1
-10.5052 13.3492 0.999565 9 0
-1.51886 0.898541 0.91185 9 0
-6.41932 7.05931 0.975411 9 0
2.92557 -13.3462 0.980818 9 0
1.81009 -0.980388 0.536548 9 0
-12.8834 -13.0335 0.98823 9 1
7.57652 9.38119 0.973469 9 1
-14.4094 14.9316 0.998539 9 1
-1.31833 0.803214 0.389718 9 0
-9.45333 -0.943536 0.965695 9 0
0.392314 -3.00245 0.816857 9 0
1.27472 0.288887 0.999904 9 0
15 -15 0.999982 9 0
-1.74431 3.30041 0.811903 9 0
0.0217545 -2.12881 0.551019 9 0
-3.26576 6.74826 0.980567 9 0
15 15 0.999982 9 0
1.25494 1.50717 0.752042 9 0
5.44901 5.75409 0.950278 9 0
3.2553 -3.42399 0.848826 9 0
0.734642 -1.52518 0.677977 9 0
-1.74499 3.60024 0.963253 9 0
0.414997 0.395987 0.156734 9 0
0.683018 2.48005 0.650767 9 0
15 15 0.999982 9 0
7.38709 -6.7756 0.969045 9 0
8.06078 1.73722 0.972496 9 0
-1.18839 0.50867 0.993258 10 0
-6.38322 5.98233 0.981623 10 0
1.93745 13.9316 0.983613 10 1
11.7108 -10.4465 0.984145 10 1
5.95334 6.1475 0.988522 10 1
-14.3121 -9.89515 0.992704 10 1
-15 15 0.999982 10 0
1.34545 0.170938 0.946361 10 0
14.0805 11.5894 0.991214 10 1
9.12809 -6.82802 0.983099 10 1
15 -15 0.999982 10 0
7.29992 -11.1742 0.999984 10 1
-5.23436 -4.16436 0.952618 10 0
-7.70952 1.80467 0.948429 10 1
-12.0371 14.9661 0.996889 10 1
-10.7039 -3.8543 0.987088 10 1
13.2462 12.133 0.996019 10 1
0.28733 -0.00188684 0.977178 10 0
0.331923 -1.19284 0.877089 10 0
-2.23718 0.235835 0.842685 10 0
-11.9064 -14.7636 0.993583 10 1
15 -15 0.999982 10 0
-14.4475 13.929 0.997402 10 1
0.442003 -0.0208726 0.255147 10 0
6.89076 -1.40497 0.996552 10 0
-0.854938 3.24557 0.979619 10 0
-0.556491 -7.15989 0.971726 10 1
11.2765 0.46397 0.999107 10 1
-2.3837 -1.48819 0.944577 10 0
-14.8045 5.78012 0.996907 10 1
3.92933 -11.5206 0.986629 10 1
0.0759029 10.739 0.999963 10 1
1.01939 1.25888 0.446962 10 0
-8.25299 -13.3502 0.984115 10 1
-1.65571 -1.14793 0.608694 10 0
0.526416 -10.2164 0.999483 10 1
0.385562 -1.34585 0.819061 10 0
-11.5287 -14.7038 0.996588 10 1
5.80911 -5.5079 0.977705 10 1
-11.7857 4.98139 0.999076 10 1
10.811 12.6791 0.989756 10 1
-0.670344 0.940875 0.523593 10 0
0.343572 0.343026 0.104146 10 0
4.98253 3.67454 0.931608 10 0
2.0804 -0.353362 0.531034 10 0
-4.29227 4.27873 0.994659 10 0
-1.56139 0.891198 0.976279 10 0
8.15553 -3.99668 0.989956 10 1
0.686877 4.19549 0.843142 10 0
-10.8597 11.6789 0.999731 10 1
11.7141 -12.6618 0.987142 10 1
3.62921 2.20955 0.841218 10 0
4.54194 -3.6002 0.898521 10 0
13.7512 3.13605 0.981048 10 1
0.843077 0.113592 0.876538 10 0
-14.9905 14.8827 0.998014 10 1
15 -15 0.999982 10 0
-5.88849 -12.2912 0.979097 10 1
8.9189 -7.08292 0.984872 10 1
6.50408 -4.19977 0.961621 10 0
-1.65924 -0.25355 0.62601 10 0
8.47971 4.3639 0.974187 10 1
-8.23935 -14.8328 0.998834 10 1
-7.72588 -1.90484 0.960616 10 1
-5.22822 -11.2887 0.986622 10 1
14.9644 5.36466 0.997213 10 1
-1.20942 14.7019 0.986795 10 1
13.1009 -12.6721 0.991843 10 0
6.7527 -3.85494 0.950697 10 0
5.23068 5.55711 0.99647 10 0
-14.9864 13.0281 0.990501 10 1
2.4816 -6.59474 0.998664 10 0
6.80219 -0.598112 0.922317 10 0
-15 -15 0.999982 10 0
-14.8186 13.968 0.991496 10 1
-14.1097 14.9694 0.996417 10 1
0.0404389 -0.761075 0.983118 10 0
4.21184 9.35897 0.996441 10 1
-15 15 0.999982 10 0
7.48644 7.5394 0.987368 10 1
14.9903 -9.33514 0.994579 10 1
2.18585 -2.78288 0.872556 10 0
-3.67129 -14.7354 0.982952 10 1
-0.605412 -0.0727907 0.308611 10 0
3.85485 -4.84176 0.932611 10 0
0.185538 -1.46303 0.544557 10 0
2.25664 -2.10768 0.73416 10 0
13.638 -8.06642 0.992727 10 1
-9.44152 7.8136 0.997806 10 1
13.7116 -9.69924 0.986813 10 1
-5.97438 -14.8424 0.999509 10 1
9.25041 6.7377 0.975985 10 1
7.3523 -1.41305 0.976757 10 0
-13.5114 -14.2382 0.999986 10 1
2.11698 1.89683 0.983661 10 0
11.527 -1.6239 0.984071 10 1
13.5598 -2.98201 0.999947 10 1
0.603082 -0.553024 0.967135 10 0
-7.68502 -0.688149 0.971281 10 1
-2.01749 0.0643773 0.600393 10 0
-12.9051 -10.1906 0.998734 10 1
-0.848024 0.653744 0.238207 10 0
-15 -15 0.999982 10 0
-12.468 14.0987 0.989161 10 1
14.9987 -1.29265 0.991244 10 1
12.1276 -14.7569 0.999957 10 1
2.64157 1.29116 0.960188 10 0
-15 -14.8546 0.997405 10 0
-2.18709 0.50479 0.829494 10 0
0.0999728 -0.571164 0.178678 10 0
0.950517 -1.68886 0.819879 10 0
-11.609 -11.411 0.986262 10 1
3.88116 3.54154 0.874935 10 0
-6.01832 -2.52107 0.998774 10 0
14.0457 -14.8098 0.99052 10 1
-2.46642 0.689188 0.663898 10 0
-14.2097 8.65587 0.991666 10 1
-1.93713 13.7014 0.998968 10 0
1.18459 -0.508672 0.990067 10 0
0.54978 0.481567 0.908879 10 0
-1.87701 0.644202 0.68528 11 0
5.33269 0.481601 0.929636 11 0
-4.87975 14.7834 0.992765 11 1
14.6285 14.9659 0.991034 11 1
-11.8721 -13.2618 0.987536 11 1
15 -15 0.999982 11 0
-3.87433 1.57223 0.814188 11 0
-10.9764 11.0831 0.989848 11 1
-7.42065 8.24725 0.978334 11 1
9.57447 2.68267 0.961152 11 1
-2.104 -0.420779 0.577713 11 0
9.19866 12.1103 0.98333 11 1
-5.07768 -14.5551 0.999442 11 1
11.636 -8.78825 0.985379 11 1
7.64861 7.06207 0.969063 11 1
-14.8404 -7.65483 0.987441 11 1
-13.8668 2.89451 0.981024 11 1
-14.9569 15 0.999832 11 0
-9.21879 5.62809 0.994894 11 1
6.13948 7.17166 0.957436 11 1
0.959231 -3.27546 0.999147 11 0
-10.4919 0.795601 0.968179 11 1
2.48817 1.15521 0.814763 11 0
9.47881 4.18912 0.977328 11 1
5.95419 -10.859 0.994615 11 1
0.19583 -3.63983 0.771956 11 0
0.951172 2.24455 0.911077 11 0
-15 15 0.999982 11 0
-11.1778 4.25936 0.978725 11 1
6.29534 -14.9743 0.985147 11 1
3.08694 14.033 0.999372 11 1
-2.86303 -11.0154 0.986251 11 1
-0.998978 -5.00655 0.93335 11 1
14.1513 -12.5756 0.991431 11 1
3.27587 -3.93412 0.922446 11 0
-2.07137 1.28629 0.910113 11 0
5.55004 -5.15149 0.999083 11 0
1.69846 1.09271 0.598072 11 1
0.172401 -0.564002 0.217531 11 1
6.49497 -1.53156 0.960164 11 0
-0.311484 -1.70438 0.817912 11 0
-4.80057 1.58039 0.97124 11 1
6.24208 12.2032 0.985042 11 1
11.782 11.445 0.997721 11 1
-3.09339 -0.0974946 0.727919 11 0
5.63908 0.965633 0.896789 11 0
2.05998 -2.6123 0.947778 11 0
-12.834 13.7452 0.989582 11 1
14.8387 -7.58978 0.98941 11 1
-9.90393 -11.4999 0.982966 11 1
1.05961 -0.712043 0.973539 11 0
-1.22739 1.23244 0.83967 11 0
-11.6366 14.1964 0.98865 11 0
-3.24458 8.69955 0.980211 11 1
1.87676 -7.12825 0.935455 11 1
7.44884 5.72893 0.957848 11 1
-14.6823 0.377814 0.982245 11 1
-8.11065 14.9493 0.999959 11 1
2.20118 12.1145 0.999937 11 1
-15 15 0.999982 11 0
1.51347 -3.67926 0.981419 11 0
5.7196 -5.01755 0.999381 11 0
2.12075 -8.57075 0.959737 11 1
-3.3622 -3.10801 0.922601 11 1
-4.0631 3.59619 0.979145 11 0
1.50534 -2.3822 0.955979 11 0
3.87703 2.66452 0.84728 11 0
15 15 0.999982 11 0
-1.32767 -3.46327 0.789971 11 0
1.12539 -0.690097 0.996896 11 0
12.0501 6.0109 0.991342 11 1
-3.43187 -4.35933 0.98983 11 0
-7.21656 -0.398126 0.952689 11 0
-2.76013 3.2656 0.865122 11 0
2.21944 0.653723 0.972812 11 0
-0.162117 -13.5547 0.981164 11 1
0.516395 0.48695 0.829371 11 0
-1.91575 0.924572 0.548722 11 0
13.5393 -6.96864 0.98415 11 1
0.595054 -1.79244 0.94247 11 0
-5.64893 13.8859 0.997217 11 1
3.38152 1.83393 0.954443 11 0
-3.41483 13.935 0.998224 11 1
10.8984 11.5762 0.997371 11 1
-3.36674 -3.70774 0.994343 11 0
-1.79342 14.8931 0.996433 11 1
1.14382 -1.96847 0.908121 11 0
-2.02509 2.84866 0.932525 11 0
-13.3886 12.5533 0.988574 11 1
-14.4373 -13.6259 0.990659 11 1
-4.58289 -1.26002 0.858306 11 1
14.6931 14.963 0.991219 11 1
-5.37211 7.25476 0.97525 11 1
-10.4147 2.72842 0.998757 11 1
3.37675 -3.57327 0.983586 11 0
-2.08401 4.78206 0.873597 11 0
-0.558756 -1.86282 0.800124 11 0
-3.78996 4.50672 0.947044 11 0
15 15 0.999982 11 0
2.32141 2.01268 0.750759 11 0
14.0124 3.80026 0.991947 11 1
-0.834511 -9.04431 0.990083 11 1
3.2155 13.9433 0.994966 11 1
13.8468 13.4078 0.992668 11 1
-14.696 -11.5594 0.995772 11 1
15 15 0.999982 11 0
0.705995 -0.24549 0.955312 11 0
4.55307 3.30075 0.947252 11 0
1.75407 -6.89218 0.995162 11 0
-2.77006 -3.9974 0.944941 11 0
-13.8179 14.0278 0.998909 11 1
-0.60093 2.60954 0.686147 11 1
15 -15 0.999982 11 0
14.8402 12.1936 0.996831 11 1
2.67426 -3.3954 0.914344 11 0
0.217704 -4.3144 0.911957 11 0
3.30522 -1.23121 0.888843 11 0
0.458917 -0.18618 0.0847809 11 0
0.368271 0.728182 0.971404 11 0
-3.1572 -0.105485 0.716952 11 0
-1.58914 1.04419 0.915233 12 0
-2.70707 14.8458 0.987652 12 1
-0.71384 0.227001 0.958977 12 0
1.56231 -0.731705 0.793012 12 0
3.11384 9.61557 0.987352 12 1
-15 15 0.999982 12 0
-2.81628 -1.06099 0.849001 12 0
15 -15 0.999982 12 0
-5.20499 -14.5154 0.999609 12 1
-8.07387 -14.6651 0.986033 12 1
-2.64138 2.954 0.990819 12 0
0.702576 -3.57231 0.773136 12 0
-0.553786 13.5142 0.984042 12 1
-0.706489 2.43041 0.711135 12 0
-1.76274 -0.501371 1 12 0
14.9599 11.4479 0.988911 12 1
15 -15 0.999982 12 0
-1.51307 0.576439 0.445361 12 0
-0.165335 0.604977 0.398097 12 0
-3.93501 3.43521 0.872859 12 0
-12.978 6.24864 0.999983 12 1
1.05322 0.340588 0.328642 12 0
-13.6593 -12.7725 0.995561 12 1
1.51529 0.298104 0.389189 12 0
2.77184 -14.3776 0.981908 12 1
-11.8032 -14.2692 0.998111 12 1
-1.18326 -0.87362 0.55782 12 1
6.99104 11.4419 0.997562 12 1
6.36123 5.93884 0.993123 12 1
-10.0725 -6.80347 0.983881 12 1
0.330169 -0.40895 0.0647357 12 0
-13.404 10.3547 0.997123 12 1
-8.8151 2.77259 0.990922 12 0
-11.9024 -5.56355 0.97922 12 1
14.8579 13.8115 0.995394 12 1
-14.8752 12.0602 0.999432 12 1
-5.01801 5.03553 0.995784 12 1
14.7163 -14.1532 0.990499 12 0
-10.0451 -13.3602 0.98668 12 1
-0.258617 -1.63324 0.540932 12 0
14.549 3.43172 0.999585 12 1
-2.30437 -8.2232 0.983594 12 1
-2.01199 -0.284834 0.573637 12 0
0.375063 0.725398 0.970264 12 0
-11.783 14.3199 0.999243 12 1
14.9833 -0.146983 0.997726 12 1
-6.57092 -8.30735 0.980533 12 1
14.874 8.45282 0.996356 12 1
-11.3771 9.97306 0.984623 12 1
10.453 -8.82245 0.982089 12 1
-3.23599 5.20655 0.964477 12 0
2.96532 3.49741 0.916425 12 1
0.382899 -2.98337 0.851959 12 0
2.65328 -2.1936 0.98626 12 0
-9.15537 12.0779 0.983385 12 1
-3.46889 4.19159 0.986631 12 0
-2.29061 -2.376 0.909755 12 0
-1.89759 4.38416 0.872309 12 0
15 -15 0.999982 12 0
-0.269865 -1.35788 0.870707 12 0
-0.271469 -10.3276 0.984088 12 1
2.91831 -4.58204 0.98258 12 0
14.8576 13.4982 0.997657 12 1
0.28027 -6.6376 0.974187 12 0
11.7764 1.31223 0.995606 12 1
5.11301 14.3249 0.983405 12 1
-14.8187 6.71327 0.98583 12 1
-1.28878 -2.36953 0.71976 12 0
-10.7607 -7.35043 0.979703 12 1
13.2989 -7.55083 0.98937 12 1
-13.6421 -12.0579 0.993177 12 1
0.356134 11.4331 0.976736 12 1
-12.5115 7.98806 0.996329 12 1
-1.967 7.91298 0.997098 12 1
1.25084 -5.39911 0.992042 12 1
-14.654 -8.76621 0.998379 12 1
-4.32998 -4.79811 0.980512 12 0
-15 -15 0.999982 12 0
-1.0185 4.14865 0.861286 12 1
0.376118 0.823083 0.641323 12 0
-14.1456 15 0.998681 12 0
0.518235 0.0953283 0.0652817 12 0
-2.13645 3.45109 0.901167 12 0
1.98343 2.05491 0.993332 12 1
-10.7932 4.49195 0.992435 12 1
-1.32349 -1.45218 0.741558 12 1
-2.72277 5.75688 0.931669 12 1
8.80464 13.2679 0.998835 12 1
-2.8378 14.9482 0.98359 12 1
-2.92895 4.23018 0.903979 12 1
-1.39284 3.63604 0.991775 12 0
0.395544 0.0578678 0.478552 12 0
-6.67095 2.22486 0.996487 12 0
0.980907 14.138 0.981312 12 1
11.7592 11.7804 0.99113 12 1
-13.8988 -2.43636 0.980798 12 1
-14.1668 -6.06886 0.999314 12 1
0.532881 0.449335 0.771998 12 0
-1.35348 -1.74217 0.72307 12 0
-4.91123 -14.9655 0.985154 12 1
-15 -15 0.999982 12 0
-11.2608 -6.35814 0.992077 12 1
4.39804 -4.09174 0.999267 12 0
-3.02658 0.931513 0.721272 12 0
-12.7952 -2.70374 0.97727 12 1
-4.67689 14.6208 0.995089 12 1
1.99505 -1.82637 0.734015 12 0
0.667034 0.741562 0.268507 12 0
3.0277 -3.0757 0.907576 12 0
12.6108 8.26853 0.988669 12 1
0.897224 0.418591 0.287564 12 0
-15 -15 0.999982 12 0
0.9114 0.107624 0.579855 12 0
-0.894162 -2.20407 0.992598 12 0
-0.0726849 3.35815 0.981817 12 0
9.99637 -0.968681 0.972926 12 0
0.378624 0.489424 0.354038 12 0
0.541984 0.422163 0.72281 12 0
-3.06976 -0.114617 0.751399 12 0
-0.473894 -1.82998 0.939084 12 0
-11.5934 -7.20981 0.980109 13 1
-11.0263 -9.41429 0.994089 13 1
15 -15 0.999982 13 0
-13.6824 -14.2838 0.994106 13 1
-10.5762 -4.36119 0.976527 13 1
-6.92745 13.5195 0.982989 13 1
-13.4061 13.8776 0.991523 13 1
-2.408 1.03408 0.632031 13 0
-3.00358 -1.02198 0.725409 13 0
1.60958 -6.17327 0.937294 13 1
-0.0215392 1.55198 0.383685 13 0
-14.2335 15 0.999995 13 0
-0.0581865 -2.06976 0.52712 13 0
9.952 12.2389 0.986564 13 1
-0.4045 -0.280462 0.0901424 13 0
-3.49681 6.49401 0.936431 13 1
7.89921 1.23379 0.974114 13 1
8.71039 -14.3667 0.987058 13 1
-14.5986 -6.92946 0.987547 13 1
-9.28246 7.06461 0.988271 13 1
4.07581 -3.30379 0.873644 13 0
-3.82861 12.7624 0.999406 13 1
2.30784 0.809573 0.895088 13 0
-14.8033 15 0.995521 13 0
10.6735 8.93114 0.99875 13 1
14.122 -14.4956 0.997991 13 1
-12.8262 -9.63343 0.997368 13 1
1.70958 -14.8366 0.999905 13 1
14.9165 14.7794 0.991935 13 1
15 15 0.999982 13 0
0.296654 -14.4012 0.999981 13 1
-14.978 2.10596 0.984886 13 1
9.09555 14.6139 0.988634 13 1
14.3249 14.9949 0.999015 13 1
-3.30588 13.7197 0.980744 13 1
0.459869 0.149262 0.108892 13 0
-8.34366 -12.5506 0.989543 13 1
-2.32294 -2.74698 0.800755 13 0
-15 15 0.999982 13 0
-1.72499 14.9615 0.99059 13 1
-12.8328 -10.3073 0.999415 13 1
-4.43225 -12.787 0.983208 13 1
-11.6572 -5.81916 0.979932 13 1
-1.38378 -1.10407 0.925146 13 0
12.7517 -10.886 0.986033 13 1
-15 15 0.999982 13 0
-3.27022 7.15732 0.939815 13 1
2.44705 -1.38366 0.946154 13 0
5.68139 -14.6264 0.984177 13 1
14.7098 -0.455752 0.983845 13 1
-8.30489 -8.15727 0.984102 13 1
-1.39635 -1.21004 0.995585 13 0
-8.45117 -14.2374 0.998017 13 1
5.27265 11.4483 0.97668 13 1
-0.904656 2.12209 0.963508 13 0
-11.063 13.6215 0.999974 13 1
2.18485 2.22124 0.715187 13 0
12.4611 -14.6633 0.99461 13 1
-11.385 6.21911 0.986474 13 1
2.18546 2.43846 0.867422 13 1
1.53706 1.91824 0.868766 13 0
-1.46984 -0.386743 0.42346 13 0
12.4208 -5.48577 0.979702 13 1
11.2764 -4.19893 0.973212 13 1
6.55471 -3.72348 0.993403 13 1
-0.165749 2.26756 0.901381 13 0
2.45248 -3.73815 0.99755 13 0
0.106334 -7.7829 0.948461 13 0
14.4243 -14.4888 0.990721 13 1
6.15976 5.54608 0.959215 13 1
-1.47981 1.97709 0.843318 13 0
0.149165 0.536432 0.10824 13 0
2.50745 -1.75402 0.766791 13 0
1.51788 -2.31083 0.860748 13 0
-1.77581 0.221604 0.963829 13 0
-0.0210561 0.898427 0.671322 13 0
14.9924 -8.15152 0.998898 13 1
0.131384 0.307275 0.827747 13 0
3.14998 -5.24007 0.973111 13 0
2.19549 -2.26753 0.715714 13 0
-0.394668 1.93153 0.722263 13 0
-6.22633 -0.65157 0.90912 13 0
2.15414 1.69915 0.815513 13 0
-11.3026 -11.0057 0.986661 13 1
-14.8556 12.1207 0.998598 13 1
15 15 0.999982 13 0
0.247982 -0.752456 0.998533 13 0
6.05582 14.4803 0.98411 13 1
12.2636 -1.90564 0.991045 13 1
14.8243 14.6523 0.993814 13 1
15 15 0.999982 13 0
0.225341 -0.385568 0.236786 13 0
-2.61435 4.52837 0.872605 13 0
4.557 -14.4496 0.983546 13 1
-0.294546 -1.41374 0.654783 13 0
-14.7287 -10.7329 0.991995 13 1
-13.6077 -14.2802 0.997281 13 1
15 -15 0.999982 13 0
-2.10839 0.10456 0.531648 13 0
-1.7031 0.152097 0.739437 13 0
1.21078 -0.558572 0.98525 13 0
0.550031 0.36317 0.573929 13 0
-0.395161 1.54656 0.403255 13 0
-0.152596 2.57266 0.646214 13 0
14.9859 8.38053 0.991546 13 1
10.9679 -10.5779 0.98474 13 1
13.2668 14.9587 0.993114 13 1
13.952 -9.52827 0.993844 13 1
-1.14808 -0.0809721 0.504095 13 0
0.390654 0.157785 0.360058 13 0
-9.84651 -10.6074 0.996531 13 1
2.34573 -2.10322 0.713595 13 0
0.232036 0.649814 0.737824 13 0
0.140208 0.422476 0.243228 13 0
0.00975662 -1.01861 0.229034 13 0
0.338157 -0.86424 0.530796 13 0
-10.4281 -13.7669 0.986799 13 1
-0.457339 1.41987 0.491612 13 0
2.41156 1.93867 0.728514 13 0
-2.1512 -0.0175159 0.58832 13 0
1.72042 -0.379793 0.90448 14 0
0.231957 -0.543019 0.220541 14 0
-14.704 -11.1131 0.992416 14 1
6.87681 9.83704 0.974537 14 1
0.479839 -0.58551 0.974873 14 0
13.9776 -5.40571 0.997549 14 1
0.600224 8.24916 0.964444 14 1
-14.0446 -8.34288 0.990282 14 1
5.89713 -3.85315 0.998434 14 1
15 -15 0.999982 14 0
-15 15 0.999982 14 0
-13.9114 -13.6629 0.994463 14 1
3.31303 14.1471 0.990708 14 1
1.38699 -11.0998 0.994673 14 1
14.6069 10.0902 0.988527 14 1
-13.5865 14.9991 0.997976 14 1
-1.31761 -1.11714 0.80073 14 0
-14.9183 -13.573 0.999963 14 1
-1.86997 7.41893 0.992367 14 0
11.1635 -10.5129 0.993542 14 1
3.17914 2.10815 0.91595 14 0
-1.32733 13.1929 0.993851 14 1
-5.4703 -12.3359 0.987751 14 1
0.945672 -0.00316644 0.450261 14 0
1.43307 -2.26795 0.694068 14 0
10.9685 -8.83521 0.982155 14 1
14.9481 -12.5277 0.994763 14 1
1.78166 -1.45921 0.957607 14 0
3.49084 -0.978348 0.779752 14 0
14.9686 -11.6578 0.993996 14 1
-1.87627 5.72566 0.999947 14 0
-9.95805 -14.9992 0.998471 14 1
0.641333 8.06807 0.99898 14 1
-10.0771 3.16529 0.974645 14 1
0.66285 -2.14653 0.834703 14 0
-0.983582 -14.1161 0.980536 14 1
0.396963 1.24619 0.999969 14 0
3.48758 5.69813 0.956492 14 1
-8.0382 14.9588 0.999398 14 1
1.1793 -0.251819 0.753316 14 0
-13.407 -12.7521 0.997265 14 1
14.3124 -14.987 0.999448 14 1
-8.14981 -14.89 0.999126 14 1
7.52006 -3.40618 0.969352 14 1
-14.9178 -11.4184 0.990334 14 1
0.695134 -0.766991 0.215407 14 0
-10.9782 -12.987 0.999934 14 1
0.329031 -0.525588 0.36078 14 0
5.71509 -11.8237 0.978778 14 1
-11.8847 10.1177 0.988975 14 1
-8.66914 14.5909 0.999025 14 1
1.32205 1.68728 0.573902 14 0
-1.33932 -6.08845 0.914567 14 1
13.0661 7.59711 0.985667 14 1
14.8261 -14.9984 0.996321 14 1
14.6904 -5.25311 0.989591 14 1
12.3206 6.46358 0.99898 14 1
1.88787 -2.12199 0.981667 14 0
14.993 13.4615 0.999971 14 1
-6.99925 0.56752 0.994342 14 1
-14.9826 13.9829 0.992287 14 1
5.29176 2.91745 0.998394 14 1
2.7818 0.0715773 0.896941 14 0
15 -15 0.999982 14 0
0.493292 -1.42297 0.453418 14 0
3.17225 -0.139423 0.727427 14 0
0.970566 -0.0425678 0.346649 14 0
-13.3401 -2.50446 0.979976 14 1
-0.765039 0.601313 0.341094 14 0
0.0590141 1.02749 0.218562 14 0
0.317966 -1.13982 0.652938 14 0
-6.24226 1.44158 0.951594 14 0
0.664049 -1.0774 0.952675 14 0
1.49456 0.931131 0.901994 14 0
13.3615 1.62549 0.992096 14 1
2.47922 2.08357 0.80717 14 0
7.36091 2.27671 0.975245 14 1
15 -15 0.999982 14 0
-6.90525 -7.57357 0.998048 14 1
15 -14.9955 0.999994 14 0
-13.1532 -14.3388 0.992018 14 1
-14.4286 -10.1502 0.995908 14 1
3.4737 12.6533 0.978098 14 1
6.068 6.24836 0.991552 14 0
-0.472046 2.1656 0.751823 14 0
-12.2169 -7.67691 0.999404 14 1
0.132539 -1.24837 0.928313 14 0
-0.907035 0.126562 0.589029 14 0
1.5175 -13.1684 0.993374 14 1
7.8641 14.6664 0.991397 14 1
-5.99295 -14.7845 0.999844 14 1
1.34221 -5.47697 0.937214 14 1
0.234579 -0.535568 0.197064 14 0
-4.66413 -13.7544 0.991388 14 1
12.3769 -0.0156507 0.995496 14 1
0.424281 -7.15688 0.976631 14 1
1.51429 0.410661 0.381043 14 0
10.8825 5.85899 0.997329 14 1
-15 -15 0.999982 14 0
0.405401 0.235901 0.150125 14 0
-1.13166 0.686111 0.994816 14 0
-0.407862 -2.41184 0.894315 14 0
-2.54021 3.33154 0.814404 14 0
-1.16388 -1.12334 0.441803 14 0
-15 -15 0.999982 14 0
13.5348 2.82324 0.998265 14 1
-15 15 0.999982 14 0
0.964173 -0.698354 0.685627 14 0
0.739617 -1.38893 0.382522 14 0
-7.13988 14.0207 0.984483 14 1
1.06205 -1.28401 0.583319 14 0
0.218345 -0.264363 0.787697 14 0
6.61144 -0.742555 0.969792 14 0
0.159045 -0.653241 0.646125 14 0
0.481067 -0.153106 0.0717546 14 0
-1.72894 1.90878 0.647844 14 0
-15 -15 0.999982 14 0
-0.0829825 -0.747608 0.965696 14 0
0.782545 1.76873 0.83085 14 0
0.235439 -0.676572 0.856452 14 0
15 -15 0.999982 15 0
0.186886 -10.5673 0.975866 15 0
-0.0609322 -14.2719 0.990829 15 1
14.8166 -0.761399 0.995613 15 1
-2.32187 -0.446034 0.999009 15 0
3.30999 -10.282 0.994803 15 1
2.96515 5.42922 0.933975 15 1
-3.27601 0.175869 0.877898 15 0
12.4932 -6.69566 0.981434 15 1
-4.88888 3.59388 0.992624 15 1
-14.916 -14.8117 0.992805 15 1
-14.996 -4.35485 0.988339 15 1
-14.4113 14.8081 0.99988 15 1
-14.3306 14.9613 0.999596 15 1
-15 15 0.999982 15 0
11.346 -10.258 0.989635 15 1
1.76637 -2.39764 0.903928 15 0
14.6061 -0.206806 0.983414 15 1
-0.105046 1.32399 0.990877 15 0
10.523 -14.9749 0.988433 15 1
-12.9173 -14.9276 0.996441 15 1
3.92122 -0.341778 0.999389 15 1
-14.978 0.71489 0.996896 15 1
-14.9807 -5.33722 0.997638 15 1
6.11541 13.0339 0.999998 15 1
1.81149 -1.85496 0.635436 15 0
-14.7527 -1.05862 0.990914 15 1
12.1269 6.64866 0.998511 15 1
-1.36419 -1.484 0.606417 15 0
2.28191 -14.9054 0.988743 15 1
-8.47441 -9.5518 0.997126 15 1
-11.0085 15 0.999862 15 0
-8.97632 -11.8068 0.99518 15 1
5.33928 -9.07655 0.969306 15 1
14.5639 6.04826 0.986253 15 1
4.75194 11.5719 0.977855 15 1
-6.17575 13.8549 0.983058 15 1
-14.8081 -11.3288 0.998724 15 1
0.598987 -1.05694 0.790752 15 0
-0.365764 -11.9098 0.985721 15 1
-15 15 0.999982 15 0
7.95474 -14.8246 0.988307 15 1
8.47728 10.6169 0.979359 15 1
15 15 0.999982 15 0
0.0667895 -0.742822 0.951412 15 0
2.63168 -6.43303 0.967628 15 0
-11.5436 6.71564 0.999992 15 1
5.53875 6.36545 0.953456 15 1
-14.6159 -9.39195 0.990699 15 1
-14.9931 -14.8791 0.997984 15 1
-9.83717 -14.6342 0.996466 15 1
-10.0083 8.78071 0.998897 15 1
13.7071 14.9109 0.997171 15 1
-1.76765 12.4133 0.975876 15 1
1.31163 -0.184913 0.993926 15 0
-1.10386 0.145362 0.350808 15 0
-2.28672 -12.1747 0.994199 15 1
-1.00749 0.787745 0.977107 15 0
2.42172 -0.569856 0.801904 15 0
14.8535 14.6856 0.991913 15 1
2.71052 -13.9854 0.987766 15 1
3.04113 -0.814184 0.712923 15 0
-9.3169 8.19306 0.991596 15 1
-0.483814 -1.05184 0.535089 15 0
0.852 -1.89622 0.523499 15 0
-11.3739 14.4689 0.990717 15 1
-0.00291061 6.003 0.998789 15 1
1.35093 0.210826 0.920006 15 0
-15 15 0.999982 15 0
-1.7 -0.741899 0.990485 15 0
-0.450457 1.56252 0.461988 15 0
13.8052 -4.4531 0.993341 15 1
-2.88913 2.19989 0.776734 15 0
-0.16918 2.19914 0.721662 15 0
-3.71528 0.102412 0.796221 15 1
5.70201 3.91338 0.951364 15 1
-13.6721 -14.9942 0.995059 15 1
-11.2527 11.2015 0.995687 15 1
-13.7007 0.234738 0.98456 15 1
-1.12576 -0.300556 0.569137 15 0
-9.47541 14.1069 0.999736 15 1
-0.925605 -1.87942 0.52319 15 0
0.481211 0.23562 0.0719556 15 0
2.2668 -2.51434 0.996965 15 0
2.89428 -5.57318 0.907949 15 0
0.414214 -1.47723 0.400313 15 0
-0.576576 -0.817882 0.260908 15 0
0.316535 0.10638 0.828863 15 0
10.8536 3.6718 0.974251 15 1
-1.42836 -0.576234 0.393182 15 0
13.7411 10.0898 0.999544 15 1
-0.998842 0.738025 0.889278 15 0
0.748372 -1.32706 0.416749 15 0
-1.49034 0.131567 0.47909 15 0
-14.2385 -5.83089 0.997939 15 1
-0.674463 1.97808 0.522318 15 0
11.6811 14.9457 0.993749 15 1
1.03399 -1.40454 0.854316 15 0
0.495589 -0.120396 0.0672894 15 0
13.4506 12.6282 0.993693 15 1
-1.34374 2.07568 0.836323 15 0
0.418953 -0.366487 0.107864 15 0
15 15 0.999982 15 0
-0.289077 4.68524 0.848193 15 0
15 15 0.999982 15 0
15 -15 0.999982 15 0
0.220349 -0.870718 0.673728 15 0
-14.9411 -11.9003 0.999959 15 1
-2.25446 -0.814477 0.975799 15 0
1.60294 -0.585212 0.727058 15 0
11.5133 -3.05982 0.986122 15 1
0.147006 -0.819348 0.933905 15 0
0.723671 0.301391 0.999932 15 0
1.21957 -2.50124 0.896944 15 0
12.6118 -8.06485 0.998618 15 1
0.2619 -0.856982 0.683493 15 0
0.0309534 -0.748703 0.959597 15 0
0.338737 -0.322104 0.155463 15 0
-1.33993 -1.06934 0.755282 15 0
0.225989 0.26395 0.765289 15 0
0.188663 0.303708 0.713914 16 0
-14.9876 6.53219 0.991463 16 1
-11.2162 14.0527 0.997141 16 1
-12.0607 10.3152 0.995053 16 1
-12.9157 14.6365 0.995812 16 1
-13.7063 13.2877 0.999821 16 1
1.7884 0.510865 0.985702 16 0
-14.7539 0.743839 0.988964 16 1
6.50464 -13.8197 0.987562 16 1
5.38204 -6.41709 0.946062 16 1
0.176488 -0.318881 0.676922 16 0
6.01405 13.0348 0.998723 16 1
-14.5967 6.39806 0.999419 16 1
-9.7518 14.9106 0.987643 16 1
-3.19892 -12.5512 0.989278 16 1
7.42108 -14.3111 0.990605 16 1
15 -15 0.999982 16 0
-0.111975 -1.20934 0.789298 16 0
6.45964 0.584441 0.989581 16 1
-0.623037 0.0654693 0.394385 16 0
-6.93443 14.014 0.986734 16 1
1.53393 -2.05724 0.657501 16 0
0.265925 0.101457 0.981736 16 0
2.27702 -7.49945 0.939458 16 1
-0.0621159 -0.758603 0.981629 16 0
1.28486 6.13004 0.908786 16 1
-0.443894 -0.717537 0.900148 16 0
14.8818 9.01218 0.992562 16 1
8.46283 -11.1823 0.98797 16 1
15 -15 0.999982 16 0
1.05391 -4.18901 0.911582 16 0
-0.59108 1.80438 0.921443 16 0
-11.9997 7.27754 0.986791 16 1
14.9683 4.33534 0.991271 16 1
-14.7438 14.9982 0.993292 16 1
-13.2966 -11.5493 0.997796 16 1
10.3297 13.4233 0.997121 16 1
-1.8378 -12.3487 0.980518 16 1
-14.449 -14.1298 0.99912 16 1
13.1188 14.9994 0.990352 16 1
-0.940358 0.694224 0.586043 16 0
0.474604 0.204916 0.064116 16 0
13.9811 0.00968075 0.992961 16 1
0.39715 0.228023 0.189752 16 0
-4.04013 -14.7588 0.99025 16 1
-2.03779 7.84539 0.999791 16 0
-0.186543 -0.169511 0.99664 16 0
-0.867363 -1.01996 0.978018 16 0
-9.41166 -0.0346069 0.957059 16 1
-1.5667 -0.155593 0.382889 16 0
9.57114 -12.5402 0.986634 16 1
-0.836537 11.1376 0.992054 16 1
-13.2553 -2.54217 0.987436 16 1
-0.187969 -0.0342721 0.831982 16 0
14.9854 -7.04947 0.997778 16 1
1.29493 6.20866 0.920449 16 1
-15 15 0.999982 16 0
9.71526 10.8432 0.98758 16 1
13.7656 -2.60057 0.989673 16 1
0.230003 0.757841 0.998655 16 0
3.14068 -0.643878 0.759659 16 0
-15 -15 0.999982 16 0
0.553427 -0.726119 0.602698 16 0
1.9238 -1.89214 0.721699 16 0
-0.660625 4.03491 0.868644 16 0
0.26025 -1.10618 0.440607 16 0
-0.209483 0.552062 0.220477 16 0
-1.09712 -0.72262 0.99944 16 0
0.674735 0.221056 0.830413 16 0
0.689296 0.0799536 0.757039 16 0
15 -15 0.999982 16 0
-15 -15 0.999982 16 0
-14.5898 14.0138 0.998333 16 1
14.2451 10.8547 0.992106 16 1
14.8404 1.6509 0.999944 16 1
13.9458 -10.2858 0.988 16 1
0.252218 -0.236743 0.772952 16 0
13.264 -6.6837 0.997058 16 1
-15 -15 0.999982 16 0
1.43727 0.324114 0.549215 16 0
1.15556 3.14669 0.97597 16 0
0.610609 -0.185486 0.457799 16 0
-14.9866 14.0518 0.994892 16 1
-1.07783 1.4086 0.932861 16 0
13.599 -6.25825 0.998625 16 1
-10.0154 -5.29522 0.99474 16 1
-9.28382 -14.8535 0.999725 16 1
-0.0556438 -0.832915 0.927422 16 0
-4.55988 -5.19173 0.948698 16 0
0.362584 -0.491396 0.313109 16 0
13.8726 -7.71476 0.995335 16 1
2.04852 -14.842 0.99782 16 1
13.1644 13.5508 0.989635 16 1
-11.5412 -12.7367 0.990234 16 1
-15 15 0.999982 16 0
0.0339169 -0.97978 0.316568 16 0
2.44505 -0.143117 0.887761 16 0
-12.5483 6.39507 0.982181 16 1
13.6632 14.5322 0.990911 16 1
5.94748 14.9177 0.995976 16 1
0.336226 0.179901 0.58316 16 0
-1.64657 0.371834 0.66036 16 0
-4.70545 -14.9056 0.987115 16 1
0.248454 -1.27594 0.997908 16 0
-0.645903 -1.57502 0.712206 16 0
14.9999 14.3096 0.999238 16 1
-11.4912 -3.37807 0.976828 16 1
0.0579658 -1.46944 0.558623 16 0
13.439 -8.4354 0.994777 16 1
14.5983 11.1881 0.990078 16 1
13.7218 -14.2582 0.993585 16 0
-2.17156 3.11704 0.895141 16 1
8.01617 9.03252 0.974394 16 1
-2.09389 10.7289 0.972186 16 0
0.357901 0.0947952 0.645276 16 0
-0.115107 0.357006 0.618216 16 0
0.987874 0.360746 0.21718 16 0
1.41271 -1.34379 0.785732 16 0
-0.462614 1.64282 0.728088 16 0
0.33255 -0.166784 0.635361 16 0
-0.367735 0.535035 0.519052 17 0
10.3463 14.0239 0.99488 17 1
-0.666495 -14.1468 0.980896 17 1
-10.1341 -5.11934 0.991005 17 1
7.34763 13.6572 0.99783 17 1
-15 15 0.999982 17 0
6.73856 -14.4481 0.999582 17 1
15 -15 0.999982 17 0
-14.6315 14.6732 0.999493 17 1
14.9748 11.2033 0.99548 17 1
14.6086 -13.1212 0.999999 17 1
0.830847 10.8985 0.972352 17 1
-13.0374 10.0353 0.999139 17 1
-3.30891 -0.52666 0.974472 17 0
-10.2423 14.8231 0.99907 17 1
8.79716 -6.65423 0.969536 17 1
3.4059 -9.83014 0.970052 17 0
0.594953 -15 0.995461 17 0
-0.27526 -0.299416 0.439474 17 0
14.9046 11.5011 0.989059 17 1
-0.222946 0.318779 0.539574 17 0
14.0906 -3.5828 0.9897 17 1
12.9044 -0.588153 0.993861 17 1
10.8918 11.7407 0.998905 17 1
4.81068 -10.4302 0.971712 17 1
-11.3026 14.6824 0.998627 17 1
-8.3351 13.805 0.990149 17 1
0.467863 -0.0536152 0.144056 17 0
-1.58062 -0.000649542 0.386593 17 0
1.15401 -0.802537 0.799083 17 0
-10.4326 14.773 0.999805 17 1
0.253045 -0.738353 0.999254 17 0
-0.0632349 0.478899 0.109938 17 0
-10.5847 14.9906 0.98852 17 1
7.6445 -4.23598 0.984052 17 1
-0.756099 0.691085 0.222608 17 0
1.53156 -0.305189 0.380629 17 0
0.349998 -0.308818 0.157729 17 0
-0.0393356 -0.542968 0.0833937 17 0
6.21237 -3.66005 0.959623 17 1
9.9762 14.9469 0.996516 17 1
14.9973 0.164572 0.99664 17 1
-14.2577 14.9457 0.999768 17 1
2.18941 -2.18996 0.726515 17 0
11.8337 -2.6753 0.980482 17 1
10.9731 -13.4189 0.988265 17 1
1.79045 0.917769 0.614951 17 0
14.9788 6.73107 0.99746 17 1
-11.5562 14.7178 0.994766 17 1
9.70716 13.9137 0.998722 17 1
-2.39003 -14.9993 0.982967 17 1
0.304856 -0.865552 0.580156 17 0
7.85259 -7.50936 0.983501 17 1
0.671019 -0.149793 0.725504 17 0
0.640643 0.219125 0.671495 17 0
15 15 0.999982 17 0
-2.22285 2.99018 0.804694 17 0
0.536269 -0.213324 0.168909 17 0
-5.92209 -14.9999 0.990102 17 1
1.31372 0.406298 0.898643 17 0
2.95482 -6.59791 0.951987 17 0
-0.803992 1.0774 0.969524 17 0
14.9563 14.9408 0.998707 17 1
0.289108 -0.0939116 0.938724 17 0
-0.645501 0.972249 0.577572 17 0
-10.3975 -14.7981 0.999801 17 1
1.35526 -13.4123 0.989493 17 1
1.3541 -0.13957 0.934951 17 0
14.9998 14.48 0.993552 17 1
-15 15 0.999982 17 0
14.0609 -12.3067 0.996505 17 1
-9.33609 -6.07503 0.986649 17 1
6.49705 -12.8847 0.99935 17 1
-11.8514 14.3121 0.999987 17 1
0.949237 -0.0453417 0.430155 17 0
2.55511 4.78289 0.977241 17 1
-10.7856 13.5125 0.986847 17 1
2.05595 2.23766 0.798933 17 1
0.469977 -0.150693 0.0877198 17 0
-11.4809 9.89086 0.983447 17 1
13.6198 14.0038 0.996682 17 1
-15 15 0.999982 17 0
-8.02948 -14.9887 0.999917 17 1
11.3555 4.96731 0.99331 17 1
-0.962802 -2.20938 0.958882 17 0
-15 15 0.999982 17 0
-0.728292 5.11936 0.888723 17 0
5.10296 -0.157501 0.933235 17 1
2.14184 2.02152 0.953881 17 0
15 -15 0.999982 17 0
0.175028 0.964958 0.315491 17 0
14.0921 10.8376 0.987776 17 1
10.0029 -12.1663 0.985141 17 1
-1.18487 0.948557 0.427502 17 0
0.395131 0.22753 0.197565 17 0
0.980951 -1.58128 0.984757 17 0
0.332243 0.418824 0.0707468 17 0
0.442831 9.98353 0.964226 17 1
0.696081 -0.550115 0.725065 17 0
1.54859 -1.62507 0.829964 17 0
0.977357 0.256517 0.241436 17 0
-9.01256 4.71305 0.997929 17 1
0.740983 0.0189228 0.939669 17 0
-12.1887 14.9412 0.992221 17 1
0.153433 0.801013 0.972196 17 0
0.345967 -0.463308 0.172789 17 0
0.110023 0.472332 0.10535 17 0
0.254908 -0.498179 0.115226 17 0
0.258627 -0.459056 0.065267 17 0
14.3928 9.22674 0.99716 17 1
0.445226 -0.28017 0.0649053 17 0
8.74509 -6.60023 0.969513 17 1
14.923 12.3859 0.989632 17 1
14.8769 -4.12674 0.999967 17 1
-0.237661 4.40323 0.989907 17 0
15 15 0.999982 17 0
9.05052 -3.13753 0.984868 17 1
-0.520844 0.476512 0.812719 17 0
15 15 0.999982 17 0
-1.3759 -1.60369 0.53335 17 0
-0.0699261 0.397812 0.455152 18 0
14.9726 -13.5603 0.999398 18 1
7.55575 12.9616 0.996231 18 1
-8.13574 7.22268 0.980816 18 1
-6.66156 14.9972 0.996641 18 1
-15 15 0.999982 18 0
14.1057 -12.6375 0.99184 18 1
14.9979 5.43912 0.999857 18 1
11.7884 13.5305 0.994762 18 1
-6.34076 14.5479 0.995011 18 1
-9.82716 -12.1855 0.985543 18 1
1.0781 14.2678 0.994886 18 1
-4.33136 -14.9997 0.988593 18 1
-10.6018 -14.9985 0.988985 18 1
-8.36263 -14.2434 0.999714 18 1
7.61435 2.76802 0.999601 18 1
14.5328 -14.6776 0.999758 18 1
-0.558026 12.0411 0.97333 18 1
-13.7775 -4.38835 0.997628 18 1
-0.310899 -0.434407 0.070361 18 0
0.448567 -0.557868 0.854367 18 0
-0.0449121 -0.611784 0.326777 18 0
-8.56854 -13.9609 0.994247 18 1
14.6691 2.68056 0.99993 18 1
0.495473 -0.90787 0.215737 18 0
-14.9034 -12.1588 0.995177 18 1
-14.6877 -11.4148 0.999919 18 1
14.1404 -14.7084 0.990583 18 1
14.887 -14.0628 0.991671 18 1
-12.6014 3.71922 0.979245 18 1
1.64147 -0.313896 0.600257 18 0
15 -15 0.999982 18 0
5.70937 8.7199 0.967497 18 1
15 -15 0.999982 18 0
-10.45 14.7495 0.999937 18 1
14.8924 -0.608707 0.999801 18 1
-0.212273 -0.752752 0.999662 18 0
0.91677 0.821667 0.85278 18 0
12.4069 0.589287 0.989566 18 1
8.87717 -6.99444 0.99791 18 1
3.4693 -0.0656964 0.962327 18 0
-4.21844 6.10718 0.95095 18 1
11.0495 11.4897 0.999531 18 1
7.06886 13.3446 0.986709 18 1
14.6984 -6.40126 0.997974 18 1
14.9352 0.61196 0.999603 18 1
-2.36115 -0.332071 0.988296 18 0
-15 -15 0.999982 18 0
-0.553394 -1.14867 0.970869 18 0
4.525 -3.41849 0.917725 18 1
-14.9211 12.3006 0.98989 18 1
0.320906 -0.447856 0.0953589 18 0
-0.758579 4.84511 0.976255 18 0
-14.9909 -14.7329 0.992712 18 1
8.6432 7.48394 0.977557 18 1
0.751842 -1.44113 0.460274 18 0
0.291339 0.08312 0.941567 18 0
-2.5032 4.08096 0.879609 18 1
0.45378 -0.0841171 0.176335 18 0
15 -15 0.999982 18 0
2.93393 -0.43786 0.922911 18 1
-5.16475 -14.7452 0.987673 18 1
3.11926 -14.5316 0.997797 18 1
0.743714 -0.106177 0.963734 18 0
-1.2326 1.03469 0.424854 18 0
-13.3481 -5.1199 0.993592 18 1
-7.82196 14.978 0.994032 18 1
6.20631 -12.0245 0.983376 18 1
11.8976 14.9445 0.999967 18 1
-0.342045 1.08844 0.459975 18 0
0.0849093 -0.53417 0.07813 18 0
-15 -15 0.999982 18 0
0.14916 -0.551955 0.150603 18 0
14.9975 -13.852 0.990502 18 1
-15 -15 0.999982 18 0
14.999 5.79156 0.994399 18 1
0.627158 -1.09544 0.945235 18 0
0.951302 0.00330611 0.425946 18 0
-12.9309 -12.8484 0.991709 18 1
1.05896 3.25332 0.997062 18 0
0.178999 -0.661026 0.711807 18 0
-0.641068 -0.446711 0.99949 18 0
3.04671 -0.350714 0.757739 18 1
-12.9387 0.826202 0.987541 18 1
14.4909 14.7608 0.999997 18 1
-0.721814 -0.368875 0.980499 18 0
-8.54729 -12.9416 0.997759 18 1
1.91191 -8.67034 0.952586 18 0
11.5742 10.3349 0.997232 18 1
-0.182456 -0.156152 0.983465 18 0
-3.09835 5.10267 0.990594 18 1
0.37137 -0.290206 0.142834 18 0
13.2172 14.9987 0.992958 18 1
-2.74905 15 0.985568 18 0
-15 15 0.999982 18 0
0.865502 -7.22515 0.936778 18 1
1.18378 -0.664154 0.943936 18 0
15 -15 0.999982 18 0
1.46713 -0.619832 0.398562 18 0
-3.76865 -3.09896 0.95809 18 1
0.416364 -0.612333 0.937652 18 0
0.390716 -0.559675 0.70016 18 0
-10.0762 -4.49575 0.969824 18 1
1.76242 -1.87389 0.650686 18 0
-9.23637 11.928 0.988074 18 1
0.289721 -0.483206 0.125377 18 0
-3.48001 13.0729 0.983752 18 0
0.453114 0.419735 0.348202 18 0
0.854358 -0.562546 0.22404 18 0
-0.868919 1.2617 0.403373 18 0
0.506491 -0.186892 0.0767747 18 0
0.33462 -0.244647 0.396518 18 0
0.0566017 0.340246 0.777824 18 0
1.47066 0.887383 0.766951 18 0
0.603101 -0.108184 0.323253 18 0
0.276993 -0.615601 0.660705 18 0
0.469649 -0.0134546 0.147521 18 0
0.821842 -1.40284 0.461245 18 0
0.336147 -0.669812 0.959787 18 0
1.28471 0.408233 0.963012 18 0
-9.82624 4.03158 0.986601 19 1
-10.3649 -13.3821 0.99634 19 1
13.5814 -0.538765 0.979157 19 1
-15 15 0.999982 19 0
1.60136 -15 0.988149 19 0
-9.73229 10.4554 0.992212 19 1
9.56288 5.63024 0.978861 19 1
10.6977 -14.4722 0.998113 19 1
5.05948 -10.1874 0.987448 19 1
5.77936 14.0083 0.983453 19 1
1.01053 0.204312 0.217403 19 0
13.1139 -14.1634 0.991188 19 1
-0.186885 -0.250701 0.911773 19 0
0.470203 0.163963 0.0804644 19 0
1.31144 0.226121 0.988212 19 0
11.057 -9.93394 0.9979 19 1
6.1493 7.69538 0.972559 19 1
0.381805 11.4718 0.972283 19 1
14.2818 2.78285 0.988472 19 1
8.53441 -12.4119 0.990357 19 1
11.9078 -12.9893 0.997231 19 1
9.4491 13.9897 0.992728 19 1
1.04852 -0.662861 0.884655 19 0
15 -15 0.999982 19 0
-14.9198 1.80213 0.993889 19 1
12.922 -14.3089 0.992339 19 1
-11.7093 12.9944 0.998927 19 1
-11.8208 13.51 0.995192 19 1
-4.63896 -0.621771 0.851203 19 0
0.52146 0.0873563 0.0662071 19 0
14.251 -10.4102 0.995395 19 1
12.6762 -11.1066 0.990413 19 1
1.53022 14.9825 0.990608 19 1
14.9248 -8.79383 0.987744 19 1
-1.94592 -8.98306 0.998697 19 1
-14.5303 -13.8638 0.998123 19 1
1.76172 -2.10517 0.818664 19 0
0.0633671 -0.455724 0.181547 19 0
-14.9663 14.5466 0.992541 19 1
-14.6889 14.2281 0.990822 19 1
-14.9044 -10.8873 0.994237 19 1
-0.660198 12.9962 0.981508 19 1
-0.414838 -0.52234 0.617458 19 0
1.32009 -0.235694 0.974933 19 0
-11.5367 15 0.990984 19 0
-2.0914 12.2388 0.990246 19 0
-13.347 -1.85503 0.990171 19 1
-9.86301 -14.8907 0.989084 19 1
-12.6056 7.72934 0.990469 19 1
8.30414 -11.6707 0.996345 19 1
0.630755 10.3967 0.968332 19 1
0.425903 -0.809373 0.594944 19 0
0.758949 -1.34459 0.389485 19 0
8.45512 7.90037 0.973784 19 1
14.6476 -14.2276 0.990498 19 1
0.301426 -0.570928 0.498997 19 0
9.74331 13.6539 0.986158 19 1
0.790659 0.112091 0.994628 19 0
-15 15 0.999982 19 0
3.73831 -14.5103 0.997722 19 1
-12.9885 11.9724 0.994194 19 1
-0.150493 -0.350427 0.582898 19 0
10.1653 6.44708 0.973164 19 1
-12.7355 -10.1175 0.985706 19 1
14.7572 12.2888 0.99702 19 1
-10.8792 -4.6021 0.999013 19 1
-2.92837 -10.4996 0.976955 19 1
14.8482 -7.18697 0.999996 19 1
7.62936 3.09603 0.976489 19 1
6.67021 -14.1216 0.988153 19 1
-14.5677 -14.6291 0.999553 19 1
0.719392 -0.958784 0.721999 19 0
0.558431 14.7337 0.986104 19 1
14.8826 -0.958491 0.999947 19 1
-11.4336 -14.904 0.990417 19 1
11.7378 7.19296 0.992354 19 1
-2.50963 -2.96681 0.987523 19 0
0.433173 0.0296309 0.294488 19 0
-15 15 0.999982 19 0
5.54643 8.23831 0.961429 19 1
3.19963 -7.65733 0.956452 19 0
0.195938 -0.412904 0.193327 19 0
5.72115 -15 0.996416 19 0
1.62685 -1.64223 0.970093 19 0
0.503321 -0.377599 0.409106 19 0
15 15 0.999982 19 0
-1.51505 -13.732 0.997446 19 1
-0.923909 0.585074 0.288266 19 0
0.265478 0.199082 0.838044 19 0
-0.110181 -0.588437 0.25615 19 0
0.970037 -0.499711 0.281831 19 0
0.383468 -0.368192 0.0681494 19 0
15 15 0.999982 19 0
13.6728 4.93222 0.990111 19 1
-13.6029 10.5446 0.988744 19 1
0.287825 0.664843 0.887039 19 0
0.561491 -0.32304 0.511064 19 0
0.305786 -0.322164 0.247514 19 0
0.407535 -0.252427 0.119352 19 0
0.13159 0.0692035 0.608025 19 0
11.1548 -0.722593 0.993511 19 1
-0.840406 -1.77698 0.73897 19 0
0.385761 -0.431228 0.174101 19 0
0.337553 -0.514562 0.336715 19 0
15 15 0.999982 19 0
-0.177522 3.80984 0.915131 19 0
15 -15 0.999982 19 0
0.367581 -0.0106726 0.659074 19 0
0.314577 -0.380904 0.0868975 19 0
-1.28486 -1.60167 0.542106 19 0
14.104 -5.45699 0.985044 19 1
-0.545841 -0.351157 0.518034 19 0
0.316894 -0.393042 0.0717166 19 0
0.664319 -0.201837 0.758907 19 0
11.7274 9.58472 0.983759 19 1
0.305798 -0.799721 0.856471 19 0
0.263549 -0.48235 0.0927638 19 0
0.230328 -0.596345 0.46396 19 0
0.654 -0.576579 0.793376 19 0
1.05044 0.383488 0.368435 19 0
0.191129 -0.377234 0.351772 20 0
-15 15 0.999982 20 0
4.23332 -8.52346 0.96935 20 1
0.343829 0.10628 0.701528 20 0
14.9643 -12.46 0.992856 20 1
0.332767 -0.373135 0.077616 20 0
-6.29289 14.9893 0.985426 20 1
12.4657 1.47503 0.975411 20 1
-8.39606 -3.29483 0.973017 20 1
-7.16453 -11.1483 0.992923 20 1
2.0514 -9.2987 0.970635 20 1
0.528114 -0.254601 0.20336 20 0
15 -15 0.999982 20 0
-14.7774 8.58081 0.997684 20 1
-4.77338 -7.89726 0.993552 20 1
-7.07471 15 0.996111 20 0
13.4305 12.0148 0.999178 20 1
4.12981 8.87408 0.986907 20 1
-9.68973 -4.99556 0.976727 20 1
0.357524 -0.293208 0.173155 20 0
13.1112 -7.46202 0.988082 20 1
0.103736 -0.831349 0.918649 20 0
-6.83416 8.53559 0.971791 20 1
4.59782 2.36765 0.888357 20 1
7.29187 6.81364 0.962748 20 1
0.535601 -0.25591 0.233761 20 0
-11.3454 13.648 0.988753 20 1
15 -15 0.999982 20 0
-4.27903 12.962 0.979975 20 0
-0.00306338 -0.246739 0.991999 20 0
8.89143 -7.63853 0.996601 20 1
-0.708622 1.07433 0.987732 20 0
1.51392 -3.79495 0.87161 20 1
15 -15 0.999982 20 0
-0.0410057 -0.272892 0.992937 20 0
0.756721 -0.0485541 0.977053 20 0
14.9697 -14.0013 0.992428 20 1
0.370879 -0.412874 0.104054 20 0
0.489568 -0.0776567 0.0840454 20 0
-13.5025 -14.9812 0.999968 20 1
-11.8809 11.2918 0.99512 20 1
0.463242 0.225631 0.0645844 20 0
-12.868 14.4346 0.989891 20 1
3.42514 3.24054 0.847561 20 1
-0.264136 -0.313712 0.420703 20 0
0.869803 -0.420826 0.365893 20 0
-0.0418081 -9.47435 0.961018 20 1
9.55093 -7.70124 0.998842 20 1
0.477544 -0.242819 0.0718852 20 0
1.50895 -1.37064 0.56262 20 0
10.0951 7.86922 0.999318 20 1
-3.18052 -11.2182 0.987473 20 1
-5.04154 14.7343 0.992291 20 1
-13.4276 14.0774 0.991837 20 1
0.331505 0.288924 0.267891 20 0
0.598098 -0.543161 0.984387 20 0
-12.0504 4.31711 0.999343 20 1
5.37134 0.0670196 0.942683 20 0
0.24799 -14.4027 0.999976 20 1
4.79131 6.01091 0.981651 20 1
4.12678 -15 0.993779 20 0
6.67271 -2.51812 0.989932 20 1
-0.102544 0.601581 0.311001 20 0
0.321566 -0.0862426 0.833267 20 0
4.51825 0.291399 0.967522 20 1
-1.23164 6.50623 0.983474 20 0
-15 -15 0.999982 20 0
-2.2219 10.0027 0.99828 20 1
0.847568 -9.589 0.994834 20 1
9.60856 -12.5665 0.990281 20 1
-0.546553 -1.05463 0.673504 20 0
-14.979 -11.8327 0.999802 20 1
-10.2798 -12.8716 0.999779 20 1
-1.2401 0.324368 0.981322 20 0
12.3991 -10.7107 0.994591 20 1
0.228524 0.28754 0.661514 20 0
-8.86039 14.806 0.987018 20 1
-6.56123 -6.2358 0.982181 20 1
-11.2333 -14.8981 0.998072 20 1
-8.74644 13.7099 0.9856 20 1
-10.5775 -14.6989 0.999143 20 1
-9.52328 -12.8919 0.998209 20 1
13.0976 2.02552 0.993085 20 1
0.704429 -0.00263655 0.806062 20 0
11.5045 -13.6041 0.987644 20 1
9.99793 -13.862 0.997485 20 1
-0.846556 7.72269 0.952669 20 1
-15 15 0.999982 20 0
15 -15 0.999982 20 0
0.234572 -0.543236 0.225724 20 0
0.282782 -0.300017 0.408712 20 0
-7.30102 8.55567 0.999891 20 1
-5.40775 14.8016 0.985561 20 1
-14.3559 -12.6405 0.999895 20 1
0.345948 -0.269189 0.274486 20 0
11.0289 -12.0987 0.993416 20 1
-14.6754 12.4218 0.995637 20 1
11.8093 5.93943 0.988533 20 1
-7.43341 14.012 0.99429 20 1
9.34989 4.05446 0.999518 20 1
-13.0114 14.9838 0.990896 20 1
-0.0805395 -0.493781 0.0771532 20 0
0.426998 -0.157629 0.200733 20 0
1.28398 -1.02082 0.5003 20 0
0.477215 -0.823936 0.422347 20 0
0.276417 -0.514883 0.195893 20 0
0.261059 -0.483937 0.0931682 20 0
0.0905803 -0.0237085 0.285338 20 0
0.758237 0.349707 0.926789 20 0
1.53864 -1.5595 0.681204 20 0
0.329341 -0.384091 0.0706408 20 0
-15 -15 0.999982 20 0
-15 -15 0.999982 20 0
1.05213 3.348 0.913451 20 0
0.287134 -0.333017 0.26803 20 0
0.00306284 1.0503 0.21644 20 0
0.393933 -0.355875 0.0676004 20 0
0.269226 -0.494965 0.125492 20 0
0.0359775 -0.293602 0.959839 20 0
0.140002 -0.265766 0.94851 20 0
-15 15 0.999982 21 0
-0.209163 -0.769308 0.995655 21 0
12.878 14.2552 0.996619 21 1
0.278557 -0.174359 0.851668 21 0
-14.1665 -6.88917 0.985257 21 1
-5.11767 -12.2142 0.991773 21 1
13.1981 11.5437 0.999981 21 1
3.5059 -2.20613 0.825307 21 1
15 -15 0.999982 21 0
3.84278 -2.78929 0.856243 21 1
-14.4658 9.17469 0.994715 21 1
-4.07184 -1.87108 0.994473 21 1
15 15 0.999982 21 0
1.36209 14.9715 0.99339 21 1
14.7569 13.181 0.993706 21 1
0.608724 -0.166596 0.419322 21 0
0.207329 -0.481925 0.0644153 21 0
14.9887 -7.4463 0.986097 21 1
-15 15 0.999982 21 0
3.86507 -14.9311 0.999689 21 1
12.7698 11.8599 0.994894 21 1
-7.44081 -0.815604 0.976182 21 0
14.6199 13.4179 0.99092 21 1
-0.0658683 -1.33193 0.985071 21 0
0.343931 -0.470284 0.189098 21 0
5.10405 -14.1557 0.991911 21 1
-15 15 0.999982 21 0
11.1407 -13.569 0.999882 21 1
0.526613 -0.30918 0.313016 21 0
-15 15 0.999982 21 0
0.594503 -0.250665 0.496634 21 0
-4.97485 13.1712 0.982505 21 1
13.91 -13.6515 0.993904 21 1
3.93888 -15 0.997814 21 0
7.31532 2.17797 0.996285 21 1
-0.87752 -14.6405 0.981768 21 1
7.7671 10.4016 0.985317 21 1
1.23459 -6.135 0.909428 21 1
14.0487 14.2061 0.992329 21 1
0.564843 -0.555856 0.998441 21 0
1.81765 -14.7938 0.999806 21 1
13.302 3.3144 0.985241 21 1
0.706378 -0.372743 0.994526 21 0
2.06531 1.82406 0.841111 21 0
-4.90874 10.5194 0.97867 21 1
13.4215 -13.5933 0.999971 21 1
0.338238 0.320206 0.161149 21 0
-5.75896 15 0.995325 21 0
3.044 -12.3637 0.992953 21 1
0.520477 -0.847053 0.276577 21 0
0.880362 -0.062184 0.746359 21 0
-7.4247 11.9586 0.982757 21 1
1.06695 -0.857901 0.91528 21 0
0.639567 -0.0561646 0.479132 21 0
-7.28134 -11.928 0.99366 21 1
-9.70775 -14.5707 0.999527 21 1
-6.19574 9.97667 0.998635 21 1
-0.00570512 -0.238727 0.981336 21 0
-0.460284 -0.336981 0.146417 21 0
10.3098 14.6231 0.990905 21 1
0.349181 -0.22933 0.379013 21 0
2.12513 5.95139 0.913195 21 1
14.4294 6.53003 0.99209 21 1
0.0836363 -0.0543469 0.319077 21 0
-12.2834 -11.2374 0.990874 21 1
11.3055 -15 0.990466 21 0
1.6407 -1.71444 0.995784 21 0
-14.2946 -4.04068 0.997206 21 1
-0.291758 5.54319 0.988736 21 1
-13.902 -14.0289 0.995864 21 1
0.341627 -0.440421 0.109689 21 0
0.319467 -0.454698 0.105698 21 0
-4.4887 4.39231 0.90795 21 1
-0.135256 1.18066 0.675959 21 0
0.354256 -0.408322 0.0777204 21 0
14.2372 2.68417 0.995146 21 1
-14.9114 -14.4238 0.998713 21 1
2.21003 -4.83523 0.902685 21 1
-5.04787 14.9718 0.988557 21 1
0.38567 -0.36678 0.0686359 21 0
0.283583 -0.51627 0.214492 21 0
14.9986 12.5604 0.9982 21 1
-0.887953 -1.10215 0.763588 21 0
-11.8894 -10.2646 0.984046 21 1
-14.882 -14.8541 0.993066 21 1
2.75631 11.5166 0.996464 21 1
14.9134 2.8279 0.982952 21 1
-7.10388 14.3599 0.998597 21 1
0.882965 8.40859 0.9576 21 1
9.9791 7.16021 0.999535 21 1
0.689269 -1.27328 0.640572 21 0
0.45417 -0.271464 0.0664363 21 0
0.516276 -0.501812 0.870434 21 0
15 -15 0.999982 21 0
4.93701 14.9629 0.98544 21 1
0.726963 0.0797597 0.910369 21 0
14.9999 -7.65334 0.989359 21 1
-3.80266 5.84883 0.979006 21 1
0.37569 -0.307837 0.103678 21 0
-6.65254 -3.53485 0.992132 21 1
0.256558 -0.571802 0.39574 21 0
-10.133 -2.27886 0.972931 21 1
0.749724 -1.04508 0.98683 21 0
0.355136 -0.371123 0.0652089 21 0
0.158429 0.510287 0.0704716 21 0
0.34112 -0.439969 0.108081 21 0
-14.9148 -12.1431 0.995249 21 1
5.66908 5.54765 0.952361 21 1
0.0286727 -0.763267 0.985434 21 0
0.346893 -0.306264 0.171831 21 0
-14.9651 -11.3261 0.991257 21 1
-0.0603921 -0.500618 0.0723855 21 0
15 15 0.999982 21 0
0.2586 -0.463019 0.0672233 21 0
15 15 0.999982 21 0
-0.162519 3.67694 0.773958 21 0
-1.40503 -1.91805 0.993198 21 0
3.98513 -10.2525 0.968018 21 0
0.510291 0.319717 0.272259 21 0
0.512997 0.0823102 0.0637693 21 0
0.432218 0.124429 0.223008 22 0
6.24893 3.17433 0.990768 22 1
0.557767 0.0304587 0.112673 22 0
-2.89552 7.35267 0.944714 22 1
-13.6159 -14.4841 0.990091 22 1
-14.5868 13.8726 0.999719 22 1
-12.5176 8.43837 0.987142 22 1
13.3794 -13.0889 0.994464 22 1
-6.07097 -0.274447 0.989455 22 1
15 -15 0.999982 22 0
13.8509 5.02913 0.985326 22 1
-3.15763 14.9692 0.989931 22 1
-15 15 0.999982 22 0
7.0001 7.15928 0.96709 22 1
13.7226 -5.26887 0.98278 22 1
15 -15 0.999982 22 0
-6.20187 -2.8208 0.920785 22 1
-15 15 0.999982 22 0
0.84575 0.43494 0.427105 22 0
-7.65245 15 0.98934 22 0
-0.346973 9.24674 0.988139 22 1
0.527209 -0.0442892 0.0664062 22 0
9.52816 -14.638 0.997568 22 1
14.9985 13.5123 0.999709 22 1
9.86483 -6.29064 0.993792 22 1
11.2615 11.6758 0.985079 22 1
-7.44509 2.68643 0.947658 22 1
8.559 3.41719 0.995608 22 1
9.71481 0.808628 0.994692 22 0
0.115003 0.458681 0.137978 22 0
-3.20747 6.35714 0.993138 22 1
-4.47658 3.29179 0.986307 22 1
0.643781 0.526364 0.936216 22 0
-12.7899 -7.69849 0.99998 22 1
-4.18902 1.70947 0.969982 22 1
-0.377501 1.33453 0.862911 22 0
-8.2772 -14.9953 0.994854 22 1
0.68791 0.721935 0.269039 22 0
1.04956 0.38271 0.364402 22 0
14.6301 8.01706 0.988341 22 1
0.562904 0.0657474 0.134951 22 0
9.34455 6.93351 0.983224 22 1
-13.9257 -14.9623 0.990649 22 1
-4.26128 9.64495 0.971421 22 1
3.59454 14.8204 0.985587 22 1
-13.6474 6.83963 0.986806 22 1
0.413864 0.00776702 0.399665 22 0
13.2301 -14.4044 0.997956 22 1
11.6231 -7.4699 0.997546 22 1
0.556675 -0.200244 0.225207 22 0
-2.09173 11.4028 0.976419 22 0
-5.78981 -1.8063 0.993426 22 1
1.24293 0.937911 0.381586 22 0
0.694947 0.470877 0.913666 22 0
15 -15 0.999982 22 0
-10.8848 -14.7598 0.988322 22 1
0.659752 -1.43046 0.383303 22 0
14.3138 14.814 0.997886 22 1
-8.66362 -1.58379 0.964968 22 1
14.9755 14.3292 0.99936 22 1
0.515716 0.312012 0.274965 22 0
0.664716 -0.0271459 0.607841 22 0
-13.8002 -14.5162 0.995152 22 1
-1.51532 -13.3705 0.99258 22 1
3.22406 11.7009 0.981146 22 1
10.8436 10.2715 0.999884 22 1
14.7141 13.2753 0.992024 22 1
-2.31652 -2.90392 0.794525 22 1
0.340551 0.431785 0.0932881 22 0
0.682029 0.431057 0.985858 22 0
-0.339458 2.21552 0.820867 22 0
0.688542 0.128227 0.787633 22 0
2.11632 14.7911 0.999768 22 1
-6.8947 14.9161 0.998136 22 1
-10.1802 -0.726892 0.999978 22 1
-15 -15 0.999982 22 0
3.72203 -10.7633 0.984968 22 1
-10.9772 14.7949 0.991844 22 1
-0.660792 -0.943716 0.509175 22 0
0.456821 0.258096 0.0644329 22 0
-1.06212 0.132779 0.237615 22 0
12.3022 14.6587 0.999748 22 1
15 -15 0.999982 22 0
0.493035 0.0759081 0.0791838 22 0
0.676476 0.103188 0.709083 22 0
0.49998 0.131409 0.064114 22 0
14.3079 0.714385 0.996537 22 1
-15 15 0.999982 22 0
-0.448474 1.3766 0.640814 22 0
-10.696 7.70988 0.984078 22 1
14.9066 -8.87803 0.989148 22 1
10.693 -15 0.991758 22 0
9.03835 -13.767 0.999687 22 1
-12.4466 6.13345 1 22 1
-15 -15 0.999982 22 0
0.548145 0.256687 0.286827 22 0
0.462855 -0.0576261 0.158868 22 0
-11.9917 12.271 0.992525 22 1
-6.86646 0.333863 0.934179 22 1
-10.4982 4.91244 0.976093 22 1
-4.07364 -12.9773 0.978944 22 1
1.70156 -1.59682 0.992188 22 0
14.93 -10.5937 0.988364 22 1
0.422215 0.293141 0.0650644 22 0
1.03477 -14.9962 0.993537 22 1
0.624812 0.27532 0.701277 22 0
1.24941 -0.0900329 0.920981 22 0
0.716941 0.514308 0.747349 22 0
0.649863 0.519841 0.934532 22 0
-0.0558063 1.07851 0.25528 22 0
0.445475 -0.159084 0.137522 22 0
0.458222 0.0452365 0.180269 22 0
0.566765 0.154429 0.207962 22 0
-15 -15 0.999982 22 0
0.315723 0.0368717 0.893716 22 0
0.357284 0.313668 0.130353 22 0
-0.0145284 -0.00986868 0.01114 22 0
1.54356 4.5494 0.892695 22 0
1.54319 -0.64562 0.605828 22 0
0.463809 -0.102896 0.131376 22 0
12.9171 -14.5939 0.993872 23 1
0.448056 0.246546 0.066384 23 0
15 -15 0.999982 23 0
-14.7819 12.5983 0.990391 23 1
-14.5537 10.5875 0.998144 23 1
10.907 2.61699 0.998188 23 1
0.202169 0.540183 0.167619 23 0
-3.05921 -10.1299 0.978423 23 1
-14.0194 -14.9993 0.994171 23 1
6.63573 14.7244 0.988193 23 1
0.364894 0.241545 0.278018 23 0
0.466248 -0.146298 0.0971972 23 0
-5.54909 -14.0318 0.987777 23 1
13.7102 14.9161 0.996857 23 1
9.40946 -15 0.991096 23 0
-9.46157 -14.9285 0.99346 23 1
-14.7943 1.44692 0.997954 23 1
-15 15 0.999982 23 0
-13.8557 -1.59915 0.996443 23 0
-2.37462 6.12792 0.997804 23 1
15 -15 0.999982 23 0
-15 15 0.999982 23 0
1.83306 -5.15999 0.997983 23 1
0.993959 -1.06185 0.616073 23 0
-9.64772 -13.5023 0.995311 23 1
-15 15 0.999982 23 0
9.51466 13.9497 0.993045 23 1
1.0237 0.229127 0.21585 23 0
0.506705 0.388292 0.458975 23 0
0.29156 -0.571259 0.475445 23 0
3.36924 -7.38421 0.999999 23 1
10.7519 -7.56554 0.979915 23 1
11.7834 0.907161 0.998632 23 1
14.205 -9.26074 0.998303 23 1
-2.59663 8.35156 0.982314 23 1
0.513119 -0.0847297 0.0637554 23 0
0.816979 0.0108528 0.969461 23 0
0.395418 0.670017 0.998288 23 0
-13.7392 15 0.992426 23 0
11.4658 -13.2769 0.999998 23 1
0.43297 -0.462542 0.432664 23 0
-14.993 -8.18099 0.998166 23 1
0.494029 -0.191979 0.0670079 23 0
-6.18048 -14.6001 0.99362 23 1
-14.5557 8.97119 0.997037 23 1
0.673538 0.475385 0.954028 23 0
7.60982 -6.26368 0.971382 23 1
14.8007 -13.6603 0.999894 23 1
-9.83721 -13.8437 0.999437 23 1
1.71062 -11.4606 0.975669 23 1
0.643255 0.129781 0.557901 23 0
0.4722 0.207177 0.0644616 23 0
1.62769 -1.55176 0.840773 23 0
-8.72416 12.6216 0.994397 23 1
0.575792 -2.1648 0.817323 23 0
5.03075 5.21853 0.944981 23 1
0.463881 0.213152 0.0669488 23 0
0.547507 0.244192 0.259919 23 0
0.551531 0.468524 0.884159 23 0
4.29334 -14.639 0.986004 23 1
5.55855 -15 0.999599 23 0
1.58136 -1.68996 0.97373 23 0
0.588439 0.0154088 0.212902 23 0
-0.136103 0.738272 0.962583 23 0
11.1683 -13.3395 0.992528 23 1
-15 15 0.999982 23 0
0.603663 0.222166 0.485876 23 0
9.48403 0.656637 0.967066 23 1
14.9952 9.76134 0.99093 23 1
15 -15 0.999982 23 0
-14.9549 -2.54638 0.983041 23 1
-14.8892 13.4687 0.997838 23 1
-14.9734 -7.3484 0.98856 23 1
4.58141 5.35687 0.998954 23 1
14.7799 13.5173 0.995148 23 1
0.369518 -0.178416 0.419406 23 0
0.753826 0.516176 0.599643 23 0
0.495717 -11.7941 0.999445 23 1
-14.9991 -11.4018 0.988888 23 1
-12.5944 13.6316 0.999664 23 1
-0.0641308 -0.625139 0.404828 23 0
0.452626 0.125864 0.147657 23 0
7.39865 -6.43047 0.983567 23 1
3.79025 12.1982 0.997519 23 1
0.468887 -0.0749646 0.132091 23 0
-8.35298 2.24508 0.999816 23 1
14.4564 -14.8103 0.999935 23 1
0.637504 -13.2796 0.997521 23 1
5.91986 -5.88135 0.947758 23 1
3.93674 14.9634 0.999589 23 1
-7.44085 3.91207 0.948037 23 1
-3.56104 14.9763 0.998417 23 1
0.975623 -0.631215 0.554482 23 0
0.0305567 -0.619685 0.362616 23 0
15 15 0.999982 23 0
-3.19327 2.1269 0.943247 23 1
-14.8614 13.8098 0.995317 23 1
1.90307 3.03122 0.820083 23 1
15 15 0.999982 23 0
-11.1079 14.9913 0.998093 23 1
0.149083 0.320813 0.733556 23 0
-9.11181 -10.898 0.983634 23 1
15 15 0.999982 23 0
0.45476 0.0856772 0.171774 23 0
0.604542 0.254413 0.556113 23 0
-12.7759 -14.7577 0.995767 23 1
11.5418 -12.5989 0.997787 23 1
0.480113 -0.0238283 0.115866 23 0
0.468257 -0.00962818 0.152382 23 0
0.524454 0.0737431 0.0667441 23 0
0.538691 0.148736 0.113296 23 0
-2.02021 -3.33324 0.993608 23 0
0.539868 0.113849 0.0969686 23 0
9.86133 -13.6895 0.991866 23 1
0.0668406 0.946148 0.437944 23 0
0.28265 0.303975 0.393444 23 0
-0.298807 3.83955 0.958983 23 0
0.298226 -0.433209 0.0648633 23 0
-14.9978 -13.0099 0.990593 23 1
0.370185 -0.697819 0.999361 23 0
0.431001 0.219603 0.108321 24 0
-14.6306 -0.848273 0.981737 24 1
-11.4841 14.5991 0.999929 24 1
14.186 14.8898 0.996126 24 1
15 -15 0.999982 24 0
-15 15 0.999982 24 0
0.552531 0.13274 0.139542 24 0
13.6533 -14.2314 0.997481 24 1
0.497466 0.252178 0.110533 24 0
-1.68405 -14.9727 0.989932 24 1
0.548377 -0.0855632 0.1041 24 0
-12.373 -12.3646 0.998942 24 1
0.0372877 -1.56309 0.380507 24 1
14.7068 -11.6701 0.990906 24 1
-6.68359 8.73065 0.967973 24 1
-10.0388 -10.2014 0.995286 24 1
15 -15 0.999982 24 0
13.7331 14.986 0.993129 24 1
0.444459 -0.0627894 0.226858 24 0
-11.7214 -11.7069 0.997422 24 1
-10.7124 -10.4986 0.996561 24 1
3.90791 5.89901 0.999853 24 1
0.271491 -0.0553672 0.991776 24 0
0.511074 0.080368 0.0640323 24 0
-8.42235 -3.48711 0.996401 24 1
-14.8856 -14.6998 0.991122 24 1
-0.386057 1.2831 0.976517 24 0
-14.19 -10.9274 0.992136 24 1
11.5715 -7.23957 0.97995 24 1
-11.7277 -10.4751 0.984241 24 1
14.4956 -4.48252 0.983003 24 1
0.30647 0.114363 0.857931 24 0
-9.09175 5.41896 0.978931 24 1
3.22853 7.38696 0.994101 24 1
-4.563 15 0.984478 24 0
0.215585 -0.29803 0.658557 24 0
0.462166 0.118981 0.125216 24 0
14.739 -5.31719 0.984839 24 1
14.5966 11.611 0.998421 24 1
-4.31392 -8.69541 0.999409 24 1
-15 15 0.999982 24 0
-14.8112 15 0.995823 24 0
-14.697 -8.14696 0.987197 24 1
14.9108 14.9817 0.998583 24 1
0.0754967 -14.4885 0.995086 24 1
-0.919424 -11.643 0.990644 24 1
2.11109 14.4193 0.986178 24 1
11.6297 8.01713 0.980446 24 1
-10.3318 6.34208 0.979193 24 1
-13.8239 -6.50811 0.98805 24 1
-0.779058 1.97407 0.54263 24 0
-15 -15 0.999982 24 0
-15 -15 0.999982 24 0
0.437388 0.0312635 0.273716 24 0
15 -15 0.999982 24 0
0.804914 -0.0164281 0.988053 24 0
0.491322 -0.000147142 0.0918451 24 0
-7.33917 -2.67722 0.942271 24 1
-8.65223 5.3955 0.999758 24 1
0.36363 -0.173179 0.4616 24 0
14.6908 -9.15968 0.987359 24 1
-14.3083 1.77265 0.999762 24 1
-11.282 7.45112 0.984608 24 1
5.90599 -11.8474 0.991108 24 1
12.3396 -4.04228 0.984884 24 1
-10.6337 -13.8714 0.998281 24 1
14.8263 -10.444 0.997927 24 1
11.1679 4.32374 0.977033 24 1
9.94468 14.6598 0.990594 24 1
0.613472 -0.128472 0.396055 24 0
0.354167 -0.117103 0.629829 24 0
0.335143 0.0352996 0.815126 24 0
0.449851 -0.13965 0.14373 24 0
0.256311 0.032009 0.999567 24 0
5.23233 -9.25055 0.987937 24 1
0.924419 0.441791 0.222398 24 0
-5.20426 -9.36178 0.999379 24 1
0.4317 -0.0292225 0.301848 24 0
14.939 -1.57452 0.99453 24 1
15 1.86891 0.985533 24 0
-14.2763 -14.5525 0.990867 24 1
-0.385546 3.17731 0.752952 24 0
11.7562 -5.7403 0.977206 24 1
0.194485 -1.47922 0.490898 24 0
-7.67022 -0.519914 0.98132 24 1
12.9376 3.29295 0.999998 24 1
1.62107 -1.62767 0.94822 24 0
15 -15 0.999982 24 0
5.95046 10.2791 0.991788 24 1
15 -15 0.999982 24 0
-1.42318 -0.80019 0.478985 24 0
-14.9883 11.7696 0.998886 24 1
-10.7935 11.1867 0.994931 24 1
0.427767 -0.03745 0.318253 24 0
10.5225 -14.4284 0.988936 24 1
13.7534 14.9706 0.99301 24 1
0.513036 0.0937787 0.0638138 24 0
1.03713 0.78402 0.998009 24 0
-15 15 0.999982 24 0
0.546547 0.137707 0.125998 24 0
-0.561004 -13.4135 0.996044 24 1
0.496889 0.032129 0.0805296 24 0
0.431842 -0.197942 0.13149 24 0
0.268198 0.294957 0.484735 24 0
0.355885 -0.312206 0.13633 24 0
0.751561 -0.229564 0.999994 24 0
7.84649 8.61618 0.986296 24 1
6.33801 -14.4447 0.986536 24 1
0.416506 -0.152397 0.250526 24 0
-14.9414 2.55539 0.983304 24 1
0.482529 0.142253 0.0737117 24 0
0.300919 -0.180772 0.747442 24 0
0.0991982 0.9197 0.545011 24 0
-0.00859678 0.425305 0.338753 24 0
-15 -15 0.999982 24 0
0.392708 -0.215929 0.229943 24 0
2.40694 6.48724 0.953043 24 0
0.461324 -0.512392 0.735183 24 0
0.524569 0.0990298 0.0700231 24 0
0.414189 -0.202061 0.178784 24 0
-11.2463 -14.8173 0.999918 25 1
0.387507 0.157991 0.375145 25 0
-10.7951 6.08455 0.993659 25 1
-15 15 0.999982 25 0
1.02631 -0.0551482 0.219591 25 0
-2.85508 13.2337 0.982721 25 1
14.6431 -14.4677 0.997158 25 1
0.0492405 1.21051 0.777002 25 0
-15 15 0.999982 25 0
15 -15 0.999982 25 0
0.417948 -0.221293 0.137858 25 0
14.9795 -4.39977 0.988613 25 1
0.463597 -0.0732109 0.149143 25 0
-4.84516 -0.931933 0.991941 25 1
-9.03875 7.08487 0.971819 25 1
11.5946 11.8265 0.997695 25 1
3.54132 4.37386 0.944563 25 1
-0.628175 -5.36606 0.964851 25 1
6.51751 -6.89114 0.962756 25 1
-6.11441 -14.9098 0.991132 25 1
0.503843 0.14804 0.0645771 25 0
0.460695 -0.0543896 0.167707 25 0
-13.7382 4.96123 0.983472 25 1
5.8303 -14.9977 0.993263 25 1
-14.9398 -12.8612 0.997916 25 1
-12.4714 -7.6898 0.981763 25 1
-4.73498 2.73956 0.996844 25 1
7.41321 11.8032 0.997272 25 1
13.3594 -2.08966 0.984451 25 1
0.931567 -7.60511 0.989458 25 1
-12.905 -7.61072 0.997862 25 1
7.44674 2.27535 0.947686 25 1
-4.73778 -14.6487 0.99853 25 1
12.7897 2.64096 0.97784 25 1
1.88248 -14.4786 0.983887 25 1
0.409977 -0.178966 0.233511 25 0
15 -15 0.999982 25 0
-15 15 0.999982 25 0
12.858 14.6248 0.992903 25 1
-11.3664 4.5273 0.995704 25 1
0.402428 -0.048664 0.447044 25 0
0.515222 -0.0664055 0.0637729 25 0
0.56512 0.108353 0.162872 25 0
-12.6998 -3.69859 0.989703 25 1
-2.18037 -14.9495 0.986176 25 1
15 -15 0.999982 25 0
-7.52882 5.74133 0.960115 25 1
-9.57625 10.4645 0.982059 25 1
8.96218 -13.6186 0.987731 25 1
-2.8202 14.988 0.985657 25 1
0.602274 0.109428 0.320296 25 0
0.431397 -0.120879 0.23057 25 0
15 15 0.999982 25 0
-4.96486 3.36284 0.997792 25 1
-0.543342 -0.378447 0.590705 25 1
-11.2629 14.1666 0.999503 25 1
4.519 -9.42944 0.965015 25 1
-10.0163 0.0791588 0.96773 25 1
-9.49318 -7.35605 0.974067 25 1
0.58882 0.128315 0.274418 25 0
0.39301 0.0453239 0.501993 25 0
-5.68361 11.5143 0.999866 25 1
15 -15 0.999982 25 0
0.459226 -0.0460759 0.176255 25 0
0.526411 0.00318515 0.0650589 25 0
0.442642 -0.0418833 0.245532 25 0
15 15 0.999982 25 0
-0.489946 4.7917 0.903392 25 0
6.28647 5.75636 0.978682 25 1
-3.2027 14.6175 0.998925 25 1
-0.849987 -14.8058 0.995055 25 1
0.401524 0.322796 0.0646118 25 0
1.66034 -1.62343 0.982448 25 0
0.428816 -0.213408 0.12041 25 0
0.0567021 0.970494 0.344337 25 0
-3.45661 2.68927 0.970492 25 1
-10.4757 0.373029 0.96501 25 1
5.45836 9.8219 0.99953 25 1
-10.0007 8.74274 0.996479 25 1
-11.7919 -5.91138 0.984781 25 1
11.488 -10.2231 0.997376 25 1
-8.25487 -7.99069 0.971549 25 1
-9.7654 6.24792 0.976419 25 1
12.5858 12.8345 0.996869 25 1
0.520682 0.145873 0.0779285 25 0
0.506885 -0.0337908 0.068802 25 0
0.10298 0.0375302 0.375496 25 0
0.494393 -0.0984246 0.0725513 25 0
1.35361 -0.648993 0.465691 25 0
0.464619 -0.0137413 0.16443 25 0
0.389166 -0.172176 0.337923 25 0
0.287649 0.288656 0.435057 25 0
8.32081 -12.0273 0.982472 25 1
0.740872 -3.43498 0.907197 25 0
15 15 0.999982 25 0
-15 15 0.999982 25 0
-12.071 -8.54727 0.990916 25 1
0.49435 0.033748 0.0843558 25 0
0.522764 0.00991882 0.0639914 25 0
0.517764 0.221715 0.124911 25 0
-3.27717 -6.13281 0.969006 25 0
0.517759 -0.123437 0.0686686 25 0
-8.05444 13.6427 0.992534 25 1
-15 -3.18898 0.993623 25 0
0.328054 0.95647 0.240226 25 0
1.05634 -1.12635 0.389317 25 0
8.11055 2.74725 0.989926 25 1
-11.2934 -11.4329 0.995098 25 1
9.32558 -15 0.994344 25 0
0.393662 -0.123489 0.407092 25 0
-14.1366 12.1887 0.997694 25 1
0.0395142 -0.227884 0.967289 25 0
-14.9895 3.33634 0.995602 25 1
-15 15 0.999982 25 0
13.9571 5.9905 0.982966 25 1
0.466816 0.166101 0.0843806 25 0
2.02443 -2.38583 0.711604 25 0
0.564097 0.0454446 0.132571 25 0
0.103361 -0.541439 0.0958844 25 0
0.560828 0.220667 0.274608 25 0
-11.5805 13.8218 0.999551 26 1
15 -15 0.999982 26 0
1.02904 -0.0462804 0.21796 26 0
-15 15 0.999982 26 0
15 -15 0.999982 26 0
-3.95463 14.7621 0.988363 26 1
0.540117 0.211918 0.17999 26 0
0.521599 -0.0837031 0.0659525 26 0
8.66931 13.4803 0.998242 26 1
0.494289 0.11988 0.0683122 26 0
0.539115 0.105466 0.0921439 26 0
0.514802 0.0225713 0.0645754 26 0
15 4.35142 0.988093 26 0
-15 15 0.999982 26 0
0.462576 -0.0997943 0.136943 26 0
1.18908 -14.38 0.99939 26 1
9.63625 0.683748 0.999001 26 1
7.20756 11.9873 0.992246 26 1
14.9821 -9.07568 0.999737 26 1
0.540981 0.134181 0.109655 26 0
0.319137 -1.38466 0.742565 26 0
15 -15 0.999982 26 0
-9.55975 -14.8183 0.996382 26 1
14.9361 -11.3055 0.993446 26 1
-6.55451 -14.7171 0.991497 26 1
14.009 1.76064 0.980558 26 1
0.296129 -0.229004 0.622454 26 0
0.94794 -0.568806 0.323999 26 0
-15 -15 0.999982 26 0
-13.8693 -2.12413 0.987134 26 1
0.418472 -0.0235905 0.371619 26 0
6.74416 2.03386 0.998411 26 1
7.14027 -0.944036 0.96295 26 1
0.517969 -0.0239325 0.063852 26 0
-15 -15 0.999982 26 0
0.508469 -0.13501 0.0649228 26 0
-9.94321 -5.08897 0.992189 26 1
8.3537 -0.792172 0.946602 26 1
11.9308 -8.01795 0.999599 26 1
8.47561 2.24622 0.975888 26 1
0.674163 -4.61469 0.857557 26 1
0.546776 0.181412 0.165202 26 0
-15 15 0.999982 26 0
0.42806 -0.217059 0.117842 26 0
0.513167 0.0844385 0.0637554 26 0
-14.8829 13.3732 0.993932 26 1
12.3802 11.8146 0.996002 26 1
3.16502 -1.70479 0.8032 26 1
-6.94852 14.9431 0.999901 26 1
6.70843 -14.6262 0.993247 26 1
0.697807 0.0853508 0.799648 26 0
-8.83796 10.2592 0.982439 26 1
14.3639 13.2187 0.995832 26 1
0.666406 6.70626 0.931622 26 1
0.255073 -0.359202 0.2641 26 0
0.353732 -0.164151 0.534119 26 0
0.534351 0.089677 0.0794706 26 0
0.553085 0.196671 0.206285 26 0
11.9086 -13.7907 0.992238 26 1
14.7775 12.8428 0.998856 26 1
14.8734 12.4478 0.989658 26 1
-8.82259 -11.8862 0.992216 26 1
-1.37443 2.90328 0.767812 26 0
-10.3202 14.2948 0.996619 26 0
1.64903 -1.5883 0.9344 26 0
0.512647 0.0880029 0.0637548 26 0
0.0170443 1.01198 0.238616 26 0
-15 -15 0.999982 26 0
0.497398 0.0604456 0.0761651 26 0
0.297173 0.341993 0.209224 26 0
-2.34091 1.65759 0.998462 26 1
-14.944 -2.40257 0.984248 26 1
-3.68432 10.2811 0.973572 26 1
0.39944 0.32408 0.0649123 26 0
0.184287 0.109354 0.921816 26 0
9.84487 -1.14696 0.962764 26 1
-7.6882 -10.8727 0.999016 26 1
-3.05683 7.59329 0.990705 26 1
-0.74826 0.97784 0.853446 26 0
-10.3191 1.23218 0.971829 26 1
-12.7079 -13.374 0.993628 26 1
-4.70461 -11.9716 0.998994 26 1
-14.5793 0.384701 0.985151 26 1
1.53559 -5.78281 0.99482 26 1
14.5008 -14.3825 0.990506 26 1
-10.961 -0.11218 0.969102 26 1
15 -15 0.999982 26 0
8.83198 3.71779 0.985751 26 1
0.467268 -0.0368611 0.151181 26 0
11.671 10.851 0.999373 26 1
12.7376 6.78927 0.99918 26 1
-0.669309 4.9886 0.983555 26 0
8.42932 -13.4974 0.998283 26 1
-3.78555 11.8474 0.987093 26 1
15 -15 0.999982 26 0
3.42674 -4.45346 0.950141 26 1
-1.44819 -7.51233 0.992446 26 1
13.7009 -8.7989 0.986507 26 1
0.517667 0.102096 0.0656211 26 0
1.07151 13.4706 0.985448 26 1
4.26352 10.6136 0.976845 26 0
11.56 -11.9691 0.991537 26 1
0.513829 0.0817095 0.0637548 26 0
0.528192 0.230042 0.165297 26 0
-1.56735 -1.10299 0.878537 26 0
0.479808 0.0354509 0.114803 26 0
-13.7133 -2.60613 0.995369 26 1
-15 15 0.999982 26 0
0.733511 -1.97514 0.528707 26 0
0.536577 0.281419 0.289825 26 0
0.483062 0.104139 0.086636 26 0
0.356196 -0.311461 0.13711 26 0
-10.2669 14.977 0.996576 26 1
0.318356 0.285329 0.327876 26 0
-14.2029 4.63445 0.999811 26 1
-9.6286 0.191216 0.995494 26 1
0.522498 0.0979743 0.068142 26 0
0.386213 -0.189067 0.315207 26 0
-6.73821 10.585 0.975532 26 1
-14.8055 -14.859 0.99132 26 1
0.524967 0.114964 0.0737275 27 0
3.56549 14.8443 0.986901 27 1
-14.0548 12.4691 0.990225 27 1
11.9367 1.54476 0.973172 27 1
-14.4685 -14.9459 0.996034 27 1
0.41728 -0.132842 0.276509 27 0
-0.367966 7.59176 0.999832 27 1
-0.557726 11.218 0.999286 27 1
7.75059 0.994284 0.941972 27 1
-2.86631 7.27257 0.941532 27 1
12.0239 14.2961 0.99685 27 1
-6.93668 13.1942 0.999837 27 1
-13.54 0.52305 0.981621 27 1
0.195974 -14.1432 0.980438 27 1
0.555636 0.178641 0.193012 27 0
0.611142 0.152738 0.413002 27 0
0.00544274 0.729759 0.905315 27 0
15 15 0.999982 27 0
15 15 0.999982 27 0
0.541668 0.055844 0.0836332 27 0
-13.9922 -14.4377 0.999039 27 1
-15 15 0.999982 27 0
-10.1373 -14.7177 0.989616 27 1
0.929303 -0.0172081 0.524119 27 0
-15 15 0.999982 27 0
0.484245 0.0428999 0.102682 27 0
-5.23247 -7.70451 0.972858 27 1
0.711224 -14.5588 0.985888 27 1
0.478763 0.00961992 0.120749 27 0
0.513774 0.0847388 0.0637631 27 0
0.461091 0.12902 0.120906 27 0
15 -15 0.999982 27 0
15 -15 0.999982 27 0
0.568926 0.0983658 0.169711 27 0
3.75127 -14.4706 0.999563 27 1
-14.5226 -3.31554 0.999563 27 1
-15 15 0.999982 27 0
-12.614 -0.963685 0.98135 27 1
0.282689 0.189383 0.800051 27 0
6.45526 -9.60283 0.973691 27 1
0.456578 -0.0558737 0.182016 27 0
10.355 -13.99 0.993146 27 1
0.45713 0.042564 0.185332 27 0
4.78056 -14.0703 0.997629 27 1
14.9702 -11.9446 0.999386 27 1
0.608338 0.349792 0.793854 27 0
0.43787 -0.184551 0.131121 27 0
-13.2948 -2.26853 0.988686 27 1
14.9672 1.1132 0.995753 27 1
-12.3462 2.00235 0.978048 27 1
15 -15 0.999982 27 0
5.8992 -13.9413 0.984138 27 1
0.230881 1.51432 0.40357 27 0
-5.46171 -14.2862 0.989535 27 1
5.40001 1.19412 0.995612 27 1
0.308589 0.947084 0.271761 27 0
14.5892 14.8834 0.99392 27 1
15 15 0.999982 27 0
0.456414 -0.0568853 0.182162 27 0
-6.051 -12.2973 0.984863 27 0
0.53571 0.126067 0.0941226 27 0
1.63527 -1.60399 0.9364 27 0
1.08325 -3.13999 0.940893 27 0
-15 -7.15477 0.993313 27 0
6.07739 -14.9929 0.986461 27 1
13.0859 -2.32737 0.997204 27 1
4.46655 6.94372 0.969117 27 1
-0.846398 -7.48499 0.991961 27 1
-11.0579 14.8742 0.998854 27 1
0.532693 0.00017187 0.0690186 27 0
12.5059 -14.8891 0.991329 27 1
12.5215 -12.1487 0.996283 27 1
-11.9632 -13.0701 0.990342 27 1
7.59311 14.9951 0.987393 27 1
-13.2235 9.01242 0.99941 27 1
0.346238 0.284252 0.23074 27 0
0.0151693 1.01101 0.240302 27 0
0.502822 0.109078 0.0648559 27 0
0.399591 -0.19517 0.245139 27 0
-15 15 0.999982 27 0
0.9009 14.3952 0.999599 27 1
-14.3246 -6.31395 0.985543 27 1
14.7159 -2.80784 0.997907 27 1
14.4145 -6.9177 0.999806 27 1
-0.465325 -5.06163 0.95055 27 1
0.890563 -1.20843 0.465745 27 0
-14.8807 -9.57738 0.991837 27 1
2.8788 -3.71574 0.847495 27 0
15 -15 0.999982 27 0
0.306677 -0.413357 0.0647868 27 0
0.491209 0.0980288 0.0763752 27 0
0.479278 0.0685236 0.107294 27 0
9.84845 1.18583 0.962091 27 1
-14.0407 14.4652 1 27 1
6.3613 -10.5771 0.998687 27 1
0.518173 -0.080665 0.0643522 27 0
-13.9802 0.776575 0.990546 27 1
-14.7054 15 0.992203 27 0
15 -15 0.999982 27 0
8.5351 7.82221 0.974411 27 1
7.25793 11.9054 0.996827 27 1
13.8575 1.48655 0.997363 27 1
0.522255 0.164091 0.0885839 27 0
11.4536 -1.19722 0.970732 27 1
-1.98349 3.00834 0.795423 27 1
-3.98863 -15 0.996907 27 1
0.212451 -0.0503484 0.934302 27 0
0.500148 0.0278551 0.0763387 27 0
2.25979 -1.341 0.634442 27 0
0.567468 0.0566297 0.145884 27 0
0.188071 -11.1728 0.992926 27 1
1.17747 -6.0877 0.927104 27 0
0.375307 -0.245847 0.227768 27 0
10.8757 -2.69748 0.997079 27 1
0.513296 0.107233 0.0643416 27 0
5.28153 12.6844 0.989071 27 1
0.457951 -0.0686248 0.170677 27 0
0.477317 0.0951514 0.101412 27 0
-11.6099 -1.72883 0.998158 27 1
0.558499 0.168661 0.1921 27 0
0.501417 0.139276 0.0637558 28 0
0.513388 0.10847 0.0644428 28 0
-14.3203 -3.40979 0.984116 28 1
9.25218 -10.3089 0.9996 28 1
0.440211 -0.0950619 0.220521 28 0
15 -15 0.999982 28 0
0.397343 -0.121004 0.391936 28 0
0.507111 0.0662539 0.0663772 28 0
-15 -15 0.999982 28 0
0.9873 -0.626992 0.589329 28 0
12.0711 -14.5228 0.989386 28 1
0.407129 -0.103147 0.367064 28 0
0.525056 0.0789465 0.0676592 28 0
15 -15 0.999982 28 0
0.97592 -0.0351447 0.329109 28 0
3.6046 12.9813 0.990535 28 1
-15 15 0.999982 28 0
-15 15 0.999982 28 0
-5.3863 -12.3178 0.994027 28 1
0.500897 0.0900088 0.0680791 28 0
0.510747 -0.0574902 0.0650764 28 0
0.152913 0.0474661 0.673789 28 0
7.57608 1.40321 0.975258 28 1
-2.05762 1.98425 0.994669 28 0
0.467213 -0.00872486 0.15593 28 0
0.462116 -0.064201 0.15844 28 0
-15 15 0.999982 28 0
0.513422 0.0784282 0.0637785 28 0
14.0074 -14.9464 0.991876 28 1
0.452491 0.211261 0.0784255 28 0
-13.1349 -4.23984 0.996287 28 1
-11.8811 -9.21908 0.992881 28 1
-15 -15 0.999982 28 0
0.446577 -0.0605535 0.219229 28 0
11.3029 -3.31885 0.999999 28 1
15 10.8025 0.996128 28 0
15 -15 0.999982 28 0
-12.642 -10.5009 0.998247 28 1
0.439517 -0.0670296 0.245626 28 0
0.263562 -0.361593 0.233002 28 0
-2.62081 4.84306 0.999666 28 0
-15 15 0.999982 28 0
0.619287 0.284337 0.694348 28 0
0.524715 0.0738559 0.0669209 28 0
-0.0638478 1.89195 0.933645 28 0
5.53834 -10.8518 0.988404 28 1
10.4527 14.9864 0.989378 28 1
0.491366 -0.0899568 0.07821 28 0
11.5979 -9.91094 0.986017 28 1
0.458281 -1.32782 0.802486 28 0
-9.47914 -9.20378 0.987643 28 1
-5.18115 -13.2564 0.986357 28 1
-0.0688257 12.8704 0.998505 28 1
5.44512 10.4233 0.999551 28 1
-13.8616 12.8541 0.990083 28 1
9.38679 3.80246 0.991538 28 1
14.3949 -14.0811 0.999834 28 1
15 -15 0.999982 28 0
-1.67497 -1.86044 0.767433 28 1
-0.14985 -7.07608 0.999781 28 1
4.74589 -6.01356 0.98981 28 1
-11.7452 -14.4761 0.998857 28 1
-15 -15 0.999982 28 0
0.326582 0.0652699 0.832785 28 0
-8.22615 13.8089 0.994824 28 1
0.499641 0.0769791 0.0710509 28 0
0.516895 0.0819333 0.0640873 28 0
14.3137 -14.9546 0.999885 28 1
15 -15 0.999982 28 0
-12.0033 5.20976 0.977191 28 1
13.5922 -9.36332 0.999928 28 1
0.517004 0.146672 0.0737266 28 0
0.491176 0.134934 0.0677385 28 0
9.15383 -6.67914 0.994404 28 1
-9.35218 2.4386 0.999308 28 1
8.46595 15 0.988073 28 0
-7.97412 -10.953 0.981787 28 1
14.9098 12.3523 0.989491 28 1
-4.86659 -14.103 0.999992 28 1
0.442527 -0.168603 0.135915 28 0
0.330906 0.186307 0.592095 28 0
-12.6139 12.1268 0.999166 28 1
14.9091 8.39814 0.996098 28 1
-2.91461 11.8507 0.991558 28 1
-2.43543 -5.14838 0.905732 28 1
0.516191 0.0837368 0.0640062 28 0
1.6459 -1.61348 0.960497 28 0
0.365493 0.284471 0.170365 28 0
0.0320181 0.991815 0.281414 28 0
-8.61744 9.2123 0.977472 28 1
0.507531 0.0108741 0.069106 28 0
0.075304 9.84635 0.973399 28 1
0.432913 0.154165 0.183675 28 0
0.372957 -0.243625 0.241701 28 0
0.0501356 -14.0272 0.987556 28 1
10.5117 5.74363 0.97671 28 1
-5.25143 9.98542 0.999333 28 1
-1.83564 -1.51123 0.993148 28 0
-9.94375 11.2966 0.991719 28 1
9.68676 -14.6618 0.99953 28 1
9.32858 -0.537175 0.965695 28 1
-14.128 -13.2705 0.989504 28 1
10.176 7.96806 0.993027 28 1
-11.2789 5.14991 0.99269 28 1
14.0851 -0.494969 0.98157 28 1
-1.32331 8.92645 0.974326 28 0
-4.15695 -7.31067 0.948457 28 1
-11.9407 -14.975 0.999347 28 1
-15 15 0.999982 28 0
9.48676 9.73526 0.979127 28 1
14.0942 -14.9355 0.994434 28 1
0.516866 0.155779 0.0767208 28 0
10.3899 -9.27236 0.998209 28 1
-12.7699 -12.3431 0.988263 28 1
0.524337 0.104931 0.0708754 28 0
-12.2203 4.02229 0.998852 28 1
0.392484 -0.207547 0.248401 28 0
5.35787 -9.01869 0.965342 28 1
4.68836 14.9615 0.984473 28 1
-8.60789 1.80376 0.968271 28 1
0.493338 0.141368 0.0654268 29 0
0.51387 0.0792223 0.0637572 29 0
8.64805 -12.9266 0.994209 29 1
13.5367 8.94841 0.985048 29 1
6.20297 -0.262616 0.92362 29 1
-14.9785 -14.9842 0.999887 29 1
-15 15 0.999982 29 0
13.7071 -7.44143 0.990013 29 1
-15 15 0.999982 29 0
7.18017 -13.0798 0.999998 29 1
6.91032 -13.4652 0.984305 29 1
13.3809 4.83956 0.985957 29 1
0.503008 0.0236419 0.0731393 29 0
11.8392 -5.38512 0.982237 29 1
14.1202 -4.90802 0.999566 29 1
0.455303 -0.0273171 0.19692 29 0
10.7897 -0.230774 0.996087 29 1
15 -15 0.999982 29 0
-5.61873 -2.78574 0.908147 29 1
0.510609 -0.0537448 0.065316 29 0
0.996 -0.0388395 0.270119 29 0
0.510005 0.048969 0.0658522 29 0
0.517613 -0.0684016 0.0638767 29 0
1.54912 6.72017 0.942772 29 1
-15 15 0.999982 29 0
-12.4124 -5.87241 0.987994 29 1
-5.65562 11.5819 0.997007 29 1
5.19234 6.18134 0.99623 29 1
10.2747 -13.2454 0.985999 29 1
-14.7049 -11.385 0.999964 29 1
-5.38885 4.92279 0.932626 29 1
0.31119 0.254097 0.46729 29 0
14.2925 -3.66986 0.98725 29 1
12.6795 14.9711 0.999905 29 1
14.9274 -9.66708 0.987658 29 1
-15 -15 0.999982 29 0
0.568724 0.0345623 0.144264 29 0
-2.96149 -6.87267 0.975481 29 1
2.76735 -10.9325 0.999567 29 1
-5.99913 10.6756 0.996899 29 1
10.3172 13.6875 0.993887 29 1
15 -15 0.999982 29 0
1.3329 8.5164 0.999317 29 1
0.490842 0.0747593 0.0827295 29 0
15 -15 0.999982 29 0
10.7294 7.16316 0.995815 29 1
0.517261 0.141051 0.0723246 29 0
0.527415 0.091056 0.0713561 29 0
0.190216 0.0353348 0.842602 29 0
0.51273 0.159423 0.0731976 29 0
7.7952 14.7635 0.987613 29 1
-7.54588 -13.8173 0.98483 29 1
-12.5248 -4.54215 0.999348 29 1
0.416805 0.022302 0.380913 29 0
0.306639 0.998369 0.214486 29 0
0.79585 -1.24256 0.541792 29 0
-14.6311 -4.26678 0.98492 29 1
14.9978 10.0625 0.999995 29 1
5.41341 -7.61731 0.9655 29 1
0.500283 0.111407 0.0657538 29 0
-4.28518 -14.9103 0.997447 29 1
1.45165 7.10947 0.942495 29 1
-14.9939 14.9142 0.998987 29 1
-12.2236 9.48978 0.999516 29 1
3.07016 -7.30103 0.949054 29 1
2.35083 11.8963 0.97964 29 1
-14.9881 3.21281 0.992962 29 1
15 -15 0.999982 29 0
-1.99007 -14.9674 0.98689 29 1
14.9722 -14.9045 0.998118 29 1
4.7167 -6.57603 0.998901 29 0
0.517834 0.0788203 0.0641898 29 0
0.2587 -0.455859 0.0642795 29 0
6.58144 -10.0974 0.973303 29 1
-12.223 -2.48874 0.981904 29 1
4.26513 -2.8846 0.901486 29 0
0.44742 -0.101203 0.186801 29 0
-5.5022 -14.9998 0.99997 29 1
1.64741 -1.6027 0.950212 29 0
0.536632 0.0979602 0.0852207 29 0
13.0759 -1.10514 0.978153 29 1
-11.4274 13.4941 0.992841 29 1
-14.7246 -5.07458 0.992136 29 1
15 15 0.999982 29 0
0.46967 -0.0467013 0.140729 29 0
0.490781 0.104389 0.0752745 29 0
-10.9096 -12.263 0.996886 29 1
0.508179 0.0535675 0.0666374 29 0
-15 1.56553 0.988513 29 1
-14.3763 -12.1531 0.989081 29 1
-9.34747 -14.9959 0.993734 29 1
0.63041 2.10596 0.701455 29 0
-13.798 2.13518 0.995016 29 1
15 -15 0.999982 29 0
-9.20751 14.9974 0.998532 29 1
2.1638 -12.0143 0.992106 29 0
0.468054 -0.00832401 0.153138 29 0
0.386712 -0.206349 0.274576 29 0
0.498961 0.0428202 0.0765064 29 0
0.440248 -0.175938 0.134284 29 0
-15 15 0.999982 29 0
0.0415108 0.982352 0.30757 29 0
0.504751 0.0641056 0.0681667 29 0
0.380049 -0.246904 0.208646 29 0
0.375931 0.285193 0.141095 29 0
13.5304 -5.2018 0.994363 29 1
0.528212 0.270652 0.233408 29 0
-15 15 0.999982 29 0
0.502594 0.121617 0.064084 29 0
0.494971 0.0984196 0.0719454 29 0
1.7603 -6.27004 0.996757 29 0
0.158879 0.519382 0.0814282 29 0
12.1815 11.4343 0.987006 29 1
8.61994 14.383 0.98606 29 1
9.62233 12.3754 0.984561 29 1
2.17612 14.1131 0.991736 29 1
0.499117 0.0540982 0.0749284 29 0
15 15 0.999982 29 0
15 15 0.999982 29 0
-12.5138 -15 0.996663 29 0
