-1.26766 10.9062 0.968179 1 1
-14.29 -5.84954 0.999983 1 1
-9.12167 -4.43397 0.994116 1 1
11.149 5.19633 0.999985 1 1
6.85688 1.8384 0.99757 1 1
7.30529 -9.97727 0.996711 1 1
5.5897 -3.65661 0.957082 1 1
8.20238 2.61003 0.998164 1 1
-14.0343 -4.06613 0.983171 1 1
-10.8014 -9.41006 0.99652 1 1
-6.20842 -8.71966 0.998939 1 1
-6.37102 -9.01063 0.969986 1 1
-11.2177 1.55768 0.995246 1 1
9.9369 -6.04868 0.982738 1 1
4.71948 3.82061 0.991212 1 1
-13.8806 13.4436 0.99031 1 1
-10.6106 1.15272 0.995693 1 1
-5.45185 13.8615 0.999524 1 1
-9.50264 8.88494 0.981909 1 1
12.7689 6.85683 0.99461 1 1
12.4937 2.43904 0.992509 1 1
4.32528 -7.75399 0.952578 1 1
-0.198281 -5.88708 0.948271 1 1
3.9312 12.7248 0.999121 1 1
5.12209 -13.9558 0.998035 1 1
-14.8917 8.06227 0.99687 1 1
14.9804 3.5395 0.998358 1 1
1.14975 -10.4378 0.966044 1 1
-7.77366 -12.8139 0.997472 1 1
10.6741 11.2449 0.998086 1 1
-11.1888 13.2269 0.987815 1 1
7.75924 -3.05321 0.948559 1 1
-1.45096 8.94287 0.984356 1 1
-3.18459 -5.50046 0.925967 1 1
2.2488 -9.70808 0.96167 1 1
-9.40396 1.35813 0.965952 1 1
-2.37905 8.29002 0.999602 1 1
5.82401 -1.31225 0.990712 1 1
2.32554 5.56272 0.999779 1 1
5.78134 -7.11058 0.999997 1 1
-3.19677 -7.76697 0.947232 1 1
-5.72998 10.8129 0.995989 1 1
11.6218 -6.89815 0.985248 1 1
7.82301 -3.59166 0.998218 1 1
3.33702 3.57134 0.964765 1 1
-5.2454 13.2356 0.986814 1 1
-5.68912 -4.06762 0.985732 1 1
1.88058 -8.69945 0.951934 1 1
-14.3069 10.7584 0.991478 1 1
12.8187 -1.87697 0.988878 1 1
-9.00397 2.36244 0.974024 1 1
1.76891 7.7909 0.972037 1 1
-13.6576 -14.5271 0.990667 1 1
2.91253 -14.6696 0.999304 1 1
-5.59032 8.63797 0.992423 1 1
4.85662 4.36485 0.999293 1 1
-10.4982 11.629 0.984926 1 1
15 15 0.999982 1 0
9.1211 9.77605 0.99973 1 0
1.18649 -8.07481 0.99584 1 1
15 15 0.999982 1 0
15 3.04616 0.990693 1 0
15 15 0.999982 1 0
15 15 0.999982 1 0
10.4356 11.9907 0.997132 1 0
15 15 0.999982 1 0
-13.1997 14.8214 0.990815 1 1
-3.8412 6.03055 0.984021 1 1
13.5344 8.06452 0.985365 1 0
0.801382 10.9495 0.968207 1 0
15 15 0.999982 1 0
15 15 0.999982 1 0
8.17055 8.9825 0.981986 1 0
15 15 0.999982 1 0
-0.304217 6.99724 0.989188 1 0
9.50615 10.4584 0.980379 1 0
15 7.21908 0.990987 1 0
15 15 0.999982 1 0
15 15 0.999982 1 0
15 15 0.999982 1 0
13.5471 5.69534 0.982599 1 0
13.2364 15 0.993726 1 0
15 15 0.999982 1 0
15 4.53312 0.984788 1 0
15 15 0.999982 1 0
14.4822 15 0.993473 1 0
6.61574 8.74157 0.969019 1 0
7.88444 10.4402 0.977205 1 0
15 6.56303 0.993572 1 0
15 15 0.999982 1 0
15 10.5983 0.988957 1 0
9.89844 9.78982 0.998463 1 0
15 15 0.999982 1 0
15 15 0.999982 1 0
10.1474 10.1681 0.99923 1 0
15 15 0.999982 1 0
15 10.672 0.990999 1 0
15 15 0.999982 1 0
10.0652 10.4622 0.992032 1 0
14.7564 15 0.993786 1 0
11.1257 9.51122 0.982039 1 0
6.61592 2.17273 0.97354 1 0
10.0136 10.0076 0.980712 1 0
15 15 0.999982 1 0
15 15 0.999982 1 0
15 15 0.999982 1 0
15 12.8607 0.995376 1 0
15 11.0752 0.998683 1 0
15 15 0.999982 1 0
15 8.66403 0.987726 1 0
15 15 0.999982 1 0
9.54002 13.9262 0.992613 1 0
15 11.405 0.988875 1 0
12.3264 15 0.990146 1 0
12.5286 15 0.997205 1 0
9.64964 9.96526 0.99999 1 0
15 9.10219 0.999988 1 0
15 14.4918 0.993153 1 0
15 1.00035 0.993386 1 0
9.68598 10.8683 0.987662 1 0
-14.3257 -2.43376 0.99058 2 1
15 9.57406 0.98755 2 0
-12.5056 -6.98342 0.996325 2 1
15 15 0.999982 2 0
-6.02946 -14.0917 0.992848 2 1
-14.2453 -5.83674 0.998468 2 1
15 15 0.999982 2 0
12.2272 -10.4377 0.99457 2 1
0.556099 -3.19343 0.812028 2 1
11.2615 -12.7955 0.999606 2 1
15 15 0.999982 2 0
-11.3314 8.35758 0.982448 2 1
6.73924 -8.73118 0.96947 2 1
15 15 0.999982 2 0
15 8.64329 0.987347 2 0
5.75319 13.2248 0.999641 2 0
4.56779 15 0.984435 2 0
15 11.9572 0.998148 2 0
1.69183 8.32667 0.970088 2 1
15 15 0.999982 2 0
15 15 0.999982 2 0
15 15 0.999982 2 0
-10.834 -13.2172 0.997562 2 1
15 15 0.999982 2 0
14.5684 -6.3333 0.996342 2 1
-3.90603 -12.3787 0.985483 2 1
-14.2789 -10.8742 0.994955 2 1
15 10.592 0.988838 2 0
10.6896 9.09741 0.98649 2 1
15 15 0.999982 2 0
-14.8237 -0.473549 0.995159 2 1
-6.94269 6.8929 0.987939 2 1
15 15 0.999982 2 0
-13.6478 -10.966 0.999502 2 1
3.00894 -8.6554 1 2 1
15 15 0.999982 2 0
12.1995 15 0.989968 2 0
-9.86074 -4.86234 0.96797 2 1
15 15 0.999982 2 0
-14.7857 0.859271 0.993072 2 1
7.86292 9.54913 0.996296 2 0
-11.5019 10.9686 0.996959 2 1
-10.4775 -14.7704 0.999142 2 1
15 15 0.999982 2 0
-8.73109 -14.5494 0.998855 2 1
-6.97255 -13.7571 0.999686 2 1
-9.58801 -4.17447 0.964984 2 1
15 10.2105 0.99737 2 0
15 11.2956 0.990759 2 0
15 8.89455 0.995735 2 0
15 15 0.999982 2 0
0.19157 1.85964 0.974284 2 1
4.02942 12.6815 0.998391 2 0
11.2331 9.36699 0.982426 2 0
15 10.5977 0.988944 2 0
15 7.32541 0.987719 2 0
15 15 0.999982 2 0
15 14.1859 0.999559 2 0
14.7531 13.489 0.99289 2 0
15 15 0.999982 2 0
15 14.6777 0.991574 2 0
-7.88437 -1.72722 0.995983 2 1
-4.19047 -14.2558 0.997533 2 1
15 15 0.999982 2 0
-14.5828 -6.90692 0.98934 2 1
15 15 0.999982 2 0
14.2786 15 0.999755 2 0
15 8.76535 0.990696 2 0
6.34477 10.841 0.975299 2 0
10.0041 11.1378 0.998555 2 0
13.7464 15 0.992206 2 0
-12.0302 -13.0537 0.988585 2 1
11.9238 14.8657 0.998879 2 0
1.77821 -14.6765 0.990169 2 1
-2.95999 -4.47438 0.937495 2 1
-11.037 10.619 0.991683 2 1
-10.5435 -8.25863 0.998698 2 1
15 15 0.999982 2 0
8.07873 12.4884 0.998513 2 0
1.57341 -11.3997 0.970817 2 1
15 5.91233 0.990404 2 0
15 15 0.999982 2 0
14.9216 -13.3296 0.993914 2 1
-13.5152 -13.2994 0.993254 2 1
-14.5285 -4.90927 0.993647 2 1
12.3916 13.1609 0.999933 2 0
9.87063 13.1382 0.998163 2 1
15 8.52812 0.987015 2 0
15 15 0.999982 2 0
-13.6374 -6.95655 0.991004 2 1
0.0113869 -14.8228 0.994327 2 1
-14.9948 -10.379 0.99123 2 1
15 15 0.999982 2 0
13.9208 9.63743 0.996676 2 0
15 15 0.999982 2 0
6.29352 15 0.985764 2 0
6.90914 -14.5303 0.993428 2 1
-10.6845 -12.7939 0.989301 2 1
-11.8551 -12.4597 0.98952 2 1
12.2917 0.432308 0.999974 2 1
15 11.8602 0.999953 2 0
-1.83441 -10.1218 0.992849 2 1
15 10.8705 0.998431 2 0
15 15 0.999982 2 0
15 15 0.999982 2 0
-6.84006 -13.28 0.999849 2 1
-10.8331 -5.0514 0.97994 2 1
5.81243 -14.2068 0.995019 2 1
15 11.4046 0.988876 2 0
15 15 0.999982 2 0
-10.6223 0.589236 0.990035 2 1
6.4859 7.2144 0.999684 2 0
-12.9394 6.58958 0.991711 2 1
8.2309 14.2898 0.999997 2 1
-14.7193 -4.33668 0.994551 2 1
-13.0327 -10.151 0.999648 2 1
-13.869 13.693 0.993893 2 1
-0.30492 3.03112 0.786797 2 1
-3.20873 -14.7541 0.986903 2 1
-14.8123 -6.30632 0.992563 2 1
-4.18366 11.0972 0.994285 3 1
15 15 0.999982 3 0
-4.9999 15 0.989574 3 0
14.1915 -7.47199 0.997547 3 1
7.76728 8.07382 0.996878 3 0
8.42539 15 0.989156 3 0
-9.28974 7.045 0.987228 3 1
-8.39414 1.14285 0.962293 3 1
8.12812 -14.6946 0.986715 3 1
6.17976 12.339 0.996074 3 0
15 5.39298 0.999512 3 0
10.1366 10.2607 0.9996 3 0
5.39349 11.9301 0.977203 3 1
-6.09017 15 0.985918 3 0
14.8788 -14.8566 0.993041 3 1
9.89483 -1.3969 0.964176 3 1
15 2.43093 0.983051 3 0
-10.9321 12.6244 0.987359 3 1
-14.7763 14.3605 0.998136 3 1
13.5904 15 0.997818 3 0
-10.3536 -13.9069 0.988446 3 1
2.74795 14.8957 0.983709 3 1
15 15 0.999982 3 0
6.44071 15 0.989337 3 0
15 15 0.999982 3 0
15 15 0.999982 3 0
15 15 0.999982 3 0
15 9.57836 0.98754 3 0
15 11.534 0.990898 3 0
-8.6561 13.9752 0.998493 3 1
-0.878359 9.69414 0.996827 3 0
-13.1082 -2.56653 0.999978 3 1
11.019 11.1563 0.98442 3 0
-4.24889 9.45455 0.976889 3 1
15 9.56004 0.987615 3 0
15 8.78399 0.991391 3 0
9.40241 10.2167 0.999936 3 0
7.45456 -9.44558 0.973212 3 1
15 9.2078 0.998412 3 0
11.2634 14.4838 0.988459 3 1
14.9399 5.09006 0.987204 3 1
-5.25216 15 0.996915 3 0
8.82869 10.3938 0.979369 3 0
10.6586 3.41514 0.995528 3 1
8.40787 8.92285 0.998196 3 0
-13.4384 1.41876 0.985453 3 1
13.1386 15 0.99071 3 0
10.4186 15 0.989749 3 0
10.6676 15 0.990847 3 0
11.4677 12.4552 0.996614 3 0
14.8913 -5.01527 0.984073 3 1
-5.23467 -12.1715 0.992603 3 1
0.30393 -14.6819 0.982172 3 1
12.5369 12.5433 0.989418 3 1
5.85066 10.4683 0.975345 3 0
15 15 0.999982 3 0
15 11.0885 0.99832 3 0
6.30197 12.8886 0.998196 3 0
-4.65098 7.86243 0.998729 3 1
15 15 0.999982 3 0
15 15 0.999982 3 0
15 14.5404 0.991812 3 0
-11.3831 14.863 0.994185 3 1
14.3606 -11.1052 0.996869 3 1
15 15 0.999982 3 0
7.45877 15 0.985952 3 0
15 8.70587 0.988751 3 0
3.88674 4.77525 0.949529 3 0
15 15 0.999982 3 0
-0.574582 -5.46459 0.99996 3 1
15 13.7997 0.990956 3 0
-0.0341606 -13.4305 0.995504 3 1
3.77521 15 0.999725 3 0
15 11.4544 0.989119 3 0
15 15 0.999982 3 0
5.94478 2.99143 0.968853 3 1
-14.9528 11.2604 0.994365 3 1
7.8912 12.1577 0.994536 3 0
5.13807 -0.382854 0.899378 3 1
15 15 0.999982 3 0
15 4.60184 0.984196 3 0
0.293633 4.95239 0.999139 3 0
11.2632 -8.73832 0.988897 3 1
9.20927 -10.5694 0.988546 3 1
15 15 0.999982 3 0
15 10.2388 0.996371 3 0
-12.5363 11.5601 0.999386 3 1
5.34084 8.38845 0.961146 3 0
15 9.37891 0.99224 3 0
12.9758 1.99827 0.978528 3 0
14.299 -2.11566 0.997978 3 1
-5.81827 4.56398 0.941505 3 1
-12.5152 0.901932 0.975534 3 1
-4.98941 -14.7166 0.995412 3 1
15 15 0.999982 3 0
15 7.70603 0.991223 3 0
15 15 0.999982 3 0
-1.66524 9.00134 0.99987 3 1
15 8.99356 0.998828 3 0
-3.3426 -1.92083 0.96303 3 1
-14.7794 9.00554 0.987194 3 1
10.3694 1.15209 0.966439 3 1
8.30765 10.5989 0.991256 3 0
-13.9463 -8.35575 0.98546 3 1
13.0942 11.2302 0.987117 3 1
10.5593 -1.76407 0.999051 3 1
10.9846 -12.9756 0.999872 3 1
-3.85993 -1.29549 0.886972 3 1
9.03887 -12.8347 0.984083 3 1
9.89787 12.8627 0.985043 3 1
0.91426 -8.59827 0.999901 3 1
8.41891 11.8306 0.991745 3 1
-13.3388 14.4603 0.999479 3 1
-8.91953 9.76311 0.98925 3 1
10.7937 14.762 0.988808 3 1
-8.54251 14.4386 0.986213 3 1
14.8309 -1.79623 0.999824 3 1
-0.255117 11.8577 0.994177 3 1
-14.864 -10.9471 0.994429 3 1
-4.17714 14.8847 0.999891 3 1
-13.3728 -5.63139 0.992865 4 1
13.1003 12.7593 0.988812 4 1
-6.65757 11.5897 0.999845 4 1
6.18252 13.7328 0.99062 4 0
15 15 0.999982 4 0
15 9.34901 0.993414 4 0
4.5723 -8.91127 0.967598 4 1
2.26571 8.3177 0.999366 4 0
8.40968 9.12682 0.991073 4 0
6.39123 -14.7313 0.996108 4 1
14.9994 -4.07859 0.995003 4 1
4.09993 8.7357 0.998044 4 0
15 15 0.999982 4 0
6.52109 2.45935 0.976105 4 0
-10.811 14.3075 0.993815 4 1
2.33106 6.71553 0.995853 4 0
13.9496 12.1908 0.998481 4 0
6.22833 6.30216 0.954345 4 0
4.07925 13.5719 0.9813 4 0
7.28996 5.4113 0.989179 4 0
14.048 2.77315 0.995928 4 1
12.3133 9.99232 0.993917 4 0
6.2547 8.40096 0.964822 4 0
-11.6538 1.25363 0.996501 4 1
-6.14343 2.63308 0.95495 4 0
8.45648 8.43151 0.98159 4 0
-14.4953 13.9683 0.999721 4 1
2.17204 -1.20596 0.809816 4 0
9.35919 9.49 0.999581 4 0
14.2514 -14.5156 0.992382 4 1
5.65523 6.33462 0.968467 4 0
-14.9971 9.10208 0.999997 4 1
11.1078 13.3602 0.990796 4 1
3.67752 5.34132 0.98919 4 0
15 9.38503 0.992005 4 0
15 5.93646 0.989651 4 0
-0.260128 9.55891 0.980745 4 0
4.76032 13.1095 0.996496 4 0
-14.5109 7.43142 0.987744 4 1
-12.4277 -14.3003 0.992267 4 1
11.291 9.40186 0.982476 4 0
2.7227 9.28354 0.999787 4 0
9.43328 9.38884 0.998596 4 0
13.881 4.7603 0.981889 4 0
4.42967 5.47493 0.998188 4 0
-14.9334 0.51382 0.999757 4 1
5.33069 15 0.998605 4 0
-7.31768 -13.7153 0.994886 4 1
-4.00992 13.9361 0.993783 4 1
-1.3761 11.1483 0.99934 4 0
-0.305993 8.16685 0.993688 4 0
6.93713 2.30373 0.931424 4 0
-1.15519 5.29272 0.974144 4 0
15 9.40376 0.991303 4 0
3.6703 5.25761 0.954551 4 0
14.7325 12.1684 0.999996 4 0
4.60277 8.38689 0.981872 4 0
4.25602 3.43344 0.996343 4 0
4.85671 6.78062 0.948269 4 0
8.44846 9.04564 0.995443 4 0
5.82296 -14.7223 0.991499 4 1
10.5053 15 0.988286 4 0
13.2926 3.08476 0.979747 4 1
5.85644 4.85985 0.999243 4 0
-11.2969 6.83305 0.986348 4 1
-10.2696 -10.2351 0.994043 4 1
1.49132 -12.8912 0.9859 4 1
2.16551 -11.9882 0.988223 4 1
3.73336 -7.38773 0.962459 4 1
15 12.065 0.994161 4 0
-14.3089 12.8578 0.994978 4 1
14.9508 10.1752 0.999816 4 1
-3.74703 7.15387 0.996733 4 0
-10.2726 -13.9411 0.987518 4 1
-15 15 0.999982 4 0
3.2214 7.77887 0.949897 4 0
0.306786 14.08 0.982223 4 0
6.11341 10.8403 0.985925 4 0
8.44396 7.34156 0.995107 4 0
13.5393 -12.6516 0.998689 4 1
2.57217 14.9219 0.98394 4 1
6.40626 7.29124 0.999461 4 0
-5.56664 13.7766 0.997513 4 0
3.10203 15 0.991833 4 0
5.04615 12.6603 0.979096 4 1
-13.1826 -14.9985 0.991794 4 1
-6.76012 -14.5605 0.996473 4 1
9.87838 10.0389 0.982171 4 0
8.51393 9.22403 0.97541 4 0
4.38662 9.36682 0.98154 4 0
-0.338179 4.9192 0.990642 4 1
-12.7515 -8.53378 0.994436 4 1
-9.88927 10.3585 0.996126 4 1
11.553 5.82177 0.991388 4 1
6.35568 -4.2131 0.997495 4 0
-14.8835 -9.79166 0.987632 4 1
-1.74115 5.28242 0.98384 4 0
12.8733 -14.8723 0.999555 4 1
-10.8936 -13.2121 0.995176 4 1
0.937913 -10.6819 0.999859 4 1
3.19205 10.6766 0.987568 4 1
-0.887756 10.4172 0.965064 4 1
9.33697 13.0645 0.996102 4 1
11.5982 -12.6629 0.991419 4 1
-14.9413 14.2963 0.999997 4 1
14.9653 -13.1277 0.990047 4 1
7.58002 14.1116 0.998722 4 1
-11.0024 15 0.999911 4 0
-14.9976 13.3633 0.998319 4 1
14.5559 -11.4738 0.998856 4 1
14.8242 1.18745 0.998394 4 1
6.14425 -13.7339 0.992132 4 1
6.4158 13.1907 0.981785 4 1
-14.5112 -11.9038 0.9912 4 1
-14.8421 -7.60233 0.988798 4 1
-4.8545 7.11919 0.999067 4 1
-10.3837 14.5677 0.990745 4 1
-14.962 11.3416 0.990889 4 1
-14.4994 -8.35418 0.986144 4 1
12.37 13.3039 0.996044 4 1
10.5465 -14.0726 0.999075 5 1
7.6931 4.17413 0.980429 5 0
10.2458 2.61074 0.976711 5 0
-14.9275 -1.77458 0.993452 5 1
9.46858 1.0276 0.97109 5 0
7.4841 3.54471 0.961381 5 0
10.3314 3.76689 0.967983 5 0
11.5869 0.682536 0.97846 5 1
-12.8413 -10.6446 0.988553 5 1
13.6805 -8.55773 0.989269 5 1
4.24997 -2.01782 0.847271 5 0
-0.443157 -0.0103931 0.251581 5 0
0.5797 -8.1499 0.994124 5 0
15 -15 0.999982 5 0
12.7461 3.39286 0.984683 5 0
6.52773 0.1204 0.999198 5 0
14.2706 -8.0528 0.994701 5 1
-12.3982 -13.9664 0.997137 5 1
-11.1917 -14.3416 0.994271 5 1
10.6419 3.28726 0.98654 5 0
-9.12678 14.3037 0.998825 5 1
2.07503 1.37481 0.799021 5 0
5.50725 6.90111 0.959739 5 0
15 7.97958 0.999656 5 0
15 -15 0.999982 5 0
-0.347738 2.63365 0.65722 5 0
-3.27623 12.0219 0.983751 5 1
-0.47295 -3.40868 0.987137 5 0
7.90298 5.68707 0.996472 5 0
14.4045 4.91583 0.983801 5 0
5.45051 4.37384 0.983811 5 0
9.01671 -11.9562 0.998319 5 0
2.21654 1.70853 0.925906 5 0
14.9964 0.585484 0.995822 5 1
-4.29568 7.83971 0.954804 5 1
8.19021 -4.04276 0.998597 5 0
15 -6.48427 0.990788 5 0
7.03928 7.89206 0.977116 5 0
3.2841 8.60867 0.99594 5 0
9.44086 -6.6218 0.970961 5 0
14.9844 -14.7188 0.992139 5 1
12.8705 7.16891 0.985043 5 1
6.15798 -5.74372 0.950124 5 0
12.1205 -8.75099 0.999546 5 1
7.65036 -3.98944 0.999766 5 0
-4.00152 -4.35312 0.962279 5 1
8.82426 8.63235 0.998565 5 1
2.58088 3.07098 0.953082 5 0
7.41621 8.96616 0.983208 5 0
0.403008 -2.26711 0.957133 5 0
-10.802 -5.24853 0.974073 5 1
1.08835 4.03565 0.81424 5 0
4.19179 2.65157 0.998993 5 0
10.2952 -3.39029 0.988513 5 0
15 10.3551 0.991817 5 0
8.05513 8.80704 0.98257 5 0
9.14264 4.39882 0.994694 5 0
6.62882 -9.31198 0.977953 5 1
8.74996 10.8183 0.998938 5 0
5.15367 0.964925 0.873221 5 0
15 -15 0.999982 5 0
15 1.79154 0.986259 5 0
-14.6459 -4.77137 0.99894 5 1
-0.232092 -4.38395 0.97833 5 1
-2.85197 -0.148746 0.993256 5 0
6.10549 3.46238 0.993525 5 0
7.16411 13.4527 0.984975 5 1
3.17267 8.84105 0.95818 5 0
15 -2.72596 0.98527 5 0
2.47329 0.58142 0.693955 5 0
-13.3633 2.55706 0.978895 5 1
9.93994 14.949 0.995241 5 1
11.3838 13.0873 0.988875 5 1
11.9575 11.7068 0.98614 5 1
11.8979 -14.9633 0.999988 5 1
15 -2.27434 0.983021 5 0
3.89285 11.0408 0.994772 5 0
7.00685 15 0.998071 5 0
-8.38892 7.37083 0.991732 5 1
4.61646 10.9775 0.9868 5 1
-0.707041 -13.5932 0.97887 5 1
10.8073 5.78917 0.998201 5 1
11.8015 9.42872 0.986347 5 0
-4.30087 14.8754 0.999141 5 1
15 -15 0.999982 5 0
7.61382 7.64748 0.996187 5 0
14.8432 -14.2792 0.997742 5 1
10.562 5.66663 0.975922 5 0
7.14445 6.09083 0.958628 5 0
3.44745 -1.80394 0.990352 5 0
-11.1508 12.9029 0.999356 5 1
15 -15 0.999982 5 0
4.05063 -3.39346 0.884911 5 0
13.785 -8.29506 0.993516 5 1
7.70681 -3.86503 0.999426 5 0
8.84088 4.707 0.967602 5 1
-14.9407 -10.621 0.988248 5 1
12.0399 -11.846 0.993454 5 1
13.993 -1.73074 0.98126 5 1
-12.1765 6.04282 0.979117 5 1
-14.2545 13.6832 0.995344 5 1
-4.37676 -9.62755 0.977207 5 1
13.1739 -10.9517 0.994578 5 1
-14.3611 14.2717 0.997547 5 1
-3.24193 -12.6006 0.981725 5 1
14.1404 12.2373 0.995575 5 1
9.44836 5.38914 0.981192 5 1
-1.68746 14.9253 0.994658 5 1
-4.07924 -2.80451 0.997138 5 1
5.15794 14.05 0.998791 5 1
14.482 6.09399 0.984064 5 1
-11.216 -6.98145 0.987516 5 1
14.7841 -0.563032 0.991368 5 1
-14.0595 -13.6614 0.999642 5 1
13.5171 10.5142 0.995109 5 1
-14.8621 -11.0684 0.998709 5 1
-13.5291 -11.9161 0.999455 5 1
-14.9555 9.30269 0.99776 5 1
-13.5558 0.497417 0.980483 5 1
7.0957 -2.37009 0.97449 5 1
-4.84414 -12.3058 0.989363 6 1
-9.73522 15 0.990273 6 0
10.2334 -0.653636 0.997497 6 0
11.1383 9.91169 0.999897 6 0
-7.66526 15 0.989767 6 0
11.9353 3.73384 0.978221 6 0
12.3884 11.6724 0.999992 6 0
13.9035 -0.921221 0.997603 6 0
9.54212 5.98053 0.999982 6 0
8.38892 1.2638 0.965927 6 0
15 15 0.999982 6 0
9.80357 6.51746 0.999924 6 0
3.13131 -0.0480795 0.711325 6 0
-14.8969 -0.322843 0.999689 6 1
12.4644 -11.3608 0.991334 6 1
7.51516 11.6961 0.999473 6 0
14.0882 5.38335 0.988483 6 0
-5.0143 -3.17752 0.975669 6 1
9.58189 8.05916 0.976957 6 0
14.8224 -13.8604 0.994973 6 1
5.71247 4.3844 0.963513 6 0
14.1617 14.521 0.995536 6 0
10.1022 9.45281 0.99883 6 0
12.9228 3.55483 0.99802 6 0
11.4997 15 0.989944 6 0
15 12.0279 0.995633 6 0
2.01609 -4.04286 0.974854 6 0
12.6423 5.3362 0.986872 6 0
6.06968 3.15043 0.924042 6 0
8.50856 3.14801 0.987567 6 0
14.8689 -14.5903 0.994416 6 1
0.508422 -7.84172 0.939203 6 1
11.0387 15 0.999469 6 0
8.2186 13.2278 0.992281 6 0
3.6182 -4.91105 0.979968 6 0
15 15 0.999982 6 0
-12.3278 13.1551 0.999455 6 1
15 -5.6577 0.99799 6 0
14.4435 5.94061 0.988174 6 1
12.9229 1.36198 0.983657 6 0
15 6.20272 0.985045 6 0
14.8905 11.4536 0.990346 6 0
-0.159111 12.1079 0.97742 6 1
-13.5359 -9.3106 0.997919 6 1
7.86096 -14.621 0.994877 6 1
-14.9329 14.8274 0.993898 6 1
10.2153 2.42425 0.965893 6 0
-2.607 7.15076 0.999166 6 0
8.15639 -1.70474 0.949394 6 0
12.497 2.32332 0.98992 6 0
14.4066 -0.832868 0.999327 6 0
2.56546 14.8129 0.993381 6 1
-12.0462 12.4151 0.986997 6 1
-1.71534 10.829 0.968938 6 1
0.741142 2.91929 0.844781 6 1
-14.9354 3.10871 0.985999 6 1
13.8658 11.5045 0.999052 6 0
7.68672 10.0458 0.981157 6 0
12.1025 12.8839 0.993281 6 1
-11.3755 13.962 0.998733 6 1
2.13734 8.09408 0.946077 6 0
-6.62576 -14.9539 0.992066 6 1
14.6753 11.1343 0.991754 6 0
9.69197 -4.38733 0.990055 6 1
-3.28783 15 0.995585 6 0
6.08642 -6.01924 0.989152 6 0
6.91295 5.95965 0.997924 6 0
12.0293 5.06394 0.978246 6 1
3.92255 5.44518 0.942568 6 1
-0.0499706 15 0.996486 6 0
-3.70605 -11.4262 0.973922 6 1
1.59161 0.155817 0.407574 6 0
12.391 8.7387 0.983191 6 0
8.68742 -0.216309 0.995482 6 0
10.5175 8.18597 0.999543 6 0
6.9456 4.86851 0.965425 6 0
2.59742 10.7268 0.970116 6 1
-14.4037 -13.0002 0.989818 6 1
-14.2731 -7.75 0.985115 6 1
-8.96086 -11.5319 0.983631 6 1
13.7002 14.9735 0.994854 6 1
13.9185 -4.02192 0.99516 6 0
2.33447 -5.51131 0.995374 6 0
-11.6973 12.3878 0.99979 6 1
8.76324 8.88747 0.980948 6 1
9.30726 5.89679 0.968678 6 0
1.63518 10.4649 0.980514 6 0
-4.54648 14.5011 0.983075 6 1
-8.26874 -14.4441 0.991262 6 1
10.6314 -3.92183 0.994379 6 1
-4.66612 -14.964 0.984614 6 1
5.37073 13.2016 0.988523 6 1
15 9.31339 0.994824 6 0
6.16595 10.2657 0.977095 6 0
0.967382 2.62152 0.918444 6 0
15 15 0.999982 6 0
1.90367 7.09975 0.932074 6 0
-5.22011 14.5812 0.999016 6 1
-13.4991 0.780728 0.984466 6 1
-8.03304 -12.4846 0.996468 6 1
-13.4257 -10.7163 0.990941 6 1
13.844 9.59221 0.989573 6 1
-14.8313 -2.95877 0.984998 6 1
-12.3788 11.9067 0.991114 6 1
-3.90995 -14.3343 0.997461 6 1
3.06455 7.59651 0.989202 6 1
-13.2551 -14.704 0.993127 6 1
-2.78386 -4.52695 0.90145 6 1
-10.5899 13.6973 0.987399 6 1
-1.66976 8.14498 0.9528 6 1
4.52236 -3.18094 0.995983 6 1
-10.9994 -9.19628 0.997503 6 1
-6.79673 -12.7224 0.999573 6 1
14.7437 -8.70048 0.995519 6 1
1.22434 -6.42096 0.999786 6 1
7.65236 -8.17123 0.995864 6 1
-11.5428 -10.2233 0.999571 6 1
12.9153 -0.121836 0.994088 6 1
10.2981 -3.96146 0.969834 6 1
13.4258 9.64676 0.999231 6 1
-3.52632 -9.76818 0.973088 7 1
9.55336 11.4344 0.99968 7 0
2.9089 -3.06449 0.825579 7 0
1.11278 -4.32546 0.99852 7 1
14.996 -14.9954 0.999999 7 1
9.8876 0.0909128 0.965631 7 1
15 15 0.999982 7 0
-10.2202 2.25153 0.964822 7 1
10.2865 14.956 0.996969 7 1
3.37458 11.3527 0.996262 7 0
2.96284 2.00129 0.824385 7 0
10.5432 9.14566 0.995533 7 0
9.01488 1.03377 0.987992 7 1
12.8461 7.83969 0.991754 7 0
8.67304 0.353954 0.997028 7 0
11.817 5.87545 0.985609 7 0
-13.9975 6.71159 0.996736 7 1
4.15115 9.7363 0.978955 7 0
3.62261 -7.73026 0.982713 7 1
3.24219 -3.1275 0.983198 7 0
6.26323 6.8904 0.973301 7 0
14.7662 -3.28989 0.984697 7 1
6.54947 7.86825 0.999026 7 0
8.48217 11.5288 0.995332 7 0
-13.9548 14.8439 0.991189 7 1
15 15 0.999982 7 0
5.82726 11.2089 0.979269 7 0
7.519 9.95785 0.981392 7 0
13.0449 1.77251 0.981685 7 0
-14.4106 -7.72621 0.991632 7 1
-5.08717 -14.7019 0.993798 7 1
4.20433 5.61423 0.992215 7 0
2.17039 5.44055 0.92766 7 0
5.97433 13.0589 0.999013 7 1
6.7856 -14.0019 0.993571 7 1
2.24246 4.56463 0.948463 7 0
-0.337867 -7.4378 0.960004 7 1
-11.8273 7.29635 0.999664 7 1
9.69026 7.29112 0.979712 7 0
15 7.52362 0.986331 7 0
12.0003 -13.2683 0.990771 7 1
1.63561 9.04725 0.998461 7 0
8.68232 -9.18582 0.980005 7 1
7.09476 13.8429 0.993987 7 1
10.7838 8.92236 0.991178 7 1
8.54353 -11.6658 0.997616 7 1
12.0745 7.56947 0.98838 7 0
8.00889 7.60071 0.970576 7 0
7.46958 3.2588 0.997705 7 0
2.96424 8.18454 0.992666 7 0
14.9979 -5.3473 0.998794 7 1
8.26438 -0.717736 0.95735 7 0
-3.82082 -13.0009 0.981568 7 1
11.0639 3.54445 0.980176 7 0
-14.6829 13.7181 0.998608 7 1
-2.97317 5.59294 0.917538 7 0
-3.42973 -10.0149 0.979284 7 1
15 7.38724 0.986499 7 0
-8.25364 -3.97346 0.999988 7 1
0.501701 6.68532 0.945558 7 0
-5.03044 -4.30631 0.983424 7 1
5.35984 0.718223 0.968166 7 0
5.10499 8.52853 0.961195 7 0
-4.26408 -12.1927 0.993977 7 1
-11.9423 -14.9102 0.999974 7 1
8.24143 2.26308 0.985478 7 0
-14.9337 14.7642 0.991987 7 1
12.5073 -3.55951 0.982516 7 1
6.81384 1.03031 0.940634 7 0
9.11927 -1.30757 0.996137 7 1
-5.7185 3.50972 0.943117 7 0
6.15416 9.91482 0.98903 7 0
12.6309 15 0.999765 7 0
-14.6026 -2.15981 0.987796 7 1
-10.9097 8.46444 0.996849 7 1
14.9334 -9.80761 0.989344 7 1
2.32242 6.89792 0.936407 7 0
6.534 4.57419 0.96727 7 0
9.20145 -3.75306 0.96124 7 0
0.609148 7.75812 0.948899 7 0
12.5084 14.3297 0.997092 7 1
-0.914289 -12.796 1 7 1
7.341 -2.03137 0.998595 7 1
11.167 6.5437 0.990574 7 1
-14.0776 9.7272 0.996125 7 1
14.6855 13.1131 0.999001 7 1
11.0162 10.5455 0.985581 7 0
8.12427 9.41571 0.987282 7 0
-4.75983 -11.9787 0.996931 7 0
9.85405 9.22424 0.987327 7 0
10.4313 14.4121 0.987578 7 1
15 15 0.999982 7 0
14.1162 14.4433 0.99952 7 1
-14.8724 8.16651 0.998806 7 1
12.64 9.27519 0.9845 7 0
-0.154098 1.84885 0.990122 7 0
1.91476 8.2074 0.95138 7 0
9.23354 9.74463 0.996125 7 0
-1.22076 1.96713 0.974589 7 0
8.19889 5.19444 0.999456 7 0
2.89033 -5.65805 0.92498 7 0
-8.11965 0.67693 0.997926 7 1
14.48 12.5859 0.99802 7 1
-7.45416 14.7552 0.99927 7 1
6.75957 -5.87605 0.957558 7 0
7.51762 7.91895 0.973923 7 0
6.50331 0.688988 0.999914 7 0
-2.24465 10.8058 0.97008 7 1
10.5581 11.5269 0.987051 7 1
-12.1613 5.01592 0.980684 7 1
-7.46791 -14.9356 0.987425 7 1
-8.19969 -14.232 0.997684 7 1
-2.04171 -12.8905 0.978277 7 1
-10.7228 -14.6931 0.994414 7 1
-0.956786 12.1635 0.991147 7 0
-12.6042 14.9578 0.998057 7 1
14.4357 7.48498 0.985552 7 1
-12.4386 0.852407 0.982709 7 1
14.463 -2.6526 0.983045 7 1
4.07259 -13.9243 0.993127 7 1
-4.82762 12.297 0.987428 8 1
10.4301 2.25529 0.995435 8 0
3.29487 3.99131 0.886403 8 0
-5.57153 -5.57849 0.941515 8 1
14.5774 12.2684 0.998714 8 1
7.87605 3.62854 0.998124 8 0
12.4304 -10.435 0.985043 8 1
-13.9657 -0.403269 0.99403 8 1
7.52267 2.95839 0.997861 8 0
-12.2619 -14.6803 0.999897 8 1
14.7461 14.7038 0.994818 8 1
14.5624 6.18116 0.990363 8 0
2.34613 5.10114 0.953041 8 0
-14.8583 6.05923 0.996996 8 1
4.29652 -13.7334 0.999943 8 1
15 -13.0313 0.990228 8 0
14.3891 5.36017 0.995489 8 1
6.46421 12.7739 0.995668 8 1
2.56691 2.42584 0.882203 8 0
3.3593 7.97076 0.999804 8 1
8.4341 -0.350755 0.954267 8 0
7.81428 4.42082 0.962102 8 0
15 15 0.999982 8 0
13.6051 -13.3749 0.999582 8 1
1.30707 6.76141 0.93873 8 0
5.9445 1.50689 0.963228 8 0
6.09739 5.78835 0.948128 8 0
3.28091 3.72313 0.99931 8 0
15 -8.63215 0.987182 8 0
8.34431 5.65127 0.980744 8 0
4.35779 2.33175 0.994946 8 0
11.374 10.3358 0.996656 8 0
9.73808 8.42752 0.997925 8 0
4.78491 7.75564 0.995977 8 0
15 4.63473 0.98407 8 0
-0.766887 -8.14473 0.991854 8 1
-0.509728 -5.08555 0.928871 8 1
15 6.30132 0.985884 8 0
8.52455 7.36892 0.999875 8 0
15 -11.8356 0.999993 8 0
5.10942 -8.94498 0.990162 8 0
3.41231 0.652596 0.957765 8 0
6.28808 3.26073 0.99943 8 0
6.73413 4.02714 0.939118 8 0
9.83456 9.60257 0.989713 8 0
-0.893706 2.64828 0.919675 8 0
7.56747 10.2495 0.993933 8 0
-7.86332 1.84646 0.99696 8 1
3.73672 7.178 0.998874 8 0
5.69249 1.27665 0.914389 8 0
14.8712 -9.39084 0.998989 8 1
10.0307 3.19027 0.96867 8 0
-9.25028 -15 0.997139 8 0
-14.7002 -12.6317 0.989493 8 1
12.9766 14.9824 0.991875 8 1
2.08146 3.33907 0.999561 8 0
-9.42331 -5.61359 0.968656 8 1
10.3199 10.2566 0.988527 8 0
-1.15317 -14.7307 0.989294 8 1
6.32592 -11.0719 0.995283 8 1
15 -1.37487 0.990362 8 0
6.47605 -3.24238 0.947126 8 0
-1.28187 -12.6243 0.986711 8 1
14.99 11.1947 0.99501 8 1
14.9418 -0.755304 0.999087 8 1
11.8759 6.54511 0.98083 8 0
6.48517 -2.36429 0.945495 8 0
6.71755 -0.518978 0.932202 8 0
7.82108 11.041 0.983506 8 0
5.88863 7.07371 0.997325 8 0
-7.75506 11.0634 0.985732 8 1
3.64638 3.33272 0.994142 8 0
4.95127 5.93782 0.965557 8 0
2.33779 -2.95344 0.852057 8 1
6.9066 -6.09209 0.996583 8 1
-1.92144 12.3799 0.976433 8 1
-10.0608 3.8823 0.997084 8 1
2.96012 11.0483 0.976834 8 0
7.18562 10.3757 0.97804 8 0
1.12568 5.09373 0.87357 8 0
6.5698 10.2728 0.990058 8 0
5.72509 -0.750369 0.893681 8 0
-10.4527 -14.9966 0.98905 8 1
8.22019 0.0163898 0.980784 8 0
-8.84389 -7.61978 0.989731 8 1
-8.72988 6.98068 0.993432 8 1
0.479416 13.4748 0.989148 8 1
8.13829 13.1328 0.999991 8 0
13.2496 -4.72768 0.983425 8 1
14.8639 5.61928 0.996742 8 1
-14.8623 -8.43646 0.997579 8 1
-7.05514 -7.64595 0.970025 8 1
-14.232 12.0449 0.99872 8 1
-4.0691 13.605 0.983227 8 1
-13.7826 -10.3195 0.988393 8 1
15 8.08831 0.999702 8 0
15 -15 0.999982 8 0
-4.06879 6.04616 0.934448 8 1
-0.767968 6.67816 0.937898 8 0
7.01503 9.60565 0.989097 8 1
-13.9206 -8.66158 0.995486 8 1
14.8688 -14.6201 0.993363 8 1
-1.05459 -9.15395 0.995836 8 1
14.7571 -7.99127 0.986353 8 1
-2.04021 14.0324 0.981749 8 1
-8.17346 2.22074 0.961765 8 1
4.34409 1.84852 0.848249 8 0
8.31038 -9.05935 0.99989 8 1
10.9319 12.5305 0.992472 8 1
2.02567 9.95523 0.996621 8 1
-8.82342 -14.9345 0.988916 8 1
7.53823 -1.59708 0.975029 8 1
15 -15 0.999982 8 0
7.39364 11.4895 0.980803 8 1
7.66914 3.76706 0.984875 8 0
14.598 1.2623 0.981755 8 1
10.9487 2.24811 0.993349 8 1
-7.73657 -1.65382 0.946774 8 1
-0.52527 -11.0675 0.975869 8 1
5.41214 14.8278 0.987312 8 1
-2.87009 10.4984 0.979987 9 1
-10.7633 6.98329 0.999996 9 1
-4.89911 -8.48037 0.985601 9 1
-0.284168 15 0.996266 9 0
8.0894 2.59037 0.969202 9 0
9.5781 -14.0604 0.999991 9 1
-3.91391 15 0.998217 9 0
-8.10228 10.8138 0.985534 9 1
11.1811 6.38256 0.998223 9 0
10.7891 8.10862 0.987486 9 0
4.19428 4.25907 0.993209 9 1
-6.6637 13.484 0.992638 9 1
8.84591 1.65127 0.967291 9 0
-0.171829 -0.143995 0.95055 9 0
8.66619 6.73349 0.968361 9 0
5.27371 -9.11934 0.969871 9 0
6.63069 -2.34905 0.996914 9 0
4.9814 2.48509 0.98146 9 0
7.80953 9.75422 0.97929 9 0
5.99073 15 0.988083 9 0
6.64681 5.93563 0.952223 9 0
-0.942628 5.01498 0.935248 9 0
10.9136 7.89371 0.990961 9 0
2.33627 1.5294 0.914925 9 0
3.02038 0.91267 0.715299 9 0
7.5502 4.65262 0.953429 9 0
4.56207 0.4321 0.91904 9 0
11.927 0.449077 0.982531 9 0
14.5194 13.4401 0.993785 9 1
-12.6758 -2.20025 0.998847 9 1
8.33616 3.81317 0.999975 9 0
-1.3117 -3.28332 0.876839 9 1
5.35314 4.148 0.923193 9 0
6.75727 6.47428 0.962917 9 0
14.8027 -14.6613 0.994278 9 1
8.00743 11.0589 0.980176 9 0
7.49811 4.07298 0.981491 9 0
14.175 14.6895 0.990508 9 0
2.99764 2.58123 0.993964 9 0
6.0941 0.436305 0.975273 9 0
7.13097 10.2474 0.980561 9 0
-4.90937 10.6065 0.99197 9 1
10.22 6.88311 0.999728 9 0
5.86559 11.3385 0.996807 9 0
7.1727 2.03867 0.96464 9 0
11.3187 11.5453 0.987014 9 0
14.6378 -3.59453 0.989368 9 1
5.59898 9.20224 0.998303 9 0
9.78337 2.60384 0.990811 9 0
5.57595 0.879533 0.93346 9 0
13.1323 6.07589 0.996816 9 0
7.88118 6.26991 0.979145 9 0
-11.4483 3.76422 0.973266 9 1
-15 15 0.999982 9 0
6.13536 5.71211 0.946195 9 0
15 9.47164 0.98912 9 0
-14.9947 -12.2885 0.98954 9 1
-9.14598 -14.7261 0.988312 9 1
3.44236 -6.03534 0.966483 9 1
6.32395 0.59721 0.924364 9 0
13.4273 -14.192 0.996828 9 1
7.60059 10.5647 0.981328 9 0
2.53491 4.58434 0.87281 9 1
-9.57792 2.05325 0.9852 9 1
5.24007 8.45771 0.961163 9 0
6.46982 3.53266 0.935512 9 0
4.66616 3.7139 0.988377 9 0
0.504075 1.37738 0.571991 9 0
6.20119 2.30704 0.985532 9 0
13.0951 -7.77572 0.984269 9 1
8.57081 14.9481 0.987772 9 1
-12.6096 6.48504 0.981722 9 1
4.26009 6.62035 0.940124 9 0
-14.1783 -0.42431 0.982048 9 1
7.54491 12.5186 0.982888 9 1
5.77548 5.98093 0.952813 9 0
-4.73389 -3.79511 0.992737 9 1
15 15 0.999982 9 0
4.70003 4.12386 0.910252 9 0
7.23731 14.014 0.986427 9 0
8.88416 -8.96894 0.978347 9 1
-14.9595 15 0.999858 9 1
-10.5125 -13.9223 0.996209 9 1
8.44615 4.81075 0.998377 9 0
7.487 7.98305 0.970615 9 0
-4.51723 -0.428274 0.959645 9 1
-10.4427 -6.14774 0.978521 9 1
5.71289 2.90384 0.952676 9 1
0.248026 13.5943 0.979041 9 1
-5.14793 11.8175 0.996902 9 1
-8.87685 5.5031 0.965596 9 1
-10.8835 4.29753 0.993981 9 1
-0.766209 14.12 0.980397 9 1
1.74084 -8.37664 0.987978 9 0
14.082 3.68759 0.987794 9 1
5.25086 -4.63688 0.989601 9 1
14.1992 14.451 0.996871 9 1
13.2335 14.6488 0.996404 9 1
-7.42173 10.3151 0.989405 9 1
4.37079 15 0.987649 9 0
10.5271 -6.57002 0.991289 9 1
13.3462 14.5932 0.994337 9 1
14.7968 -12.5758 0.990277 9 1
8.75693 -9.99563 0.997 9 1
-2.69474 3.06289 0.878189 9 1
14.7637 13.8799 0.99664 9 1
14.3065 14.9229 0.999971 9 1
14.5369 12.8912 0.990668 9 1
-9.30484 -10.7625 0.985743 9 1
14.3587 10.1464 0.999233 9 1
-9.30706 -8.37406 0.977006 9 1
-13.7808 8.74522 0.989105 9 1
-13.7282 9.52184 0.987011 9 1
-14.1269 -14.9113 0.994709 9 1
4.25619 -8.6988 0.999992 9 1
11.3244 0.952311 0.989232 9 0
-4.65048 -13.9004 0.981729 9 1
5.55848 6.64809 0.998753 9 1
7.12874 2.71918 0.99679 9 0
13.1281 7.52531 0.984473 9 1
5.20636 -1.52041 0.977931 10 1
0.475987 8.0624 0.99684 10 0
5.74962 5.44377 0.948415 10 0
6.50654 8.18399 0.965053 10 0
-9.60825 8.90913 0.977374 10 1
9.61196 7.88469 0.987891 10 0
12.015 -1.47742 0.977014 10 1
7.88338 3.13985 0.966569 10 0
9.53652 5.86393 0.995883 10 0
15 15 0.999982 10 0
8.0409 3.54849 0.969878 10 0
2.22462 -1.94747 0.937895 10 1
14.7426 -14.4384 0.99928 10 1
-12.3508 -1.66683 0.983408 10 1
15 15 0.999982 10 0
5.42303 6.86111 0.982426 10 0
3.9967 6.1925 0.935264 10 0
1.63534 6.12275 0.918669 10 0
6.58422 9.03051 0.993166 10 0
10.1668 8.11339 0.98213 10 1
-12.0062 -13.7165 0.991705 10 1
14.2958 14.4857 0.991952 10 1
-1.07393 2.41697 0.645547 10 0
8.2046 6.98258 0.998128 10 0
3.11286 7.20314 0.939109 10 0
4.11632 4.83029 0.922013 10 0
-14.4403 -5.04468 0.98968 10 1
12.7103 3.58841 0.986952 10 1
-14.9768 -14.8811 0.997512 10 1
0.588879 1.59818 0.715493 10 0
1.90419 14.9905 0.985916 10 1
14.9488 -14.3926 0.998507 10 1
14.4758 14.7685 0.999998 10 1
5.67524 9.21323 0.991767 10 0
-1.32387 -11.7363 0.99912 10 1
5.29191 5.4702 0.99918 10 0
5.78063 7.27209 0.978954 10 0
6.4216 8.23264 0.965819 10 0
3.92214 14.5847 0.986567 10 1
-0.794733 -7.94748 0.97129 10 1
13.6047 15 0.997339 10 1
10.9844 9.69888 0.981747 10 0
-9.96592 4.4517 0.974535 10 0
7.0925 6.33636 0.967939 10 0
6.00613 2.04578 0.921488 10 0
15 15 0.999982 10 0
-8.85069 11.2603 0.996236 10 1
-11.9378 9.13021 0.993813 10 1
14.0301 14.0805 0.990114 10 1
-14.9408 7.92085 0.995104 10 1
10.8138 5.52759 0.982299 10 1
-7.94493 13.5142 0.984544 10 1
9.31092 5.22476 0.996174 10 0
9.53055 5.48176 0.967971 10 0
6.41149 4.93421 0.998668 10 0
-1.38035 -14.8189 0.999024 10 1
15 15 0.999982 10 0
-0.592663 -10.9715 0.968004 10 0
4.01013 7.35132 0.946061 10 0
0.189375 2.64675 0.653933 10 0
-2.29151 7.05279 0.948469 10 1
-14.8518 -13.6494 0.999943 10 1
-12.0076 -2.94553 0.996931 10 1
-0.617357 8.88712 0.95211 10 0
8.01756 10.3634 0.977365 10 0
-8.57234 7.19372 0.995322 10 0
1.76089 5.23945 0.996373 10 0
7.78456 5.84904 0.996396 10 0
6.66066 6.56796 0.963652 10 0
8.75209 11.1267 0.980689 10 0
1.80897 10.4197 0.977179 10 0
-13.7666 2.21364 0.996817 10 1
-0.360135 15 0.996125 10 0
5.31148 6.62888 0.969304 10 0
4.19465 5.43238 0.93041 10 0
9.12125 7.35329 0.995928 10 0
3.25741 5.05778 0.999895 10 0
8.49397 5.84449 0.988381 10 0
-12.5714 2.94087 0.994691 10 1
2.12995 6.76718 0.99824 10 0
-14.6803 -6.18504 0.999134 10 1
-13.0836 -14.3262 0.989788 10 1
11.0575 12.3376 0.997335 10 1
-14.6973 10.1005 0.988006 10 1
-1.1539 13.0295 0.97723 10 1
0.415668 -10.3722 0.973946 10 1
3.49999 7.001 0.940288 10 1
5.59533 -10.083 0.970957 10 1
1.63263 -2.65128 0.716055 10 1
6.67924 15 0.997337 10 0
-14.7954 -5.12264 0.985394 10 1
11.1257 14.9989 0.997178 10 1
11.8995 1.8057 0.973176 10 1
-6.70561 -4.01867 0.941451 10 1
-14.3863 6.96671 0.999881 10 1
-14.9818 -7.97554 0.999047 10 1
4.84021 1.79987 0.892412 10 0
6.95308 7.83602 0.964856 10 0
-13.7554 -14.0375 0.999873 10 1
0.251653 11.6468 0.98559 10 0
5.18523 2.19588 0.942414 10 0
14.7222 -0.00100708 0.98423 10 1
4.95999 -7.75182 0.997469 10 1
14.9991 -11.3644 0.989221 10 1
-1.11966 2.66553 0.998501 10 1
-3.07627 -11.0025 0.978869 10 1
-8.02928 -12.4291 0.99161 10 1
-9.10943 -14.974 0.999918 10 1
14.4779 -14.9297 0.996308 10 1
1.90292 3.78986 0.835181 10 0
-13.957 11.8707 0.988231 10 1
3.64073 15 0.999933 10 0
5.52328 10.1175 0.970839 10 0
14.9641 12.5163 0.995077 10 1
2.82808 -8.4383 0.951929 10 1
5.4727 4.70403 0.957089 10 0
-14.9816 12.2528 0.989573 10 1
-14.7478 -14.4037 0.998552 10 1
-3.35515 2.05999 0.999249 10 0
5.39746 10.9439 0.991357 10 0
-14.9693 -12.3809 0.990529 11 1
8.25894 -2.10444 0.978376 11 1
-14.562 -14.5228 0.996148 11 1
-10.0599 -11.1794 0.992783 11 1
6.73619 -10.39 0.994821 11 0
15 -10.6571 0.990501 11 0
5.62801 4.07167 0.965739 11 0
-1.94955 -12.4429 0.976105 11 0
4.87302 5.04219 0.991695 11 0
-6.79288 14.8886 0.992866 11 1
6.54811 7.78906 0.998441 11 0
-4.53586 13.9753 0.982478 11 1
-14.9667 14.8561 0.996247 11 1
9.18592 -1.26784 0.983284 11 1
7.78989 9.88372 0.975656 11 0
10.3071 13.4811 0.998934 11 1
10.6951 13.2659 0.999736 11 1
13.1096 14.515 0.997984 11 1
2.82858 -1.1716 0.764642 11 0
10.6918 7.92033 0.998364 11 0
-10.5819 1.92652 0.999416 11 1
8.0959 9.46665 0.984316 11 0
4.53335 4.08384 0.979229 11 0
3.32097 5.40373 0.920592 11 0
-13.9786 13.909 0.997592 11 1
13.9049 7.39772 0.985134 11 0
8.34087 6.76039 0.999991 11 0
15 7.85011 0.996579 11 0
6.60272 8.45177 0.99991 11 0
8.17771 8.3086 0.987054 11 0
2.85693 9.26491 0.999886 11 0
15 11.1826 0.994959 11 0
4.02598 6.04544 0.940331 11 0
12.7319 2.09345 0.995599 11 1
6.72359 5.66172 0.969658 11 0
15 -9.46596 0.989274 11 0
-14.6219 -5.3461 0.992707 11 1
-10.6002 12.3513 0.986172 11 1
2.92433 10.5969 0.967968 11 0
4.15006 6.84994 0.979041 11 0
3.12384 4.67334 0.948821 11 0
14.6809 -9.80321 0.995047 11 1
-12.2771 -2.76099 0.97563 11 1
13.7607 4.0599 0.998215 11 0
11.0697 2.05004 1 11 0
7.00575 0.585297 0.996089 11 0
15 8.62951 0.987147 11 0
7.85282 6.01318 0.965244 11 0
4.03747 3.20243 0.898749 11 0
7.36857 9.98848 0.990818 11 0
2.44037 1.43856 0.974268 11 0
-1.11824 8.63672 0.991798 11 0
2.42141 3.49691 0.844831 11 0
5.35229 0.496213 0.945286 11 0
2.36333 -1.92811 0.781227 11 0
5.72178 2.08854 0.983969 11 0
11.2397 12.5371 0.989234 11 1
-14.0663 14.1114 0.990302 11 1
4.47478 7.20834 0.966154 11 0
15 15 0.999982 11 0
12.7182 -13.4465 0.997575 11 0
3.68414 -9.57294 0.997139 11 1
14.8826 -6.98411 0.998547 11 1
9.46585 3.96253 0.996603 11 0
3.38679 6.249 0.996019 11 0
11.7227 8.2373 0.996688 11 0
15 4.02345 0.996189 11 0
-14.15 -0.0494432 0.980531 11 1
-11.8325 14.789 0.99191 11 1
-3.44199 -12.8101 0.994435 11 1
-7.83531 0.0110922 0.939595 11 1
8.99082 -14.4472 1 11 1
4.02456 9.72434 0.968463 11 0
1.9816 4.07661 0.963533 11 0
5.80253 4.2152 0.975617 11 0
-4.50242 12.8276 0.979082 11 1
-7.8538 12.128 0.998364 11 1
5.39712 4.64727 0.992687 11 0
-12.8535 -1.74322 0.986704 11 1
1.48879 4.62608 0.941787 11 0
6.5156 14.9934 0.991351 11 1
10.8582 14.858 0.990633 11 1
-12.7304 -11.6449 0.987054 11 0
1.04412 14.9987 0.993217 11 1
-14.7822 13.8603 0.996637 11 1
9.67339 5.58055 0.991835 11 0
-3.4632 14.8706 0.98708 11 1
-12.8226 13.3025 0.995549 11 1
2.37458 -5.41649 0.963056 11 0
1.84008 5.56096 0.927657 11 0
14.8789 -8.85394 0.987411 11 1
-13.8986 2.36202 0.981349 11 1
3.53234 3.82074 0.876138 11 0
12.3911 -6.64851 0.983932 11 1
9.21946 15 0.998093 11 1
-2.13715 3.34482 0.987235 11 1
-8.07312 12.7011 0.991719 11 1
8.29868 8.70175 0.973403 11 1
4.83378 3.29617 0.923624 11 0
2.88685 2.63652 0.997756 11 0
6.23483 8.0272 0.997224 11 0
4.29383 5.56867 0.996425 11 0
7.12353 6.44962 0.991733 11 0
-8.38728 2.4456 0.984904 11 1
14.8967 -0.474442 0.999787 11 1
9.12054 -14.5579 0.990877 11 1
-0.348013 0.131444 0.635482 11 1
14.8988 11.7375 0.993609 11 1
8.03766 -4.56364 0.990485 11 1
3.28082 -14.9743 0.993058 11 1
-13.0498 4.27487 0.988087 11 1
2.97611 10.2283 0.992524 11 1
11.4605 5.3781 0.982513 11 1
10.9861 -13.8486 0.993257 11 1
-9.66101 -11.8901 0.992122 11 1
11.7124 -11.9656 0.985998 11 1
-1.04743 -14.5234 0.987348 11 1
9.71392 -14.9896 0.989134 11 1
-14.6018 -7.25825 0.987964 11 1
14.9981 12.3739 0.991298 11 1
-14.1697 10.0534 0.990739 12 1
-1.33368 14.9997 0.990767 12 1
-14.9242 13.4674 0.998926 12 1
-3.83381 -1.60861 0.81858 12 1
1.71633 2.94333 0.999867 12 0
0.38441 5.06271 0.954834 12 0
0.0313768 1.76912 0.923129 12 0
8.8646 9.54835 0.979934 12 0
-14.5887 -14.9147 0.992865 12 1
2.52013 9.15742 0.965195 12 0
11.9995 1.60585 0.97713 12 1
2.64036 2.73176 0.895572 12 0
15 15 0.999982 12 0
1.97615 0.163201 0.689729 12 0
-0.825407 7.90813 0.958511 12 1
3.88987 9.80899 0.972744 12 0
7.4232 2.29913 0.952017 12 0
7.3157 -9.0857 0.988246 12 1
0.847466 0.8905 0.846325 12 0
-14.7992 -6.54946 0.986166 12 1
-9.11705 14.9883 0.999996 12 1
2.60403 3.47258 0.934059 12 0
8.7566 1.82171 0.955466 12 0
-8.74127 9.16544 0.983311 12 0
13.8798 5.19788 0.994155 12 0
12.8924 13.5165 0.996923 12 1
10.7965 9.13922 0.980448 12 1
11.3387 -1.77079 0.972445 12 1
4.29711 0.798942 0.96322 12 0
7.55458 9.98898 0.976703 12 0
-6.88056 -0.0662403 0.936508 12 1
7.76525 9.24403 0.974144 12 0
-12.3495 -11.7864 0.998611 12 1
-12.8284 -3.72734 0.999959 12 1
4.77853 2.36893 0.914315 12 0
5.5683 15 0.999493 12 0
5.27028 2.69672 0.966632 12 0
4.0576 3.95496 0.920504 12 0
14.7204 -14.95 0.991427 12 1
1.05288 15 0.993024 12 0
-0.311918 -3.46671 0.950302 12 0
10.455 -1.38617 0.971775 12 1
15 15 0.999982 12 0
5.85124 7.41996 0.95806 12 0
4.45791 5.13512 0.920511 12 0
5.31014 2.30571 0.896687 12 0
-7.10031 15 0.995255 12 0
5.82947 4.77554 0.992757 12 0
9.42865 14.0648 0.996778 12 1
9.31102 10.7399 0.984438 12 1
8.99809 3.1435 0.972852 12 0
4.69574 -0.78123 0.862017 12 0
6.79054 6.95945 0.998046 12 0
14.2752 14.9994 0.999802 12 1
6.62801 4.90413 0.972755 12 0
3.06872 2.69259 0.875027 12 0
1.42868 4.29896 0.965573 12 0
-14.0212 14.4044 0.998905 12 1
4.44699 4.09571 0.997914 12 0
-14.3818 -1.22366 0.999192 12 1
3.12102 4.17305 0.874461 12 0
0.537859 4.24848 0.871719 12 0
7.16518 5.1014 0.968041 12 0
-1.32842 -6.45072 0.994969 12 1
10.0569 14.8134 0.991769 12 1
-14.933 15 0.999504 12 0
1.96703 11.2856 0.974505 12 0
-14.9942 0.37958 0.996578 12 1
3.8505 7.5713 0.969249 12 0
14.4821 13.0249 0.993161 12 1
13.804 -1.63844 0.999529 12 1
-7.75911 -0.200769 0.954951 12 1
0.670072 4.10737 0.817304 12 1
4.37805 6.41598 0.953156 12 0
15 -7.92316 0.998661 12 0
-2.21046 4.82598 0.897558 12 0
-14.9996 8.63417 0.9872 12 1
10.9562 6.21925 0.976308 12 1
5.8244 0.904358 0.950671 12 0
8.35185 4.76125 0.992557 12 0
6.24678 5.64258 0.949633 12 0
1.19067 3.09979 0.939539 12 0
2.44116 1.20087 0.766036 12 0
3.57962 6.78397 0.986959 12 0
14.4223 14.9171 0.998594 12 1
-2.16389 -13.5518 0.987004 12 1
-3.17904 1.67793 0.803459 12 0
4.48684 2.60682 0.880614 12 0
-0.279687 13.498 0.986938 12 0
14.9313 -14.2081 0.998401 12 1
4.64156 5.85835 0.971766 12 0
-6.60617 -7.98436 0.977379 12 1
-13.5613 -4.99324 0.998207 12 1
10.0435 -5.76464 0.974759 12 1
-8.45856 13.5297 0.999898 12 1
-13.1956 11.4542 0.998017 12 1
3.08278 6.34343 0.999339 12 0
2.96949 9.37753 0.975668 12 0
-11.0283 -13.6921 0.999257 12 1
2.62307 -3.14926 0.858734 12 1
-7.9816 -4.60367 0.995897 12 1
-13.5878 0.300129 0.979188 12 1
-3.6196 1.29105 0.950253 12 1
-5.61099 15 0.998892 12 0
-11.0817 11.5575 0.999038 12 1
6.71429 5.00947 0.946075 12 0
10.0273 -14.9117 0.996464 12 1
14.1932 4.49399 0.999234 12 1
2.11016 -14.8801 0.993815 12 1
-11.831 -9.58451 0.984083 12 1
14.7335 9.02181 0.986778 12 1
-13.9828 14.6314 0.99794 12 1
-13.0415 14.5124 0.995249 12 1
1.02207 13.3644 0.997971 12 1
0.164488 -14.6356 0.982054 12 1
-14.112 -0.0999517 0.980743 12 1
13.1428 -12.6437 0.991178 12 1
-1.27548 -4.81402 0.999824 12 1
14.6527 2.58297 0.998794 12 1
2.41404 13.9321 0.98039 12 1
5.37873 -1.85421 0.908414 13 1
1.36447 2.14877 0.686263 13 0
-0.146319 -12.9099 0.994701 13 1
-14.8403 -14.9921 0.996608 13 1
2.89811 3.06221 0.821229 13 0
-4.79925 6.54256 0.999994 13 0
-0.109663 10.9203 0.973644 13 1
1.92608 7.35109 0.999884 13 0
3.29158 3.96956 0.896647 13 0
3.06942 -0.790708 0.723216 13 0
14.9389 -2.73493 0.982958 13 1
1.35628 4.75879 0.996637 13 0
1.39756 3.3156 0.800178 13 0
15 -7.66569 0.989781 13 0
-4.41364 5.8788 0.932155 13 0
-14.2798 -12.9904 0.991085 13 1
-13.7363 14.9565 0.994179 13 1
0.50704 1.95736 0.593121 13 0
3.5054 6.63582 0.98338 13 0
-3.33291 15 0.996419 13 0
6.23471 9.36807 0.99998 13 0
1.09806 3.33215 0.914835 13 0
7.17614 0.317212 0.971035 13 0
13.5056 15 0.999772 13 0
3.92336 7.05083 0.995537 13 0
4.00691 10.2684 0.968952 13 0
2.73765 4.70293 0.987031 13 0
-13.7086 7.24514 0.998016 13 1
-12.7842 11.8221 0.993717 13 1
5.29646 2.29084 0.893235 13 0
3.24894 -14.7736 0.984802 13 1
5.22794 7.35521 0.974291 13 0
7.87377 3.03594 0.953674 13 0
-10.4584 1.83997 0.98616 13 1
2.66278 -1.89926 0.861026 13 0
5.00104 -12.3407 0.998974 13 1
10.2539 -6.03091 0.988865 13 1
-3.90948 14.0632 0.984177 13 1
15 15 0.999982 13 0
-12.1409 -7.30841 0.981259 13 1
-3.25821 14.4244 0.990605 13 0
15 15 0.999982 13 0
7.95286 5.96718 0.961157 13 1
11.5533 13.4888 0.988259 13 1
1.79271 5.22379 0.9974 13 0
8.32537 -1.463 0.957106 13 1
6.92157 5.03328 0.988645 13 0
11.3335 -5.72747 0.988073 13 1
2.39155 1.76295 0.915385 13 0
-11.559 8.28529 0.985185 13 0
5.45206 8.54493 0.993074 13 0
3.71525 4.09389 0.996144 13 0
-9.84235 12.0768 0.991657 13 1
15 15 0.999982 13 0
3.42037 3.67899 0.988444 13 0
-12.0421 13.0601 0.988119 13 1
3.55834 3.75562 0.887356 13 0
5.77764 7.35111 0.964507 13 0
4.67706 5.6506 0.930857 13 0
-8.48067 -13.9972 0.992946 13 1
-9.13458 14.9004 0.998235 13 1
4.55877 3.58871 0.90047 13 0
2.86004 3.13117 0.835174 13 0
4.26467 4.84582 0.976939 13 0
7.37665 -14.8361 0.997255 13 1
-1.91423 -6.94833 0.960947 13 1
-14.0929 -9.95158 0.98707 13 1
2.13114 14.4548 0.983195 13 1
12.3482 -13.0977 0.998319 13 1
4.25116 4.04286 0.933223 13 0
-14.9328 14.8929 0.996347 13 1
4.30811 9.75382 0.994212 13 0
14.9954 2.35912 0.98295 13 0
6.80093 7.77235 0.984809 13 0
4.78658 2.66078 0.998075 13 0
3.22271 3.22388 0.941334 13 0
-14.3976 13.4178 0.999252 13 1
5.75924 5.3823 0.941307 13 0
1.9566 7.50485 0.956926 13 0
8.23193 -6.71535 0.987096 13 1
8.24574 7.32611 0.969519 13 0
1.32146 -0.860648 0.384237 13 1
4.28668 5.24319 0.923134 13 0
6.20569 4.71234 0.94633 13 0
-1.68185 13.7232 0.998246 13 1
2.31961 3.21938 0.987986 13 0
-7.35205 14.7673 0.999996 13 1
11.6227 14.8183 0.988962 13 1
14.5168 -6.77144 0.998726 13 1
-12.4068 3.85808 0.983861 13 1
-0.357525 8.27543 0.960784 13 0
3.22771 -1.29775 0.952494 13 1
-14.8109 -14.3299 0.998292 13 1
-13.4137 13.4068 0.993485 13 1
1.69766 0.731606 0.995045 13 0
4.79996 6.78596 0.953324 13 1
-1.40008 -2.38091 0.855072 13 1
3.08186 2.6582 0.888806 13 0
-10.5963 -2.59691 0.975351 13 1
5.20608 -12.7324 0.991035 13 1
14.5049 -10.2978 0.987601 13 1
12.9383 3.31176 0.99999 13 1
9.87889 -12.1999 0.984084 13 1
2.86042 3.44583 0.995426 13 0
15 15 0.999982 13 0
-14.9677 13.3102 0.995191 13 1
-13.3183 3.03542 0.980591 13 1
15 -1.60796 0.988083 13 0
1.58414 9.78121 0.963035 13 0
-11.593 12.9027 0.988892 13 1
-12.71 11.8766 0.99236 13 1
-1.53762 -14.5196 0.983866 13 1
14.4799 1.10386 0.991575 13 1
-14.0254 4.8465 0.995888 13 1
-13.606 -14.7516 0.997382 13 1
-12.8437 14.3269 0.994731 13 1
-14.1478 11.6731 0.988356 13 1
14.7323 -13.5738 0.995334 13 1
0.399867 13.5034 0.9859 13 1
-6.24219 -10.9051 0.975292 13 1
-6.14495 2.45254 0.985584 14 1
14.9458 -11.4153 0.989544 14 1
-6.85264 -14.5417 0.994654 14 0
15 15 0.999982 14 0
3.84613 4.34872 0.901767 14 0
-9.46138 -11.7369 0.989087 14 1
11.8067 8.49333 0.989127 14 0
3.76347 5.2221 0.967894 14 0
14.5032 -0.653088 0.992021 14 1
4.64823 4.70041 0.987663 14 0
3.88863 4.56658 0.998029 14 0
-8.45031 9.96259 0.977662 14 1
12.7888 3.87896 0.999879 14 1
3.20306 8.64424 0.995178 14 0
5.31511 1.59206 0.989708 14 1
4.23042 4.65701 0.908457 14 0
2.70061 4.0751 0.965497 14 0
8.20494 8.0108 0.97327 14 0
15 -12.4358 0.993579 14 0
3.819 3.21392 0.99853 14 0
3.52102 4.5873 0.895226 14 0
3.2795 5.87461 0.935635 14 0
-10.0171 14.6857 0.987794 14 1
-0.695103 -8.60259 0.99986 14 1
6.63453 -13.2317 0.992133 14 1
15 -11.2718 0.991527 14 0
5.31717 4.833 0.970088 14 0
5.63952 7.13406 0.992517 14 0
6.63463 2.1061 0.972351 14 0
-0.0402288 2.59145 0.635939 14 0
-14.8603 5.49115 0.992492 14 1
4.06258 4.06155 0.892762 14 0
3.53267 3.15936 0.852753 14 0
4.63311 9.8795 0.975019 14 0
1.46911 3.04479 0.995219 14 0
13.1964 7.24917 0.991021 14 1
2.26353 6.27241 0.962466 14 0
4.28681 6.80753 0.990073 14 0
-13.6279 11.7048 0.996119 14 0
2.63503 7.99592 0.949798 14 0
1.64861 6.25368 0.982384 14 0
-14.8186 -8.60177 0.994375 14 1
-0.456235 -12.7457 0.995536 14 1
14.9169 -5.25669 0.989999 14 1
3.77283 -7.22188 0.997904 14 1
6.1851 -11.991 0.988026 14 1
-3.3756 -3.93901 0.881227 14 0
3.3112 5.1934 0.948367 14 0
2.67449 6.09373 0.968945 14 0
3.28374 -13.4434 0.999024 14 1
7.00661 8.22292 0.994577 14 0
4.52392 12.5909 0.999424 14 1
3.05089 4.67354 0.97379 14 0
-3.82489 15 0.999333 14 0
3.77832 3.10313 0.96591 14 0
-13.2949 9.13409 0.989797 14 1
4.12993 -14.6535 0.983996 14 1
4.99202 8.27238 0.999106 14 0
2.87393 4.89966 0.912823 14 0
-6.84751 13.4717 0.985829 14 1
8.47306 -15 0.987913 14 0
-4.94331 -10.4106 0.970795 14 1
0.0335026 13.4072 0.997677 14 1
12.0271 -11.1629 0.996576 14 1
2.20429 -14.848 0.995561 14 1
15 5.72484 0.996314 14 0
12.4204 -12.8971 0.991811 14 1
14.6596 14.6121 0.999914 14 1
-9.13563 -7.34965 0.996935 14 1
5.33222 3.39297 0.913391 14 0
3.90305 4.68831 0.979808 14 0
5.67506 5.82835 0.999256 14 0
2.47619 5.84836 0.923896 14 0
6.82474 8.22012 0.997066 14 0
1.50204 9.49309 0.992071 14 0
5.11419 6.64658 0.946338 14 0
-5.23328 7.50043 0.99951 14 1
3.16444 4.22471 0.882426 14 0
-9.15132 -7.20185 0.984857 14 1
5.6836 4.54242 0.937022 14 0
-13.405 5.86814 0.98216 14 1
3.50601 5.37382 0.956949 14 0
4.30794 3.02774 0.877833 14 0
2.37119 2.9466 0.8726 14 0
3.09169 4.0984 0.911894 14 0
2.89675 2.25409 0.77129 14 1
2.84252 3.64666 0.883009 14 0
11.313 7.43858 0.982597 14 0
-13.6878 -14.4407 0.989997 14 1
7.94866 6.33279 0.997085 14 1
5.78472 2.7151 0.942785 14 0
3.64169 -1.54908 0.993273 14 1
4.98272 2.3068 0.999794 14 0
-13.2147 14.8761 0.989999 14 1
-3.70916 0.833094 0.898721 14 1
6.21071 14.9953 0.985043 14 1
-12.5866 -10.4688 0.993424 14 1
3.84802 5.0782 0.933195 14 0
-14.439 -5.8379 0.992133 14 1
-14.5045 14.9773 0.993513 14 1
-15 -15 0.999982 14 0
0.203897 11.419 0.979461 14 1
-14.9215 -6.12281 0.989915 14 1
-12.7429 -7.70683 0.999417 14 1
-12.0558 -9.99429 0.985254 14 1
-1.58397 -15 0.988324 14 0
5.61278 -3.02641 0.935804 14 1
13.6259 -10.7263 0.988633 14 1
9.10355 13.6579 0.996913 14 1
2.70559 11.1687 0.97139 14 1
-14.7024 5.30599 0.987124 14 1
2.27445 -14.3774 0.987861 14 1
13.7589 14.3786 0.990008 14 1
-7.21242 13.1622 0.995738 14 1
14.7018 -12.4625 0.992737 14 1
0.240708 -14.6203 0.982598 14 1
-3.88739 9.20656 0.96426 14 1
-13.9672 14.9957 0.992238 14 1
-1.9915 -13.75 0.999762 14 1
0.441266 -14.9507 0.999252 14 1
0.721139 -9.40846 0.957204 15 1
15 15 0.999982 15 0
4.36818 5.93738 0.935445 15 1
-12.0179 8.05311 0.997078 15 1
-3.61547 7.85164 0.99996 15 0
5.02945 4.92134 0.997295 15 0
5.18295 5.29768 0.946926 15 0
-8.33634 -7.15305 0.968053 15 1
-5.76083 10.5701 0.973161 15 1
6.66932 3.85688 0.975507 15 0
-1.35873 15 0.990511 15 0
-15 -15 0.999982 15 0
14.8976 -10.3938 0.996122 15 1
2.84649 3.91917 0.927618 15 0
-11.1803 9.11708 0.999494 15 1
3.97868 3.10681 0.975095 15 0
5.05327 3.42845 0.976839 15 0
8.88691 8.15463 0.973569 15 0
6.46155 3.72304 0.964884 15 0
6.15027 -14.382 0.986316 15 1
-12.0909 -15 0.993152 15 1
2.73047 3.96474 0.901068 15 0
4.3415 4.95222 0.995032 15 0
9.60982 3.90098 0.975689 15 1
2.9259 4.11633 0.973671 15 0
12.9541 14.9412 0.994386 15 1
5.06252 9.6768 0.973616 15 0
1.59008 6.39164 0.99488 15 0
6.60951 6.87815 0.974788 15 1
-8.86459 5.78675 0.979342 15 1
2.80474 5.58159 0.911416 15 0
2.10963 3.89678 0.997717 15 0
4.98399 6.02006 0.941765 15 0
-14.2144 -13.0864 0.990403 15 1
15 15 0.999982 15 0
1.30573 3.53633 0.855958 15 0
3.30367 4.28304 0.969055 15 0
15 15 0.999982 15 0
10.478 -12.4494 0.985974 15 1
-3.36892 -11.5509 0.973222 15 1
5.83868 5.29585 0.941291 15 0
-3.59402 9.14272 0.978601 15 0
-13.189 2.7542 0.990404 15 1
15 -1.57055 0.988459 15 0
-4.68727 15 0.984093 15 0
11.2305 10.1721 0.983497 15 1
1.8985 5.09564 0.985227 15 0
3.00757 6.02798 0.932525 15 0
4.77679 2.58698 0.982516 15 0
3.65535 4.75328 0.997744 15 0
6.49993 14.9254 0.986319 15 1
2.01687 4.79665 0.876132 15 0
-6.0863 14.131 0.997927 15 1
10.3819 3.9154 0.978578 15 1
2.83688 3.78235 0.849551 15 0
14.8565 -5.56145 0.994438 15 1
14.1907 5.15364 0.987029 15 1
-3.57601 14.5676 0.996486 15 1
15 0.572814 0.995539 15 0
5.37292 1.48321 0.977827 15 0
-1.38007 14.5601 0.982461 15 1
7.67154 14.9973 0.989801 15 1
2.61614 2.39174 0.864277 15 0
-11.6222 14.0526 0.991259 15 1
2.57879 2.78151 0.887209 15 0
-14.7511 0.353524 0.987169 15 1
-10.6625 7.02813 0.997237 15 1
1.60551 3.66005 0.966957 15 0
3.07262 4.13767 0.898465 15 0
13.6557 -14.8991 0.99909 15 1
3.27343 3.57477 0.930576 15 0
11.0455 12.8117 0.995512 15 1
2.68083 5.3193 0.985471 15 0
14.865 -14.9754 0.996894 15 1
5.32258 6.3432 0.96157 15 0
7.58836 1.41183 0.970241 15 1
3.63914 9.58937 0.997222 15 0
7.46705 9.19054 0.996492 15 0
4.38058 1.11565 0.97291 15 0
-0.135438 -11.8653 0.993402 15 1
-12.9915 -3.7785 0.983574 15 1
3.30211 4.8955 0.957501 15 0
4.93467 4.76625 0.929567 15 0
-14.9947 -14.9679 0.999886 15 1
15 15 0.999982 15 0
-14.9893 8.50866 0.987573 15 1
6.89591 9.21262 0.97082 15 1
-0.532373 0.357376 0.474562 15 1
3.61696 4.86573 0.994061 15 0
-14.9729 -14.427 0.996539 15 1
5.14442 4.40318 0.92331 15 0
-1.7994 13.9628 0.982584 15 1
3.27237 3.73649 0.999731 15 0
-0.502444 11.5486 0.972603 15 1
5.05673 5.85831 0.962796 15 0
13.4491 7.77738 0.995706 15 0
3.63887 4.78928 0.999848 15 0
-8.54922 -11.1046 0.98906 15 1
3.86546 3.39303 0.905199 15 0
14.7373 -8.65604 0.99748 15 1
3.21652 3.51504 0.864427 15 0
6.94889 14.5703 0.988805 15 1
-10.8972 11.8674 0.991423 15 1
-14.8408 12.6131 0.9931 15 1
11.6652 15 0.995924 15 0
-6.40714 -5.2037 0.969813 15 1
11.2698 -14.9956 0.991803 15 1
-5.81364 14.776 0.995771 15 1
2.5223 -12.2874 0.975668 15 1
-6.13167 -0.483334 0.953104 15 1
-3.03743 -6.01454 0.932054 15 1
-11.3513 5.49933 0.977366 15 1
5.25045 14.9087 0.989113 15 1
1.48089 6.75068 0.949293 15 0
-11.5027 3.76929 0.976906 15 1
14.8346 11.3658 0.996369 15 1
3.18196 4.07827 0.887798 15 0
9.34062 14.2423 0.99989 15 1
-6.67367 -5.26169 0.970605 15 1
8.43433 -4.24403 0.957511 15 1
10.7738 -2.20737 0.967991 16 1
4.66566 3.48172 0.908377 16 0
4.20755 3.97748 0.896906 16 0
2.7496 2.9979 0.891024 16 0
-10.0187 -14.0535 0.986933 16 1
-4.43053 14.2482 0.999999 16 1
4.07151 4.41388 0.999033 16 0
1.51805 6.83784 0.989338 16 0
3.20024 5.98365 0.921346 16 0
-14.9999 -1.48942 0.989273 16 1
1.94508 -7.23015 0.976897 16 1
3.27762 3.22211 0.906448 16 0
15 15 0.999982 16 0
5.62006 15 0.998736 16 0
1.93671 3.81769 0.870149 16 0
1.82906 3.44308 0.994076 16 0
8.62274 7.05985 0.987691 16 0
2.531 4.01525 0.855404 16 0
-11.3901 14.9995 0.988946 16 1
11.696 -11.724 0.997795 16 1
3.14109 -6.03595 0.920493 16 1
1.12376 1.10425 0.383418 16 0
0.232524 14.6109 0.983099 16 1
-13.2852 1.11242 0.999682 16 1
2.55789 3.5375 0.958485 16 0
4.88739 10.0284 0.989825 16 0
-1.34296 -14.7385 0.991876 16 1
3.92232 4.16514 0.89676 16 0
-2.36126 -6.06135 0.995132 16 0
6.06214 5.56167 0.978663 16 0
3.92444 7.24325 0.975041 16 0
1.97807 4.58063 0.998838 16 0
-7.46847 -8.93504 0.984855 16 1
13.5422 -6.74018 0.984786 16 1
3.36752 3.71048 0.993483 16 0
4.81719 2.68077 0.999049 16 0
-8.19156 9.12081 0.998135 16 1
3.85594 4.4798 0.960997 16 0
3.7516 9.59843 0.989356 16 0
13.3298 -1.55052 0.996585 16 1
4.4846 7.07962 0.946132 16 0
3.48352 5.0046 0.981056 16 0
-8.86916 0.938518 0.952646 16 1
3.67569 0.555502 0.796864 16 0
6.98116 3.01943 0.999546 16 0
9.43283 -7.74901 0.992105 16 1
3.05768 3.86087 0.988027 16 0
3.09168 5.09115 0.985346 16 0
12.6448 13.9231 0.989498 16 1
-13.5822 -14.0963 0.998721 16 1
4.73067 4.14524 0.908325 16 0
-14.8472 -13.7122 0.999088 16 1
2.28416 4.80412 0.904725 16 0
7.36755 8.78041 0.9738 16 0
14.7219 -14.9859 0.992258 16 1
15 15 0.999982 16 0
-5.421 15 0.999773 16 0
1.28257 2.24129 0.64198 16 0
7.88001 3.45309 0.997647 16 1
14.1636 -7.01991 0.989251 16 1
-8.47829 2.29778 0.971277 16 1
13.8062 10.3388 0.987173 16 1
4.623 4.26658 0.908404 16 0
-11.3019 5.42813 0.975906 16 0
2.36903 4.32263 0.989968 16 0
2.69017 3.5941 0.991189 16 0
2.22637 3.49861 0.822954 16 0
5.87851 7.4725 0.967263 16 0
0.397221 6.37365 0.940578 16 0
14.9958 14.9773 0.999957 16 1
3.28131 3.88302 0.949938 16 0
8.46392 12.0072 0.982377 16 1
0.350487 14.361 0.999235 16 0
9.46749 -0.383759 0.961142 16 1
15 15 0.999982 16 0
3.51765 3.62927 0.97109 16 0
1.05378 4.76117 0.955855 16 0
13.653 7.50668 0.991551 16 1
12.8961 1.17041 0.989745 16 1
1.44726 -11.0461 0.987007 16 1
2.79654 1.6021 0.783126 16 0
2.08462 3.00572 0.770295 16 0
4.75168 4.13021 0.908859 16 0
-10.0666 14.3159 0.999282 16 1
-11.5549 14.9784 0.990677 16 1
-1.37251 -5.5313 0.904195 16 0
7.04492 -4.66906 0.956784 16 1
12.3484 -14.6195 0.999752 16 1
-2.6081 15 0.984028 16 0
-9.01153 14.6832 0.987899 16 1
8.06357 11.7421 0.987606 16 1
3.27443 3.52263 0.897165 16 0
-14.6296 13.9459 0.999046 16 1
-14.4228 10.7687 0.998257 16 1
4.18107 5.45597 0.9339 16 0
-14.8905 14.2479 0.998314 16 1
13.4762 13.0496 0.991763 16 1
12.6966 -2.91259 0.980164 16 1
3.67353 1.81205 0.861099 16 0
-10.8413 5.56727 0.989014 16 1
5.89437 14.4275 0.991117 16 1
14.8437 -6.69186 0.986479 16 1
2.95338 5.71406 0.965415 16 0
8.57816 -4.08142 0.965555 16 1
-11.3763 -11.3803 0.99324 16 1
15 15 0.999982 16 0
-5.18843 14.337 0.985358 16 1
14.9461 -13.9689 0.990999 16 1
2.20104 -11.4961 0.994489 16 1
2.30996 -9.05688 0.96512 16 1
2.83331 3.8683 0.885275 16 0
-0.681958 12.6606 0.98521 16 1
14.9464 0.775926 0.998805 16 1
7.66341 13.883 0.993919 16 1
-10.3579 -14.4386 0.987966 16 1
-3.5713 5.77188 0.921185 16 1
12.8474 -4.2297 0.98401 16 1
6.88373 12.7978 0.990505 16 1
10.6838 12.2539 0.985445 16 1
-14.8741 -1.8365 0.997507 16 1
13.052 -8.84677 0.986113 17 1
4.23435 5.06574 0.99042 17 0
2.69558 3.71934 0.90893 17 0
7.26933 -6.59383 0.980809 17 1
-6.4549 -10.302 0.984235 17 1
-14.6017 14.7074 0.999408 17 1
-5.88227 -14.079 0.986234 17 1
3.24365 4.06314 0.877314 17 0
12.0328 -11.51 0.99062 17 1
13.7923 8.9013 0.997015 17 1
4.39018 -14.9648 0.990141 17 1
11.3441 -10.3149 0.993355 17 1
3.2984 3.75202 0.99771 17 0
8.21773 4.07831 0.999799 17 0
-10.3225 9.16605 0.996522 17 1
3.97759 4.26868 0.914767 17 0
4.74879 3.33445 0.900715 17 0
-3.63343 -14.7312 0.983005 17 1
4.69228 -0.24929 0.847626 17 0
13.4578 11.7701 0.990057 17 1
1.94288 6.46825 0.927271 17 0
3.5451 3.55761 0.988872 17 0
2.72183 9.73254 0.98709 17 0
1.86962 -11.8608 0.974215 17 1
-6.60556 -15 0.995048 17 0
11.9959 14.8773 1 17 1
-10.4137 -1.04536 0.964814 17 1
-13.0027 14.8679 0.995792 17 1
14.9882 -14.0459 0.994727 17 1
-14.9724 -14.8921 0.99773 17 1
2.86524 3.0579 0.814494 17 0
4.38541 4.30964 0.954297 17 0
3.16708 4.79473 0.892636 17 0
-13.1785 -13.1287 0.999916 17 1
15 7.97822 0.999639 17 0
6.98379 9.5928 0.993453 17 1
8.24792 -0.00696659 0.971819 17 1
-14.8898 2.69205 0.984521 17 1
7.39721 6.95941 0.996244 17 0
1.98173 -14.6648 0.991722 17 1
-8.0291 14.8363 0.991704 17 1
7.02367 1.73745 0.94969 17 0
15 15 0.999982 17 0
13.9025 9.57799 0.99278 17 1
-13.7872 2.70083 0.985174 17 1
2.01583 3.13242 0.803832 17 0
5.819 6.5753 0.97235 17 0
3.0341 -11.3402 0.998258 17 0
2.30293 5.22978 0.898708 17 0
15 11.8502 0.999991 17 0
3.90748 -11.0853 0.999258 17 1
7.02075 0.748398 0.999826 17 0
4.13649 4.06183 0.899003 17 0
2.48128 4.42543 0.957579 17 0
4.97053 2.55654 0.968987 17 0
0.775075 6.27223 0.913324 17 0
-15 -15 0.999982 17 0
3.31045 3.729 0.999253 17 0
2.83255 3.78422 0.849309 17 0
-14.9836 14.9894 0.999957 17 1
9.65213 -5.15626 0.970781 17 0
3.17042 4.10803 0.880605 17 0
5.20387 14.29 0.983341 17 1
2.6248 3.74169 0.930175 17 0
5.78912 -14.8996 0.999875 17 1
-12.6626 -2.91941 0.983628 17 1
3.43631 5.71659 0.961712 17 0
12.8266 5.30342 0.999986 17 1
3.33923 5.11343 0.976525 17 0
1.94422 -14.8465 0.998425 17 0
2.76256 3.14456 0.814191 17 0
3.75063 5.17518 0.943407 17 0
14.5677 13.1171 0.999625 17 1
5.65763 8.03908 0.97707 17 0
5.09795 3.32531 0.985823 17 0
10.6247 7.546 0.979688 17 1
2.57404 5.35241 0.977172 17 0
-12.2398 -6.3208 0.993435 17 1
13.3663 -3.86578 0.998925 17 0
0.891703 6.41311 0.985446 17 1
1.94923 5.30796 0.927427 17 0
2.83401 3.85129 0.875365 17 0
12.5532 -13.6634 0.99955 17 1
4.5023 4.17986 0.957156 17 0
2.48852 3.36104 0.814168 17 0
4.34222 9.77905 0.998613 17 0
4.81779 5.77231 0.987962 17 0
8.40164 7.38606 0.994751 17 1
4.56115 14.2434 0.999306 17 1
0.701282 2.74871 0.978348 17 0
2.51947 3.81433 0.92946 17 0
6.38187 7.50782 0.971883 17 0
4.1688 2.90296 0.952819 17 0
-11.6104 -14.9996 0.993689 17 1
-14.8598 -11.099 0.999334 17 1
-10.4759 -14.7079 0.99998 17 1
-3.32681 6.14631 0.983979 17 1
-0.282584 12.9911 0.983702 17 1
3.79486 5.10566 0.92849 17 0
-14.2754 14.5594 0.990779 17 1
4.49396 3.71326 0.912199 17 0
-11.9765 14.9942 0.99777 17 1
1.92521 -14.9759 0.986887 17 1
4.12961 5.29757 0.94 17 1
0.32921 -10.8367 0.988031 17 1
4.16218 4.14458 0.937709 17 0
8.93436 -11.3979 0.995706 17 1
12.1586 6.27383 0.982398 17 1
-5.72129 0.701735 0.892628 17 1
14.5293 -14.9305 0.994344 17 1
7.36417 14.9954 0.987059 17 1
4.44569 5.16285 0.920781 17 0
2.94801 3.04228 0.832148 17 0
14.9611 -14.9678 0.99943 17 1
15 -15 0.999982 17 0
11.8388 -7.7768 0.980977 17 1
8.87392 -13.0485 0.986967 17 1
-10.0284 11.5168 0.9873 17 1
2.00075 11.5589 0.997517 17 1
-14.6867 14.8378 0.992287 17 1
-14.834 -5.26554 0.984721 18 1
6.89895 -8.33662 0.991743 18 1
4.81603 5.1369 0.998038 18 0
-1.52794 8.37373 0.974943 18 0
4.28415 5.10128 0.965707 18 0
-8.08452 2.94725 0.997848 18 1
7.4761 14.9902 0.985954 18 1
15 15 0.999982 18 0
2.40941 3.58963 0.915654 18 0
6.34348 1.31293 0.986657 18 0
3.08663 3.83918 0.98855 18 0
2.55304 3.50249 0.92745 18 0
3.45785 3.82912 0.895093 18 0
14.2478 4.9819 0.987369 18 1
3.97155 9.6717 0.965049 18 0
-1.69169 6.32544 0.999977 18 0
2.91565 3.79982 0.881126 18 0
11.0549 -13.3081 0.987041 18 1
-13.8445 5.76925 0.996622 18 1
2.31424 5.26645 0.892353 18 0
2.29204 -7.31946 0.987118 18 1
-14.9935 -10.9655 0.999938 18 1
14.6215 14.8698 0.99328 18 1
2.83677 3.78494 0.850021 18 0
3.32211 4.55182 0.939696 18 0
5.06722 5.98422 0.939267 18 0
-6.24425 -3.28214 0.999455 18 0
4.65451 4.74399 0.973033 18 0
11.9847 -14.9254 0.999647 18 1
15 15 0.999982 18 0
5.03007 2.43029 0.970797 18 0
8.23884 -6.38706 0.967287 18 1
15 15 0.999982 18 0
3.65922 4.64013 0.960163 18 0
2.69637 3.03501 0.900156 18 0
-0.469587 11.0876 0.978913 18 1
-8.47638 14.9756 0.988932 18 1
3.51666 7.27837 0.997852 18 0
2.30803 4.4493 0.992938 18 0
-10.88 13.9065 0.994772 18 1
3.1602 3.51356 0.849056 18 0
-7.90705 -13.7002 0.990208 18 1
2.88716 6.25826 0.94098 18 0
7.41969 7.62301 0.98987 18 0
-8.8867 4.95475 0.998333 18 1
-0.359073 -1.66798 0.726223 18 0
2.66226 3.32089 0.84721 18 0
2.44034 3.74472 0.997818 18 0
4.07323 5.72466 0.995185 18 1
11.1094 5.20524 0.998799 18 0
2.37772 3.11526 0.999523 18 0
9.99962 11.6835 0.997405 18 1
1.48245 -0.366697 0.410673 18 1
4.82896 5.77388 0.990432 18 0
8.89032 13.1727 0.996851 18 1
-13.8965 -14.6333 0.999835 18 1
-11.6791 11.3316 0.986015 18 1
-7.19298 1.46587 0.931172 18 1
-7.23795 15 0.990332 18 0
2.22278 3.36503 0.930471 18 0
-4.54703 -14.6576 0.994724 18 1
-11.2598 12.8507 0.997824 18 1
-14.1457 -15 0.998685 18 1
-1.37564 8.99282 0.993228 18 0
-6.87229 -11.148 0.977239 18 1
4.75497 4.7089 0.951101 18 0
4.35049 14.8144 0.999977 18 1
3.238 3.72143 0.991521 18 0
2.92706 3.59115 0.875993 18 0
-5.56419 12.9333 0.982503 18 1
-12.2565 14.9821 0.989538 18 1
4.04123 4.11167 0.892703 18 0
15 15 0.999982 18 0
0.45975 14.9695 0.998226 18 1
2.75398 3.39591 0.964512 18 0
11.4005 -14.956 0.989575 18 1
14.4518 -7.03888 0.9947 18 1
-8.62854 14.9151 0.987764 18 1
11.7995 -4.9837 0.99968 18 1
3.49082 2.65913 0.977044 18 0
9.51037 -3.77872 0.99928 18 1
4.55391 -14.4512 0.983524 18 1
14.8275 -10.4393 0.998022 18 0
9.41552 11.3981 0.990196 18 1
8.41502 -10.0366 0.977261 18 1
2.87025 3.67748 0.856954 18 0
3.01029 4.40287 0.914381 18 0
8.04239 14.8971 0.996538 18 1
3.09792 4.12623 0.894862 18 0
10.1788 7.84434 0.999568 18 1
7.40112 -14.9995 0.986329 18 1
0.561771 1.29078 0.791538 18 0
14.7367 13.5461 0.994408 18 1
-7.04869 14.7781 0.993577 18 1
3.82305 4.35839 0.899065 18 0
3.94864 -1.29672 0.819107 18 1
-8.37963 15 0.99066 18 0
10.9082 -11.7492 0.997944 18 1
-2.85008 -2.43106 0.82644 18 1
-10.8644 -9.9852 0.98724 18 1
3.91401 3.61755 0.911675 18 0
1.75772 3.87533 0.8464 18 0
-4.78094 -4.65217 0.96126 18 1
3.04722 3.8912 0.994934 18 0
-3.6479 15 0.999952 18 0
11.3281 14.7799 0.999531 18 1
11.1423 14.8773 1 18 1
-13.4286 -14.1539 0.9952 18 1
2.03231 2.97782 0.793841 18 0
-5.82834 -14.8524 0.99988 18 1
-3.27957 -13.7166 0.981092 18 1
-12.8359 -13.2191 0.992049 18 1
-14.9337 11.2467 0.995923 18 1
4.05879 9.70799 0.968216 18 0
11.8068 13.8965 0.991318 18 1
3.22029 3.58359 0.904478 18 0
-9.91187 -7.35722 0.998596 18 1
3.53148 3.38918 0.96984 18 0
-5.56868 -14.291 0.993855 18 1
4.20451 4.40392 0.984952 18 0
14.2763 7.60484 0.986582 19 1
2.37794 3.89945 0.933176 19 0
-3.52349 -14.7573 0.983013 19 1
9.04417 4.43089 0.979203 19 0
7.04162 11.6122 0.979601 19 1
-5.06404 -14.6979 0.994837 19 1
8.40649 1.45236 0.980915 19 1
3.23939 3.77451 1 19 0
3.1676 3.57343 0.87101 19 0
6.25451 1.96319 0.999669 19 0
-11.9348 15 0.998775 19 0
2.85987 5.90747 0.998977 19 0
3.57616 15 0.999608 19 0
3.52413 3.8806 0.873094 19 0
6.14931 -6.43284 0.951927 19 1
-5.10653 -14.0755 0.998431 19 1
-14.7561 8.66706 0.995985 19 1
3.14045 3.82751 0.997299 19 0
4.32087 3.7655 0.894524 19 0
3.53312 4.20145 0.999714 19 0
-12.7014 1.9594 0.999535 19 1
4.22322 2.143 0.851619 19 0
15 -0.955091 0.99368 19 0
-6.32388 -12.0608 0.978903 19 1
3.21552 5.82706 0.968669 19 1
13.0718 -13.7324 0.993106 19 1
14.9794 13.1408 0.99034 19 1
4.57255 8.66468 0.984818 19 0
2.86063 3.71972 0.848449 19 0
-3.60365 15 0.999778 19 0
3.22112 5.13301 0.994825 19 0
13.6866 -4.65333 0.997881 19 1
-8.25098 5.26284 0.987229 19 1
12.1439 -13.7082 0.988279 19 1
8.23497 7.68361 0.999967 19 0
-6.74588 7.84151 0.981372 19 0
7.55056 9.39948 0.973403 19 0
3.78368 3.24411 0.999518 19 0
4.59213 4.3595 0.916811 19 0
5.5969 -3.14092 0.957821 19 1
3.88256 9.59142 0.980619 19 0
7.36082 -14.9801 0.987848 19 1
14.5678 -2.23282 0.985527 19 1
-3.3747 -3.86471 0.914059 19 1
-13.5311 1.70499 0.979398 19 1
12.0897 -11.7819 0.992677 19 1
3.299 3.62148 0.972728 19 0
15 1.81088 0.986074 19 0
15 -5.32994 0.998592 19 0
14.2351 14.6704 0.99067 19 1
5.01909 2.39647 0.983894 19 0
3.96639 3.56318 0.913146 19 0
3.98873 4.28863 0.927256 19 0
15 15 0.999982 19 0
14.9551 2.26857 0.984827 19 1
4.15896 4.4777 0.974523 19 0
2.79866 3.64825 0.90473 19 0
6.3891 2.15566 0.93043 19 1
14.2957 4.78312 0.989172 19 1
2.27699 4.97948 0.997888 19 0
-7.4352 -1.6907 0.997536 19 1
3.91129 4.5914 0.999635 19 0
3.52561 2.7371 0.999019 19 0
2.07059 5.20649 0.960565 19 0
0.533883 14.2684 0.991567 19 1
-6.17108 -9.64996 0.97466 19 1
-14.8082 -14.9926 0.995424 19 1
14.0964 14.9592 0.995492 19 1
-13.7281 7.00577 0.99933 19 1
3.90198 4.04584 0.94907 19 0
3.91584 4.22711 0.892505 19 0
15 15 0.999982 19 0
2.92969 3.66829 0.848127 19 0
-14.4446 14.2695 0.994345 19 1
4.27636 7.89266 0.961775 19 1
7.55488 6.90361 0.99925 19 0
3.29194 4.42267 0.99899 19 0
-7.46158 7.22224 0.973232 19 1
1.94597 6.25105 0.999988 19 0
-1.1618 -14.3782 0.999541 19 1
-15 15 0.999982 19 0
-14.9914 12.8689 0.995448 19 1
5.8771 7.17773 0.982296 19 0
15 13.6286 0.996478 19 0
9.61605 -1.71356 0.99123 19 1
-4.81768 9.5628 0.999188 19 1
3.68332 3.44125 0.979441 19 0
3.08126 3.90279 0.999986 19 0
-7.06716 0.728786 0.996617 19 1
-14.2273 7.99598 0.989016 19 1
-1.79278 -4.31271 0.854628 19 1
2.5866 3.88692 0.85527 19 0
3.47252 3.38048 0.929813 19 0
1.94656 -14.8719 0.996598 19 1
-11.9468 -6.55123 0.97901 19 1
-13.6741 -8.2275 0.999929 19 1
2.79258 3.18882 0.833791 19 0
3.95581 2.64584 0.86138 19 0
-6.95079 -14.8809 0.997623 19 1
3.61313 3.27333 0.955043 19 0
-6.27403 9.01697 0.968045 19 1
6.56183 6.399 0.99999 19 0
7.90906 -14.8972 0.99146 19 1
2.98392 -11.376 0.999591 19 1
11.9419 -14.8754 0.999513 19 1
4.68585 14.3412 0.987957 19 1
-9.41569 8.99028 0.980933 19 1
-14.2848 6.72004 0.987459 19 1
5.55401 -14.8113 0.990216 19 1
8.18042 0.832081 0.980021 19 0
3.18176 3.53575 0.860084 19 0
14.9708 7.46201 0.986292 19 1
9.57373 -14.8327 0.994979 19 1
9.22778 14.9611 0.999366 19 1
-12.9841 0.941428 0.980957 19 1
14.4495 13.3463 0.999554 19 1
4.9803 2.28765 0.998751 19 0
3.54253 3.82214 0.874406 19 0
14.5563 -9.14486 0.990054 19 1
3.22765 3.70688 0.98291 19 0
14.9846 -5.30951 0.997244 20 1
9.11683 9.48173 0.98055 20 1
2.80844 5.11818 0.916587 20 0
4.26434 5.09492 0.973964 20 0
15 -15 0.999982 20 0
14.8729 14.6777 0.991655 20 1
1.49896 -14.8239 0.999662 20 1
0.350021 -14.9171 0.999999 20 1
0.44859 -13.4325 0.994475 20 1
7.67446 -13.1632 0.984698 20 0
-2.59595 7.18269 0.99539 20 1
7.48361 -12.0424 0.981653 20 1
11.3559 14.9991 0.989353 20 1
3.47029 9.28907 0.962355 20 0
3.07471 -7.1026 0.962555 20 1
2.95255 3.06985 0.849782 20 0
14.9206 10.6564 0.988279 20 1
-5.72355 -1.87685 0.999985 20 1
14.8705 -7.34495 0.996045 20 1
3.77783 4.04896 0.993509 20 0
8.23265 7.33865 0.969403 20 0
11.7741 -5.40644 0.98879 20 1
-15 15 0.999982 20 0
2.15121 4.7222 0.880627 20 0
4.94358 2.47618 0.995975 20 0
2.84076 3.95353 0.949142 20 0
0.746565 7.19266 0.951232 20 0
3.69124 4.08302 0.999827 20 0
4.56083 3.46068 0.895812 20 0
-15 -15 0.999982 20 0
10.1949 14.9981 0.997955 20 1
4.53398 3.25687 0.973062 20 0
3.21288 4.48443 0.998528 20 0
-13.1658 -9.74851 0.994368 20 1
-6.40926 -14.3551 0.98417 20 1
-2.5729 -2.85392 0.949738 20 0
2.76378 4.51659 0.890207 20 0
2.89551 3.62056 0.873814 20 0
-8.39629 -12.7068 0.984302 20 1
6.59849 2.33884 0.988169 20 0
-8.75484 -9.52797 0.991054 20 1
2.71285 3.65105 0.950146 20 0
-8.19105 14.9952 0.99778 20 1
4.36341 4.88276 0.999966 20 0
3.15879 3.96403 0.961145 20 0
3.34131 3.31825 0.847245 20 0
0.832097 4.66339 0.851998 20 0
14.9971 -7.28596 0.988971 20 1
-0.187347 12.6017 0.976606 20 0
2.10041 4.75081 0.878762 20 0
3.71137 4.0829 0.99836 20 0
4.75509 5.66109 0.941035 20 0
-14.0989 6.2331 0.999437 20 1
3.17696 3.84486 0.999107 20 0
3.02225 3.45596 0.91113 20 0
1.87155 3.74843 0.81442 20 0
-14.9731 12.1277 0.993018 20 1
15 -10.6006 0.989003 20 0
-12.1665 -14.5059 0.991484 20 1
3.26379 -9.87897 0.969947 20 1
3.52751 3.36374 0.954091 20 0
3.82548 4.01608 0.990463 20 0
3.06381 2.81055 0.818565 20 0
-15 14.8073 0.995675 20 0
-8.25426 -12.1896 0.984169 20 1
13.1554 1.29456 0.988548 20 1
12.3445 -9.56913 0.988042 20 1
11.8092 10.7141 0.999665 20 1
-4.55947 -1.53048 0.897195 20 0
2.96322 4.44158 0.918491 20 0
0.287312 -14.674 0.981938 20 0
15 5.27774 0.997524 20 0
-8.78774 2.39503 0.995219 20 1
-12.8746 -12.9738 0.989134 20 1
14.5101 4.59981 0.983867 20 1
2.25243 -8.02474 0.949055 20 0
-13.3757 14.5497 0.995064 20 1
4.5193 5.33686 0.985592 20 0
11.7067 -3.03806 0.975868 20 1
1.43529 2.66121 0.824365 20 0
3.31909 -13.0056 0.996327 20 1
-11.0213 13.5029 0.995056 20 1
3.25283 3.92246 0.940729 20 0
3.97276 -14.9911 0.997813 20 1
-8.69665 8.66442 0.999255 20 1
13.6882 -13.9011 0.995119 20 1
14.9494 -14.8652 0.995931 20 1
3.03701 4.65001 0.987466 20 0
14.7981 3.69386 0.985741 20 1
1.67852 -10.4596 0.980848 20 1
-14.6659 -12.2153 0.999763 20 1
4.11485 9.68088 0.967828 20 0
-11.2694 14.7889 0.999987 20 1
-10.1447 -6.21722 0.988488 20 1
-10.0835 7.72013 0.988221 20 1
2.45661 12.8176 0.978294 20 1
8.0306 14.3845 0.999812 20 1
1.80074 5.89844 0.943953 20 0
3.2579 3.86185 0.972229 20 0
-9.7446 -0.9246 0.986821 20 1
0.303945 6.8707 0.935213 20 0
4.14896 3.71949 0.978764 20 0
11.5286 1.42883 0.980006 20 1
15 -15 0.999982 20 0
2.31561 7.22001 0.99977 20 0
2.95019 4.52126 0.962103 20 0
-10.5148 14.1811 0.994976 20 1
3.39818 3.50794 0.961883 20 0
0.302704 13.1316 0.978959 20 1
13.6205 -12.6935 0.999621 20 1
2.36984 4.83828 0.954263 20 0
2.90069 3.69541 0.847727 20 0
2.98234 3.60219 0.852421 20 0
4.32878 -14.8279 1 20 1
-13.8908 8.45351 0.985555 20 1
14.9622 14.1734 0.998339 20 1
9.9248 -14.9772 0.996301 20 1
4.76118 -8.24593 0.970513 20 1
11.6063 1.94151 0.999818 20 1
-7.28293 4.64343 0.999992 20 1
8.68752 -14.5112 0.995293 21 1
3.14679 3.87087 0.99897 21 0
7.33746 -13.0952 0.995553 21 1
3.30534 3.94673 0.902138 21 0
14.8893 -13.8673 0.992175 21 1
-7.68481 6.19184 0.968862 21 1
-14.9947 -9.9229 0.997184 21 1
-7.47062 -14.2554 0.992973 21 1
4.63607 4.1548 0.91725 21 0
12.9047 15 0.993666 21 0
5.70757 5.7951 0.999332 21 0
-10.9126 14.5996 0.991808 21 1
2.38249 6.16751 0.987273 21 0
6.2074 5.86641 0.983859 21 0
6.69221 2.02756 0.985346 21 0
2.95909 3.72649 0.861048 21 0
2.75158 -12.6159 0.994498 21 1
13.5809 6.47483 0.992157 21 1
3.38285 4.21071 0.963889 21 0
-1.64969 -6.5239 0.935172 21 1
12.6147 -13.8956 0.991279 21 1
3.07515 3.85897 0.992107 21 0
-13.9462 12.0587 0.992786 21 1
-8.35344 -11.6022 0.99362 21 1
1.57116 -14.9082 0.997232 21 1
-8.19667 -3.35925 0.954634 21 1
4.26183 3.49281 0.99935 21 0
-3.36642 -14.051 0.998381 21 1
-4.62507 11.9756 0.999923 21 1
-6.40077 13.6182 0.991948 21 1
-9.69111 14.5462 0.998308 21 1
4.03603 0.0944033 0.925759 21 1
8.52518 11.5902 0.999916 21 1
3.42729 5.59765 0.998952 21 0
-13.9287 14.5344 0.999735 21 1
15 -15 0.999982 21 0
-13.7797 -5.16511 0.983781 21 1
15 -7.72439 0.991912 21 0
2.45416 4.90247 0.999007 21 0
3.27898 3.89171 0.946004 21 0
2.96024 3.62732 0.850778 21 0
3.11764 3.85674 0.998878 21 0
2.80033 4.03131 0.979 21 0
6.94905 6.27272 0.962358 21 0
13.7059 14.5956 0.99473 21 1
15 15 0.999982 21 0
3.60743 4.12065 0.998112 21 0
2.67539 3.82279 0.856512 21 0
12.9326 14.9525 0.99472 21 1
5.1521 3.9594 0.993237 21 0
2.42345 3.31711 0.849922 21 0
-4.71926 -0.696759 0.867908 21 1
2.96225 4.01073 0.999297 21 0
2.97237 4.53727 0.978138 21 0
15 -2.01112 0.984343 21 0
2.79865 3.81151 0.849693 21 0
5.23074 3.57345 0.917792 21 0
3.11815 4.66359 0.956167 21 0
1.35611 -10.439 0.96878 21 1
2.55457 3.4068 0.848827 21 0
5.29966 6.32336 0.970969 21 0
0.221656 14.1896 0.982514 21 1
3.83251 4.02841 0.984657 21 0
7.51184 -6.02072 0.994915 21 1
8.8144 14.4909 0.998516 21 1
3.83293 4.80254 0.956527 21 0
-13.999 -7.28466 0.987034 21 1
7.06034 8.93386 0.985277 21 1
-2.29422 -14.9202 0.9872 21 1
4.18506 2.61086 0.99142 21 0
6.32648 12.9252 0.99995 21 1
2.77418 8.75001 0.999569 21 0
15 12.1457 0.99126 21 0
13.7466 14.1192 0.998262 21 1
7.21251 -11.2834 0.998778 21 1
9.20461 15 0.998495 21 0
3.58065 3.7628 0.878831 21 0
3.9054 8.20386 0.990823 21 0
2.97729 3.78679 0.903722 21 0
2.66309 6.4704 0.986905 21 0
2.99981 2.84021 0.832001 21 0
3.49279 3.41604 0.963112 21 0
2.58618 3.86863 0.86278 21 0
4.10402 4.16551 0.921864 21 0
-14.9946 0.638151 0.995789 21 1
14.9793 -14.9895 0.999932 21 1
5.49201 6.65185 0.999676 21 0
1.20655 11.2679 0.99429 21 1
4.90758 2.53939 0.996793 21 0
-12.7582 -9.58068 0.999879 21 1
4.22789 9.6575 0.971104 21 0
4.78894 15 0.984932 21 0
4.85472 -13.1752 0.986011 21 1
9.775 11.3968 0.995206 21 0
-0.697153 13.6378 0.980306 21 1
-14.2947 -13.0709 0.989456 21 1
2.94783 3.38822 0.990427 21 0
-6.80891 14.5562 0.995116 21 1
3.05973 2.79825 0.82323 21 0
15 15 0.999982 21 0
4.11527 3.74447 0.982937 21 0
10.6207 7.14349 0.999306 21 1
4.02439 -13.5931 0.981542 21 1
2.82264 3.72501 0.853431 21 0
-14.9154 -8.59207 0.988637 21 1
9.31054 3.88516 0.983213 21 1
7.18876 5.05235 0.970577 21 1
-12.5724 3.48157 0.978626 21 1
-9.12727 -11.2326 0.996506 21 1
6.16861 -5.86893 0.975731 21 1
-2.31161 14.2206 0.999954 21 1
-4.62188 6.8547 0.965577 21 1
-14.1021 -10.8101 0.987992 21 1
-11.3543 -14.4342 0.988904 21 1
14.0944 4.80662 0.999391 21 1
-4.00051 6.05915 0.941109 21 1
9.91456 15 0.997171 21 0
-2.02571 14.9862 0.98507 21 1
-6.13246 5.36612 0.997804 21 1
15 15 0.999982 21 0
-7.80953 11.9273 0.989019 22 1
-13.3917 -10.2293 0.990262 22 1
9.13213 15 0.999805 22 0
6.18491 15 0.985056 22 0
4.38951 2.87682 0.873875 22 0
3.02338 3.52987 0.866156 22 0
-4.69685 12.9051 0.988216 22 1
3.99778 3.54243 0.92004 22 0
2.96747 3.67847 0.849164 22 0
3.11566 3.87087 0.999865 22 0
3.16172 3.78005 0.989415 22 0
-11.1484 14.9698 0.997731 22 1
-14.6318 13.8483 0.999945 22 1
9.12254 14.9995 0.999893 22 1
-14.2655 15 0.99989 22 0
2.23587 5.65048 0.989603 22 0
2.94401 4.04008 0.996978 22 0
12.5241 14.7163 0.990292 22 1
3.11323 3.94901 0.98595 22 0
4.46958 1.9923 0.968999 22 0
2.93325 3.75119 0.862884 22 0
0.273049 4.92435 0.991109 22 0
2.66989 4.3037 0.964044 22 0
3.21404 4.01062 0.907807 22 0
6.12847 5.07342 0.960184 22 1
3.78431 3.72971 0.900776 22 0
11.3053 13.3444 0.998824 22 1
2.757 4.85865 0.970817 22 0
2.15839 3.45341 0.885972 22 0
4.75902 5.64193 0.937726 22 0
-3.74886 -11.827 0.991584 22 0
-9.00923 5.59283 0.983067 22 1
9.57193 -2.69103 0.961154 22 1
3.63471 5.45604 0.999637 22 0
4.9986 5.71899 0.999973 22 0
2.46265 5.02548 0.96475 22 0
3.56941 3.69509 0.909213 22 0
-3.40079 -2.39897 0.81727 22 1
14.9991 -8.96712 0.99811 22 1
3.24695 3.93984 0.933235 22 0
-5.47698 -5.89206 0.989981 22 0
3.62735 6.14777 0.988047 22 0
-6.40954 1.85837 0.959968 22 1
3.88085 4.0558 0.953937 22 0
10.09 -11.4111 0.984414 22 1
3.15564 4.17732 0.872646 22 0
0.741019 -0.421391 0.870242 22 0
-13.6483 -12.3341 0.990252 22 1
-15 15 0.999982 22 0
3.42389 3.67339 0.989202 22 0
5.40086 4.57466 0.999769 22 0
-7.19564 15 0.991824 22 0
2.80131 4.02482 0.975993 22 0
5.29083 5.08439 0.930987 22 0
4.05162 9.61833 0.966129 22 0
-3.70088 3.15927 0.947153 22 1
-12.2722 -1.19091 0.999416 22 1
3.14623 3.87596 0.998395 22 0
14.5824 -9.65587 0.998824 22 1
-0.596079 -14.8956 0.999856 22 1
3.56294 3.35735 0.970446 22 0
14.5168 9.8082 0.999798 22 1
6.51459 1.78253 0.927186 22 0
12.453 -8.89232 0.990272 22 1
6.04362 10.1992 0.994848 22 1
13.2351 4.22009 0.999807 22 1
3.79384 8.72674 0.969091 22 0
3.89811 3.85607 0.999092 22 0
-3.96392 -0.207044 0.987218 22 1
2.91538 3.68175 0.847913 22 0
-5.87306 15 0.991671 22 0
-10.8933 -7.82132 0.997425 22 1
-6.84513 11.6863 0.982215 22 1
3.85485 3.59465 0.879552 22 0
14.8229 9.81719 0.987746 22 1
3.4797 4.28477 0.997998 22 0
-13.2389 -1.79842 0.99994 22 1
2.92255 3.50452 0.936953 22 0
2.99067 -14.8262 0.984919 22 1
-14.8268 -3.80768 0.990869 22 1
8.83576 9.10514 0.986468 22 1
2.79048 4.55281 0.918937 22 0
4.93168 2.52614 0.992418 22 0
-14.2142 8.33893 0.999904 22 1
-13.9989 4.10605 0.984799 22 1
-11.1528 -12.5672 0.98712 22 1
-8.50872 -0.461879 0.977878 22 1
-14.6413 5.94417 0.988734 22 1
2.54645 3.89499 0.862738 22 0
15 15 0.999982 22 0
3.06239 4.19199 0.879782 22 0
-10.4031 -9.87778 0.998106 22 1
3.18537 -1.5146 0.888805 22 1
2.6902 3.6194 0.98019 22 0
1.96788 6.99866 0.938465 22 0
-15 -10.6674 0.990843 22 0
14.9238 12.541 0.994133 22 1
2.8279 3.66605 0.878145 22 0
-0.00048542 -4.37666 0.968185 22 1
2.87973 3.70696 0.848204 22 0
-7.8139 -14.9958 0.995017 22 1
-0.00622082 12.2609 0.998259 22 0
-14.2962 -14.7583 0.995079 22 1
13.9107 13.4016 0.99059 22 1
14.8826 -6.40141 0.985491 22 1
14.4868 10.0106 0.997965 22 1
14.8108 2.90165 0.987484 22 1
-7.33843 10.584 0.997862 22 1
-14.9877 14.6339 0.99097 22 1
14.8049 8.81711 0.987744 22 1
-0.439629 1.13198 0.788632 22 1
-14.1218 14.4296 0.999657 22 1
3.02757 -6.20265 0.945231 22 1
-12.3144 7.8971 0.982308 22 1
2.54423 -9.40493 0.995543 22 1
8.40619 -13.023 0.998326 22 1
14.4398 -14.9361 0.997441 22 1
3.77092 -14.6027 0.988484 22 1
-14.3744 -14.8564 0.999967 22 1
-7.75911 14.1501 0.989176 22 1
0.424531 -11.2514 0.999995 23 1
2.81828 4.7979 0.982677 23 0
14.2886 12.882 0.994914 23 1
15 -15 0.999982 23 0
3.79079 -14.9499 0.999682 23 1
4.10056 4.89275 0.939451 23 0
7.66909 13.4563 0.998975 23 1
11.6537 -8.91982 0.98191 23 1
4.21719 3.51403 0.999701 23 0
10.0407 -3.44907 0.985674 23 1
-14.0898 -9.72326 0.995542 23 1
3.08699 3.91143 0.999626 23 0
-7.8312 14.7879 0.986153 23 1
3.83487 5.35605 0.994657 23 0
3.12087 3.85699 0.999187 23 0
-10.0018 -4.21382 0.98583 23 1
3.05312 3.39612 0.933694 23 0
0.668704 -15 0.995175 23 0
-4.82903 -0.797812 0.969705 23 1
-5.36048 -7.28732 0.980722 23 0
14.5354 13.352 0.996636 23 1
2.9555 3.35297 0.997837 23 0
13.9081 15 0.990951 23 0
3.80203 6.41496 0.96473 23 0
3.85926 4.13637 0.92584 23 0
13.7302 -3.17076 0.981698 23 1
9.97852 -5.52488 0.98195 23 1
6.14024 1.66385 0.928572 23 1
2.00241 5.77781 0.972609 23 0
1.69355 14.9497 0.992165 23 1
5.81369 1.97835 0.95848 23 0
-9.33436 14.7566 0.997269 23 1
3.6701 -14.9973 0.999976 23 1
2.87082 5.88808 0.999901 23 0
-14.1001 -11.0238 0.9913 23 1
3.12002 -12.6794 0.977928 23 1
-14.4886 -9.84669 0.999765 23 1
-10.8503 11.1132 0.996072 23 1
2.75134 4.53893 0.897307 23 0
4.05948 -4.09026 0.89254 23 1
12.9502 14.4786 0.990498 23 1
2.77043 3.57746 0.96971 23 0
-10.5956 -1.30793 0.996087 23 1
3.8131 2.46341 0.957867 23 0
3.59282 3.97777 0.933949 23 0
2.89302 3.70075 0.847784 23 0
2.4704 4.2256 0.969884 23 0
13.6386 9.48042 0.994075 23 1
2.96815 3.95165 0.994883 23 0
12.7255 2.18129 0.994663 23 0
2.29394 4.13899 0.850571 23 0
15 12.9825 0.991139 23 0
3.54254 9.02844 0.999789 23 0
-2.39029 -2.77271 0.770294 23 1
3.06783 3.82243 0.974381 23 0
3.18661 3.70165 0.962154 23 0
2.74194 3.66686 0.922612 23 0
9.36402 -14.7924 0.99949 23 1
-10.5531 8.19127 0.999958 23 1
-3.87937 5.52707 0.927569 23 1
5.89644 3.73197 0.979792 23 0
15 -15 0.999982 23 0
8.71762 9.32464 0.996722 23 0
15 -1.63844 0.987777 23 0
3.24805 4.01295 0.893152 23 0
11.8814 13.6568 0.999395 23 1
1.68134 4.2342 0.943722 23 0
2.42353 5.07607 0.946406 23 0
14.6726 10.9184 0.988747 23 1
3.9195 4.07324 0.928522 23 0
4.79731 5.93283 0.996793 23 0
15 15 0.999982 23 0
4.96215 2.48624 0.989019 23 0
3.60378 3.32998 0.977907 23 0
3.10488 3.77515 0.964909 23 0
3.22218 3.56984 0.896758 23 0
-5.51473 -12.5541 0.985627 23 1
-15 -15 0.999982 23 0
3.31905 3.30094 0.851025 23 0
-5.76446 -14.0745 0.983376 23 1
-12.333 -4.15899 0.981249 23 1
14.5145 12.3766 0.999488 23 1
-12.8043 -7.87472 0.993516 23 1
-12.6151 -14.2629 0.998183 23 1
14.9892 -5.56743 0.99978 23 1
-8.95501 5.55391 0.970327 23 1
2.88377 3.92651 0.952015 23 0
2.88807 3.71372 0.847274 23 0
2.4273 4.37274 0.996393 23 0
5.78844 5.64269 0.997888 23 0
0.542286 -12.8354 0.999704 23 1
13.2638 -11.8648 0.987545 23 0
3.06214 3.6065 0.850297 23 0
14.4784 9.75847 0.997203 23 1
-13.837 9.69077 0.993665 23 1
-10.2118 10.5556 0.982234 23 1
-1.97598 4.68251 0.951009 23 1
-13.0552 14.5878 0.998784 23 1
3.2248 3.56031 0.892314 23 0
8.42849 -1.41045 0.985248 23 1
0.831794 14.9521 0.998309 23 1
15 15 0.999982 23 0
6.27838 -11.3072 0.991876 23 1
3.04209 3.47265 0.888617 23 0
-14.9305 -14.8858 0.995993 23 1
2.99654 3.69493 0.860441 23 0
-13.475 -12.1733 0.99649 23 1
14.054 -5.56592 0.98553 23 1
-0.703679 14.5067 0.991382 23 1
14.9962 7.88194 0.997363 23 1
-2.31693 0.742144 0.920461 23 1
-13.9155 14.9862 0.990835 23 1
10.5333 1.812 0.997516 23 1
-0.931225 1.11495 0.622645 23 1
3.14129 4.24998 0.885204 23 0
2.90936 3.65096 0.855483 23 0
3.94659 9.52626 0.98819 23 0
14.9313 14.0197 0.991773 23 1
6.36751 -8.38364 0.968906 23 1
0.0111494 7.54111 0.994021 23 1
11.6698 0.951269 0.994971 24 1
14.0865 13.4843 0.994553 24 1
-11.5015 -13.3466 0.997404 24 1
4.38301 3.44933 0.975859 24 0
14.9998 -13.9956 0.993316 24 1
3.13274 3.86099 0.999977 24 0
2.86783 3.6888 0.853878 24 0
-10.1263 -14.7621 0.99154 24 1
-14.9868 -8.72728 0.988715 24 1
15 15 0.999982 24 0
-13.7447 -5.60648 0.99634 24 1
2.39111 5.04903 0.970678 24 0
2.9099 3.56071 0.904344 24 0
4.62738 5.88004 0.975051 24 0
15 15 0.999982 24 0
15 15 0.999982 24 0
5.84019 2.12568 0.921009 24 0
3.21348 3.55961 0.885762 24 0
12.2384 -9.3316 0.998192 24 1
3.18161 4.09376 0.882337 24 0
3.21487 3.92529 0.95743 24 0
2.19855 5.98453 0.935245 24 0
4.75087 11.3278 0.999598 24 1
5.43342 1.40079 0.955456 24 0
6.29133 14.1275 0.999789 24 1
4.29539 3.50221 0.992013 24 0
-13.8778 3.53924 0.996203 24 1
3.54454 12.7808 0.994287 24 1
-0.838379 5.22711 0.889589 24 0
-13.0051 5.83278 0.988634 24 1
3.47651 5.5644 0.999203 24 0
-9.83683 -14.325 0.990985 24 1
-12.0568 -13.6724 0.991687 24 1
2.87441 3.72971 0.847241 24 0
14.807 -4.03889 0.994846 24 1
12.7251 5.77516 0.993724 24 1
14.9688 -4.12938 0.996376 24 1
3.31908 15 0.996169 24 0
4.51536 3.05872 0.991943 24 0
14.8771 14.9698 0.997127 24 1
-0.188643 4.34239 0.940242 24 1
3.18769 3.86982 0.99244 24 0
3.08612 3.87529 0.997952 24 0
9.58638 14.9008 0.990365 24 1
2.81276 -13.9751 0.988877 24 1
2.82617 3.64708 0.890887 24 0
2.93362 4.64438 0.999915 24 0
14.9953 -7.51243 0.986121 24 1
4.49182 5.37883 0.990398 24 0
2.55611 4.06137 0.888342 24 0
-7.83536 -5.18541 0.95795 24 1
-11.5739 -10.5258 0.986146 24 0
-14.9936 3.48693 0.998411 24 1
14.3546 5.2885 0.989851 24 1
14.8284 -5.7325 0.997275 24 1
14.2685 -0.17388 0.990537 24 1
-13.6586 -5.77326 0.994902 24 1
2.80312 3.7592 0.849036 24 0
6.08081 4.41908 0.987419 24 1
2.7512 3.56033 0.986222 24 0
2.66724 3.9819 0.88352 24 0
14.7196 -10.6037 0.997609 24 0
4.59514 11.3132 0.992565 24 1
3.92678 4.07552 0.924455 24 0
3.39979 3.89939 0.88748 24 0
3.07601 3.63091 0.86118 24 0
5.28721 5.83875 0.940574 24 0
3.17135 8.85412 0.957345 24 0
2.93764 3.80849 0.897476 24 0
3.2183 3.16616 0.97694 24 0
3.01061 3.72376 0.880383 24 0
12.5205 11.4894 0.999725 24 1
3.29007 3.65446 0.984084 24 0
-14.9418 -6.1324 0.988141 24 1
2.81515 3.76659 0.847368 24 0
-9.09263 -7.78807 0.977452 24 0
2.75774 4.37526 0.888241 24 0
3.50893 3.88397 0.872616 24 0
-14.7503 9.50044 0.99999 24 0
2.52998 3.54293 0.947278 24 0
6.45004 14.908 0.985143 24 1
15 15 0.999982 24 0
-3.9023 -5.7281 0.958496 24 0
12.863 11.3574 0.992369 24 1
2.10972 7.92079 0.987697 24 0
2.10028 2.89317 0.824718 24 0
4.08608 9.5893 0.967405 24 0
3.61861 3.32717 0.983232 24 0
-14.5605 7.70518 0.999795 24 1
14.3564 14.1153 0.999776 24 1
-13.3552 -9.83614 0.995973 24 1
14.8907 4.04097 0.99983 24 1
9.6971 13.2531 0.997473 24 1
-2.73202 -9.53949 0.961861 24 1
2.9946 3.68523 0.856306 24 0
-8.198 15 0.99731 24 0
14.6734 11.997 0.992748 24 1
4.9615 2.47789 0.990691 24 0
2.54791 3.93159 0.849978 24 0
2.90063 3.70977 0.847246 24 0
3.30546 3.6387 0.983334 24 0
-12.5436 5.60391 0.98888 24 1
-14.071 -14.2299 0.994137 24 1
-9.56539 -11.3554 0.996602 24 1
15 15 0.999982 24 0
3.55449 -5.11446 0.91629 24 1
-8.84917 -1.07775 0.952386 24 1
4.66662 8.57958 0.991413 24 1
-7.21055 8.55846 0.995349 24 1
-14.9815 -10.3501 0.993042 24 1
15 -1.38409 0.990277 24 1
-5.77876 13.4438 0.98216 24 1
-11.4799 -3.71663 0.973803 24 1
-1.19372 -11.1557 0.998429 24 1
1.19691 -3.19687 0.999045 24 1
-9.97132 -11.4733 0.983149 24 1
-6.84305 -1.44552 0.985866 24 1
9.17877 -14.3365 0.999982 24 1
14.9976 14.9567 0.999805 24 1
14.7957 -14.5867 0.997336 24 1
-4.36472 14.9981 0.987932 25 1
4.75296 3.7663 0.993641 25 1
-14.3532 13.2138 0.995136 25 1
14.8906 14.6252 0.992508 25 1
3.12746 3.87672 0.999771 25 0
2.94421 3.73984 0.861704 25 0
-15 15 0.999982 25 0
2.19972 5.81304 0.920888 25 0
3.08067 3.70987 0.908244 25 0
3.38298 6.50181 0.930701 25 0
0.213369 -4.28646 0.881452 25 1
2.97904 3.79733 0.912001 25 0
4.16017 3.52552 0.99168 25 0
-14.9999 14.8744 0.998051 25 1
3.80281 5.373 0.99577 25 0
-11.9946 5.54592 0.987978 25 1
2.7641 4.52243 0.892988 25 0
14.6349 5.8179 0.985068 25 1
3.33728 3.9911 0.876362 25 0
15 15 0.999982 25 0
-2.18667 -11.2992 0.970799 25 1
2.66365 5.69119 0.908014 25 0
5.35311 2.46725 0.950754 25 0
2.51337 4.51612 0.890029 25 0
-14.77 -9.83006 0.989023 25 1
3.3546 4.17907 0.93303 25 0
-11.8966 4.99942 0.995425 25 1
9.60754 2.26904 0.968317 25 1
3.47142 4.55809 0.894889 25 0
-13.8343 -8.47367 0.985067 25 1
-14.8978 -13.9746 0.990516 25 1
1.7485 2.90408 0.998293 25 0
4.2163 2.88101 0.932293 25 0
3.60459 3.68183 0.899216 25 0
2.80513 3.69959 0.869208 25 0
5.46523 -2.20061 0.949049 25 1
2.94509 7.96142 0.967515 25 0
3.12677 4.01908 0.943531 25 0
2.65893 4.08739 0.955645 25 0
12.1805 -7.80864 0.996919 25 1
-7.48359 -2.74269 0.965242 25 1
-9.78032 15 0.991919 25 0
1.91363 4.34388 0.855538 25 0
0.449311 7.55915 0.999094 25 1
14.9773 6.9967 0.999276 25 1
-9.64028 -7.61426 0.999632 25 1
14.9994 -7.48563 0.986002 25 1
-11.1781 -6.08865 0.992403 25 1
4.7437 5.66406 0.939592 25 0
3.42255 3.47099 0.954383 25 0
-13.2821 -15 0.995518 25 0
4.94391 2.49665 0.993237 25 0
2.61897 3.57359 0.997559 25 0
12.879 15 0.994658 25 0
14.6924 8.37843 0.995327 25 1
14.2992 -4.83649 0.987253 25 1
7.10958 6.07493 0.96418 25 1
7.48985 3.37602 0.982232 25 0
3.00443 3.8515 0.962462 25 0
-14.9726 -0.247869 0.998345 25 1
2.99425 3.61133 0.848672 25 0
1.00123 -14.6152 0.981786 25 1
3.62438 4.03977 0.979872 25 0
2.86865 3.72785 0.847299 25 0
2.75034 3.73334 0.873078 25 0
9.31969 -3.26505 0.967739 25 1
-12.7047 13.9415 0.988944 25 1
15 15 0.999982 25 0
13.5336 -4.854 0.999695 25 1
2.33348 4.04758 0.854027 25 0
-3.70249 15 0.99999 25 0
-4.85998 -2.80146 0.956416 25 1
12.3639 -4.79797 0.994172 25 1
14.9888 -11.0841 0.998839 25 1
-15 15 0.999982 25 0
2.78299 4.17355 0.991417 25 0
5.03753 6.55525 0.96559 25 1
7.24334 -10.4991 0.995691 25 1
9.09886 -3.27419 0.999597 25 0
3.06524 4.01929 0.970766 25 0
-4.70717 5.34743 0.992195 25 1
-14.8895 7.66073 0.985991 25 1
-0.625162 -9.53815 0.979767 25 1
-14.978 -14.4754 0.994525 25 1
-3.01545 0.353998 0.803168 25 1
-4.63886 13.0797 0.999995 25 1
8.81911 7.41692 0.970776 25 1
2.99034 3.68158 0.854074 25 0
14.963 8.83489 0.990937 25 1
15 0.767036 0.994732 25 0
2.78949 3.78484 0.847406 25 0
-14.3518 13.9262 0.993314 25 1
3.09332 3.80177 0.974351 25 0
6.68879 7.09945 0.993736 25 1
3.16111 3.92969 0.977931 25 0
-10.9842 12.3767 0.99851 25 1
12.5462 2.85716 0.998716 25 1
-13.6912 -12.8278 0.991611 25 1
2.77946 3.7702 0.85023 25 0
9.92766 -9.98796 0.982279 25 1
7.37625 -13.8863 0.984222 25 1
-6.42871 2.65312 0.969539 25 1
3.00001 3.777 0.909358 25 0
4.0716 9.60532 0.966489 25 0
-13.3433 -7.96601 0.995332 25 1
2.38755 5.00816 0.989812 25 0
-14.6508 11.9368 0.989833 25 1
3.91254 4.06997 0.933022 25 0
2.80701 -6.60138 0.975045 25 1
11.3118 15 0.990294 25 0
2.8678 3.73744 0.847298 25 0
8.86683 13.3981 0.995419 25 1
15 6.57513 0.993998 25 0
-4.46342 -9.96083 0.974513 25 1
-10.2698 -5.70888 0.999031 25 1
14.8666 14.9832 0.997234 25 1
13.6583 11.8783 0.999424 25 1
12.145 11.9438 0.999858 25 0
-8.23551 -13.812 0.994172 25 1
3.61549 3.33905 0.986293 25 0
-2.64732 13.765 0.988712 26 1
2.97227 3.74941 0.877482 26 0
4.5024 5.37001 0.990403 26 0
2.41277 4.66893 0.875227 26 0
15 -15 0.999982 26 0
-15 13.4483 0.999943 26 1
-3.73023 12.4634 0.981875 26 1
5.31265 2.41543 0.915472 26 0
7.99993 14.3343 0.997037 26 1
3.01802 3.59796 0.847925 26 0
6.46142 14.9793 0.988487 26 1
11.8298 14.7364 0.989805 26 1
2.958 3.81452 0.912548 26 0
3.12014 3.8795 0.999905 26 0
4.07549 2.86349 0.999776 26 0
-1.87123 9.45267 0.996327 26 1
-0.0295515 -13.6366 0.979344 26 1
15 -15 0.999982 26 0
-7.0179 -8.94558 0.988277 26 1
3.39395 3.90396 0.887673 26 0
2.87492 3.74798 0.848669 26 0
3.1338 3.87465 0.999583 26 0
-2.62502 -1.13777 0.995839 26 0
-10.7102 10.3797 0.99996 26 1
-7.45825 1.33809 0.999484 26 1
2.11215 -14.9808 0.984655 26 1
2.84668 14.528 0.992388 26 1
9.9448 -2.56961 0.995287 26 1
7.56967 -14.2588 0.988727 26 1
3.57229 5.50912 0.998664 26 0
3.60441 3.35529 0.987735 26 0
-7.92239 -1.0267 0.971839 26 1
2.40094 4.99508 0.992031 26 0
4.72888 11.1337 0.976046 26 1
2.42719 12.2646 0.978539 26 1
14.6009 6.10514 0.990923 26 1
-13.2029 1.47509 0.99663 26 1
-7.6614 15 0.989636 26 0
2.8701 3.73475 0.847272 26 0
3.05563 3.99402 0.98584 26 0
3.1066 3.76268 0.958294 26 0
15 -13.1606 0.99122 26 0
11.1202 13.5668 0.999999 26 1
-3.20297 5.75354 0.995224 26 0
3.27396 8.63535 0.992111 26 0
2.96711 3.94976 0.994183 26 0
4.93688 2.50851 0.993528 26 0
2.23471 3.42022 0.871837 26 0
2.7722 3.83876 0.851401 26 0
-2.28601 -14.4598 0.981977 26 1
3.89724 4.06427 0.942515 26 0
2.5103 4.77567 0.95975 26 0
2.40715 15 0.982999 26 0
-7.61654 -5.80319 0.984004 26 0
4.01136 9.56691 0.975215 26 0
2.83323 3.72144 0.852203 26 0
-11.1053 -14.2802 0.999711 26 0
4.15984 3.52477 0.991406 26 0
2.42952 4.09753 0.863877 26 0
-14.1978 5.02392 0.990609 26 1
-11.4571 -4.3515 0.997825 26 1
14.939 -14.6199 0.991477 26 1
-12.7946 -14.5248 0.989543 26 1
2.62445 4.02527 0.893639 26 0
14.6172 -7.87023 0.99479 26 1
3.30595 3.28943 0.857567 26 0
14.8752 1.91828 0.99663 26 1
15 15 0.999982 26 0
-2.33696 -0.235582 0.999175 26 0
3.16295 3.97642 0.952072 26 0
-15 -15 0.999982 26 0
2.15529 8.07402 0.946668 26 0
-13.9857 -4.70561 0.987248 26 1
4.06984 4.30902 0.970663 26 0
3.16774 4.02873 0.918309 26 0
3.22898 3.91228 0.958229 26 0
2.86756 3.73492 0.84724 26 0
-10.6751 -5.91105 0.991334 26 1
4.14753 5.45366 0.927026 26 0
2.90523 3.72905 0.849367 26 0
2.94676 3.76345 0.874111 26 0
1.67761 4.84064 0.919694 26 0
-3.80117 11.7839 0.994919 26 1
-9.40654 14.9258 0.995806 26 1
3.59115 3.64262 0.92569 26 0
2.6667 3.85796 0.848911 26 0
-14.9744 8.60859 0.986788 26 1
2.72129 -13.3554 0.979121 26 1
-7.61238 13.685 0.985255 26 1
-12.8936 -3.88988 0.99115 26 1
-14.4472 2.30461 0.982279 26 1
-10.4486 -11.8729 0.989979 26 1
-2.71422 -11.2954 0.980035 26 1
3.91408 3.24726 0.948442 26 0
12.9036 8.95252 0.984046 26 1
12.0911 -9.54314 0.998936 26 1
-14.9183 -14.5537 0.993914 26 1
11.83 -5.36827 0.984094 26 1
-6.33699 -13.8096 0.983027 26 1
2.47812 13.9226 0.980403 26 1
2.80188 4.07708 0.996303 26 0
-14.9978 -2.99092 0.989389 26 1
13.0174 -10.3738 0.991101 26 1
3.8697 -1.96868 0.935312 26 0
-12.1592 -4.00771 0.999446 26 1
12.1386 -14.9285 0.994752 26 1
-0.803137 -0.449101 0.568161 26 1
8.0586 13.9725 0.989829 26 1
-14.9852 -14.9318 0.999191 26 1
-7.84361 -12.2632 0.987763 26 1
15 -15 0.999982 26 0
0.0238714 -14.9921 0.997126 26 1
2.78731 3.80173 0.847473 26 0
-10.8962 11.2119 0.986839 26 1
3.11216 3.69151 0.913699 26 0
14.4506 11.6009 0.99872 26 1
1.27573 -2.96873 0.795695 26 1
-2.27248 -12.5626 0.99687 26 1
12.4092 -8.19905 0.998487 26 1
8.42827 9.82117 0.990732 26 1
-14.9545 0.560526 0.998884 27 1
7.22346 -14.6238 0.988269 27 1
3.1318 3.81023 0.991203 27 0
-1.43794 -10.2682 0.976282 27 0
2.9261 3.71324 0.849459 27 0
14.5906 5.76087 0.984263 27 1
12.6989 10.8562 0.987026 27 1
4.27593 15 0.989944 27 0
4.88926 5.68811 0.981905 27 0
3.70355 5.43196 0.997392 27 0
0.797535 -8.53388 0.991799 27 1
3.11731 3.8754 0.999998 27 0
2.9838 3.80371 0.919134 27 0
13.1979 15 0.992334 27 0
4.22045 3.51608 0.999911 27 0
3.19783 3.51104 0.856534 27 0
2.88852 3.77008 0.856699 27 0
5.06647 10.7556 0.989951 27 1
2.89081 3.75305 0.852085 27 0
3.15575 8.59637 0.999947 27 0
2.78808 3.72539 0.86294 27 0
2.32321 5.47065 0.979362 27 0
-13.4533 -11.3989 0.996472 27 1
-7.44848 -3.27672 0.999049 27 1
14.9437 -10.0012 0.997238 27 1
4.94123 2.50531 0.992739 27 0
4.35877 4.05242 0.983204 27 0
2.31196 3.85051 0.99033 27 0
12.0917 15 0.993121 27 0
-14.8425 9.3096 0.999815 27 1
2.84904 3.73078 0.848182 27 0
2.48884 4.09751 0.88467 27 0
2.97366 3.79012 0.904045 27 0
2.95494 3.58163 0.868927 27 0
2.5271 4.3181 0.995861 27 0
7.74154 2.25129 0.99422 27 1
-14.9993 14.7665 0.994122 27 1
4.26729 3.14472 0.893328 27 0
14.9874 14.228 0.999906 27 1
-3.49888 6.40845 0.932294 27 1
4.43748 5.3038 0.95117 27 0
2.32448 3.12882 0.993663 27 0
9.34952 -3.03089 0.977492 27 1
2.85124 3.44901 0.996466 27 0
2.90269 3.71246 0.847374 27 0
3.30654 3.29744 0.854937 27 0
-12.5348 -8.29486 0.993632 27 1
4.04891 9.57918 0.970628 27 0
0.0938473 10.7213 0.999823 27 1
2.93073 3.89595 0.954888 27 0
3.89096 4.06266 0.946126 27 0
7.91618 11.7792 0.982569 27 1
3.71899 4.07717 0.99821 27 0
4.88233 2.61451 0.993317 27 0
8.47237 5.23597 0.961419 27 1
9.48212 14.4212 0.986931 27 1
-14.7002 -12.8629 0.996599 27 1
15 15 0.999982 27 0
15 15 0.999982 27 0
7.5995 15 0.987786 27 0
15 15 0.999982 27 0
13.5527 13.1053 0.988875 27 1
-9.89154 -14.9691 0.994511 27 1
15 15 0.999982 27 0
-14.9339 14.9352 0.997879 27 1
7.45684 -14.6584 0.998859 27 1
2.71066 3.9366 0.873934 27 0
12.0417 15 0.995087 27 0
1.46062 14.7036 0.98932 27 1
2.80492 4.08985 0.998883 27 0
15 15 0.999982 27 0
3.59143 3.37036 0.988123 27 0
2.99603 3.71412 0.86883 27 0
2.81837 3.77938 0.84751 27 0
12.7512 -3.03138 0.977468 27 1
-4.7829 13.1353 0.993194 27 1
2.86865 3.73867 0.847368 27 0
3.12085 4.04631 0.929655 27 0
-10.3891 8.37142 0.999927 27 1
10.9833 2.6063 0.998966 27 0
3.19891 3.69503 0.964463 27 0
3.16446 3.82846 0.99974 27 0
-4.56777 14.9991 0.984461 27 1
8.88986 10.0486 0.99688 27 1
0.565898 10.7919 0.994049 27 1
0.956565 2.11645 0.982918 27 0
-7.81728 -13.4724 0.991985 27 1
8.20855 -14.9948 0.99728 27 1
-10.6002 -6.95495 0.985095 27 1
-14.1205 4.72983 0.999395 27 1
14.7822 10.7051 0.990359 27 1
2.92746 3.73451 0.854911 27 0
15 -10.1993 0.997734 27 0
14.2188 -9.82751 0.986804 27 1
2.41002 5.00671 0.98632 27 0
3.4402 3.6308 0.99626 27 0
5.6699 12.777 0.993251 27 1
14.6008 -9.66334 0.999542 27 1
2.87271 3.73091 0.847239 27 0
-7.20239 12.8067 0.982485 27 1
14.2305 -14.2406 0.999756 27 1
-2.67817 -3.43483 0.949237 27 1
14.6603 -14.7138 0.997643 27 1
7.50645 14.2814 0.989485 27 1
-10.6547 2.48462 0.971063 27 1
14.0934 -1.44354 0.981085 27 0
-12.328 14.9256 0.98952 27 1
8.46519 -6.6225 0.999761 27 1
5.8678 -6.17469 0.976882 27 1
-11.4164 -14.7238 0.99924 27 1
9.54515 -12.9308 0.994932 27 1
-13.8224 1.40486 0.999757 27 1
-0.644302 -9.61166 0.995909 27 1
14.884 10.8488 0.991565 27 1
13.8953 -6.84131 0.998979 27 1
-5.45882 12.6556 0.994255 27 1
8.59959 -14.9738 0.986822 27 1
-11.1947 -11.7867 0.985398 27 1
-5.76658 -12.1503 0.993396 27 1
11.279 9.77872 0.999982 27 1
14.7959 -1.32947 0.997273 28 1
-12.6025 -11.4858 0.999431 28 1
1.21908 -4.90603 0.970445 28 1
3.11003 3.7507 0.952554 28 0
-11.3354 -0.226005 0.993523 28 1
1.51628 2.83753 0.774871 28 0
-12.6403 -9.6667 0.998261 28 1
7.41521 13.5007 0.998914 28 0
2.78979 4.05861 0.988004 28 0
3.64467 5.4655 0.998212 28 0
-14.9996 -11.7858 0.999519 28 1
-6.01602 14.8976 0.995416 28 1
2.89627 3.69111 0.848571 28 0
2.89209 6.16711 0.920696 28 0
3.12228 3.87116 0.999997 28 0
-14.0471 14.757 0.991181 28 1
-14.85 14.819 0.991389 28 1
-14.6306 -13.839 0.999864 28 1
2.99275 3.80048 0.921831 28 0
4.17091 2.91488 0.946311 28 0
15 15 0.999982 28 0
2.62983 3.86611 0.852684 28 0
-8.58729 7.50829 0.981794 28 1
2.46963 4.27328 0.992566 28 0
9.17392 9.30338 0.977586 28 1
-11.999 14.1974 1 28 0
14.4922 8.56299 0.9889 28 1
2.86055 3.76493 0.84963 28 0
-12.9894 -7.11293 0.992938 28 1
3.09059 8.31951 0.952851 28 0
-2.74115 -1.24835 0.844557 28 1
2.29941 5.51366 0.992043 28 0
-2.12297 -14.4604 0.982947 28 1
0.962428 5.56045 0.934584 28 0
3.53805 3.96712 0.902212 28 0
1.03257 15 0.993168 28 1
-6.82769 -12.7147 0.999273 28 1
-0.439832 -10.4861 0.965645 28 0
0.797727 3.94571 0.938475 28 1
-13.3724 -12.2081 0.999225 28 0
4.94685 2.49813 0.992137 28 0
-6.26195 14.3458 0.985628 28 1
-14.7647 12.5026 0.989682 28 1
2.87009 3.724 0.84741 28 0
14.4912 3.49353 0.999834 28 1
3.49343 3.45263 0.980924 28 0
14.2906 14.6816 0.992045 28 1
5.39241 12.1667 0.998523 28 1
14.4414 0.625037 0.99796 28 1
14.9997 12.4949 0.995923 28 1
4.89132 2.64182 0.985155 28 0
2.79994 4.14318 0.996575 28 0
-13.1226 11.0686 0.991757 28 1
4.20374 3.5176 0.998857 28 0
3.11494 4.02347 0.946455 28 0
2.98163 3.80467 0.91861 28 0
-13.7522 11.3983 0.989126 28 1
2.4102 5.0191 0.98099 28 0
2.87837 3.74747 0.848985 28 0
-14.1511 0.402912 0.980703 28 1
3.17698 3.79549 0.996978 28 0
3.83379 -3.3547 0.94184 28 1
1.70257 -13.9549 0.984271 28 1
3.35881 3.37216 0.86161 28 0
3.10329 3.79809 0.976607 28 0
-8.42646 6.90428 0.978118 28 0
7.37758 -13.2097 0.984572 28 1
2.97482 3.67817 0.850162 28 0
3.02885 3.54171 0.859214 28 0
2.87384 3.72924 0.847232 28 0
-14.9978 8.92985 0.996875 28 1
2.85786 3.72982 0.847634 28 0
3.01296 3.90443 0.991053 28 0
-8.22115 15 0.996561 28 0
-14.8789 -0.794088 0.999678 28 1
2.99441 3.82677 0.941211 28 0
2.15921 8.43646 0.99189 28 0
4.05621 9.58992 0.968766 28 0
2.58331 -13.0519 0.998312 28 1
4.36275 -11.3909 0.99064 28 0
2.66339 3.65979 0.968521 28 0
-14.0984 6.07592 0.995213 28 1
0.980581 -14.4912 0.991311 28 1
-15 15 0.999982 28 0
4.56274 5.45123 0.995819 28 0
2.75725 3.63254 0.93949 28 0
6.9687 -2.00185 0.944317 28 1
2.84134 3.72096 0.85083 28 0
4.74267 6.05278 0.98073 28 0
-15 14.4597 0.994266 28 0
3.44467 3.64602 0.991589 28 0
3.94118 7.67809 0.999856 28 1
-4.23553 -3.84397 0.897155 28 0
11.2634 13.1225 0.986904 28 0
-10.8655 14.3045 0.996033 28 1
-9.09347 14.9222 0.99808 28 1
-13.7142 -13.3241 0.999964 28 1
14.7704 -14.3107 0.996143 28 1
3.89326 4.06363 0.944624 28 0
14.2793 0.753544 0.993909 28 1
2.87288 3.73061 0.847237 28 0
3.58117 3.38098 0.988031 28 0
13.418 -10.1655 0.988967 28 1
6.14537 -13.8006 0.986222 28 1
-13.0734 -12.8741 0.988465 28 1
11.7032 -12.5615 0.991667 28 1
-14.6668 -13.5554 0.991939 28 1
-10.3555 -3.29346 0.983238 28 0
-14.125 -11.9687 0.997879 28 1
-11.2577 -9.46016 0.983075 28 0
14.2709 10.3989 0.994705 28 1
14.7269 10.9689 0.988846 28 1
-2.72443 11.5279 0.996052 28 1
-8.0476 -14.8129 0.990752 28 1
4.63021 14.7415 0.999982 28 1
-7.67985 -11.2473 0.978913 28 1
-7.04357 14.5801 0.985793 28 1
-4.54142 -14.0792 0.991222 28 1
0.42213 14.7632 0.988598 28 1
3.83027 11.5962 0.992793 28 1
8.45203 -14.5367 0.987789 29 1
2.90449 3.69668 0.847439 29 0
1.14797 -8.06795 0.997744 29 1
4.52086 -12.8813 0.980061 29 0
3.30291 3.86406 0.950285 29 0
14.7137 -4.08912 0.987327 29 1
3.48682 7.86977 0.998163 29 1
15 -15 0.999982 29 0
3.6645 5.45441 0.997938 29 0
-15 -15 0.999982 29 0
3.02925 7.47998 0.99576 29 0
13.6527 14.9865 0.996131 29 1
13.8291 7.25839 0.988112 29 1
3.18667 3.52266 0.857023 29 0
10.5716 3.53681 0.9883 29 1
4.13566 7.62924 0.99733 29 1
3.09094 4.01454 0.962631 29 0
3.11499 3.76773 0.965439 29 0
2.79476 4.18109 0.985689 29 0
12.2332 -9.9506 0.986207 29 1
2.10483 2.40979 0.75172 29 0
-13.3721 14.3416 0.999743 29 1
2.80556 3.7388 0.853171 29 0
-1.27473 14.0276 0.98208 29 1
9.14703 -2.38986 0.958474 29 1
15 15 0.999982 29 0
9.96242 15 0.998619 29 0
3.07145 3.84087 0.984439 29 0
13.0179 -14.7293 0.999814 29 1
2.89731 3.70978 0.84723 29 0
2.69875 3.94298 0.872921 29 0
5.07804 2.55545 0.910591 29 0
15 15 0.999982 29 0
-14.692 -13.2242 0.994862 29 1
4.9472 2.49662 0.992262 29 0
3.12527 3.8711 0.999995 29 0
-0.57789 -14.7409 0.986864 29 1
14.9648 -12.7162 0.999997 29 1
5.39524 12.3861 0.985806 29 1
-4.78989 -9.43183 0.977747 29 1
3.25784 3.85605 0.975065 29 0
-14.7943 -7.0512 0.994937 29 1
4.18336 3.52024 0.996123 29 0
-11.9049 -1.52484 0.974554 29 1
2.90933 3.83995 0.904209 29 0
13.9389 10.5391 0.998084 29 1
8.51017 7.37824 0.999962 29 1
2.87082 3.72678 0.847282 29 0
15 0.851673 0.994293 29 0
2.82048 3.68224 0.8722 29 0
2.99151 3.6297 0.847309 29 0
-2.34753 1.59432 0.979318 29 1
10.7201 2.63053 0.970239 29 1
2.94702 3.85834 0.93768 29 0
12.8147 -14.9909 0.997486 29 1
4.1708 2.98963 0.913431 29 0
5.42017 6.12448 0.992385 29 0
10.9917 7.32643 0.987285 29 1
-13.8219 14.9038 0.993142 29 1
-13.6186 13.0856 0.989447 29 1
-13.8721 -15 0.990549 29 0
9.92622 14.9522 0.994883 29 1
1.16086 -10.1435 1 29 1
-14.8109 -14.4737 0.999767 29 1
-13.2197 -5.24463 0.98522 29 1
15 -4.55392 0.984564 29 0
-13.3641 -4.40098 0.983231 29 1
4.24196 -14.1389 0.987798 29 1
10.665 -14.9066 0.988237 29 1
11.0634 -14.6288 0.988348 29 1
4.03596 9.57872 0.971513 29 0
0.293044 1.4336 0.584274 29 0
3.06127 3.87739 0.994221 29 0
2.48916 4.22298 0.974852 29 0
15 15 0.999982 29 0
2.87417 3.72421 0.847282 29 0
14.2083 -4.13398 0.991655 29 1
2.32638 3.23805 0.97496 29 0
14.882 10.1168 0.998022 29 1
15 -15 0.999982 29 0
4.26184 -6.34778 0.993608 29 1
7.55635 -13.1129 0.98434 29 1
15 2.69824 0.984936 29 0
8.56891 -3.01499 0.990339 29 1
3.5746 3.38701 0.98773 29 0
2.86167 3.73645 0.847235 29 0
3.3137 3.30439 0.851423 29 0
2.40652 5.02115 0.980862 29 0
2.39585 5.1849 0.899557 29 0
2.87431 3.72855 0.847231 29 0
2.84307 3.74709 0.847309 29 0
11.6556 -6.82046 0.986486 29 1
12.4293 -0.776814 0.984725 29 1
-14.2985 10.8393 0.994556 29 1
14.0447 -3.82568 0.987837 29 1
4.7327 3.71038 0.999792 29 0
3.15371 3.73248 0.963763 29 0
3.51072 3.65044 0.963993 29 0
14.9942 14.864 0.997525 29 1
9.64577 -5.79677 0.999984 29 1
3.12403 3.80093 0.985543 29 0
-6.26314 -4.474 0.978117 29 1
2.88199 3.73006 0.84745 29 0
-1.80274 7.80048 0.978021 29 1
4.78139 9.4179 0.974564 29 1
-14.1113 -3.31488 0.994415 29 1
4.55888 5.44166 0.997587 29 0
-14.9891 12.4212 0.992522 29 1
-14.1832 11.1565 0.999844 29 1
2.7619 3.94822 0.904856 29 0
3.89786 4.06495 0.941918 29 0
12.9448 -14.9427 0.994684 29 1
14.8451 1.86167 0.999067 29 1
9.8288 1.90101 0.96678 29 1
10.9285 6.495 0.990172 29 1
-7.25323 10.5636 0.999828 29 1
15 13.7257 0.992861 29 0
12.512 4.24351 0.987611 29 1
15 15 0.999982 29 0
14.0072 7.11261 0.984052 29 1
