-1.51475 3.92906 0.81917 1 0
0.0511818 7.5897 0.999988 1 1
8.38811 -10.6629 0.980362 1 1
6.55064 7.47277 0.961238 1 1
-12.2812 -1.03057 0.999641 1 1
-11.6934 15 0.996993 1 0
11.9141 -13.5359 0.999562 1 1
-4.83651 -9.66891 0.993376 1 1
-5.0294 3.47902 0.972369 1 0
-6.39917 -0.0659266 0.947769 1 1
-13.1013 12.2303 0.993073 1 1
4.30721 -9.64001 0.973887 1 1
-5.75083 -5.25424 0.946915 1 1
9.82677 -7.33805 0.998514 1 1
-9.37239 13.1486 0.988454 1 1
0.625299 11.7112 0.997231 1 1
-12.6813 13.6717 0.9986 1 1
13.4241 13.5521 0.999497 1 1
-2.57698 13.0828 0.999757 1 1
12.2505 7.45636 0.997804 1 1
-3.32661 -4.74036 0.897214 1 1
-9.87873 6.52452 0.996785 1 1
-8.87704 -13.7611 0.99383 1 1
-2.70361 -13.0258 0.998194 1 1
-12.7241 -1.744 0.999812 1 1
-4.2897 0.55991 0.918708 1 1
13.4921 -14.7463 0.992733 1 1
-0.875589 -6.05991 0.968473 1 1
-3.16688 7.58766 0.980213 1 1
7.71783 12.9008 0.993404 1 1
1.84647 -12.9136 0.978668 1 1
-1.86482 3.5519 0.952873 1 1
-7.56535 -1.71732 0.956225 1 1
6.2756 10.3648 0.978348 1 1
-1.57215 -0.352398 0.428429 1 1
4.95106 -14.909 0.984052 1 1
11.5986 -0.148457 0.977344 1 1
-3.91609 0.91668 0.942312 1 1
1.16864 -7.89536 0.969217 1 1
3.24989 -6.24349 0.99762 1 1
-6.70482 10.9659 0.999469 1 0
-8.90634 4.34539 0.962917 1 1
0.7646 -1.42401 0.439059 1 1
10.3835 -4.18137 0.99571 1 1
-14.3759 8.29119 0.995266 1 1
-0.858499 11.9939 0.973399 1 1
11.1299 -12.9691 0.997561 1 1
1.05571 -8.09129 0.996126 1 1
14.9294 -11.7219 0.994567 1 1
-2.28122 -3.69322 0.934538 1 1
-8.42677 14.3102 0.994319 1 1
-15 4.24769 0.990669 1 0
-5.50492 4.59205 0.976906 1 1
0.0101013 -13.787 0.994726 1 1
-2.75357 0.896187 0.997052 1 1
-8.4326 12.8723 0.998085 1 1
9.75283 -1.05739 0.981839 1 1
-11.209 -13.6323 0.99536 1 1
7.28804 11.6323 0.987425 1 1
-5.28057 -6.18785 0.999266 1 1
2.08352 11.2905 0.972054 1 1
-6.85635 -5.53178 0.964338 1 1
-6.10954 -9.91914 0.985624 1 1
-7.13021 0.42767 0.986437 1 1
10.7854 0.258992 0.996544 1 1
7.25762 -0.453311 0.938021 1 0
7.79425 -7.20872 0.985709 1 0
-14.3368 -6.24526 0.986581 1 0
-3.67355 10.7305 0.992884 1 0
8.61811 -3.62063 0.964925 1 0
-3.61722 3.86159 0.888182 1 0
-2.35998 -1.39013 0.805461 1 0
15 -15 0.999982 1 0
15 0.362829 0.99612 1 0
-8.3537 2.34507 0.997524 1 0
-15 15 0.999982 1 0
3.23771 -0.482875 0.865772 1 0
3.72098 -4.63779 0.98058 1 0
1.03777 10.7419 0.996123 1 0
-15 5.77544 0.994822 1 0
2.15491 15 0.983442 1 0
-14.6877 13.259 0.99367 1 0
10.553 14.1621 0.99442 1 0
4.78268 10.7659 1 1 0
-2.03803 -10.9885 0.993159 1 0
-13.0807 15 0.990014 1 0
-10.3163 15 0.99332 1 0
-10.2227 -0.862958 0.996934 1 0
15 13.2917 0.995895 1 0
-3.6195 12.2177 0.994193 1 0
15 0.403498 0.99603 1 0
15 11.2126 0.993759 1 0
-7.96679 -10.2435 0.985939 1 0
0.017452 2.68166 0.692345 1 0
0.819906 10.107 0.993771 1 0
-5.05608 -1.81894 0.943846 1 0
9.61898 -5.57452 0.982651 1 0
1.25075 0.486039 0.973526 1 0
6.06693 9.40083 0.99501 1 0
0.0710477 -6.16929 0.942591 1 0
-1.99446 15 0.98447 1 0
-2.08482 15 0.983835 1 0
1.2938 -3.16374 0.998028 1 0
-15 15 0.999982 1 0
-15 -15 0.999982 1 0
5.26844 -5.62387 0.974822 1 0
1.77307 -15 0.986438 1 0
-9.24649 10.9744 0.998431 1 0
-15 13.0878 0.990045 1 0
-15 15 0.999982 1 0
-7.63037 -15 0.988647 1 0
0.469603 2.82708 0.997703 1 0
1.01155 0.500911 0.409258 1 0
-14.0361 -6.20721 0.994788 1 0
0.544678 6.27112 0.908746 1 0
-8.35376 -4.10831 0.973876 1 0
-5.59056 -2.97612 0.917297 1 0
8.55245 11.3241 0.982471 1 0
4.79244 3.24898 0.896894 1 0
4.86064 0.0192454 0.942603 1 0
-3.29391 0.207305 0.909889 2 0
6.60233 -9.28945 0.983555 2 0
-4.54091 4.25997 0.916937 2 0
-4.57357 3.49151 0.892329 2 0
7.73167 -2.0528 0.975733 2 0
-7.43998 -3.38506 0.993414 2 0
-7.01735 2.64714 0.981692 2 0
15 -15 0.999982 2 0
-14.5363 -13.3179 0.997839 2 1
-3.28776 8.05134 0.994279 2 1
-4.5886 -0.0199318 0.913331 2 0
-14.9479 3.28704 0.990575 2 1
15 9.41019 0.99107 2 0
-14.9221 -14.7296 0.99116 2 1
-14.9997 -7.31952 0.987884 2 1
-2.12462 -7.82041 0.999708 2 1
-12.5465 -14.9582 0.995999 2 1
-2.68105 8.23619 0.999108 2 0
-4.56984 -1.9421 0.999612 2 0
-14.1146 7.82144 0.989259 2 1
-11.8811 -2.53496 0.982883 2 1
-2.48157 -2.38153 0.988348 2 0
-5.61861 0.159627 0.949068 2 1
6.58697 -14.5945 0.999031 2 1
-5.53195 12.3044 0.988204 2 1
9.2376 -14.1972 0.997135 2 0
-2.88261 -0.655965 0.938352 2 0
-9.12424 -1.38936 0.993242 2 0
3.72353 8.25605 0.983568 2 0
-4.42362 -12.4823 0.991778 2 1
-10.9594 -12.1884 0.995133 2 1
-4.60189 1.64129 0.963292 2 0
-0.978244 2.26388 0.850857 2 0
-13.989 -14.8929 0.990561 2 1
9.27164 13.9937 0.986493 2 1
-1.60475 9.51082 0.997517 2 0
1.89385 -2.17988 0.99928 2 0
5.11027 -14.8584 0.984069 2 1
-5.51884 7.09267 0.964221 2 1
-11.7316 14.6371 0.991805 2 1
5.01 -7.58703 0.992107 2 1
-9.27855 -7.55435 0.978328 2 1
-7.91794 3.04144 0.965433 2 1
-15 -15 0.999982 2 0
-9.54008 -14.9994 0.987804 2 1
0.499565 -6.88097 0.943917 2 0
-12.0898 -7.3415 0.980434 2 0
-6.93516 -7.33366 0.984322 2 0
-7.28507 -5.14037 0.952473 2 0
-1.31967 -10.8966 0.968296 2 0
-12.5264 -2.60937 0.999084 2 1
-1.98809 -9.32408 0.973422 2 1
3.92605 9.42929 0.999981 2 1
-13.5245 -12.0039 0.999842 2 1
9.02742 9.48776 0.977242 2 1
-5.48568 -15 0.999998 2 0
-7.36873 -14.6068 0.992438 2 1
7.54605 -7.0053 0.991095 2 0
-14.6704 -14.9834 0.991198 2 1
-0.62443 -12.6688 0.985977 2 1
1.51648 7.42637 0.999631 2 1
5.01941 -1.97127 0.957915 2 0
-4.49308 10.249 0.995294 2 1
-14.0254 7.62296 0.999976 2 1
9.29189 -6.03916 0.976206 2 0
2.93711 -14.9971 0.988305 2 1
-8.22135 -14.9756 0.997934 2 1
12.5555 -5.83415 0.999317 2 1
-6.66307 -6.19885 0.993857 2 0
-13.5918 -9.80252 0.98596 2 1
-14.8514 -6.27081 0.990588 2 1
6.44193 9.92203 0.997678 2 1
-15 10.3441 0.992234 2 1
-2.31764 -14.8509 0.99365 2 1
0.509967 -14.9911 0.996516 2 1
0.334543 -8.65108 0.9994 2 0
-14.8179 -6.68844 0.985449 2 1
-14.8978 -10.1037 0.99832 2 1
1.7522 9.77871 0.96132 2 1
6.45289 -0.823177 0.995167 2 0
-0.208319 -0.255619 0.846929 2 0
0.294469 8.73518 0.983925 2 0
-3.60195 14.8221 0.98584 2 0
-11.2821 -9.89474 0.995946 2 1
14.7182 3.32054 0.987876 2 1
-5.46261 -1.58476 0.909126 2 0
2.17044 -7.36429 0.98476 2 0
10.5982 -4.14567 0.986466 2 0
0.296022 -0.1363 0.862896 2 0
3.62126 2.03445 0.820046 2 0
-0.760461 12.3692 0.993554 2 0
7.88581 4.94392 0.974358 2 1
-1.38189 6.57201 0.940528 2 0
-10.5904 -11.3191 0.998297 2 1
-4.17322 -3.80247 0.932914 2 0
-9.74891 -0.676188 0.990263 2 1
-8.72104 -12.1014 0.999976 2 0
-6.36283 -2.35026 0.921631 2 0
5.95053 -9.55861 0.999995 2 0
-14.4212 1.99681 0.98759 2 1
-7.05801 7.19072 0.980259 2 1
-8.73206 -10.9199 0.992864 2 1
1.32728 -13.3273 0.998679 2 0
-12.5648 -5.94423 0.999563 2 0
-13.6628 -7.32366 0.998239 2 1
-14.9017 4.18054 0.999443 2 1
-12.9552 -14.888 0.996729 2 1
-10.0231 -1.88141 0.999809 2 1
-9.58065 -9.63645 0.979269 2 0
-14.5454 7.23491 0.985172 2 1
8.70351 8.8617 0.989551 2 0
-14.3061 -13.1814 0.991755 2 1
-6.54247 -2.83227 0.990763 2 0
11.7235 7.93058 0.980623 2 0
12.4882 -0.318269 0.979633 2 0
0.381943 -4.77939 0.885038 2 0
-5.45879 0.96718 0.991441 2 0
13.2982 -1.14652 0.999986 2 0
-1.20059 -5.82359 0.980617 2 0
-8.7352 7.99856 0.996218 2 0
-14.5733 -12.4009 0.999777 3 1
-4.48745 -14.9978 0.98552 3 1
-14.0884 11.9746 0.996445 3 1
-14.2135 -12.2325 0.992155 3 0
-10.9972 -2.03982 0.994477 3 1
-14.6801 -11.4805 0.999065 3 1
-13.6457 6.73526 0.983676 3 1
-14.3033 -12.6248 0.99957 3 1
-14.9969 14.9871 0.999995 3 1
-3.47068 0.946252 0.800883 3 0
8.26992 4.09781 0.993227 3 0
5.82745 7.31528 0.963957 3 1
13.7025 -0.478811 0.9855 3 1
1.04113 0.68256 0.89863 3 0
6.49037 11.8383 0.986948 3 1
-3.40497 5.26187 0.908401 3 1
-7.64588 -14.9581 0.986965 3 1
-14.533 -9.22974 0.988477 3 1
-14.9999 -11.3555 0.989343 3 1
9.23148 -14.8754 0.999488 3 1
0.989939 -15 0.993455 3 0
14.9288 -8.62416 0.987398 3 1
5.82458 13.5612 0.987553 3 1
-8.99391 3.97934 0.97602 3 0
13.6347 14.9988 0.9963 3 1
13.5862 -3.7956 0.980956 3 1
-10.7023 -13.3835 0.9942 3 1
-12.9583 -13.7415 0.989483 3 1
12.7747 2.02307 0.99179 3 1
6.20337 14.9584 0.98574 3 1
-6.70066 -14.0454 0.993351 3 1
-14.0034 -13.2799 0.991342 3 1
2.63655 7.51226 0.962101 3 1
-14.8303 15 0.996538 3 0
5.45492 11.0844 0.997825 3 0
0.0726144 -10.9834 0.968072 3 0
-10.0553 -5.84887 0.982666 3 1
10.4723 -11.3593 0.999991 3 0
-14.9394 -12.6835 0.999485 3 1
2.52855 -14.6252 0.996163 3 1
10.6551 8.17564 0.995533 3 1
-0.760278 -2.83646 0.964605 3 0
-8.36088 -14.9736 0.993144 3 1
13.1843 -14.9948 0.991715 3 1
8.31656 12.4619 0.997855 3 1
6.85893 10.3086 0.994903 3 0
-6.97199 -14.9939 0.999093 3 1
-3.86273 12.6624 0.991176 3 1
0.210058 -14.0017 0.990369 3 1
11.732 2.87173 0.974509 3 1
0.0270996 0.940797 0.470204 3 0
-15 0.702303 0.995032 3 0
4.35149 2.87181 0.874002 3 0
9.47687 4.37539 0.966026 3 1
-10.0843 0.964634 0.99203 3 0
-0.242867 -8.48596 0.967752 3 0
-2.45523 -13.5147 0.98855 3 0
11.8667 -11.6079 0.994897 3 1
-5.55767 3.93869 0.920709 3 0
-6.87875 -3.63923 0.948868 3 0
14.9931 -11.5836 0.992313 3 1
-13.3876 14.7461 0.990158 3 1
0.645255 9.64652 0.999496 3 0
-5.16096 -12.7126 0.986623 3 1
-0.326364 6.13558 0.956709 3 0
-12.1203 -14.8512 0.998753 3 1
0.737253 -9.50698 0.973884 3 0
-7.67404 5.63322 0.970012 3 0
3.33185 -2.89451 0.991723 3 0
-4.35306 14.9877 0.98908 3 1
13.5682 -14.9348 0.99987 3 1
11.1116 -10.1768 0.989873 3 0
8.99859 1.03376 0.983809 3 0
2.66443 -2.43896 0.788327 3 0
-11.0723 -14.9722 0.999537 3 1
12.1679 5.52584 0.999884 3 1
2.40997 -10.5331 0.994262 3 0
-2.47996 13.9722 0.982454 3 1
-12.7944 14.997 0.99792 3 1
-4.62933 2.85945 0.986819 3 0
3.50961 -15 0.999014 3 0
-5.03439 6.19349 0.969265 3 0
2.96664 -2.02395 0.806856 3 0
-1.12439 -0.316563 0.582586 3 0
12.5271 -9.31074 0.988965 3 1
-13.6802 14.4287 0.990051 3 1
3.54413 11.4151 0.979983 3 0
14.9234 -14.9623 0.998387 3 1
14.3596 9.61056 0.98678 3 1
1.86896 1.8583 0.638632 3 1
-14.1233 -11.2427 0.999933 3 1
5.28066 7.85299 0.959492 3 0
-9.13447 -1.17122 0.996616 3 1
-4.65557 15 0.984046 3 0
-12.2358 -8.479 0.999183 3 0
15 -2.48348 0.983231 3 0
1.14542 2.43773 0.712542 3 0
6.7316 -13.676 0.985083 3 1
-3.12097 9.75181 0.998908 3 0
8.30873 -10.0144 0.98157 3 0
3.62062 1.81501 0.911148 3 0
-6.49731 -8.5869 0.998613 3 0
14.7852 -14.781 0.991383 3 1
-1.35059 -0.670086 0.449504 3 0
2.40099 2.26804 0.913634 3 0
3.57183 2.72509 0.989679 3 0
-2.54272 -9.50001 0.976134 3 0
0.885522 -1.02499 0.950099 3 0
1.21327 1.31684 0.965421 3 0
-1.52754 -14.9196 0.996694 3 1
8.05594 -0.711518 0.998334 3 0
2.81234 -0.109549 0.951049 3 0
-1.70366 -4.93019 0.873623 3 0
1.36418 -15 0.990461 3 0
-2.96328 -1.21763 0.756732 3 0
-1.67935 8.3663 0.981569 3 0
-0.615822 15 0.995384 3 0
-2.10227 3.35421 0.992787 3 0
15 -7.11716 0.994667 3 0
15 13.1524 0.991016 3 0
-2.24488 0.622802 0.989348 4 0
2.26815 -3.97402 0.92533 4 0
2.64066 5.40731 0.99995 4 0
-8.07763 14.3339 0.999173 4 1
-10.8419 -4.72881 0.997815 4 0
-7.453 13.8559 0.98446 4 0
1.81385 8.50596 0.994192 4 0
-14.8313 12.8219 0.999677 4 1
-2.22785 14.9811 0.983763 4 1
-7.72042 -1.18993 0.942377 4 1
-14.9901 -4.48063 0.986079 4 1
10.1496 -14.1168 0.9917 4 1
-13.236 13.048 0.999999 4 1
11.687 9.37037 0.998026 4 1
15 -0.456377 0.995897 4 0
-1.57418 14.8779 0.999087 4 1
-5.32392 14.9028 0.990858 4 1
14.8905 -13.8859 0.991626 4 1
-0.36556 -2.91385 0.964489 4 1
-2.68277 7.80846 0.969038 4 1
-2.12344 -4.3161 0.897776 4 1
0.396068 0.676115 0.999897 4 0
12.5921 15 0.99909 4 0
-8.7869 14.9514 0.988689 4 1
-2.01345 14.3382 0.996013 4 1
-8.90837 12.8569 0.986335 4 1
4.21564 -6.93148 0.999981 4 0
4.66372 -1.99577 0.958142 4 0
-6.08549 14.9165 0.991552 4 1
-3.62811 5.25038 0.938486 4 0
8.64677 -10.9603 0.995196 4 1
-0.345872 -5.02746 0.980243 4 0
14.9765 1.54511 0.99107 4 1
-4.16762 2.0343 0.87269 4 1
5.09982 -9.78957 0.970257 4 1
-3.26036 -13.1883 0.97939 4 1
-5.15065 -10.3786 0.975522 4 0
8.18388 4.56421 0.960877 4 0
4.51015 1.00591 0.885128 4 0
5.22135 14.9654 0.993221 4 1
-2.06173 -5.23154 0.947584 4 0
14.0408 -9.45398 0.99636 4 1
15 -15 0.999982 4 0
13.8748 -11.5548 0.999972 4 1
11.8096 1.22006 0.992495 4 1
5.74494 14.8029 0.995779 4 1
-2.75261 3.44673 0.99055 4 0
-2.65193 8.83502 0.994166 4 0
11.4071 -7.549 0.982117 4 1
13.166 13.1865 0.999144 4 1
4.09665 -0.0472174 0.860333 4 0
-14.7584 14.5576 0.99926 4 1
-10.321 -13.421 0.996622 4 1
-10.6992 14.5788 0.999838 4 1
-7.12774 7.88981 0.988894 4 0
-3.47596 6.69582 0.994726 4 0
-5.41269 4.56231 0.999713 4 0
0.771017 0.447783 0.704646 4 0
8.55264 6.64394 0.99017 4 0
1.84501 2.10255 0.923643 4 0
7.57002 -9.57612 0.991997 4 1
-8.63631 8.49262 0.977829 4 0
11.5817 -9.48866 0.998486 4 0
7.90345 10.5604 0.984741 4 0
11.6846 11.6224 0.999915 4 1
13.7899 14.4 0.990633 4 1
14.9497 14.7936 0.993316 4 1
-6.03777 1.82739 0.910714 4 0
-0.259024 -7.69252 0.978154 4 0
-1.79171 6.70268 0.961795 4 1
1.56498 -5.33475 0.984965 4 1
-6.91781 9.70138 0.985746 4 0
13.7684 13.7303 0.991339 4 1
2.52377 -12.738 0.984783 4 1
-0.378001 -6.75247 0.924993 4 1
8.09486 -13.2318 0.997609 4 1
4.11571 3.35484 0.898573 4 0
-13.0991 -13.8273 0.998445 4 1
2.92793 -14.5421 0.995408 4 1
-10.5401 2.85185 0.97391 4 0
9.13526 2.05053 0.962162 4 1
-6.27888 0.109571 0.907948 4 0
0.277281 -3.95937 0.987366 4 0
0.253161 -5.7365 0.892998 4 0
3.48846 1.74807 0.995332 4 0
-14.6925 -0.470974 0.982814 4 1
14.9981 -14.3587 0.997986 4 1
-14.9975 -10.0584 0.999984 4 1
-12.1948 12.6778 0.998869 4 1
-4.01221 6.23072 0.946721 4 0
-4.44604 11.1065 0.978532 4 1
-0.0769513 -3.58099 0.816996 4 0
2.86979 5.23636 0.991126 4 0
-6.29392 0.81249 0.921944 4 0
-10.5487 -10.6579 0.996861 4 1
-4.30038 -1.83197 0.853185 4 1
-13.502 10.7629 0.986829 4 1
3.97156 -4.40823 0.974137 4 0
-3.37498 8.26033 0.952997 4 0
-13.7798 5.65856 0.999566 4 1
-3.52745 -1.62062 0.985035 4 0
2.47604 -9.28283 0.991305 4 1
-12.9981 14.2729 0.991082 4 1
-12.0028 0.924797 0.973159 4 1
5.80977 -14.0388 0.983018 4 1
3.85405 -7.40441 0.947472 4 0
-2.84907 13.9687 0.988985 4 1
-0.889498 0.177691 0.631114 4 0
-9.58012 -5.74716 0.992504 4 0
-1.98742 -11.3282 0.970988 4 0
-9.48623 1.38834 0.98687 4 0
1.04384 0.769224 0.996146 4 0
-4.96345 -0.335512 0.999998 4 0
7.34212 -4.13662 0.951274 4 0
-10.4035 -8.19769 0.992061 4 0
-8.58144 10.077 0.990835 4 0
0.668985 4.67149 0.847987 4 0
1.19853 -2.75514 0.857788 4 0
5.45477 -4.92797 0.932146 4 0
-15 -13.4887 0.999928 4 0
-3.19559 0.296745 0.764009 5 0
-4.4079 1.12656 0.949272 5 1
-7.52722 12.0446 0.983457 5 1
-14.6737 -15 0.9915 5 0
-10.1737 14.529 0.989287 5 1
-14.5648 0.252446 0.986758 5 0
1.04458 12.2451 0.99979 5 1
-0.567432 1.82137 0.900652 5 0
11.5466 -12.6908 0.992522 5 1
-0.184479 13.8004 0.996228 5 1
-1.34965 7.71905 0.93954 5 0
4.64138 3.36009 0.894794 5 0
-6.36648 -5.80062 0.998704 5 1
-5.02924 1.51364 0.874532 5 0
4.77799 -4.50957 0.998098 5 0
2.09314 -8.67794 0.953325 5 0
-13.0327 12.959 0.989443 5 1
13.759 10.1197 0.998169 5 1
5.51028 -0.442378 0.996237 5 0
-1.82345 -12.4365 0.975316 5 1
6.14381 -3.28676 0.975365 5 0
5.74667 -1.71387 0.997837 5 0
-14.7541 -14.9781 0.992964 5 1
4.31002 11.5748 0.998052 5 1
1.70758 -1.99778 0.634612 5 0
0.567502 -13.5972 0.978875 5 1
-4.81243 -1.71354 0.930911 5 0
9.46452 -11.364 0.990745 5 1
-7.89152 -9.14662 0.974661 5 0
-11.2386 0.280095 0.999741 5 0
6.65816 14.0211 0.996868 5 1
8.25591 -8.11588 0.974374 5 0
-8.14964 2.29373 0.960754 5 1
-12.0031 -11.873 0.992845 5 1
-10.9683 -13.7365 0.999357 5 1
11.2223 14.0386 0.996681 5 1
-5.92842 -6.95065 0.99877 5 0
0.647065 8.31581 0.948215 5 0
14.6802 14.1439 0.990884 5 1
-1.88521 -10.8316 0.96797 5 1
-11.7415 5.89696 0.979267 5 1
-12.249 -4.34861 0.983225 5 1
-4.29848 8.1414 0.996998 5 0
-4.02887 2.57621 0.875699 5 0
-3.37566 3.97032 0.874402 5 1
-9.77976 -14.9069 0.987878 5 1
-15 15 0.999982 5 0
1.245 -6.61063 0.936076 5 0
13.8485 10.3276 0.98678 5 1
14.4155 7.40043 0.985399 5 1
-13.8613 -7.25339 0.986149 5 1
-9.34032 5.19174 0.997321 5 1
-9.35215 1.19945 0.956968 5 1
-7.92402 -2.34559 0.966661 5 1
14.9518 -1.54998 0.993527 5 1
-2.96253 4.28446 0.874872 5 0
-14.9371 7.62477 0.986098 5 1
14.7994 6.03014 0.999933 5 1
4.92605 3.60227 0.978713 5 0
-6.76846 -0.996634 0.924625 5 0
-3.70791 0.35606 0.803799 5 0
14.9586 4.5539 0.986693 5 1
-14.801 9.4342 0.999939 5 1
-14.5485 -3.45012 0.999459 5 1
-1.9819 9.49771 0.999639 5 1
0.224721 0.374562 0.281816 5 0
9.63738 -6.45277 0.977137 5 0
-2.17232 -0.852379 0.992239 5 0
11.0614 5.6062 0.992424 5 1
10.3139 10.8605 0.998163 5 1
-13.3376 11.8617 0.98855 5 1
-14.5579 12.6323 0.992663 5 1
-6.01828 1.80462 0.907996 5 0
-14.5439 -14.415 0.991609 5 1
-7.5518 -1.32269 0.988073 5 0
11.0603 2.90398 0.977243 5 1
0.393129 8.04735 0.993062 5 0
-4.07791 -5.59599 0.955292 5 0
7.14669 4.7263 0.991121 5 1
-14.7569 5.93971 0.997925 5 1
-5.53854 14.2589 0.989749 5 1
5.33742 3.80927 0.999534 5 0
-6.54318 2.26885 0.955846 5 1
-6.78604 -7.20765 0.964058 5 1
12.4765 -4.89149 0.998145 5 1
-2.07044 -1.289 0.908846 5 0
13.7097 3.40305 0.980439 5 1
6.71305 -10.3449 0.999306 5 0
-9.63701 -1.00742 0.999987 5 0
-1.72726 8.1926 0.946067 5 0
-3.84021 1.48577 0.841863 5 0
7.48718 -14.5438 0.992233 5 1
14.9914 -14.2281 0.999936 5 1
-7.45096 -3.35137 0.994231 5 0
9.10761 10.1591 0.979654 5 1
12.3421 5.40158 0.990552 5 1
12.4051 6.10854 0.99836 5 1
12.9517 0.113731 0.989312 5 1
-5.23612 0.668317 0.882492 5 0
-14.9672 -12.8362 0.997695 5 1
5.23353 8.46493 0.961202 5 0
-8.45311 11.0224 0.999831 5 1
-12.1462 3.78673 0.991576 5 0
12.5683 15 0.998483 5 0
11.574 11.699 0.99931 5 0
-14.8976 -8.61984 0.988726 5 1
-2.28715 -4.3656 0.98961 5 0
-0.173528 -5.12682 0.914778 5 0
0.297515 -9.78574 0.986395 5 0
-0.403639 2.90598 0.96775 5 0
2.47166 1.48959 0.999575 5 0
0.352 0.44957 0.148096 5 0
-5.91957 -2.78539 0.999975 5 0
-1.70478 -3.96216 0.904802 5 0
-7.70744 -8.43582 0.978537 5 0
-6.50852 -3.18399 0.945996 5 0
-5.67569 -3.41261 0.983132 5 0
0.850705 -9.2697 0.974047 5 0
-8.29582 9.27603 0.98605 5 0
-6.55586 1.23155 0.961403 5 0
-2.78201 -0.433588 0.952663 6 0
-3.28828 3.25649 0.879716 6 0
14.3093 -9.07409 0.997521 6 1
4.3243 -6.34459 0.984554 6 0
-13.7075 -12.7648 0.99356 6 1
-3.01444 -10.6635 0.976108 6 0
-0.659914 1.17924 0.956658 6 0
4.85477 -6.74176 0.954267 6 1
-11.628 3.99331 0.999908 6 1
-11.7612 0.638198 0.999994 6 0
-3.65598 0.880347 0.844063 6 0
15 14.9948 0.999995 6 0
3.2556 -13.4999 0.999903 6 1
-3.04345 -1.68013 0.955243 6 0
-11.1657 -13.7073 0.993077 6 1
-1.04593 -3.73121 0.980212 6 0
-10.9129 -1.92471 0.976097 6 1
3.20566 4.24745 0.905973 6 0
-7.94872 -14.5984 0.993048 6 1
0.362087 -12.3713 0.995532 6 0
-5.27402 -8.3335 0.970156 6 1
-14.615 -12.9719 0.997065 6 1
1.65347 -14.4339 0.990874 6 1
13.0795 10.8804 0.999994 6 1
14.7076 -8.82133 0.993102 6 1
-14.9592 -11.2207 0.995615 6 1
-9.82259 6.94386 0.97328 6 0
-1.64249 14.9842 0.989244 6 1
-11.3033 -10.4151 0.996768 6 1
-14.9913 -14.9953 0.999999 6 1
-10.5034 8.4505 0.989474 6 1
14.9988 -11.573 0.99219 6 1
-10.5724 14.9038 0.989321 6 1
1.30942 -1.65346 0.530243 6 1
14.6901 -5.31855 0.987698 6 1
-0.894769 6.74937 0.920571 6 0
15 -15 0.999982 6 0
13.6139 -9.19392 0.997841 6 1
8.21673 -8.60766 0.988239 6 0
2.65388 -8.17292 0.996123 6 1
-1.06437 -12.4382 0.980646 6 0
13.2968 -12.1986 0.999834 6 1
-3.10132 -11.8378 0.99599 6 1
-9.45737 11.3029 0.985494 6 1
-13.8766 6.1472 0.982963 6 1
8.32599 11.856 0.995201 6 1
8.66157 -6.46208 0.994079 6 1
-3.90145 9.97481 0.999356 6 1
6.54072 11.7686 0.991594 6 1
7.04842 11.4844 0.99023 6 1
-3.89185 -5.86647 0.997829 6 1
-14.3737 -10.3347 0.991348 6 1
2.91466 -1.72825 0.997948 6 0
8.37524 8.85176 0.988817 6 1
7.93438 0.373902 0.955889 6 0
0.192627 4.30993 0.905768 6 0
-9.64901 -6.73447 0.999796 6 0
14.8037 5.17854 0.984344 6 1
13.5325 4.14496 0.980599 6 1
-1.00799 -7.82357 0.942115 6 0
15 -0.775306 0.994692 6 0
-10.7137 2.32774 0.968959 6 1
0.472121 -0.479756 0.650299 6 0
13.9184 -8.57786 0.991477 6 1
14.2155 14.8652 0.996267 6 1
-14.9929 -14.9845 0.999977 6 1
2.43992 -2.17321 0.85544 6 1
-4.31104 2.07284 0.876676 6 0
-2.72499 -0.522665 0.881059 6 0
9.35351 -13.3029 0.985594 6 1
2.18165 -6.5228 0.935416 6 0
1.42122 -2.66004 0.83773 6 1
3.56765 0.947392 0.77858 6 1
9.42429 7.8374 0.997972 6 1
11.1383 -1.68129 0.999945 6 0
3.06779 7.43972 0.990748 6 0
-0.681249 10.0847 0.987458 6 0
-4.2675 -0.323897 0.869071 6 0
-12.7862 2.89157 0.977552 6 1
-5.41559 -6.92802 0.968636 6 0
-0.749732 7.79532 0.9399 6 0
-3.57883 5.4031 0.987749 6 0
9.64402 -4.7629 0.999407 6 1
-4.52621 1.53174 0.873093 6 0
-1.51974 5.41644 0.945972 6 0
-12.0783 -2.94504 0.987888 6 1
-10.4675 10.1283 0.986924 6 0
-3.39437 -1.11253 0.828441 6 0
-9.19783 2.83894 0.994768 6 0
6.96458 14.2167 0.991401 6 1
14.9997 1.30756 0.991003 6 1
5.88473 3.00209 0.989156 6 0
4.09736 9.02635 0.962642 6 0
-8.79018 -4.03245 0.999642 6 0
-0.600332 3.19179 0.822319 6 0
5.45494 6.64869 0.9972 6 0
-13.2687 8.95176 0.999285 6 1
-1.30235 2.16772 0.715167 6 0
13.5041 -3.56673 0.994495 6 1
10.7331 3.68303 0.992029 6 1
-13.5675 12.1641 0.992153 6 1
-3.11025 0.547144 0.716504 6 1
13.833 -14.8899 0.993279 6 1
11.4571 12.9306 0.986779 6 1
-0.0965661 0.0661572 0.419301 6 0
1.13172 -0.106583 0.442062 6 0
12.7897 14.975 0.998799 6 1
4.82978 3.36734 0.946584 6 0
-1.09659 7.03816 0.992462 6 0
4.82297 -0.0631462 0.909288 6 0
-1.70043 -0.150605 0.729422 6 0
10.7972 -5.39557 0.973999 6 0
-9.25581 -1.92668 0.958487 6 0
-5.30616 0.434119 0.907658 6 0
0.475852 -2.61411 0.657858 6 0
-15 -15 0.999982 6 0
-15 -15 0.999982 6 0
-0.87587 -2.64574 0.904975 6 0
-0.399139 9.57326 0.985509 6 0
-3.55486 2.63243 0.99553 6 0
-14.909 -6.42179 0.985049 7 1
-15 -15 0.999982 7 0
-11.1143 -1.81738 0.999977 7 1
-10.4763 5.26204 0.996779 7 1
-14.2111 -11.6747 0.990037 7 1
-14.6164 5.34993 0.99308 7 1
15 14.637 0.99104 7 1
13.7967 0.358438 0.996203 7 1
-7.9904 -14.7974 0.987882 7 1
3.54164 -9.67937 0.989079 7 1
-14.9116 -14.9337 0.997066 7 1
-7.48135 5.91404 0.974151 7 0
-14.9884 14.9981 0.999999 7 1
-4.457 2.43599 0.953353 7 0
-7.94933 -3.38325 1 7 0
-10.4195 0.789925 0.965306 7 1
-9.24679 14.2251 0.998773 7 1
-15 15 0.999982 7 0
14.9114 -3.78935 0.997885 7 1
-1.76949 -0.373218 0.988509 7 0
4.67891 6.67971 0.996853 7 0
3.53497 2.99532 0.875691 7 0
-0.0579902 -6.36329 0.929436 7 0
13.7256 -2.77167 0.990437 7 1
7.8713 -0.344719 0.940801 7 0
14.6566 11.1876 0.992915 7 1
-13.5745 8.49797 0.998895 7 1
0.844852 3.71128 0.90495 7 0
2.59318 1.89092 0.764066 7 0
-3.42423 -6.69169 0.98741 7 0
-2.80233 8.17808 0.999945 7 0
8.79623 -12.4718 0.986498 7 1
0.252355 -0.463133 0.065514 7 1
14.9043 1.24676 0.999286 7 1
14.9419 -1.71342 0.992723 7 1
-1.10824 -14.2597 0.994278 7 1
12.4366 -1.45379 0.976902 7 1
-10.8429 10.5249 0.985911 7 1
-11.4071 13.7893 0.991163 7 1
7.27512 -9.75594 0.986252 7 0
-14.5759 -14.7704 0.998499 7 1
-9.82666 -13.3042 0.998911 7 1
14.9861 9.74126 0.989775 7 1
-14.9703 4.56648 0.98572 7 1
-13.0429 -5.38729 0.980765 7 1
-1.64239 5.99478 0.920742 7 0
4.56295 -2.98067 0.990595 7 0
2.78041 -14.278 0.988919 7 1
6.64848 -12.3105 0.991797 7 1
14.9871 -8.60495 0.986788 7 1
-13.393 -13.5001 0.996822 7 1
-0.527671 -1.7236 0.982271 7 0
-1.21208 -1.27841 0.904031 7 0
-2.4057 0.505804 0.868313 7 0
14.5154 14.5843 0.996726 7 1
-4.40474 4.44281 0.909685 7 0
-14.9991 14.9097 0.999004 7 1
-8.2229 11.7563 0.998181 7 1
-0.759737 0.0193312 0.979838 7 0
2.99889 1.55189 0.993367 7 0
11.3767 -14.6613 0.999628 7 1
-2.36902 -0.18013 0.994252 7 0
4.18291 2.67165 0.999406 7 1
14.9752 -4.9617 0.986661 7 1
0.0132082 -0.853688 0.865384 7 0
-14.9972 -13.8792 0.990575 7 1
-4.40535 3.40164 0.981986 7 0
-1.22006 0.303679 0.933189 7 0
0.270159 -1.17903 0.768954 7 0
-1.18523 -0.232942 0.761884 7 0
-3.15843 -1.98224 0.807714 7 0
12.6638 14.3566 0.999597 7 1
-5.92305 14.6574 0.989352 7 1
-7.98297 -4.63886 0.992559 7 0
-4.56163 -11.8484 0.987738 7 1
4.05847 0.0544322 0.901214 7 0
-14.6529 -14.2458 0.990602 7 1
14.4708 4.84393 0.986359 7 1
2.96344 -12.5553 0.99587 7 1
0.27878 12.8592 0.999028 7 1
-8.61561 10.4763 0.98055 7 1
-11.3008 12.9933 0.988267 7 1
-6.48257 6.97086 0.96992 7 0
5.44175 7.40337 0.998974 7 0
-6.7153 7.20763 0.972424 7 0
-14.0271 -9.91327 0.991058 7 1
-5.19243 3.60666 0.913906 7 0
2.17223 8.52421 0.967781 7 1
10.4209 14.2328 0.995997 7 1
-1.14325 4.39111 0.959631 7 0
-15 -1.52725 0.98889 7 0
14.4523 13.9303 0.997624 7 1
-13.6527 12.7639 0.996254 7 1
14.7686 11.5587 0.992059 7 1
2.33282 1.80569 0.947331 7 0
1.7274 -5.20552 0.999272 7 0
-1.30968 7.59404 0.974813 7 0
6.46321 -2.90511 0.999188 7 0
6.89138 0.968683 0.971563 7 0
3.98848 14.7372 0.986981 7 1
-1.6255 10.1429 0.995146 7 0
-5.95068 -8.05863 0.967907 7 0
-9.69907 8.8561 0.978884 7 1
7.28227 -8.64029 0.998072 7 0
2.46993 -2.0375 0.754478 7 0
6.35077 -9.36365 0.996617 7 1
9.67951 -14.7945 0.99306 7 1
15 15 0.999982 7 0
-1.7295 1.92473 0.638307 7 0
-0.0980154 4.82607 0.912571 7 0
-2.41299 -1.77578 0.872931 7 0
-1.86924 -6.93859 0.96986 7 0
-4.12442 4.51847 0.971137 7 0
0.233698 -8.90608 0.952132 7 0
6.08068 4.32285 0.966235 7 0
9.24571 0.39869 0.987891 7 0
5.09089 12.6924 0.981807 7 0
6.5356 -7.45554 0.962484 7 0
7.47292 -0.505972 0.977974 7 0
0.733163 1.9092 0.552627 7 0
-3.08557 0.189461 0.730919 8 0
14.2637 14.8811 0.99849 8 1
-2.01818 4.60505 0.986308 8 0
9.53727 -13.8294 0.986974 8 1
1.03136 -2.64746 0.982604 8 0
14.9285 -14.4398 0.997704 8 1
13.858 8.45898 0.985062 8 1
2.50991 1.49362 0.98114 8 0
3.54323 -1.45694 0.936566 8 0
12.4507 -12.2285 0.996643 8 1
-12.9006 9.87039 0.985142 8 1
9.68592 10.9497 0.982762 8 1
-14.9463 14.7267 0.991471 8 1
13.1512 15 0.990988 8 0
-2.15822 13.4989 0.98138 8 1
-12.4193 -13.3973 0.989524 8 1
15 -15 0.999982 8 0
-3.67084 -1.68829 0.922022 8 0
4.7843 -8.45731 0.998681 8 0
-4.51379 4.70608 0.998209 8 0
-3.24638 3.77392 0.999923 8 1
-3.08803 -5.43495 0.910565 8 0
11.4332 9.13708 0.982079 8 1
3.92682 -3.1452 0.984684 8 0
-3.60101 -14.6251 0.990465 8 1
9.27719 11.7972 0.995802 8 1
4.44166 0.00345135 0.999517 8 1
-2.04507 -1.28482 0.951151 8 0
4.76522 2.90174 0.974922 8 0
14.8643 14.5446 0.996323 8 1
-13.9608 1.586 0.985033 8 1
-1.29671 0.591555 0.726311 8 0
1.18802 -11.9473 0.974279 8 1
0.509336 10.6998 0.999424 8 1
-4.94689 11.7391 0.99373 8 1
2.47687 -0.262776 0.795352 8 0
14.8534 13.6872 0.999463 8 1
-14.7579 1.25898 0.993157 8 1
-0.305102 -6.58093 0.994502 8 0
13.1398 -11.7865 0.995161 8 1
14.8202 -14.9935 0.995914 8 1
-2.52836 0.00685352 0.716097 8 0
-12.9268 2.28407 0.978417 8 1
-9.54881 2.0675 0.990723 8 1
-7.9748 -13.0837 0.992357 8 1
8.48757 -12.7179 0.98908 8 1
-1.06062 9.06016 0.997287 8 1
-2.79459 -10.5583 0.973496 8 1
-2.90603 3.59535 0.883563 8 0
1.80453 -5.71537 0.997218 8 0
-6.96041 -5.72075 0.970282 8 0
-14.436 -4.26054 0.991521 8 1
-2.83537 -3.53171 0.966428 8 0
-0.315386 -0.941815 0.279071 8 0
14.757 14.9718 0.992856 8 1
14.9998 -2.87523 0.987463 8 1
-6.76873 -4.67641 0.978608 8 1
-4.94733 2.529 0.986457 8 1
0.193898 -8.2758 0.96228 8 0
-1.96 4.70049 0.943038 8 0
9.67344 -6.8244 0.996833 8 1
12.6402 -11.4795 0.998425 8 1
-1.60718 -3.43182 0.88248 8 0
-1.04739 0.00873059 0.215241 8 0
-8.21996 -14.6929 0.989103 8 1
-6.01133 2.73053 0.990408 8 0
-1.05034 0.197012 0.234917 8 0
-3.73938 -0.866784 0.945288 8 0
11.74 3.64055 0.999843 8 1
-8.44116 -14.922 0.993589 8 1
-8.24907 1.066 0.952108 8 1
-2.29434 -12.4307 0.980114 8 1
-11.7613 8.08035 0.99054 8 1
12.344 -1.97984 0.978616 8 1
14.9397 9.57795 0.988824 8 1
14.1832 2.61729 0.999621 8 1
14.1193 12.1324 0.999679 8 1
2.71977 14.9285 0.982988 8 1
13.4418 -13.542 0.999635 8 1
12.847 -7.54099 0.999577 8 1
-14.5541 13.1115 0.99924 8 1
1.93264 -1.64274 0.701268 8 0
-11.3834 0.740672 0.981689 8 0
-14.0603 9.44248 0.997054 8 1
3.5222 6.18179 0.994511 8 0
-4.16659 7.72813 0.972529 8 0
-1.46068 -0.749229 0.504092 8 0
12.1283 -14.9328 0.994954 8 1
5.95418 1.83931 0.915218 8 1
4.73597 0.8302 0.896095 8 0
-6.74379 2.74928 0.935463 8 0
-0.302566 -1.20694 0.896683 8 1
-1.64857 -0.606163 0.890216 8 0
2.44567 10.9258 0.996014 8 1
10.1631 3.41061 0.999776 8 0
0.587942 -2.99958 0.771571 8 0
-2.88386 -3.36436 0.997721 8 0
-0.333532 -3.55942 0.824872 8 0
0.337738 -1.53242 0.381091 8 0
-4.84589 0.65172 0.966084 8 0
-0.128122 -3.39836 0.999937 8 0
-3.27963 1.61072 0.77053 8 0
-5.12222 -12.8393 0.998069 8 0
-4.77925 -2.87163 0.976898 8 0
1.48276 -4.08283 0.937432 8 0
-14.9161 -2.12833 0.989925 8 1
11.8666 5.00385 0.997923 8 1
14.8345 -5.64352 0.995187 8 1
-1.63266 -4.96273 0.872799 8 0
-0.321589 0.321232 0.203225 8 0
-3.03314 -1.34634 0.936671 8 0
14.8555 -12.6129 0.993775 8 1
-15 -15 0.999982 8 0
-3.70011 0.387671 0.799484 8 0
5.23289 3.89451 0.998522 8 0
0.324179 1.65329 0.64855 8 0
-1.64617 3.47248 0.950208 8 0
0.716815 -0.146875 0.911595 8 0
0.665925 0.571759 0.768046 8 0
6.11348 -0.337953 0.968489 8 0
-1.59645 0.0475059 0.404542 9 0
9.097 0.661916 0.997157 9 0
4.59957 -11.9249 0.998151 9 1
0.214115 -5.4928 0.999997 9 0
-4.17321 14.3658 0.999144 9 1
-13.8589 11.2953 0.990068 9 1
-1.59731 2.69375 0.711321 9 1
2.08612 -0.313667 0.530554 9 0
-1.22227 13.5863 0.979529 9 1
9.56943 11.7191 0.984599 9 1
-14.4511 -9.09662 0.998381 9 1
4.1211 -2.23925 0.848858 9 0
-15 15 0.999982 9 0
-10.8552 -2.23958 0.976504 9 1
8.61801 -11.235 0.980793 9 1
-2.7232 -14.4097 0.98175 9 1
-1.7486 14.5855 0.982354 9 1
13.1107 3.76382 0.97949 9 1
1.35082 5.15696 0.912516 9 0
-6.18259 -0.241279 0.933407 9 0
0.371941 13.4312 0.994884 9 1
-9.02719 7.37487 0.986839 9 1
5.27622 -9.10864 0.968748 9 1
-14.5072 -13.7715 0.993597 9 1
14.6112 12.2307 0.998783 9 1
-13.8568 -11.6649 0.998997 9 1
-1.13523 14.7157 0.987583 9 1
-11.4663 -4.68024 0.994566 9 1
-8.92064 -6.47672 0.969044 9 1
-14.6261 -15 0.990983 9 0
2.52765 14.9939 0.983266 9 1
13.1715 -4.26314 0.999296 9 1
-6.66022 0.793063 0.944159 9 0
14.9298 13.0889 0.990575 9 1
0.899681 1.51956 0.914784 9 0
-4.24866 6.44032 0.971381 9 0
12.1978 -9.87608 0.984122 9 1
-12.2851 6.4665 0.999957 9 1
-0.518341 2.66793 0.760358 9 0
-14.8995 -10.1641 0.999662 9 1
-14.2851 6.34868 0.986988 9 1
0.950723 7.61785 0.984928 9 0
0.518981 13.2393 0.992615 9 1
3.16936 2.50061 0.925834 9 0
7.50432 -4.55229 0.973291 9 0
3.08469 4.80828 0.899232 9 0
-7.60999 13.4112 0.999591 9 1
4.01341 -3.5865 0.95058 9 0
4.66691 5.46643 0.969166 9 0
0.725852 10.2933 0.986665 9 1
4.39724 7.15141 0.946887 9 0
1.53511 -4.78541 0.987397 9 0
0.581049 5.0476 0.952093 9 0
14.9631 9.56612 0.988281 9 1
-2.90604 0.559281 0.933789 9 0
6.33512 0.0310564 0.917913 9 1
-1.74442 14.9841 0.988148 9 1
14.9786 -5.68089 0.998663 9 1
-3.04098 2.48728 0.99998 9 0
-1.25499 -5.1785 0.910747 9 0
-14.7335 -8.88036 0.989244 9 1
10.3701 -0.748223 0.971054 9 1
-1.06428 4.55036 0.853609 9 0
1.58059 -3.23788 0.795694 9 0
-0.770601 12.77 0.998965 9 1
-1.18985 -2.19936 0.773487 9 0
14.1781 1.69491 0.99164 9 1
-2.48 -2.93703 0.951427 9 0
-7.25023 -3.67487 0.999674 9 0
11.7859 -9.11118 0.999588 9 1
14.9815 -14.7961 0.994542 9 1
-2.70834 -9.94647 0.988752 9 1
9.81793 -13.5766 0.985951 9 1
-0.970281 10.7918 0.989201 9 0
1.02538 2.3967 0.631137 9 0
-8.69636 -14.3759 0.987085 9 1
12.9556 8.95959 0.985211 9 1
5.90422 -14.9992 0.990728 9 1
-0.399966 0.372916 0.0875436 9 0
2.62642 -14.4773 0.983624 9 1
7.97145 -0.423607 0.969696 9 0
-14.8135 14.9996 0.995891 9 1
0.479762 2.52586 0.652166 9 0
4.51384 11.4148 0.999185 9 1
-8.14269 9.79361 0.993423 9 1
3.45732 4.86023 0.988663 9 1
4.14895 2.29019 0.85266 9 0
0.0163605 -7.21809 0.956449 9 0
8.82697 -2.20452 0.99336 9 1
9.27778 -1.70102 0.957066 9 0
14.0409 1.20781 0.981624 9 1
-5.44922 -5.74699 0.948901 9 0
9.95638 -13.9332 0.995098 9 1
14.9722 -2.31593 0.983579 9 1
0.141747 6.12176 0.968174 9 0
1.08811 14.2084 0.98826 9 1
0.749034 0.786167 0.268506 9 0
11.7968 -7.83504 0.980864 9 1
4.72936 -6.32058 0.943108 9 1
-4.59796 2.80972 0.954971 9 0
-5.6059 -3.94744 0.928294 9 0
14.5825 12.071 0.991356 9 1
-14.9866 12.161 0.991295 9 1
2.13622 -0.350387 0.616827 9 0
-2.14246 -0.648502 0.812964 9 0
1.53758 3.56777 0.986973 9 0
1.33508 6.35243 0.991284 9 0
12.7952 -0.217041 0.999179 9 0
0.22664 -1.58066 0.40407 9 0
0.489498 -2.69012 0.795357 9 0
6.91076 7.06049 0.966942 9 0
-2.12498 6.82817 0.983592 9 0
15 15 0.999982 9 0
-2.19995 -0.446497 0.830059 9 0
-4.72293 6.47152 0.979932 9 0
-0.906213 -4.94046 0.988646 9 0
-4.92878 -2.8823 0.90022 9 0
-1.30574 -0.141944 0.999505 9 0
-6.16747 0.941635 0.913228 9 0
1.20604 0.128983 0.782787 9 0
0.41761 0.141376 0.262535 10 0
-0.785621 2.63246 0.823255 10 0
-3.76236 -3.22003 0.997565 10 0
3.03504 4.42986 0.941242 10 0
-10.6204 9.34339 0.980448 10 1
-14.8016 8.61165 0.995136 10 1
-13.6465 -14.5961 0.992447 10 1
13.1839 -1.19959 0.991169 10 1
6.31335 -0.455091 0.916125 10 0
2.83043 -0.734248 0.97799 10 0
0.155705 -1.87627 0.953473 10 0
-14.9448 3.67791 0.998226 10 1
2.449 -2.00859 0.721684 10 0
-9.96358 -0.122413 0.961627 10 0
5.29609 12.3352 0.996162 10 1
-1.33168 -0.00346756 0.987236 10 0
15 -15 0.999982 10 0
13.4885 -14.5605 0.990781 10 1
15 15 0.999982 10 0
14.9953 14.5883 0.991118 10 1
11.2437 14.9925 0.992928 10 1
12.9095 11.0507 0.999727 10 1
14.2279 -14.6276 0.990557 10 1
-12.0734 13.4561 0.99991 10 1
4.70904 -3.79156 0.997909 10 0
-10.58 13.051 0.987049 10 1
-13.0621 10.8684 0.999704 10 1
1.83113 14.398 0.992446 10 1
14.9459 10.7006 0.989554 10 1
4.09856 14.4967 0.990149 10 1
-14.9869 5.03261 0.989386 10 1
-12.6187 -8.92139 0.999965 10 1
-9.78861 14.9109 0.988107 10 1
5.1733 -14.9968 0.994502 10 1
-9.87261 -4.72853 0.97041 10 1
1.9279 -0.987422 0.61977 10 0
0.607419 1.77101 0.970349 10 0
-8.57426 -1.0208 0.999962 10 1
13.8962 -14.5528 0.999532 10 1
-0.116861 14.956 0.999282 10 1
-1.96159 2.48183 0.719313 10 0
3.78067 -14.2058 0.982829 10 1
2.76003 -2.40397 0.770282 10 0
-10.2798 -4.94582 0.98164 10 1
0.55636 3.97304 0.952746 10 0
-2.63022 6.83199 0.930778 10 0
2.82141 -13.2066 0.986472 10 1
-14.1108 2.70663 0.999352 10 1
6.01557 -5.9641 0.962118 10 1
-2.5196 6.59746 0.999892 10 0
0.557545 1.14991 0.975642 10 0
11.4588 -12.0988 0.989651 10 1
14.7788 3.78764 0.986071 10 1
3.32389 -6.65565 0.957586 10 0
-11.2171 -14.889 0.998856 10 1
-5.87449 -10.6071 0.979485 10 1
-10.8979 -5.55343 0.995286 10 1
-13.2765 -4.30628 0.995507 10 1
12.3028 -0.309635 0.999996 10 1
2.10807 -0.223103 0.539963 10 0
-0.495348 -10.9529 0.968934 10 0
-12.8272 -10.1123 0.99013 10 1
-3.98828 2.34402 0.881101 10 0
-7.24271 3.49015 0.988697 10 1
-14.9267 -14.5454 0.993902 10 1
-1.47636 1.18237 0.936832 10 0
8.50223 5.71241 0.998592 10 1
-10.6998 14.9606 0.990109 10 1
-3.28165 -13.1708 0.979959 10 1
-4.67422 -14.9793 0.984167 10 1
3.52434 -1.08117 0.776274 10 1
-14.5411 -1.46706 0.982972 10 1
0.562936 3.1326 0.73385 10 0
2.82704 2.05858 0.929923 10 0
-14.9995 -1.43439 0.989852 10 1
13.9614 -10.5863 0.999827 10 1
-14.7722 -6.21944 0.998199 10 1
14.9619 -9.2795 0.998139 10 1
1.28896 1.288 0.997872 10 0
-5.30607 -2.15021 0.895805 10 0
1.70745 -4.30471 0.877427 10 0
3.63432 -8.52507 0.984695 10 1
3.35884 4.91751 0.984812 10 0
1.29359 0.467272 0.897813 10 0
-5.91317 13.4331 0.981942 10 1
10.2792 14.8129 0.999499 10 1
-1.87514 0.689701 0.649177 10 0
-8.41572 -11.9179 0.984705 10 1
-0.751601 -2.36387 0.818619 10 0
14.9673 5.32361 0.99637 10 1
9.27692 14.9188 0.999658 10 1
3.03098 -2.59639 0.971819 10 0
-2.64027 -2.5247 0.770599 10 0
-13.4824 -10.385 0.999999 10 1
-14.7463 -6.36792 0.99574 10 1
-1.78769 -5.73802 0.99954 10 0
0.193155 0.517193 0.0976848 10 0
-0.196514 -2.73238 0.806466 10 0
6.05134 5.71328 0.951194 10 0
8.09201 -14.8954 0.997987 10 1
-2.23967 -4.24028 0.885665 10 0
13.6831 14.9936 0.994665 10 1
1.60678 -3.85864 0.814241 10 0
-3.49719 2.90292 0.953259 10 0
2.60813 -6.03751 0.996959 10 0
-2.60362 0.619001 0.683588 10 0
-0.0503603 2.43005 0.924788 10 0
-14.0158 1.20129 0.983479 10 0
-5.67076 4.7345 0.939383 10 0
0.141742 -4.15445 0.818837 10 0
-3.18405 -1.10469 0.989829 10 0
0.938139 0.731491 0.681553 10 0
-8.92596 -7.3554 0.973208 10 0
-0.361137 2.08038 0.532057 10 0
-0.333691 -0.0195158 0.827411 10 0
1.97605 1.70426 0.630917 10 0
-15 -15 0.999982 10 0
-3.41352 0.599866 0.966549 10 0
-2.59509 0.56251 0.655924 10 0
0.957298 -0.611292 0.438272 10 0
1.3264 0.338729 0.91558 11 0
-0.695794 -0.418911 0.978045 11 0
-3.20973 2.52684 0.872414 11 0
0.206899 -2.28674 0.946275 11 0
-0.429906 0.640006 0.99351 11 0
-10.1171 -7.9484 0.998808 11 1
-4.0583 4.76759 0.909042 11 0
0.144237 -0.0596964 0.651047 11 0
-1.05691 -4.22399 0.947955 11 0
2.40059 -2.76475 0.770315 11 0
15 -0.600365 0.995441 11 0
-11.4231 4.75071 0.9961 11 1
14.4362 -12.7212 0.994706 11 1
-13.7972 11.614 0.999624 11 1
9.34019 1.08519 0.957451 11 0
0.502461 1.12912 0.869403 11 0
11.8036 -13.6656 0.999981 11 1
-7.61776 10.6926 0.978522 11 1
-1.34518 3.34767 0.791694 11 0
11.0466 13.9587 0.987535 11 1
1.25956 -4.9831 0.907632 11 0
1.70843 1.48858 0.883722 11 0
-3.64949 6.79472 0.972383 11 0
-8.62499 -0.92071 0.997854 11 1
-15 9.92953 0.997667 11 1
13.78 -4.64232 0.989485 11 1
-5.06191 -12.5683 0.981691 11 1
-4.98639 13.4809 0.999563 11 1
10.8943 12.2671 0.996358 11 1
5.12594 -14.9993 0.993304 11 1
-12.1238 -7.32851 0.981062 11 1
2.0663 -11.7233 0.98756 11 1
-1.54401 14.1058 0.982421 11 1
10.454 -13.4594 0.999687 11 1
14.7755 -14.6565 0.995497 11 1
8.90851 -9.51881 0.979234 11 1
3.97607 13.3585 0.99731 11 1
3.98617 -9.3822 0.999647 11 1
-1.08165 -0.330235 0.417993 11 0
-4.72902 -4.91163 0.921143 11 1
-15 15 0.999982 11 0
-1.45674 -14.3988 0.996603 11 1
1.98169 -3.44676 0.983149 11 1
-5.33904 3.03516 0.95827 11 0
-6.74036 13.515 0.986595 11 1
9.52818 10.4753 0.98082 11 1
1.21006 -0.335444 0.9291 11 0
6.91288 -12.8611 0.983835 11 1
-13.4383 8.73981 0.99806 11 1
13.4966 -7.89772 0.986611 11 1
14.9917 5.44197 0.999758 11 1
-8.40791 10.8269 0.985184 11 1
-2.32813 -1.19278 0.631154 11 0
9.83912 -10.5156 0.999997 11 1
13.718 3.37701 0.980418 11 1
3.40397 -3.24523 0.847334 11 0
2.94046 1.70298 0.999731 11 0
0.0179233 -0.952481 0.420273 11 0
-7.11807 0.55207 0.987619 11 0
6.59347 -14.9086 0.987634 11 1
-15 -14.5119 0.992538 11 0
0.230071 -4.01104 0.946824 11 1
-5.0843 13.728 0.98198 11 1
0.0526819 12.5211 0.976902 11 1
-14.391 10.6006 0.989772 11 1
-6.96819 13.6568 0.993281 11 1
-0.673069 -0.73551 0.269541 11 0
0.119157 -3.934 0.999427 11 0
-5.9773 -6.59325 0.951928 11 0
-0.143399 0.547668 0.133176 11 0
1.50212 -0.930231 0.917 11 0
-13.5007 -2.51512 0.988184 11 1
-0.857641 -1.26236 0.412295 11 0
1.1246 -2.53777 0.883324 11 0
-4.12248 12.7256 0.999514 11 1
1.67481 3.81428 0.816226 11 0
10.2976 11.5672 0.999043 11 1
10.0221 -14.6126 0.990297 11 1
1.2839 9.98484 0.97824 11 1
13.7343 13.2121 0.998905 11 1
3.92641 3.00598 0.99572 11 0
-1.88204 -1.30435 0.934973 11 0
-0.768972 1.71141 0.964369 11 0
3.27935 -6.43659 0.954147 11 1
-1.08073 2.14054 0.974849 11 0
-8.79337 -6.0708 0.997228 11 1
11.2137 11.263 0.996957 11 1
-0.946101 0.517493 0.25205 11 0
-6.51952 5.37027 0.955491 11 1
0.847597 -2.12612 0.933072 11 0
-14.5146 5.2878 0.999998 11 1
-2.12695 -3.73493 0.888199 11 0
14.9825 -5.64952 0.999023 11 1
10.622 13.0399 0.987982 11 1
2.7186 0.567042 0.885963 11 0
-13.0865 -9.90935 0.996997 11 1
1.67334 4.65367 0.995839 11 0
-0.3516 0.15338 0.570302 11 0
1.98753 1.54522 0.737431 11 0
-0.76937 3.66758 0.828017 11 0
-14.3798 14.399 0.992052 11 1
-13.022 6.19464 0.999692 11 1
-4.36989 9.70903 0.991587 11 0
-14.936 13.0374 0.99165 11 1
-14.6232 -14.9984 0.99097 11 1
-1.02839 14.2299 0.990239 11 1
5.97974 10.2154 0.996992 11 1
-1.37763 -2.41011 0.883865 11 0
1.23046 -2.10895 0.903354 11 0
-0.452533 0.149804 0.12677 11 0
2.50212 2.93405 0.963873 11 0
0.813966 -0.677199 0.222728 11 0
3.67883 2.65086 0.962166 11 0
15 15 0.999982 11 0
3.02167 -0.0335767 0.827354 11 0
1.32642 0.986351 0.538914 11 0
3.15345 -1.80722 0.775325 11 0
-2.88987 0.570901 0.953146 11 0
-0.0342101 -0.113749 0.429564 11 0
4.0204 -4.95251 0.936932 11 0
13.8224 -3.81511 0.997653 12 1
-13.187 8.58861 0.984593 12 1
0.632818 -0.133068 0.504793 12 0
9.73307 13.9808 0.999839 12 1
0.366755 -1.3665 0.765396 12 0
-14.1178 -6.22411 0.999825 12 1
-1.03047 1.36408 0.738303 12 0
14.9867 11.3322 0.99022 12 1
7.74309 -11.6229 0.994628 12 1
-14.7802 10.4847 0.99864 12 1
-14.8112 13.7078 0.999825 12 1
-13.1004 -3.19654 0.988971 12 1
2.40282 -12.0826 0.999802 12 1
2.36275 -0.87057 0.736428 12 0
-14.3754 -14.9997 0.997383 12 1
1.21929 0.814748 0.572938 12 0
15 -11.0418 0.999415 12 1
15 -15 0.999982 12 0
-8.56062 -11.2219 0.980683 12 1
-7.41942 -0.495857 0.956181 12 0
-2.55693 -2.98759 0.999786 12 0
-3.14492 -2.16936 0.923578 12 0
-12.852 13.7054 0.990226 12 1
1.8823 -5.40868 0.895434 12 1
1.72423 -2.58346 0.720066 12 0
14.9109 -14.9284 0.996849 12 1
-14.1901 7.13201 0.996025 12 1
-11.4021 -9.76892 0.995201 12 1
-14.9514 -5.69228 0.999553 12 1
-7.54813 14.9026 0.987102 12 1
-1.88791 5.66879 0.992363 12 1
15 15 0.999982 12 0
14.9807 5.78941 0.995908 12 1
10.8851 5.7042 0.999779 12 1
-14.2335 -14.4691 0.994788 12 1
-1.31108 -3.41513 0.770288 12 1
-9.02865 10.0568 0.985226 12 1
-2.2011 1.87754 0.997945 12 0
13.2651 5.9054 0.991768 12 1
4.41194 14.8136 0.999935 12 1
-7.29785 -12.6396 0.984284 12 1
10.2134 3.6431 0.987649 12 1
3.32031 -5.782 0.962858 12 1
14.7466 -14.9146 0.991278 12 1
1.76758 1.20412 0.565743 12 0
0.660725 3.11777 0.737923 12 0
-3.385 -3.25419 0.848004 12 0
-0.288096 -14.042 0.985612 12 1
7.22744 11.107 0.992864 12 1
0.328893 -0.355811 0.10639 12 0
10.1964 -11.2736 0.983146 12 1
3.74785 14.0151 0.993143 12 1
-14.9547 12.2369 0.990326 12 1
-8.2426 11.9808 0.989332 12 1
-1.49941 4.77296 0.995942 12 0
4.90879 -7.81629 0.993155 12 1
-1.78244 2.57082 0.711699 12 0
11.5626 9.34263 0.997988 12 1
-0.781061 0.289874 0.932035 12 0
-14.9444 -3.7833 0.999459 12 1
-1.13179 -0.0523334 0.426497 12 0
6.08262 -12.488 0.999832 12 0
4.21665 -13.7169 0.998426 12 1
1.6259 -1.54109 0.817694 12 0
6.68467 14.9572 0.994447 12 1
9.64845 -6.53594 0.986335 12 1
-2.92312 2.10267 0.797697 12 0
-11.9928 -13.7655 0.990061 12 1
-5.91593 -14.8367 0.999995 12 1
-0.775705 3.00626 0.720846 12 0
-1.94423 2.07899 0.986943 12 0
0.321103 1.22372 0.951683 12 0
-14.9977 14.9525 0.999757 12 1
9.81968 -14.5266 0.999981 12 1
-0.57827 -3.19265 0.817102 12 0
5.89053 -14.4666 0.98797 12 1
12.8992 14.6895 0.997488 12 1
-2.30978 0.184871 0.977017 12 0
-11.3931 -10.7926 0.98414 12 1
-8.00252 3.92986 0.952434 12 1
-2.79239 1.17973 0.811126 12 0
-14.7028 13.7481 0.999699 12 1
4.96403 4.25598 0.999879 12 1
-4.19941 -2.22512 0.858091 12 0
12.5485 -1.17573 0.976634 12 1
0.147542 -0.00369336 0.601634 12 0
-0.334804 2.20379 0.787108 12 0
-15 1.2332 0.991621 12 0
3.95202 -2.81734 0.936238 12 0
-0.828829 -0.0190142 0.942796 12 0
-0.996826 1.18349 0.386737 12 0
0.673171 0.100088 0.689813 12 0
-3.27601 -0.0297208 0.870205 12 0
-10.016 -14.9212 0.996573 12 1
-0.133108 1.43969 0.648246 12 0
-1.32197 4.4179 0.892993 12 0
-2.15714 -1.24297 0.797941 12 0
0.871241 0.193957 0.70017 12 0
4.81313 -0.261219 0.906489 12 0
1.65514 1.40092 0.625221 12 0
6.84757 9.47606 0.992523 12 0
-13.5313 14.7672 0.995149 12 1
-1.18876 2.89601 0.711428 12 0
-0.320658 -4.36983 0.97209 12 0
9.4692 -4.69937 0.976307 12 1
-4.41534 -6.37784 0.956475 12 0
3.91409 0.0263371 0.998779 12 0
14.8189 -10.8208 0.988484 12 1
3.09956 -13.6043 0.99595 12 1
0.102557 2.31996 0.982558 12 0
-0.0560068 -0.477335 0.116109 12 0
-0.752238 -0.0107409 0.965933 12 0
2.4301 -0.0111805 0.925621 12 0
-3.2569 -0.167468 0.844893 12 0
-15 -14.8883 0.998468 12 0
1.90894 -11.4324 0.976097 12 0
-1.33217 -1.14021 0.881941 12 0
-1.45405 -0.512367 0.391668 12 0
0.41012 4.0429 0.895766 12 0
-2.15254 -0.938317 0.999025 12 0
1.04854 -0.241616 0.247443 13 0
0.627551 -1.03543 0.773857 13 0
-15 -15 0.999982 13 0
-14.1886 -5.14127 0.987583 13 1
-13.5748 -14.0442 0.996545 13 1
1.09546 -0.329474 0.473072 13 0
6.13079 2.36385 0.997994 13 1
3.6453 1.60939 0.976771 13 1
14.9927 -12.8035 0.99779 13 1
1.25713 -0.326373 0.997372 13 0
15 14.5688 0.991295 13 1
-1.73764 -0.692202 0.972968 13 0
-1.003 -2.75197 0.973024 13 0
14.6042 -3.04742 0.999991 13 1
-10.8758 9.98351 0.987974 13 1
14.9685 14.9482 0.999181 13 1
-4.60418 -0.714478 0.859681 13 1
-14.9869 14.9996 0.999999 13 1
-1.16497 -3.71905 0.993427 13 0
-13.9396 -11.1938 0.990001 13 1
13.0124 5.72284 0.984546 13 1
3.56497 13.6227 0.982357 13 1
0.148311 -0.0598454 0.672775 13 0
2.93762 -4.09566 0.979727 13 0
2.71121 -2.14332 0.975756 13 0
-10.1087 -6.93876 0.998267 13 1
2.28355 -4.43707 0.998726 13 1
-13.6152 -2.32495 0.997197 13 1
-0.121973 1.16813 0.612089 13 0
12.7914 8.91607 0.990446 13 1
-0.813326 0.200025 0.919345 13 0
1.24336 -2.36664 0.679335 13 0
0.273104 -2.71688 0.787337 13 0
1.09189 0.285889 0.408905 13 0
7.11533 9.92761 0.993038 13 1
0.33107 -0.196839 0.561402 13 0
9.16923 -8.91972 0.998896 13 1
12.1822 -14.9417 0.992433 13 1
-0.156842 -3.95643 0.992344 13 0
0.381861 2.06076 0.523421 13 0
5.02429 6.14595 0.954322 13 1
1.32503 -5.23812 0.965122 13 0
15 -2.1234 0.983607 13 0
-0.601495 -1.58264 0.678697 13 0
0.402499 -0.094495 0.402361 13 0
-1.11563 -0.966243 0.540778 13 0
-10.9878 -2.72677 0.99579 13 1
3.44538 9.8995 0.964997 13 1
-8.11739 1.33064 0.979035 13 1
-3.21794 2.12271 0.96283 13 0
-6.54068 2.58307 0.996502 13 1
-15 15 0.999982 13 0
-3.70669 0.617055 0.840557 13 1
-7.96903 -2.43493 0.94938 13 1
-0.92104 -0.914891 0.997055 13 0
-0.66015 0.405976 0.996616 13 0
12.7252 5.13123 0.986682 13 1
-14.9635 -14.2112 0.99932 13 1
4.78436 -1.17345 0.988572 13 0
-12.9117 14.163 0.998917 13 1
-2.11281 0.371624 0.576944 13 1
-13.5291 9.47808 0.999665 13 1
0.358074 -0.262791 0.247606 13 0
-8.00284 -9.70601 0.975507 13 1
-0.896579 -3.59966 0.790433 13 0
3.7467 -14.8164 0.988384 13 1
1.20349 -3.53694 0.815196 13 1
14.6439 12.7452 0.990102 13 1
6.83521 3.00304 0.96834 13 1
-12.8455 -1.91355 0.984573 13 1
12.8049 -14.8585 0.999851 13 1
-2.92446 1.25503 0.733488 13 0
7.47795 -8.45356 0.999087 13 1
2.14073 2.31955 0.715793 13 0
11.6629 -13.2229 0.996581 13 1
3.217 4.03222 0.895719 13 0
-5.9078 10.7176 0.996071 13 0
-4.24631 8.43961 0.957911 13 0
-14.772 14.9618 0.99301 13 1
4.66816 -12.7817 0.978882 13 1
1.85192 1.32976 0.915038 13 0
-4.74965 -6.68281 0.9872 13 1
-6.54234 13.0159 0.986701 13 1
-14.2024 -8.4485 0.999476 13 1
-0.586851 -2.23399 0.967626 13 0
1.94012 -1.61141 0.728354 13 0
-7.50193 14.1022 0.999992 13 1
0.627944 2.08288 0.642076 13 0
10.4227 12.9508 0.992888 13 1
-8.25774 -13.6874 0.999863 13 0
-13.289 -9.91994 0.996219 13 1
7.69265 14.2025 0.988082 13 1
6.33227 -12.1146 0.981331 13 1
-0.149738 -1.89009 0.927355 13 0
-12.8777 -4.49737 0.979496 13 1
-3.66632 1.33701 0.995541 13 0
2.18975 14.8675 0.99393 13 1
11.8503 -13.5786 0.999254 13 1
7.75243 12.6297 0.993964 13 1
-4.12453 8.3221 0.979375 13 1
1.5958 -0.369641 0.493781 13 0
-14.3697 -7.70192 0.987776 13 1
-14.6141 7.65588 0.999989 13 1
-4.31711 14.9729 0.991337 13 1
6.17389 0.238201 0.937911 13 0
3.26047 -2.92092 0.968857 13 0
0.85646 0.52617 0.251341 13 0
0.243207 -2.26625 0.913707 13 0
-1.2526 -1.67516 0.522523 13 0
1.18839 -0.632807 0.965966 13 0
-1.63007 -2.74504 0.743697 13 0
15 15 0.999982 13 0
0.259873 -0.801076 0.905188 13 0
-0.60292 -0.413883 0.910313 13 0
-3.68393 4.06774 0.999594 13 0
-1.61571 0.277006 0.497292 13 0
0.605821 2.8609 0.977768 13 0
-0.14169 0.90052 0.609342 13 0
-0.582328 -0.780286 0.339135 13 0
2.62067 -0.607473 0.706703 13 0
1.70324 -0.538286 0.958133 14 0
2.75225 -5.19096 0.938764 14 1
-1.70943 -1.70933 0.947576 14 0
-4.11207 0.14468 0.84431 14 0
1.98027 1.44151 0.887471 14 0
3.14448 1.90575 0.772811 14 0
-12.0667 11.4628 0.99127 14 1
-7.80645 7.55513 0.983794 14 1
14.3516 -0.986322 0.999875 14 1
4.17203 2.13783 0.849321 14 1
8.26116 -10.7418 0.981537 14 1
0.740304 -1.72278 0.966119 14 0
0.224843 -1.0093 0.215835 14 0
0.818652 0.128367 0.943787 14 0
8.02824 -10.4185 0.980467 14 1
3.82066 3.27436 0.984344 14 1
12.5043 14.9167 0.992386 14 1
15 -15 0.999982 14 0
-14.9906 8.11156 0.999631 14 1
0.567654 -0.170826 0.230335 14 0
-5.98732 0.666832 0.999969 14 0
-0.646167 0.326221 0.884787 14 0
14.8717 4.60808 0.992646 14 1
-14.1377 14.24 0.997275 14 1
9.23257 5.93211 0.968385 14 1
-0.110521 -0.403142 0.377606 14 0
-1.29467 -2.76548 0.776086 14 1
3.00571 -14.7539 0.990969 14 1
-13.8823 9.01438 0.998276 14 1
14.6474 13.0971 0.999928 14 1
-14.9501 14.4266 0.997398 14 1
5.53755 -0.199815 0.99237 14 1
-11.4956 8.11528 0.983117 14 1
14.6454 14.5814 0.999918 14 1
-7.473 2.32908 0.940246 14 1
13.5929 2.7128 0.999847 14 1
14.0689 -12.5791 0.989101 14 1
15 -14.6272 0.990987 14 1
-1.38291 -1.7096 0.70312 14 0
-0.00938482 -0.695348 0.764237 14 0
0.296519 -1.49446 0.416638 14 0
-6.47484 14.7274 0.993553 14 1
1.38496 -0.72138 0.380639 14 0
1.19196 -0.808071 0.670116 14 0
14.6379 8.56772 0.998508 14 1
-3.71096 -1.8537 0.822361 14 1
0.0937043 -1.74296 0.858528 14 0
15 15 0.999982 14 0
-0.541111 1.22587 0.976412 14 0
5.068 -11.7843 1 14 1
6.93071 -4.3126 0.99559 14 1
2.39412 13.066 0.996488 14 1
-14.7428 14.8547 0.991026 14 1
-3.06017 1.64543 0.957392 14 0
0.787294 0.00960158 0.999881 14 0
8.39999 -2.27204 0.993277 14 1
8.7799 9.98924 0.99788 14 1
1.52508 0.257106 0.387312 14 0
-1.64104 0.434001 0.694589 14 0
-1.15466 -2.42786 0.703704 14 0
-11.4428 4.94895 0.982806 14 1
-1.03996 -13.9687 0.989878 14 1
1.50133 0.25867 0.41689 14 0
-0.434289 -0.753095 0.804069 14 0
-7.35719 12.5274 0.990908 14 1
0.573793 -1.01532 0.573937 14 0
1.79442 9.29236e-05 0.971431 14 0
-0.189269 9.79915 0.983943 14 1
14.9204 11.7939 0.99696 14 1
0.149802 4.43338 0.998694 14 0
5.94795 -14.1065 0.991004 14 1
1.22277 -1.27164 0.910375 14 0
3.57456 6.52593 0.958106 14 1
-14.9306 12.3736 0.989601 14 1
-14.9874 -5.21398 0.994902 14 1
4.66033 6.51455 0.979326 14 1
-0.0446935 -2.58047 0.643117 14 0
-14.9457 1.16984 0.997184 14 1
13.8579 -8.73722 0.994392 14 1
0.795785 -2.86673 0.908794 14 0
-1.91453 3.10908 0.770817 14 0
0.641699 -2.61838 0.717025 14 1
-5.28356 10.7606 0.975767 14 1
0.103124 -0.103711 0.593782 14 0
0.690934 -0.0409758 0.748422 14 0
-2.23135 -1.79407 0.996739 14 0
8.07977 7.29941 0.97904 14 1
11.8951 15 0.999591 14 0
8.99068 -13.5098 0.985045 14 1
-2.51519 0.354567 0.695052 14 0
-1.88402 3.86442 0.889413 14 0
-4.64826 -1.89709 0.989701 14 1
-1.89216 7.48096 0.970994 14 1
-0.552087 -0.214074 0.22751 14 0
-0.698937 3.68541 0.83243 14 0
-1.33491 0.861913 0.394233 14 0
10.8911 5.56171 0.995002 14 1
-0.19738 -1.00653 0.22134 14 0
14.9926 14.8299 0.996241 14 1
-4.95152 -5.82072 0.994466 14 0
-1.74044 1.52975 0.97701 14 0
0.369846 13.6502 0.980286 14 1
-8.95137 -4.50434 0.968478 14 1
13.3814 11.5545 0.993062 14 1
2.26274 -4.82136 0.909041 14 1
0.169386 -2.53226 0.698739 14 0
-14.9915 11.2904 0.99128 14 1
-14.7529 -12.4177 0.992158 14 1
1.17333 0.271023 0.746234 14 0
5.96539 -12.5482 0.999748 14 0
1.73481 2.80299 0.903556 14 0
-1.71352 -0.636682 0.999583 14 0
-0.927609 4.32491 0.99548 14 0
1.4084 -1.69961 0.726326 14 0
-15 2.71736 0.985164 14 0
0.809958 -1.77245 0.78868 14 0
0.0913954 0.996777 0.260296 14 0
-15 -15 0.999982 14 0
3.84958 -14.6429 0.984013 14 0
1.00983 -0.39728 0.26685 14 0
-0.445884 -0.0969079 0.196241 15 0
-5.82182 1.24192 0.983774 15 1
-4.22952 12.5159 0.987508 15 1
-11.5971 8.04462 0.98069 15 1
14.4384 5.28691 0.997213 15 1
14.9927 -10.7921 0.995323 15 1
-0.234656 -2.0346 0.548601 15 0
-11.9656 -0.166541 0.978098 15 1
-12.2301 -13.0049 0.988685 15 1
-0.0802264 0.896891 0.662751 15 0
6.51485 14.1855 0.988817 15 1
0.480163 0.270111 0.0952872 15 0
15 14.671 0.991454 15 1
-14.8969 3.21635 0.984896 15 1
2.49596 -7.07099 0.981165 15 1
0.075438 -0.471403 0.124754 15 0
-1.65664 1.41193 0.645077 15 0
3.21626 -13.4429 0.997993 15 1
-14.8059 -4.51312 0.999391 15 1
-0.530271 -0.0738106 0.0715247 15 0
-0.5895 0.905535 0.256448 15 0
7.46128 2.7508 0.958888 15 1
14.8991 -6.93016 0.99811 15 1
-11.6773 -14.6029 0.995752 15 1
2.43643 -1.92361 0.721135 15 0
-14.8804 -13.753 0.996706 15 1
-7.30957 11.3752 0.98451 15 1
-5.74221 14.9939 0.996276 15 1
8.47669 10.6261 0.979134 15 1
-13.4672 3.64892 0.99596 15 1
9.90924 2.38004 0.999514 15 1
-1.12881 -2.14783 0.932378 15 0
-15 -15 0.999982 15 0
0.371792 -12.6596 0.983246 15 1
13.8624 1.46915 0.997112 15 1
-9.38459 -8.38224 0.975604 15 1
7.59991 -11.2697 0.979135 15 1
14.0388 -7.43954 0.996554 15 1
1.65052 0.338602 0.648997 15 0
13.3559 -9.55337 0.997409 15 1
0.475676 -1.29136 0.895549 15 0
-11.4668 -14.7125 0.998333 15 1
-0.558766 0.0872046 0.13142 15 0
-12.2586 -12.2711 0.988852 15 1
-10.0832 2.28017 0.982669 15 1
-5.47538 -12.4791 0.979062 15 1
-0.468997 -2.02327 0.524132 15 0
5.63069 -1.0973 0.89367 15 0
3.44642 -0.193574 0.979347 15 0
-8.98072 7.3191 0.9754 15 1
0.652482 0.215721 0.723908 15 0
-3.59359 4.94614 0.973216 15 0
1.42503 -0.734873 0.414183 15 0
-0.682776 14.9692 0.997673 15 1
-13.134 -3.21169 0.984544 15 1
-5.09304 -7.85844 0.961836 15 1
-0.80578 0.308345 0.83102 15 0
-0.64442 1.6962 0.993551 15 0
14.0577 -14.9695 0.994418 15 1
-1.72709 13.6924 0.99616 15 1
8.61075 2.97739 0.995668 15 1
-0.871749 -1.28647 0.38276 15 0
-1.43807 -1.04591 0.942576 15 0
-0.579369 0.110196 0.217501 15 0
-15 15 0.999982 15 0
-1.1528 -5.24872 0.944229 15 0
0.404905 -0.443064 0.263191 15 0
6.76247 -6.77219 0.982768 15 1
-3.98946 8.11244 0.978976 15 0
-0.0248267 -1.13367 0.430392 15 0
-2.49396 -14.8585 0.990006 15 1
-14.9986 14.1839 0.999501 15 1
13.4584 12.533 0.98997 15 1
14.208 -14.9964 0.999808 15 1
6.00296 -14.426 0.987543 15 1
-5.42259 14.8756 0.991604 15 1
13.2729 -12.5933 0.988558 15 1
2.10947 -1.58531 0.640774 15 0
-12.9422 -11.3135 0.990086 15 1
0.0765532 1.02904 0.216884 15 0
-11.9462 -14.151 0.998161 15 1
0.78626 0.911194 0.743213 15 0
-0.631165 0.417935 0.974839 15 0
-1.30514 0.0168533 0.999645 15 0
2.82219 14.2526 0.990763 15 1
14.7978 -11.5772 0.990236 15 1
-1.90338 -13.736 0.999951 15 1
5.52846 8.28855 0.961567 15 1
-15 -15 0.999982 15 0
14.9948 -6.60258 0.994541 15 1
10.9823 -8.75665 0.985509 15 1
0.0761862 -2.05349 0.540339 15 0
0.480662 -0.0931973 0.0952301 15 0
-8.5722 14.3837 0.985993 15 1
14.4727 -6.03119 0.984466 15 1
3.29273 3.32099 0.852388 15 0
13.7241 13.2229 0.998911 15 1
-0.491781 -0.520966 0.856656 15 0
-1.57041 -1.42199 0.538584 15 0
-0.0928414 0.186144 0.900491 15 0
0.685047 -3.57534 0.77325 15 0
2.0179 -1.24867 0.995798 15 0
12.9421 -11.5824 0.990324 15 1
15 -3.91368 0.998221 15 0
0.232755 -1.77521 0.965183 15 0
1.03989 -2.1279 0.997772 15 0
-2.1101 1.08406 0.996143 15 0
0.223055 0.356172 0.365685 15 0
15 15 0.999982 15 0
0.071966 -0.381733 0.542691 15 0
-0.381118 -0.632347 0.931623 15 0
0.980234 -1.28472 0.438356 15 0
-4.34343 -13.8172 0.995553 15 1
-0.592077 -1.06008 0.788095 15 0
0.400135 1.25692 0.997455 15 0
0.0480536 0.0737114 0.255219 15 0
-8.63743 15 0.987257 15 0
-0.649919 1.34691 0.480819 15 0
1.21765 -2.51921 0.924984 15 0
-1.28102 -0.54842 0.841342 15 0
-1.52502 -0.0925096 0.409568 16 0
-4.22852 2.5348 0.990329 16 1
-0.0485334 -13.9964 0.991161 16 1
-13.4751 -7.09238 0.98416 16 1
14.9334 3.632 0.996655 16 1
-2.20715 0.419424 0.834971 16 0
-8.94044 14.7639 0.986919 16 1
0.4348 -2.37543 0.951584 16 0
13.1746 14.4059 0.9959 16 1
7.93848 -10.5573 0.9872 16 1
-6.87268 -14.7281 0.985321 16 1
-2.69075 -14.9707 0.983421 16 1
13.8356 -14.0045 0.999061 16 1
7.84859 -12.4465 0.983682 16 1
15 15 0.999982 16 0
0.986462 0.576953 0.468124 16 0
-1.58068 -1.92573 0.793976 16 0
-0.274151 -0.309341 0.402913 16 0
14.3094 -14.9986 0.999272 16 1
-4.28971 5.35129 0.928912 16 1
11.0729 -12.3624 0.995199 16 1
14.999 0.017767 0.996578 16 1
-4.72117 13.0173 0.999415 16 1
7.66668 -14.8964 0.985951 16 1
-1.7228 1.03715 0.617422 16 0
15 -14.6531 0.991193 16 1
-2.07641 -14.9464 0.987711 16 1
12.5328 7.85265 0.990807 16 1
-4.52491 -14.2571 0.99922 16 1
0.337946 -0.756884 0.943161 16 0
1.37972 0.8446 0.442133 16 0
0.0722575 -1.94139 0.806169 16 0
-0.617364 1.09268 0.927364 16 0
5.95606 -12.6626 0.991523 16 0
0.360549 -0.118164 0.593961 16 0
9.26048 8.27656 0.989685 16 1
1.50136 -14.5861 0.98174 16 1
1.05785 1.09855 0.414079 16 0
-8.78632 6.73083 0.974004 16 1
0.557677 -0.157693 0.177563 16 0
1.3653 -1.75433 0.770156 16 0
15 -15 0.999982 16 0
5.43597 5.27317 0.999174 16 1
-0.248499 0.0100756 0.993932 16 0
-13.3952 -0.00077343 0.998552 16 1
12.9852 -6.51411 0.990963 16 1
-6.53685 14.3862 0.988715 16 1
-12.671 2.64658 0.990372 16 1
-3.07734 0.0919355 0.743501 16 0
-13.08 0.453392 0.977185 16 1
1.89366 -2.28986 0.91487 16 0
3.47495 -4.92636 0.999813 16 0
-14.7459 14.9935 0.993205 16 1
1.66599 -1.86242 0.777378 16 0
0.506773 -1.28489 0.880616 16 0
-0.295424 2.18499 0.719547 16 0
-1.77186 0.26435 0.966895 16 0
-14.904 5.28005 0.989598 16 1
-9.9498 -4.45668 0.976615 16 1
0.658494 -0.302236 0.887288 16 0
-9.04104 7.66443 0.995195 16 1
11.1921 7.78173 0.979172 16 1
0.885651 -1.33006 0.405694 16 0
-2.07496 -12.8027 0.986899 16 1
1.55785 -0.800733 0.876528 16 0
-1.48062 -0.495982 0.380649 16 0
-13.8031 -13.9345 0.999833 16 1
7.32628 14.0821 0.99537 16 1
-14.0473 -14.9769 0.99432 16 1
-1.3377 0.697755 0.447026 16 0
15 15 0.999982 16 0
0.529318 3.28241 0.945192 16 0
10.7555 -11.4732 0.984275 16 1
3.18779 -14.9999 0.993588 16 1
14.3098 -4.02793 0.998022 16 1
-13.3806 -8.81802 0.99838 16 1
0.0553556 -0.330721 0.822686 16 0
0.60362 0.875905 0.228175 16 0
-0.981688 -0.198727 0.258874 16 0
15 13.4605 0.999993 16 1
-0.21425 -1.9856 0.651329 16 0
-6.62182 14.1543 0.987425 16 1
14.6423 8.3419 0.990283 16 1
-0.372451 -0.667913 0.986665 16 0
14.5565 -14.9751 0.992034 16 1
-8.78959 0.321199 0.968103 16 1
-14.2934 -1.64419 0.999913 16 1
-2.17225 0.217208 0.661155 16 0
0.607084 -0.612739 0.831844 16 0
-4.08084 13.5257 0.980414 16 1
-0.181202 14.9041 0.999808 16 1
12.5698 -12.7943 0.994051 16 1
0.335804 -0.567168 0.574004 16 0
-15 -15 0.999982 16 0
0.101032 -0.396891 0.423752 16 0
-3.15528 -14.2807 0.98247 16 1
-6.72583 14.1791 0.98414 16 1
-0.494313 -0.308375 0.189048 16 0
14.0188 -0.200836 0.98837 16 1
13.6843 7.98479 0.992597 16 1
-14.2576 7.18011 0.999978 16 1
0.132661 0.228901 0.999729 16 0
1.02931 -1.70703 0.66124 16 0
0.332507 0.443928 0.10327 16 0
0.00161773 0.204733 0.888466 16 0
4.32634 0.77624 0.981884 16 1
-1.2596 2.04076 0.974512 16 0
-8.52353 9.62322 0.999383 16 1
14.0115 -7.08064 0.984076 16 1
-15 5.1991 0.995511 16 0
-0.606372 -0.506459 0.999325 16 0
7.87764 -15 0.997451 16 0
0.0873451 -0.664195 0.633127 16 0
0.445277 -0.283015 0.065605 16 0
-4.99121 -5.34785 0.931027 16 0
0.781865 1.36685 0.38301 16 0
2.68946 -2.26908 0.900485 16 0
1.19165 0.08707 0.705005 16 0
0.175618 -1.12732 0.459965 16 0
-1.92627 2.11139 0.994437 16 0
6.74384 -14.6003 0.994031 17 1
13.4452 -14.9774 0.999653 17 1
1.48453 -0.418661 0.390932 17 0
-15 15 0.999982 17 0
-0.840223 -9.73905 0.989666 17 1
0.316252 -2.63289 0.652149 17 1
14.8526 -14.8892 0.993254 17 1
-0.995913 -1.04059 0.668893 17 0
-0.377592 0.559477 0.660314 17 0
-1.82673 -13.029 0.98082 17 1
-1.13116 -7.29213 0.937308 17 1
-13.4109 0.875081 0.994538 17 1
-1.82496 0.598544 0.867919 17 0
14.9886 1.26553 0.992509 17 1
14.9968 10.3357 0.992736 17 1
0.18748 -0.368653 0.401574 17 0
-0.824666 -14.9935 0.995057 17 1
-0.420629 0.23568 0.112168 17 0
-15 -15 0.999982 17 0
4.4994 6.23025 0.982248 17 1
-10.5572 -1.98863 0.999901 17 1
-0.627269 -1.42538 0.381523 17 0
15 4.54177 0.984692 17 1
-10.5748 14.9142 0.988951 17 1
11.1696 -12.5065 0.98606 17 1
-0.517139 0.482493 0.81858 17 0
0.814563 -1.07264 0.965076 17 0
1.01857 -0.376869 0.26894 17 0
14.6446 -1.22502 0.982605 17 1
0.34513 -1.49536 0.399707 17 0
14.8663 9.77117 0.987588 17 1
0.583971 0.125142 0.249704 17 0
14.0553 14.9759 0.994586 17 1
0.0665113 -0.856844 0.844151 17 0
-0.480542 -12.7501 0.996115 17 1
-8.72017 1.32306 0.961815 17 1
-12.5604 -8.47494 0.983507 17 1
-9.17725 12.1075 0.983006 17 1
-14.2571 -7.34209 0.997671 17 1
14.8409 3.7832 0.991637 17 1
1.22248 -0.0131521 0.821101 17 1
-14.4902 11.5623 0.999002 17 1
-13.0779 -14.6481 0.999999 17 1
-8.07445 -8.3521 0.98004 17 1
0.390283 -0.310407 0.079433 17 0
15 13.0058 0.990622 17 1
-12.7566 -14.8015 0.996989 17 1
-0.689905 1.21479 0.829294 17 0
-14.9505 12.8083 0.999042 17 1
-1.39442 -1.37466 0.761273 17 0
14.7695 1.89027 0.999331 17 1
14.9555 -13.1397 0.990051 17 1
-0.032898 -0.495306 0.0828968 17 0
-14.5804 14.9245 0.992812 17 1
-1.10333 -3.04986 0.814977 17 0
-14.7345 2.5029 0.999666 17 1
0.125041 -0.618183 0.417122 17 0
12.8271 -11.7818 0.99405 17 1
2.32965 -0.377302 0.999782 17 0
14.7013 0.301997 0.983051 17 1
10.2254 14.3076 0.999076 17 1
13.1854 -9.19923 0.994489 17 1
-13.8863 14.941 0.990655 17 1
14.9995 13.1677 0.991396 17 1
14.7548 2.27929 0.999967 17 1
-4.47253 9.20638 0.999172 17 0
0.571108 0.504072 0.982526 17 0
-1.40853 -0.484868 0.497614 17 0
5.19665 -2.50971 0.89327 17 1
14.0791 5.34099 0.990844 17 1
-0.452705 -0.673637 0.978921 17 0
14.9249 -3.3849 0.990463 17 1
11.1878 7.37395 0.998272 17 1
0.955841 12.0227 0.973542 17 1
-14.7253 -8.79999 0.992769 17 1
-15 -15 0.999982 17 0
14.994 3.76245 0.999905 17 1
1.76943 14.2739 0.99983 17 1
-14.981 12.0945 0.993929 17 1
0.235327 0.0345782 0.979785 17 0
-3.0589 -5.18652 1 17 1
9.43971 -1.76551 0.990477 17 1
-0.597699 -0.243633 0.49807 17 0
3.5243 13.721 0.981053 17 1
-4.75987 6.72295 0.975266 17 0
0.275612 -1.40139 0.715067 17 0
-0.748715 0.290499 0.990326 17 0
0.206162 2.33581 0.998066 17 0
0.0780967 0.879768 0.743315 17 0
15 -7.60057 0.987814 17 0
6.72192 14.9384 0.994282 17 1
0.30282 1.59614 0.458191 17 0
1.25616 0.881256 0.39999 17 0
-0.869644 -1.27018 0.394091 17 0
0.0149485 -0.992374 0.281003 17 0
1.70331 1.84186 0.755842 17 0
0.206002 -0.0334639 0.902949 17 0
0.185903 -1.63983 0.530602 17 0
11.2626 -9.95402 0.993625 17 1
3.58443 3.30044 0.952644 17 0
-7.53414 -14.346 0.985399 17 1
-0.580219 -1.33428 0.614199 17 0
0.167063 -0.499459 0.0651611 17 0
-7.17822 -14.9672 0.994939 17 1
-1.13936 0.800151 0.845419 17 0
-0.252359 -1.01204 0.214315 17 0
15 15 0.999982 17 0
-14.7199 12.2599 0.999221 17 0
0.150239 0.2947 0.84254 17 0
1.02066 -0.592347 0.637994 17 0
6.67672 -8.14018 0.968974 17 1
0.588292 -0.27953 0.530734 17 0
0.00718904 0.166767 0.711473 17 0
1.77871 1.03399 0.537679 17 0
-0.321137 0.096936 0.822119 17 0
0.221593 0.329141 0.495367 17 0
0.156785 -1.75493 0.904668 17 0
0.127638 -0.225932 0.999812 17 0
-1.14136 1.06411 0.38079 17 0
0.384726 -0.491635 0.382747 17 0
-1.14552 -0.0632529 0.487737 18 0
1.02186 0.545205 0.537035 18 0
-13.3116 -11.6389 0.992866 18 1
0.250963 -0.147124 0.97043 18 0
-6.45472 -3.51476 0.931969 18 1
7.70588 -7.80854 0.968551 18 1
-1.74167 0.571919 0.999994 18 0
-0.136042 -1.23264 0.883532 18 0
-1.25421 10.9939 0.973572 18 1
-12.5736 -12.6957 0.989465 18 1
15 15 0.999982 18 0
12.4808 -6.7589 0.982666 18 1
-0.0249284 0.180639 0.7912 18 0
15 -15 0.999982 18 0
1.00818 -0.387817 0.255782 18 0
-12.2384 -8.68984 0.99565 18 1
-14.9461 14.8997 0.997085 18 1
-0.251687 -0.245729 0.74384 18 0
0.144065 -0.418292 0.255558 18 0
14.9884 -11.0146 0.999935 18 1
9.24684 5.80153 0.97436 18 1
-0.0304415 -0.389784 0.528389 18 0
-7.99319 -14.8251 0.989587 18 1
-2.55661 0.28412 0.650805 18 1
-8.22911 12.943 0.993845 18 1
0.342547 -0.30018 0.199539 18 0
-0.807246 -5.22384 0.885644 18 1
-7.27539 -7.45454 0.968254 18 1
-8.90819 10.5287 0.995222 18 1
11.4649 -0.754983 0.971501 18 1
-0.213829 -0.193268 0.975572 18 0
15 -14.9896 1 18 1
-13.0376 1.84014 0.981912 18 1
0.271929 1.04648 0.257987 18 0
-14.9976 9.70429 0.989207 18 1
13.9827 -6.5794 0.99997 18 1
1.43122 -1.33867 0.756515 18 0
-0.419103 -0.372145 0.117485 18 0
-10.6164 -1.48454 0.999762 18 1
-14.534 14.8848 0.995931 18 1
1.6192 -13.646 0.989288 18 1
-13.9035 12.7588 0.989066 18 1
-13.4622 -14.0256 0.991164 18 1
-3.15782 14.3876 0.984854 18 1
14.9758 -14.4574 0.995282 18 1
-0.0869467 -0.65467 0.581161 18 0
0.127501 -0.940044 0.437315 18 0
13.5535 5.56668 0.981757 18 1
12.7483 -14.9613 0.999837 18 1
-14.2652 7.87526 0.987184 18 1
-10.4563 -2.15381 0.996057 18 1
0.0448197 0.733662 0.921956 18 0
7.11431 -15 0.994768 18 0
-0.248313 -0.907036 0.473693 18 0
-6.1576 7.73797 0.965486 18 1
12.7464 14.773 0.99529 18 1
2.63355 -2.625 0.797684 18 0
0.756792 -0.109066 0.986498 18 0
-0.222959 -0.0763009 0.975926 18 0
-0.21802 -0.32911 0.506772 18 0
3.6587 -4.9057 0.970085 18 0
1.32435 -1.64014 0.529469 18 0
-14.2908 -4.27889 0.999984 18 1
14.8508 -13.6047 0.999883 18 1
1.10051 0.70897 1 18 0
0.178886 0.340511 0.564392 18 0
13.0839 2.22244 0.995213 18 1
-0.0291436 -0.352506 0.733823 18 0
-14.6635 -10.8205 0.992049 18 1
0.197165 -0.941692 0.381814 18 0
15 -15 0.999982 18 0
1.66112 -0.822542 0.99149 18 0
-0.0397824 -0.0842695 0.282931 18 0
6.43413 5.38107 0.946403 18 1
-5.73289 -5.90174 0.978376 18 0
7.93563 11.8527 0.989883 18 1
0.262514 -0.686899 0.922932 18 0
12.4278 14.6448 0.996821 18 1
-0.327295 -0.713647 0.999998 18 0
-0.225589 -1.11213 0.433873 18 0
-0.415544 0.137248 0.277897 18 0
-1.5302 -14.9981 0.989044 18 1
-11.1093 -14.6902 0.991545 18 1
11.5028 -0.400502 0.970784 18 1
-12.8132 -14.6704 0.993187 18 1
7.32375 -0.921233 0.937833 18 1
-0.931489 -0.400787 0.235553 18 0
15 15 0.999982 18 0
6.51722 9.31906 0.987935 18 1
0.269586 -1.11522 0.488085 18 0
8.79755 -14.935 0.988229 18 1
-14.8962 13.8403 0.992795 18 1
-3.44125 8.65708 0.972198 18 1
13.6966 -13.2007 0.997179 18 1
-11.3167 5.43463 0.975384 18 1
1.08244 -1.29082 0.647941 18 0
-0.765581 -0.541362 0.486215 18 0
-0.0937004 14.8647 0.997963 18 1
-6.03544 8.24998 0.999816 18 1
14.9832 8.74448 0.989035 18 1
-15 10.8702 0.998424 18 0
-0.518854 -2.03873 0.526741 18 0
0.402275 0.00449453 0.4642 18 0
-0.11396 -0.61801 0.404878 18 0
-0.898769 0.652812 0.341858 18 0
0.0991034 -1.08729 0.28346 18 0
14.855 7.83924 0.986866 18 1
-13.9326 14.9912 0.991229 18 1
2.73553 -14.013 0.991464 18 1
-1.08763 0.24823 0.358721 18 0
-8.28364 2.80144 0.982705 18 1
-0.330773 -0.50801 0.291299 18 0
10.3784 5.36713 0.991409 18 1
1.41147 -0.979369 0.768116 18 0
0.184807 -0.778865 0.992952 18 0
-15 -15 0.999982 18 0
0.320555 -0.194894 0.617948 18 0
-0.537705 -0.424807 0.71401 18 0
0.347462 0.154371 0.589483 18 0
1.06775 -0.561128 0.754752 18 0
-0.228223 -0.246738 0.819173 19 0
-0.338829 -0.239026 0.395757 19 0
-1.25613 0.75787 0.570857 19 0
3.77809 -5.59586 0.927782 19 0
-0.462477 0.632731 0.999913 19 0
0.0407976 -0.226037 0.963816 19 0
14.9971 -1.17334 0.992412 19 1
0.184646 -0.0947196 0.898736 19 0
-9.87295 -11.0316 0.992409 19 1
0.560297 4.77984 0.899828 19 1
-15 -15 0.999982 19 0
9.17793 2.96546 0.997501 19 1
-1.68646 -5.2828 0.990836 19 1
0.140353 -0.33374 0.68993 19 0
1.23939 -0.0749688 0.888441 19 0
14.9986 14.964 0.999885 19 1
-14.9894 -12.0043 0.997025 19 1
-0.127132 -0.743578 0.970002 19 0
12.8052 6.86417 0.990808 19 1
-7.62811 -10.344 0.999499 19 1
10.4181 14.2726 0.993756 19 1
1.14944 1.36486 0.954704 19 0
1.77613 -12.4809 0.976858 19 1
-14.2499 14.5796 0.990848 19 1
5.04351 -11.9613 0.985375 19 1
-0.762166 0.149156 0.997594 19 0
13.7964 -10.811 0.999923 19 1
-0.906322 1.25165 0.388337 19 0
14.2237 -13.7968 0.992114 19 1
0.592438 -0.0848712 0.255346 19 0
-0.635329 0.112761 0.497025 19 0
0.23291 -0.514936 0.130351 19 0
15 -15 0.999982 19 0
12.3969 -14.6431 0.997984 19 1
14.749 11.4991 0.995475 19 1
2.38636 -0.547137 0.889765 19 0
11.0165 -12.3562 0.998174 19 1
-11.6415 10.0628 0.998046 19 1
-0.53828 -10.6047 0.986038 19 1
-15 15 0.999982 19 0
9.43621 5.81848 0.976861 19 1
-0.199301 -0.673243 0.795634 19 0
-1.32361 0.0501289 0.993957 19 0
9.26633 4.91116 0.965205 19 1
-1.37188 0.211106 0.859279 19 0
0.15139 -0.141542 0.897752 19 0
-0.0230486 -0.688193 0.730744 19 0
-0.390033 -0.464626 0.29335 19 0
4.3878 -8.08695 0.997736 19 1
13.7946 14.9923 0.991204 19 1
10.9866 12.2596 0.999496 19 1
-7.95005 -12.1199 0.994487 19 1
11.008 0.59683 0.969062 19 1
13.9804 -14.3304 0.994623 19 1
-13.4455 5.92664 0.982515 19 1
-14.3987 -4.66289 0.984305 19 1
10.9299 10.7336 0.991999 19 1
-0.166388 -0.568687 0.22917 19 0
8.55852 9.90999 0.977217 19 1
-13.7134 -10.6228 0.98893 19 1
-1.87074 14.996 0.985811 19 1
0.986783 0.963995 0.885798 19 0
0.604359 -8.80822 0.959802 19 1
0.2686 -0.307197 0.43198 19 0
-0.0282377 -0.43606 0.280997 19 0
11.0297 -12.4412 0.99268 19 1
-1.55012 -1.23615 0.690345 19 0
-0.512887 -0.911667 0.21483 19 0
-0.00165367 -0.675787 0.664648 19 0
-6.99057 -11.9749 0.999936 19 1
0.224686 -0.751489 0.999966 19 0
3.95479 13.7974 0.998585 19 1
-12.6356 -9.52742 0.990837 19 1
-0.810628 -14.2913 0.995471 19 1
-11.6087 -2.54567 0.990666 19 1
11.7176 7.28811 0.995993 19 1
-13.2757 4.15898 0.99904 19 1
-0.361669 -1.46484 0.446829 19 0
-14.2652 11.534 0.988402 19 1
-2.93126 -6.62125 0.947595 19 1
-15 -15 0.999982 19 0
-6.50962 13.1888 0.983253 19 0
-0.0625023 -0.467576 0.141511 19 0
9.32993 10.1285 0.992874 19 1
7.09222 -6.02927 0.974037 19 1
13.0325 5.89598 0.994436 19 1
0.43727 -0.246426 0.0750675 19 0
2.63152 7.75852 0.98886 19 1
0.593311 -0.979575 0.478839 19 0
0.286508 -0.242345 0.617359 19 0
0.743939 -0.49307 0.700476 19 0
-15 15 0.999982 19 0
0.283345 -0.153245 0.877757 19 0
0.13209 0.0311046 0.530962 19 0
-2.06196 11.2093 0.983434 19 1
-8.99298 11.921 0.999935 19 1
15 -11.4085 0.988869 19 1
-0.273321 -0.0224885 0.994537 19 0
-13.1792 12.8101 0.989446 19 1
-14.2785 13.2094 0.991689 19 1
4.95039 4.54235 0.939347 19 0
-14.8914 6.22375 0.989028 19 1
-14.1344 -10.7778 0.987837 19 1
-13.9253 -9.30658 0.985961 19 1
-6.46498 -14.7894 0.988945 19 1
0.884591 0.501669 0.231327 19 0
-1.76369 0.113895 0.91829 19 0
-6.52645 -3.06436 0.959756 19 1
0.0990297 -0.811034 0.969447 19 0
-0.108031 -0.0375165 0.403364 19 0
-0.0340291 -0.306624 0.925277 19 0
0.836703 -0.607016 0.215981 19 0
-0.805926 0.571852 0.29282 19 0
-7.76433 -6.86609 0.97702 19 1
-0.547941 0.251868 0.276373 19 0
1.65779 1.47508 0.759069 19 0
-0.185262 -0.571354 0.265156 19 0
-0.00784382 -0.513797 0.0651256 19 0
15 15 0.999982 19 0
-0.638515 0.219875 0.662107 19 0
-0.0168379 -0.219451 0.939419 20 0
0.046495 -0.448871 0.216671 20 0
13.8477 0.071209 0.99945 20 1
15 15 0.999982 20 0
10.9403 14.3563 0.99991 20 1
14.7595 -3.14452 0.987637 20 1
14.9648 0.511152 0.998409 20 1
10.3855 14.9985 0.990819 20 1
-3.16537 -13.878 0.986513 20 1
11.0035 14.6919 0.988636 20 1
-12.9998 2.86177 0.998709 20 1
-12.214 -14.5669 0.996419 20 1
7.05186 14.9077 0.999998 20 1
2.80825 -0.952459 0.924556 20 0
-0.621696 -0.0769105 0.394215 20 0
-0.261567 -0.890979 0.528263 20 0
12.3641 -10.0279 0.998629 20 1
-0.286784 -0.321947 0.309456 20 0
14.1113 5.7376 0.984463 20 1
12.3271 -5.01257 0.99846 20 1
-11.1766 14.396 0.99194 20 1
-0.122819 -1.12818 0.434151 20 0
-1.89957 1.38928 0.999882 20 0
-3.43798 -10.2508 0.993244 20 1
11.2982 -14.9999 0.990682 20 1
12.3701 14.9887 0.990857 20 1
-0.767974 -1.15296 0.867932 20 0
-2.25303 0.800645 0.982247 20 0
-0.5967 -14.9504 0.999022 20 1
-0.568636 0.0220218 0.14204 20 0
7.06432 -8.09545 0.999866 20 1
6.35093 14.395 0.984476 20 1
-0.315783 -0.818671 0.769111 20 0
-0.213203 -0.349126 0.426357 20 0
-0.507601 -0.0296574 0.0684323 20 0
-10.2917 11.3589 0.992893 20 1
13.6815 -4.3891 0.999363 20 1
-14.0785 14.9937 0.996213 20 1
14.9776 -13.5239 0.999842 20 1
-12.0247 13.4454 0.999705 20 1
-8.91554 -3.35064 0.971137 20 1
-9.46206 9.14753 0.981269 20 1
-10.5728 13.0901 0.988475 20 1
14.4286 2.75165 0.982302 20 1
-13.0706 -14.6583 0.999993 20 1
-0.114668 -0.219523 0.992936 20 0
-3.25187 12.0065 0.986858 20 1
0.0340319 -0.429853 0.309243 20 0
-3.34452 5.04348 0.996787 20 0
7.58004 -1.69175 0.953417 20 1
0.304011 0.808706 0.826213 20 0
0.772796 0.379224 0.838668 20 0
-0.188163 0.0667649 0.868611 20 0
-7.94178 -8.00665 0.999564 20 0
-0.0253221 -0.573384 0.157854 20 0
15 -15 0.999982 20 0
-7.05987 -14.993 0.997031 20 1
-14.499 11.8107 0.995558 20 1
0.166659 0.177504 0.988144 20 0
-0.531 -0.179586 0.117655 20 0
-10.5357 -14.4107 0.988642 20 1
2.33535 -2.0605 0.715719 20 0
-0.103362 -0.383922 0.490781 20 0
8.76122 -3.11725 0.97647 20 1
-13.91 -5.83224 0.988344 20 1
-0.248583 0.179839 0.930443 20 0
-12.9262 -0.785497 0.989612 20 1
15 15 0.999982 20 0
-0.214643 -0.0582657 0.945849 20 0
-13.9 -1.84396 0.98819 20 1
14.3653 13.3181 0.999238 20 1
10.3349 -15 0.992589 20 0
-10.7486 10.4937 0.994535 20 1
-0.221459 -0.102459 0.98882 20 0
9.79345 -9.52926 0.980925 20 1
2.63406 14.9909 0.983817 20 1
15 0.0743971 0.996478 20 1
10.9617 13.8848 0.992277 20 1
-4.801 -13.241 0.982145 20 1
-0.528606 -0.65128 0.915632 20 0
-10.7911 10.3775 0.998541 20 1
0.278688 0.17246 0.855376 20 0
-0.140712 0.488815 0.0682762 20 0
-13.6664 -6.10218 0.99879 20 1
-14.451 14.0417 0.999971 20 1
12.8315 -14.2121 0.999498 20 1
9.10181 -11.2525 0.996558 20 1
-1.70903 -14.9468 0.99228 20 1
-0.463867 -0.251053 0.0655259 20 0
0.0619038 -0.0359634 0.174501 20 0
0.0193101 -0.184616 0.806908 20 0
0.0490319 -0.227926 0.971115 20 0
-14.5737 -3.99745 0.985837 20 1
-13.6849 -8.44004 0.994401 20 1
-0.0315231 -0.489054 0.0943091 20 0
14.9999 3.92453 0.998054 20 1
-0.845119 -0.76188 0.446812 20 0
5.65958 5.46373 0.939633 20 1
-1.55129 1.37898 0.524642 20 0
-11.1441 -9.69813 0.989015 20 1
-0.186729 -0.61895 0.503941 20 0
0.018638 0.00885971 0.0153579 20 0
6.13259 -14.46 0.984046 20 1
0.642041 -0.688807 0.468205 20 0
-0.341247 -1.58093 0.441319 20 0
-0.710477 -0.170551 0.90821 20 0
0.0276543 -0.436094 0.281014 20 0
3.52241 10.237 0.990879 20 1
12.5869 13.8769 0.993271 20 1
-15 -15 0.999982 20 0
-15 15 0.999982 20 0
9.46176 -15 0.989392 20 0
0.645313 -0.989564 0.643945 20 0
0.0481478 -0.980646 0.31193 20 0
-0.0580901 -0.184301 0.841591 20 0
-0.776428 0.51053 0.525178 20 0
0.724126 1.46709 0.488174 20 0
0.261299 -0.399178 0.125608 20 0
0.0999434 0.166052 0.844078 20 0
0.109257 -0.546365 0.109195 20 0
-0.66283 -0.197121 0.745341 21 0
-6.26541 1.49295 0.969898 21 1
14.5436 4.71946 0.989098 21 1
8.33137 13.8812 0.985907 21 1
0.383373 -0.911579 0.290781 21 0
14.7978 -11.4848 0.993486 21 1
-14.9981 -6.50605 0.991392 21 1
2.5512 -10.8471 0.987476 21 1
1.38199 1.16331 0.986533 21 0
0.421707 -0.321398 0.0671421 21 0
-14.9028 14.911 0.995896 21 1
-12.0945 -14.9586 0.995033 21 1
-1.15705 -0.122481 0.561408 21 0
0.261441 -0.509532 0.153674 21 0
0.469984 -0.282196 0.089994 21 0
3.61145 -0.979392 0.821627 21 0
-4.52544 8.69482 0.983704 21 1
1.98357 9.84279 0.972392 21 1
13.9528 14.3151 0.992882 21 1
14.4542 14.9955 0.994641 21 1
-1.26715 0.0572509 0.958604 21 0
-15 -15 0.999982 21 0
0.861313 0.28484 0.630553 21 0
9.02407 -13.9459 0.993994 21 1
0.341864 -1.18161 0.849109 21 0
-10.0054 2.80154 0.972193 21 1
-13.5735 -5.09135 0.994255 21 1
-0.0409742 -0.524596 0.0649654 21 0
0.129679 -0.651187 0.600735 21 0
13.1467 -8.00686 0.998368 21 1
-11.1255 2.05937 0.99658 21 1
-0.0140713 -0.526041 0.0649798 21 0
-14.7093 14.0158 0.99361 21 1
0.232563 0.113155 0.999644 21 0
3.54387 -7.88514 0.999944 21 1
-8.03525 11.1797 0.992513 21 1
-0.694006 -0.673413 0.363022 21 0
3.62081 14.3363 0.990459 21 1
-12.5121 4.52924 0.998421 21 1
-12.1719 14.4275 0.989179 21 1
0.226761 -0.537031 0.190302 21 0
-11.194 8.25318 0.999253 21 0
0.620112 -1.04303 0.78494 21 0
13.1454 -8.79577 0.99006 21 1
0.0368907 -0.568173 0.142996 21 0
13.386 -10.0327 0.986268 21 1
-5.17319 14.3471 0.985676 21 1
-15 15 0.999982 21 0
2.99658 -12.9247 0.99479 21 1
-14.8742 -10.4215 0.996342 21 1
14.8265 -12.2493 0.995307 21 1
0.131396 -0.481288 0.0791018 21 0
13.5398 12.8978 0.995619 21 1
0.395626 -11.6522 0.987229 21 1
-10.7577 14.9975 0.994188 21 1
-14.9633 -4.36016 0.991073 21 1
14.8449 1.38056 0.999882 21 1
1.81666 -1.09942 0.544039 21 0
1.02207 -0.797184 0.995858 21 0
-11.4943 8.40467 0.987052 21 1
3.37345 3.29594 0.847664 21 1
-2.66186 -13.3695 0.979182 21 1
15 1.55955 0.988569 21 1
12.6628 0.248047 0.983268 21 1
-11.3016 -10.3309 0.99127 21 1
8.21993 -12.1096 0.982075 21 1
0.0758483 0.0149349 0.201338 21 0
14.2952 -12.1492 0.99168 21 1
14.9745 10.3018 0.99538 21 1
14.9748 -9.93745 0.996633 21 1
-14.4745 -0.985664 0.993088 21 1
-9.447 -14.6363 0.994327 21 1
6.34793 -12.7588 0.988352 21 1
0.315847 -0.738733 0.98997 21 0
-15 13.5769 0.99824 21 0
0.738378 -0.457149 0.807854 21 0
8.71754 7.65272 0.977402 21 0
-12.7568 0.707658 0.997769 21 1
-10.1557 2.95342 0.977349 21 1
14.96 -4.87825 0.984526 21 1
1.09714 0.471888 0.702718 21 0
11.426 -12.0273 0.995742 21 1
0.507742 -0.668515 0.913598 21 0
-7.95016 9.92819 0.991052 21 1
-6.58781 12.2953 0.996323 21 1
0.0241407 -0.419406 0.366491 21 0
0.0167049 -0.458237 0.187497 21 0
9.87512 -4.17967 0.999866 21 1
6.15927 14.9931 0.985278 21 1
0.316095 0.452021 0.096629 21 0
13.7159 -4.95352 0.985276 21 1
14.8861 8.94312 0.990173 21 1
0.579094 -0.577288 0.968243 21 0
0.325562 -0.778209 0.90073 21 0
0.366447 -0.0937236 0.600591 21 0
0.198263 -1.21037 0.836035 21 0
-0.290837 -0.513008 0.217329 21 0
-0.0973341 -0.283191 0.950927 21 0
0.991827 -0.437153 0.263895 21 0
0.91826 -0.850392 0.917943 21 0
5.88783 -8.44155 0.991902 21 0
0.633349 -1.48476 0.434603 21 0
7.61307 14.2564 0.987411 21 1
0.58139 -1.03013 0.650792 21 0
-0.261708 0.024186 0.999963 21 0
-15 -15 0.999982 21 0
10.426 -14.2445 0.995098 21 1
15 15 0.999982 21 0
13.2426 -4.77593 0.982646 21 1
-0.489246 -0.672419 0.936221 21 0
-0.146517 -0.920164 0.513398 21 0
0.190565 -0.610723 0.46663 21 0
1.77693 0.98353 0.575615 21 0
0.0504743 -0.90683 0.625534 21 0
0.429404 -1.19373 0.958938 21 0
15 -15 0.999982 21 0
2.09214 -2.57712 0.937923 21 0
0.0585488 -0.51623 0.0637702 21 0
0.155123 -0.561401 0.188375 21 0
0.0332641 0.156013 0.670463 21 0
-0.0174078 -0.238458 0.981813 22 0
-0.0936204 -0.378114 0.536579 22 0
-0.531437 -8.05254 0.995754 22 1
-14.4287 14.6855 0.997302 22 1
0.847208 -14.7612 0.990348 22 1
-13.343 -14.1629 0.992041 22 1
15 15 0.999982 22 0
-7.64635 -13.8784 0.992773 22 1
-6.05381 13.8699 0.984386 22 1
-3.94793 5.79512 0.991685 22 0
-0.28271 -0.646685 0.812045 22 0
9.98476 -10.8901 0.989173 22 1
-0.0618317 -0.246668 0.998009 22 0
5.92325 14.7425 0.996531 22 1
3.16654 -0.955951 0.921018 22 1
-0.0492448 -0.145391 0.636117 22 0
-0.363447 -0.0428894 0.668736 22 0
0.0277123 -0.936475 0.489707 22 0
15 -13.7593 0.991843 22 0
-12.5443 -11.2621 0.990771 22 1
-12.0727 -11.0413 0.992449 22 1
12.2217 -7.25159 0.98416 22 1
15 9.8985 0.996603 22 1
14.9772 8.74597 0.988778 22 1
14.3885 -13.4072 0.999632 22 1
14.7342 13.901 0.997024 22 1
-13.3982 14.9067 0.995971 22 1
-9.61662 13.7543 0.986377 22 1
14.6259 14.9888 0.990963 22 1
-1.61014 14.5996 0.982282 22 1
-13.4463 -7.64073 0.999778 22 1
14.0555 8.21015 0.986237 22 1
-13.8802 -9.62829 0.993639 22 1
2.32875 -0.776334 0.876019 22 0
-14.0224 10.6798 0.996925 22 1
-14.6764 8.48642 0.998096 22 1
-0.605422 -0.603292 0.862068 22 0
0.37222 -0.778356 0.830955 22 0
0.673233 0.614352 0.610239 22 0
-14.955 8.02757 0.999084 22 1
-0.121389 -0.329566 0.746588 22 0
-14.9952 6.61741 0.995084 22 1
0.90553 -5.17471 0.874775 22 1
-0.0597134 0.175044 0.80371 22 0
0.100562 -0.578167 0.205626 22 0
0.0121076 -0.548547 0.0908992 22 0
-0.017931 -0.205389 0.893799 22 0
-14.5426 -3.49696 0.999254 22 1
0.063641 -0.597198 0.26488 22 0
11.9018 5.17478 0.985773 22 1
-0.400992 -1.30357 0.928686 22 0
-14.8746 -14.1033 0.992458 22 1
-1.63682 1.39214 0.583508 22 0
-14.5133 -6.5222 0.998176 22 1
13.2506 5.12909 0.983936 22 1
12.5594 9.87492 0.999974 22 1
-3.55438 -9.94913 0.975105 22 1
-0.394094 -0.606037 0.881371 22 0
0.15405 -0.678947 0.768028 22 0
0.0863346 -0.391246 0.473449 22 0
-3.36168 2.65857 0.875319 22 0
4.27238 8.75728 0.995407 22 1
-9.09106 14.3923 0.999982 22 1
0.163083 -0.465205 0.0887702 22 0
14.9228 -14.9624 0.998374 22 1
-0.060068 0.0662334 0.262719 22 0
15 -15 0.999982 22 0
-0.725341 -0.221447 0.977245 22 0
0.830233 0.809125 0.542029 22 0
0.959637 -6.42583 0.993047 22 1
-14.7219 3.7136 0.982945 22 1
14.0813 13.5378 0.996606 22 1
-0.975146 -1.07345 0.631722 22 0
11.2824 2.12079 0.97214 22 1
0.104983 -0.53901 0.0917689 22 0
13.9324 -7.61552 0.995716 22 1
-15 15 0.999982 22 0
-0.103981 -0.130717 0.712063 22 0
15 -15 0.999982 22 0
-0.389883 -0.462704 0.285853 22 0
14.8994 11.7789 0.995338 22 1
14.1903 12.8515 0.999569 22 1
-13.6457 -1.26217 0.984702 22 1
-0.0104853 -0.572159 0.15224 22 0
-14.0524 -13.0294 0.998984 22 1
0.00733238 -0.536761 0.0730499 22 0
-0.228971 -0.457622 0.0662084 22 0
-15 -15 0.999982 22 0
-4.65558 13.7843 0.988583 22 1
0.259308 -0.4981 0.120325 22 0
-0.176897 -0.0795953 0.844814 22 0
0.10536 -0.0491432 0.414574 22 0
15 15 0.999982 22 0
-13.3263 -12.8311 0.997047 22 0
14.8925 -14.0182 0.990872 22 1
13.5531 -1.8569 0.982202 22 1
4.35667 14.6277 0.986579 22 1
-5.48098 -2.38706 0.993401 22 1
-14.6945 0.705146 0.983476 22 1
-4.11673 -2.41077 0.868065 22 1
-9.84081 11.7273 0.990995 22 1
1.81011 -0.803761 0.696282 22 0
-14.3739 5.57357 0.999486 22 1
4.25522 9.83278 0.99953 22 1
0.464796 -14.6848 0.982443 22 1
0.100962 -0.574383 0.191245 22 0
10.6293 -8.98714 0.998621 22 1
0.0194551 -0.771922 0.994527 22 0
0.644974 -0.173153 0.62172 22 0
-3.99726 1.36329 0.824585 22 0
0.273986 0.0274252 0.993522 22 0
-0.572842 -0.558053 0.993639 22 0
-0.121169 -0.366942 0.554221 22 0
0.52606 -0.419679 0.649521 22 0
-0.385484 0.183719 0.330346 22 0
5.44453 11.189 0.986225 22 1
0.158765 -0.0514419 0.711306 22 0
0.0933415 -0.748262 0.969412 22 0
-0.0837259 -0.530276 0.0730876 22 0
-0.413683 0.10132 0.336077 22 0
-15 15 0.999982 23 0
5.90021 -1.76149 0.949277 23 0
-1.32044 -6.44912 0.9957 23 1
10.9163 6.75759 0.999907 23 1
1.23921 -1.99779 0.999579 23 1
-0.434379 -0.560338 0.825998 23 0
6.32427 9.46314 0.986171 23 1
-0.997287 -0.231837 0.223067 23 0
-0.307916 -0.49957 0.205601 23 0
-0.407006 -0.317918 0.0642344 23 0
-0.853133 -0.440401 0.38976 23 0
-14.9459 0.0898151 0.999648 23 1
-14.4523 8.50247 0.986055 23 1
0.0236454 -1.13379 0.430804 23 0
9.2907 8.64033 0.986457 23 1
-3.52839 -10.2888 0.981238 23 1
-13.7665 -11.9461 0.991821 23 1
14.2995 4.43474 0.998538 23 1
14.7582 14.9189 0.99154 23 1
-15 -15 0.999982 23 0
-1.30305 -12.2968 0.996729 23 1
10.9812 -7.63728 0.999545 23 1
-10.5577 -12.3847 0.986068 23 1
12.9696 -2.42242 0.985197 23 1
7.13609 8.78914 0.995757 23 1
-0.218276 -0.544111 0.203277 23 0
5.35464 -11.9984 0.97926 23 1
-12.5528 13.2557 0.990104 23 1
6.8811 2.65115 0.9361 23 1
0.933703 -13.2408 0.995476 23 1
0.420885 0.155018 0.228351 23 0
-0.284003 -0.0906709 0.954258 23 0
4.46701 -14.757 0.999542 23 1
-10.6534 9.47663 0.989232 23 1
-0.00546747 -0.542209 0.0800727 23 0
-0.00015682 0.097875 0.308654 23 0
1.02266 1.00229 0.701001 23 0
0.0116118 -0.101886 0.334885 23 0
-3.90879 13.3462 0.999285 23 1
-15 -15 0.999982 23 0
11.0908 10.9644 0.990122 23 1
-0.0352462 -1.15373 0.519138 23 0
-0.584221 -0.189301 0.330272 23 0
15 11.4437 0.989007 23 1
3.99229 -12.5924 0.987351 23 1
-0.0618045 -0.326099 0.837731 23 0
-4.4139 -14.9983 0.986842 23 1
14.7959 2.08113 0.999774 23 1
-12.4737 -11.4782 0.997971 23 1
1.53461 0.934016 0.974445 23 0
-0.0645521 -0.152298 0.703243 23 0
-0.00787039 -0.532121 0.0685952 23 0
-0.71451 0.0227495 0.850479 23 0
-13.898 -9.29899 0.986447 23 1
4.09196 7.57215 0.998099 23 1
0.124865 -0.394984 0.397953 23 0
6.31575 -4.05361 0.983346 23 1
-0.380832 -0.681943 0.999416 23 0
-7.12172 6.15691 0.956991 23 1
-1.94758 -13.5741 0.985755 23 1
-1.10335 -14.3033 0.998123 23 1
5.79101 -8.44537 0.998827 23 0
-0.6314 -0.178552 0.557593 23 0
-14.9275 -10.3069 0.997675 23 1
-5.16688 -10.2784 0.970905 23 1
0.46295 -0.577385 0.936515 23 0
0.239446 0.39493 0.175092 23 0
-4.89362 10.0481 0.993237 23 1
-15 13.0971 0.99011 23 0
-0.0589287 0.128391 0.564227 23 0
-14.7537 14.5447 0.999589 23 1
-0.192441 -0.436035 0.126972 23 0
-13.8928 7.37342 0.984322 23 1
10.0725 12.0429 0.984069 23 1
-0.464586 -0.570154 0.923284 23 0
3.89363 14.9185 0.999539 23 1
-10.382 0.855638 0.968151 23 1
-0.0670041 -0.806976 0.981784 23 0
13.2964 -4.74703 0.980577 23 1
12.4177 -14.9232 0.990115 23 1
-0.244286 -0.450794 0.0656551 23 0
-10.2282 -14.6256 0.988476 23 1
-0.209044 -0.403826 0.202495 23 0
-0.288932 -0.13782 0.885411 23 0
-0.301275 -0.476791 0.127042 23 0
0.91864 0.779376 0.748301 23 0
-11.5743 -7.38663 0.987884 23 1
-5.28082 -14.6963 0.988276 23 1
0.0734403 -0.800061 0.989966 23 0
-0.0702093 -0.572906 0.169089 23 0
0.682302 -0.843789 0.266768 23 0
-5.50418 -12.6633 0.996805 23 1
-10.0157 1.81382 0.998685 23 1
-0.782849 0.360974 0.833794 23 0
0.255115 -0.728433 0.994231 23 0
-0.552736 -0.877729 0.21476 23 0
0.944674 0.216407 0.355166 23 0
3.32215 -14.7773 0.98375 23 1
-0.150746 -0.0286795 0.635798 23 0
-11.8654 -14.5442 0.991132 23 1
15 -15 0.999982 23 0
15 15 0.999982 23 0
-0.227253 -0.396137 0.194669 23 0
-0.194154 -0.100217 0.93477 23 0
-9.80936 -0.169242 0.981643 23 1
13.6729 14.0021 0.998532 23 1
0.0232817 -0.539197 0.0765483 23 0
1.66446 -8.10744 0.962742 23 1
15 15 0.999982 23 0
2.48972 -1.84655 0.724206 23 0
3.13793 -6.14338 0.94362 23 1
-10.8689 4.2465 0.988938 23 1
-0.239971 -0.424896 0.0986452 23 0
0.378687 -0.964467 0.215066 23 0
10.03 14.3901 1 23 1
-13.3295 -14.0844 0.989607 23 1
-15 15 0.999982 23 0
-0.464101 0.197352 0.0723089 23 0
0.83105 0.641604 0.216247 23 0
-11.5232 -4.69757 0.986135 23 1
-0.346595 -0.170058 0.556283 24 0
15 15 0.999982 24 0
-0.363829 -0.435359 0.136864 24 0
-6.03698 -14.9689 0.988966 24 1
6.41989 -6.49947 0.998772 24 1
-0.536258 0.0864229 0.0814855 24 0
-0.101957 -0.442785 0.203919 24 0
-0.186447 -0.373501 0.380642 24 0
-0.349388 -0.357859 0.0773839 24 0
-7.7718 -4.85091 0.999996 24 1
11.3617 3.27911 0.998069 24 1
-7.88241 2.663 0.951618 24 0
3.48256 9.59308 0.999973 24 1
-0.171267 -0.261831 0.911179 24 0
14.7511 5.14912 0.987634 24 1
8.4284 -5.65953 0.995666 24 1
-11.8122 -14.4971 0.995594 24 1
-0.159269 -0.504079 0.0661584 24 0
-5.80789 -11.9835 0.999039 24 1
-6.75692 14.8454 0.988288 24 1
-7.84134 -11.6975 0.982276 24 1
-0.694607 -0.578641 0.645638 24 0
0.10367 -0.342288 0.713353 24 0
-7.41047 -7.15296 0.990522 24 1
-0.176564 -0.106761 0.894394 24 0
0.16498 0.0134094 0.703847 24 0
1.13747 10.1648 0.999568 24 1
-8.03257 14.3981 0.99998 24 1
14.967 -10.9617 0.999475 24 1
9.99369 9.2106 0.979198 24 1
14.6317 -4.81143 0.998885 24 1
-0.384614 -0.43406 0.179036 24 0
-0.309179 -0.608433 0.69973 24 0
-4.08707 5.95046 0.95614 24 0
0.402824 -0.678905 0.999497 24 0
12.511 11.3879 0.995663 24 1
-4.23479 3.39652 0.980565 24 0
-0.465708 0.023831 0.15925 24 0
6.505 10.1902 0.975401 24 1
14.9157 -11.4317 0.990059 24 1
-10.207 -14.704 0.991403 24 1
-1.39292 -1.15016 0.986509 24 0
7.89082 1.88313 0.999977 24 1
-0.390451 -0.457966 0.270596 24 0
14.1009 14.8665 0.992124 24 1
9.74878 14.5172 0.9987 24 1
-10.0364 14.6738 0.987771 24 1
-0.128978 -1.26516 0.964967 24 0
15 -15 0.999982 24 0
14.9974 -12.0467 0.99502 24 1
-0.252397 -0.45496 0.0637548 24 0
0.0601065 0.47293 0.126627 24 0
-10.5533 1.87963 0.99975 24 1
-10.6509 11.7672 0.995182 24 1
-14.9979 -6.47132 0.990183 24 1
-14.7889 -14.1423 0.991131 24 1
-14.2248 -8.4117 0.999461 24 1
-2.55954 14.4534 0.981973 24 1
-0.10675 -0.00989725 0.36159 24 0
13.1426 2.99524 0.989629 24 1
9.49738 14.0507 0.998432 24 1
7.06485 9.0867 0.97078 24 1
-0.0489966 -0.314804 0.891066 24 0
15 -15 0.999982 24 0
3.97902 -14.5969 0.984622 24 1
-13.9509 -14.8906 0.990566 24 1
4.42168 12.5108 0.994979 24 1
14.9087 -3.70715 0.996154 24 1
-2.92346 7.32869 0.942445 24 1
-8.29432 11.1608 0.99935 24 1
-0.123679 0.0720019 0.575183 24 0
14.9855 5.57033 0.999829 24 1
-0.683121 -1.28068 0.627126 24 0
-0.0528381 -0.515423 0.063903 24 0
-8.52819 3.11598 0.989355 24 1
-0.180033 -0.400533 0.270743 24 0
-11.0094 -12.1997 0.998162 24 1
-0.164242 -0.338033 0.614197 24 0
-0.53077 0.00800562 0.067567 24 0
0.0721283 -7.09413 0.998234 24 1
15 -5.93989 0.989546 24 1
11.7846 -11.6358 0.997755 24 1
-0.142966 -0.481171 0.0750254 24 0
5.08236 -11.4483 0.976586 24 1
-2.32761 -11.3521 0.975763 24 1
-1.82253 4.97699 0.892959 24 1
-5.24171 14.0671 0.995447 24 1
6.3766 -8.15699 0.979315 24 1
9.04779 -8.11001 0.983191 24 1
-0.334138 0.0604624 0.80331 24 0
-14.8409 14.594 0.995355 24 1
15 15 0.999982 24 0
11.5382 -11.2151 0.993309 24 1
12.3717 12.3341 0.997794 24 1
-0.269203 -0.326611 0.349862 24 0
-15 15 0.999982 24 0
-0.283 -0.372277 0.154796 24 0
-13.7721 7.9769 0.998409 24 1
-1.40874 -0.323519 0.649836 24 0
-0.206353 -0.124142 0.98446 24 0
-0.126388 -0.4558 0.137613 24 0
5.71345 -13.9376 0.990324 24 1
-0.950624 -0.268908 0.293593 24 0
-0.790692 -0.231534 0.955194 24 0
-15 -15 0.999982 24 0
11.0958 -15 0.998106 24 0
-0.0311579 -0.531978 0.0691859 24 0
0.374859 0.512558 0.440522 24 0
-14.9372 14.0827 0.994062 24 1
0.659724 -1.54355 0.626484 24 0
-13.3533 6.28755 0.987595 24 1
0.238201 0.476669 0.069171 24 0
0.776184 0.501691 0.548946 24 0
-0.455508 0.0629257 0.18258 24 0
-0.361187 -0.390112 0.0681707 24 0
-0.434647 -0.382715 0.176043 24 0
-0.3094 -0.493732 0.189244 24 0
-15 -15 0.999982 24 0
-0.0466367 -0.969438 0.350023 24 0
-0.570461 0.10153 0.17713 24 0
-0.361119 -0.221301 0.348405 25 0
11.1635 -14.2879 0.998118 25 1
-5.16658 2.08245 0.979624 25 1
-0.241983 -0.442107 0.0726564 25 0
-0.177586 -0.417823 0.205435 25 0
-0.196726 0.0379416 0.871406 25 0
12.0281 0.583888 0.973157 25 1
9.39298 -14.6739 0.994514 25 1
-0.0775204 -0.513084 0.0638127 25 0
0.858874 -0.464969 0.328755 25 0
-0.103033 -0.494205 0.0717674 25 0
-4.51959 -7.97651 0.999959 25 1
-15 -15 0.999982 25 0
-11.6569 -7.90827 0.982023 25 1
10.6674 3.67103 0.999372 25 1
6.24604 -9.09748 0.969968 25 0
-1.30154 -14.9671 0.994348 25 1
-0.285719 -0.0461491 0.973341 25 0
-0.491146 -0.788337 0.527153 25 0
7.27494 -10.4797 0.995922 25 1
11.7248 -3.66752 0.999648 25 0
-6.81896 6.37918 0.967066 25 1
-0.2544 -0.399496 0.135726 25 0
-0.217959 -0.350639 0.405539 25 0
-15 15 0.999982 25 0
-13.0108 -13.9362 0.9992 25 1
11.6023 -13.4996 0.987535 25 1
-14.9719 14.6762 0.991131 25 1
-0.486197 0.244285 0.0829539 25 0
-0.281434 -0.329978 0.296895 25 0
-6.19129 -14.9646 0.985696 25 1
6.83282 -1.30217 0.97005 25 1
14.2061 -3.49767 0.982261 25 1
-2.27409 9.25293 0.972089 25 1
14.9972 14.8909 0.998461 25 1
-13.9011 5.40893 0.999976 25 1
7.38598 13.6627 0.996096 25 1
-13.9229 0.598546 0.997463 25 1
3.25154 -11.016 0.971734 25 1
1.79889 3.72123 0.830593 25 1
14.3809 -0.0789146 0.999784 25 1
-0.10501 -0.598492 0.298186 25 0
-8.7212 -10.9801 0.988139 25 1
-0.418962 -0.362631 0.10205 25 0
0.241004 -0.300558 0.560922 25 0
15 -15 0.999982 25 0
-0.1398 -0.546918 0.128465 25 0
2.08519 -3.89212 0.992565 25 1
-0.124624 -0.249192 0.990044 25 0
-14.6437 -2.65114 0.998959 25 1
-14.9993 10.2025 0.997664 25 1
-8.49537 3.05771 0.97572 25 1
10.2629 -7.59456 0.996949 25 1
-13.9927 9.61342 0.999221 25 0
-0.290344 -0.491162 0.146759 25 0
-0.850372 -1.16252 0.66901 25 0
0.764526 -11.5365 0.972806 25 1
13.9665 -6.82509 0.994919 25 1
14.9996 -14.2691 0.999862 25 1
-11.055 -14.7515 0.992618 25 1
-13.2388 -4.81585 0.981943 25 1
-1.44563 12.3692 0.984747 25 1
7.51538 7.33512 0.966099 25 1
-0.206105 -0.579112 0.333151 25 0
15 10.2678 0.995258 25 1
0.122435 0.297484 0.879439 25 0
-11.2292 -14.7114 0.997512 25 1
10.5823 -4.20316 0.985365 25 1
-13.7678 14.9553 0.993086 25 1
-14.9974 -14.5815 0.991167 25 1
-5.06391 14.9876 0.990366 25 1
0.109775 -0.411297 0.337188 25 0
7.36025 8.96928 0.977796 25 1
-0.15448 -0.383611 0.401789 25 0
3.52478 -2.69465 0.998847 25 0
13.3739 14.5361 0.995737 25 1
-0.70981 -0.562498 0.637866 25 0
-0.118537 -0.571374 0.192599 25 0
-9.19825 0.00931835 0.998008 25 1
0.267918 0.285246 0.526303 25 0
0.411849 -0.634155 0.973342 25 0
-0.146565 -0.396695 0.351696 25 0
0.0190695 -0.0330746 0.0519069 25 0
0.0192125 -0.869994 0.800444 25 0
-0.273766 -0.454407 0.0673358 25 0
-15 -15 0.999982 25 0
-14.8573 -13.2832 0.990407 25 1
10.8628 14.8935 0.992614 25 1
-0.790074 0.521239 0.446555 25 0
9.86688 -12.0624 0.991237 25 1
-0.255135 0.0688897 0.999784 25 0
-14.7497 14.7474 0.993126 25 1
-0.258403 -0.469491 0.0720659 25 0
6.23748 -13.3463 0.985004 25 1
-8.33967 -13.0247 0.999772 25 1
-0.674457 -0.376076 0.994572 25 0
0.231692 -0.0166659 0.969391 25 0
-0.181676 -0.500722 0.0689927 25 0
-0.211921 -0.546375 0.202374 25 0
13.6624 13.2585 0.99802 25 1
1.32574 0.989583 0.543367 25 0
-13.721 14.8176 0.999549 25 1
12.9216 11.9701 0.997686 25 0
-0.217182 -0.462365 0.0667396 25 0
14.726 2.90866 0.995576 25 1
0.0150888 0.515786 0.0643553 25 0
-13.0876 12.7278 0.99011 25 1
1.87707 1.13063 0.682579 25 0
-6.91701 -14.8456 0.994013 25 1
-0.219526 -0.390774 0.229695 25 0
-11.6324 -12.6058 0.992894 25 1
-7.19459 -12.6989 0.984268 25 1
-0.0899152 -0.470178 0.121185 25 0
13.1444 13.4857 0.988972 25 1
-0.416773 0.036529 0.37571 25 0
-15 14.8991 0.998763 25 0
-0.422418 -0.283798 0.0680945 25 0
0.829309 0.722816 0.307061 25 0
-0.616379 -0.301826 0.719322 25 0
15 15 0.999982 25 0
-0.457878 -0.166766 0.100106 26 0
-0.302721 -0.462444 0.0990213 26 0
8.40036 -13.6588 0.997758 26 1
14.7913 -2.82837 0.990724 26 1
-14.4586 9.53822 0.987685 26 1
-2.70011 -9.12111 0.968321 26 1
-8.82487 -7.94832 0.991873 26 1
-4.64181 9.87782 0.974674 26 1
14.407 13.3071 0.99981 26 1
-10.238 0.994259 0.99293 26 1
-12.3889 -4.56355 0.986355 26 1
6.11168 4.45055 0.997654 26 1
2.2331 -14.8421 0.995699 26 1
15 15 0.999982 26 0
-14.3457 -6.19073 0.987596 26 1
-0.314105 -0.420571 0.064505 26 0
-0.247256 -0.485685 0.0843882 26 0
9.5255 -2.26278 0.986326 26 1
14.5406 -12.3963 0.999994 26 1
-8.99462 -14.7982 0.987529 26 1
-0.304875 9.65662 0.999072 26 1
-12.3623 12.8123 0.987539 26 1
-2.38641 -0.205815 0.977831 26 0
12.1032 -14.9582 0.994705 26 1
15 -15 0.999982 26 0
8.08688 10.0345 0.99714 26 1
10.2835 -0.0710096 0.993346 26 1
13.1395 -14.9999 0.990727 26 1
-0.893208 -6.7883 0.92583 26 1
13.2737 -12.856 0.995721 26 1
-0.962568 -0.279787 0.257119 26 0
14.9999 5.79081 0.994353 26 1
-0.0448059 -0.402201 0.450794 26 0
5.2585 -14.8599 0.985815 26 1
-1.00064 -3.20108 0.977479 26 1
14.8097 9.00583 0.988202 26 1
-13.5182 14.9998 0.999604 26 1
0.272035 0.0893518 0.978919 26 0
1.55174 6.39818 0.995532 26 1
14.101 14.7013 0.991276 26 1
-5.61 -6.34299 0.961225 26 1
13.284 14.8796 0.990911 26 1
3.92365 -5.30426 0.991846 26 1
-12.4718 14.7919 0.989666 26 1
13.671 12.0459 0.992233 26 1
-13.248 -7.62236 0.988523 26 1
-0.513882 -0.163926 0.076153 26 0
0.574739 0.660685 0.7769 26 0
-14.4033 -14.3969 0.991468 26 1
-0.192306 -0.443768 0.108509 26 0
-0.225745 -0.118709 0.998389 26 0
13.3638 7.36844 0.986405 26 1
-0.410291 -0.366701 0.0939967 26 0
1.72826 -14.998 0.987048 26 1
13.9302 8.99415 0.996349 26 1
11.41 -5.29371 0.975466 26 1
-0.287893 -0.383992 0.11789 26 0
-0.411438 -0.213837 0.168438 26 0
14.9782 -8.77707 0.989803 26 1
-7.09646 -11.2929 0.99984 26 1
-5.69549 4.56035 0.933003 26 0
-10.7858 8.64496 0.998027 26 1
-0.109482 -0.487347 0.0782655 26 0
1.0181 14.9433 0.998134 26 1
-15 5.58382 0.9993 26 0
0.176129 0.340154 0.573423 26 0
14.9981 -14.5877 0.991097 26 1
-3.63895 10.2105 0.988421 26 1
15 -10.9444 0.999844 26 1
12.335 1.39024 0.99071 26 1
-11.0624 -4.91667 0.977057 26 1
-1.18301 -1.69063 0.532133 26 0
-0.250814 -0.45113 0.0643113 26 0
-0.443764 -0.562344 0.856387 26 0
-13.5716 -6.59627 0.987735 26 1
-0.0132209 -0.418252 0.375232 26 0
13.526 0.409121 0.983323 26 1
-14.9169 -12.4508 0.990701 26 1
-1.93686 -1.52501 0.853148 26 0
13.1389 10.6326 0.994419 26 1
-0.112395 -0.493516 0.0704521 26 0
-0.361649 -0.353253 0.071041 26 0
-0.235645 -0.443309 0.0749196 26 0
-0.278987 -0.470278 0.0874719 26 0
0.443638 -0.571559 0.883643 26 0
15 -15 0.999982 26 0
0.212539 0.352382 0.41291 26 0
-0.343176 -0.431567 0.0962204 26 0
7.01859 -10.287 0.984764 26 1
-0.652286 -0.128155 0.605025 26 0
-0.148915 0.0276797 0.624302 26 0
0.146427 -0.623912 0.472701 26 0
8.90777 -14.9873 0.995424 26 1
-2.31166 14.5614 0.986052 26 1
14.7553 -4.37602 0.998216 26 1
1.32983 -2.41148 0.837596 26 0
0.664499 0.992037 0.701411 26 1
-0.172153 -0.490923 0.0637547 26 0
-5.0614 7.36425 0.954334 26 0
-0.452435 -0.277342 0.0674565 26 0
-14.7452 -9.99028 0.98758 26 1
-15 -15 0.999982 26 0
-0.105546 -0.490988 0.0747285 26 0
15 15 0.999982 26 0
-15 -15 0.999982 26 0
15 -15 0.999982 26 0
-0.229042 -0.52073 0.141465 26 0
0.802703 0.569319 0.304894 26 0
-0.0289943 -0.5085 0.0677735 26 0
-0.0645748 -0.249814 0.999496 26 0
-0.272497 -0.0962012 0.974178 26 0
-0.320527 -0.442286 0.0864474 26 0
-0.179982 -0.033329 0.794558 26 0
-0.287552 -0.486513 0.130287 26 0
-15 15 0.999982 26 0
-0.02122 -0.837664 0.918242 26 0
-0.599977 -0.347345 0.753891 26 0
-0.416192 0.0982748 0.327218 26 0
-0.250223 -0.453 0.0640023 26 0
-0.0800667 -0.719681 0.88578 26 0
-0.294771 -0.376669 0.122273 27 0
-0.254081 -0.435082 0.0728324 27 0
5.01966 -7.31215 0.95336 27 1
2.24209 -13.227 0.996953 27 1
-15 -15 0.999982 27 0
-11.9776 -10.528 0.999708 27 1
1.67192 -0.597513 0.936854 27 0
14.7098 -3.11585 0.993102 27 1
3.52031 13.9005 0.997657 27 1
-3.03449 -13.7607 0.981709 27 1
14.5991 -6.88131 0.98903 27 1
4.03229 -12.1752 0.999994 27 1
13.6241 -14.9711 0.997757 27 1
-0.321509 -0.296865 0.27799 27 0
-0.728092 -0.512041 0.711642 27 0
7.82515 -0.522058 0.939224 27 1
-5.86142 5.95317 0.946836 27 1
-0.227578 -0.460416 0.0652434 27 0
4.79198 11.5254 0.980862 27 1
-0.0531948 -0.509879 0.0656973 27 0
14.1656 -14.4181 0.99902 27 1
-1.30111 -1.91869 0.978259 27 0
7.96685 -11.5363 0.988402 27 0
-8.19554 3.60201 0.956773 27 1
-0.0123633 -0.558846 0.113637 27 0
-3.22037 6.47659 0.950564 27 1
11.6842 10.6698 0.99064 27 1
15 -1.33193 0.990756 27 1
3.65251 12.7753 0.99684 27 1
15 -8.31401 0.993119 27 0
14.803 -14.4459 0.999999 27 1
-14.3469 8.82885 0.989827 27 1
-3.16768 -2.56484 0.882212 27 1
14.9074 -6.64146 0.988988 27 1
0.426543 0.367853 0.124954 27 0
-14.4835 -10.5155 0.991319 27 1
0.412264 0.340801 0.0710283 27 0
13.4155 13.2157 0.988974 27 1
-5.9329 14.9112 0.99686 27 1
-0.021331 -0.518413 0.0638177 27 0
-0.118257 -0.536022 0.0913367 27 0
-0.136337 -0.556989 0.156138 27 0
5.75055 -4.4204 0.943443 27 0
-14.9953 1.91204 0.985478 27 1
-12.0746 -8.90447 0.996253 27 1
-10.0798 14.9488 0.999488 27 1
-15 15 0.999982 27 0
0.262742 -0.0635064 0.997443 27 0
13.1877 -10.0756 0.995209 27 1
12.0249 -7.96083 0.999664 27 1
-4.02344 11.0651 0.99995 27 1
-0.149781 -0.494472 0.0641837 27 0
-4.9203 -12.0823 0.978619 27 1
13.0563 6.88068 0.98748 27 1
7.79562 -14.942 0.990401 27 1
-15 15 0.999982 27 0
-0.356919 -13.5963 0.978954 27 1
-14.7723 -13.9886 0.992273 27 1
12.7995 -8.81757 0.995114 27 1
-14.9475 4.12054 0.998038 27 1
-13.4149 14.8685 0.994952 27 1
14.9075 14.3558 0.999936 27 1
0.11281 -0.744107 0.966533 27 0
6.60307 -0.637653 0.978501 27 1
-12.2607 14.5149 0.995805 27 1
10.1067 -12.8104 0.988777 27 1
0.0762479 -0.435124 0.258549 27 0
0.809085 0.620331 0.227942 27 0
2.55834 14.8551 0.989259 27 1
-12.9059 14.4873 0.989802 27 1
-0.351506 -0.576213 0.660262 27 0
-0.318919 -0.420995 0.0658883 27 0
0.22347 0.395051 0.205923 27 0
14.9892 1.69956 0.988147 27 1
0.132658 -0.415933 0.282903 27 0
-0.112631 -0.00772156 0.394739 27 0
-15 15 0.999982 27 0
14.859 -14.6379 0.993103 27 1
2.30208 1.4811 0.802016 27 0
-5.05116 9.29469 0.977777 27 1
-0.0643068 -0.477762 0.11238 27 0
-11.3921 -4.91707 0.991442 27 1
1.73606 -13.8018 0.999109 27 1
13.3393 -14.41 0.999999 27 1
13.7191 13.57 0.991462 27 1
-13.9614 -14.6509 0.997972 27 1
15 15 0.999982 27 0
-1.23368 1.19488 0.766366 27 0
14.3342 14.4757 0.991236 27 1
0.0189733 -0.922694 0.555203 27 0
-0.284458 -0.0773861 0.962134 27 0
-0.13397 0.487089 0.0714123 27 0
-0.299418 -0.77856 0.929169 27 0
-0.0761748 -0.527054 0.0688828 27 0
-8.22616 14.998 0.996514 27 1
15 -15 0.999982 27 0
-0.186711 -0.465725 0.0752767 27 0
-0.151763 -0.471806 0.0841703 27 0
-0.140809 -0.409211 0.301492 27 0
14.6229 -4.62837 0.993885 27 1
0.0821767 -0.66691 0.644138 27 0
-0.5596 -0.331828 0.526626 27 0
-15 -15 0.999982 27 0
-0.0640303 -0.0588858 0.249989 27 0
2.75373 1.72094 0.821478 27 0
-14.9936 9.48868 0.988942 27 1
-11.5918 -4.03985 0.999227 27 1
8.82372e-05 -0.523368 0.0640916 27 0
-0.0838536 -0.507906 0.0647559 27 0
7.76439 -9.88081 0.975296 27 1
15 15 0.999982 27 0
-0.049825 -0.21833 0.949917 27 0
4.90234 -14.6861 0.999224 27 1
0.481665 -0.589423 0.981712 27 0
-0.253724 -0.349705 0.304993 27 0
-0.0710627 -0.302916 0.9169 27 0
-0.41672 0.109275 0.311187 27 0
-0.604534 -0.304538 0.670576 27 0
-0.224525 -0.473971 0.0643657 27 0
-0.118634 -0.510429 0.0642489 27 0
-0.459858 -0.132724 0.121374 28 0
-0.242866 -0.446962 0.0682611 28 0
-0.249307 -0.358163 0.283809 28 0
-7.65546 11.1017 0.9889 28 0
-15 12.9911 0.990933 28 0
1.03089 1.34929 0.696683 28 0
3.46782 2.7895 1 28 1
-0.305867 -0.425853 0.0643241 28 0
-0.239351 -0.479439 0.0720229 28 0
-7.34112 5.64237 0.986779 28 1
5.70816 -14.9351 0.999801 28 1
-0.257165 -0.494702 0.11009 28 0
-0.24012 -0.0583652 0.99237 28 0
0.256507 0.0848482 0.997521 28 0
10.8523 -14.6803 0.990105 28 1
-0.02707 -0.430943 0.306285 28 0
9.21646 -14.9859 0.998768 28 1
0.176019 0.348843 0.529731 28 0
-0.215039 -0.438618 0.097546 28 0
-6.3703 5.0309 0.999995 28 1
11.7916 14.0561 0.988444 28 1
15 15 0.999982 28 0
-0.136731 -0.494614 0.0654404 28 0
14.0909 -3.09883 0.999448 28 1
-0.119929 -0.504366 0.063863 28 0
-0.28521 -0.0630393 0.968006 28 0
-14.2378 12.4059 0.989386 28 1
-14.8742 -1.80113 0.997805 28 1
14.6874 10.6825 0.996364 28 1
12.5516 6.74044 0.987915 28 1
-11.1283 7.35488 0.999875 28 1
0.477587 -0.622396 0.999976 28 0
0.0171575 -0.89491 0.688381 28 0
-0.0422721 -0.197714 0.878654 28 0
10.8094 13.6701 0.994874 28 1
-11.4724 14.8956 0.989719 28 1
-0.0622502 -0.516985 0.0637633 28 0
-0.102755 -0.524608 0.0707227 28 0
0.0964254 -0.41184 0.351314 28 0
0.0761232 0.382015 0.536615 28 0
-0.266922 -0.0418596 0.997516 28 0
-3.20012 -2.33048 0.992694 28 0
13.3046 -2.49652 0.982861 28 1
9.19409 14.5676 0.987972 28 1
-0.221312 -0.434421 0.0995768 28 0
-14.1356 8.42115 0.999198 28 1
-0.0788707 -0.222369 0.97645 28 0
6.99149 -14.5719 0.987375 28 1
14.8749 -14.7906 0.991336 28 1
11.4704 -13.5885 0.987684 28 1
-0.670167 -0.0444582 0.642446 28 0
13.6999 5.01536 0.984759 28 1
15 -15 0.999982 28 0
0.0236645 -0.421607 0.355023 28 0
-4.08171 10.6964 0.975368 28 1
13.6835 -12.6427 0.999284 28 1
-14.9664 6.95055 0.999965 28 1
-14.0922 4.66124 0.996245 28 1
-14.9927 -5.58448 0.999531 28 1
-10.4594 0.931341 0.966029 28 1
-0.860367 -0.743151 0.442743 28 0
-14.9871 0.435474 0.997025 28 1
-0.147929 -0.499029 0.0637573 28 0
12.3454 -14.483 0.997634 28 1
-13.3279 13.1136 0.995761 28 1
-14.7243 14.8587 0.991151 28 1
10.2227 14.205 0.999288 28 1
15 -11.9227 0.999066 28 1
-0.153565 0.00412546 0.636785 28 0
14.7105 5.5659 0.984323 28 1
-3.16695 -0.106147 0.722605 28 0
-14.9153 4.02578 0.999995 28 1
14.6231 14.9678 0.99106 28 1
-4.15038 -13.8808 0.995151 28 1
-0.914152 -0.3423 0.330512 28 0
-0.166283 -0.514042 0.0773002 28 0
-0.110844 -0.531861 0.0816565 28 0
-15 15 0.999982 28 0
14.2132 1.48195 0.992925 28 1
-8.87685 7.04722 0.99404 28 0
2.57188 -9.13489 0.963667 28 1
-3.1638 -10.1403 0.986858 28 1
7.30701 -14.9893 0.98882 28 1
15 -15 0.999982 28 0
-13.7823 -11.6725 0.999996 28 1
-14.9937 14.4297 0.995629 28 1
-2.53429 3.26651 0.829896 28 1
-0.171354 -0.497322 0.064894 28 0
-0.444912 -0.372371 0.179898 28 0
1.88637 -3.21673 0.807823 28 0
14.9995 -12.0151 0.996156 28 1
-0.165746 -0.502011 0.066172 28 0
3.71757 -4.89637 0.954755 28 1
-0.183196 -0.489865 0.0640173 28 0
-15 -15 0.999982 28 0
-14.9213 12.8289 0.999331 28 1
-1.3192 9.82001 0.963079 28 1
11.1379 -0.3797 0.987717 28 1
7.26906 7.41447 0.973426 28 1
3.6421 6.27488 0.942776 28 1
-0.274535 -0.457346 0.069647 28 0
1.29795 -10.9435 0.968803 28 1
-0.0131802 -0.554952 0.104319 28 0
-2.35411 -2.62927 0.885957 28 0
3.43169 -3.00802 0.93678 28 1
13.801 3.25372 0.981715 28 1
-0.0253952 -0.50711 0.0690232 28 0
8.32245 -14.9596 0.995566 28 1
-7.38768 14.6039 0.992969 28 1
-0.56593 -0.217464 0.291626 28 0
-7.44928 6.24539 0.998298 28 1
-13.347 4.21852 0.991013 28 1
12.4115 -15 0.992651 28 0
-15 -15 0.999982 28 0
0.814463 0.636693 0.215941 28 0
15 15 0.999982 28 0
-12.827 13.4665 0.999959 28 1
-0.637799 -0.319818 0.844873 28 0
-0.417029 0.0824673 0.340238 28 0
-0.18384 -0.489984 0.064085 28 0
-0.316625 -0.35786 0.123581 29 0
-0.153695 -0.49804 0.0637886 29 0
-11.533 -14.7352 0.994809 29 1
-15 15 0.999982 29 0
-14.9166 -14.3934 0.999302 29 1
-15 -15 0.999982 29 0
6.95959 -11.3537 0.999054 29 1
-6.86172 12.1937 0.991719 29 1
-2.29325 -7.11061 0.97056 29 1
-0.101299 -0.0849064 0.509798 29 0
0.268635 -0.0416719 0.996435 29 0
-1.7886 -14.4069 0.992064 29 1
-11.3301 -9.98191 0.986815 29 1
-0.108537 -0.525979 0.0733305 29 0
0.279428 -0.884246 0.534077 29 0
-1.89143 -2.76734 0.975787 29 0
-14.62 14.4855 0.99695 29 1
-14.212 13.5545 0.999993 29 1
13.7959 -6.68607 0.99317 29 1
3.21048 14.8599 0.983194 29 1
4.20193 11.5054 0.997188 29 1
-0.096071 -0.528153 0.0730595 29 0
14.8524 0.488654 0.99764 29 1
-11.2434 3.69151 0.997295 29 1
-0.143631 -0.476474 0.0809436 29 0
14.212 10.7579 0.987785 29 1
12.2403 5.12964 0.995258 29 1
-0.315999 -0.298647 0.291519 29 0
5.44803 14.7959 0.986075 29 1
-5.39932 11.19 0.989022 29 1
14.957 -11.8311 0.999362 29 1
14.5985 -4.86983 0.998144 29 1
-14.6313 7.92998 0.991366 29 1
-0.21697 -0.491112 0.0731549 29 0
-0.260838 -0.421307 0.0843315 29 0
3.65601 -14.974 0.999386 29 1
-8.91824 -1.68675 0.988577 29 1
4.98411 -4.6459 0.920809 29 1
13.3835 -14.9995 0.998927 29 1
0.0417281 -0.408398 0.418369 29 0
14.9748 14.995 0.999939 29 1
13.3497 -9.11241 0.987313 29 1
-12.3208 -2.07454 0.979413 29 1
4.10235 2.69804 0.979952 29 0
11.6768 11.2349 0.985399 29 1
14.9298 11.8393 0.998773 29 1
14.7833 -14.9396 0.992665 29 1
-0.020684 -0.412862 0.402705 29 0
-4.62569 -8.01508 0.987936 29 1
-0.17635 0.0215098 0.767887 29 0
10.4023 -8.06418 0.981397 29 0
-0.124216 -0.498167 0.0653209 29 0
14.6678 1.24482 0.984108 29 1
14.0788 -12.5711 0.989143 29 1
-10.4441 -9.9769 0.998684 29 1
5.64223 14.6017 0.98557 29 1
0.992209 0.778696 0.942957 29 0
12.9098 9.82489 0.985067 29 1
15 -14.9732 0.999958 29 1
2.66588 -0.707289 0.84671 29 0
8.82592 14.8294 0.986968 29 1
11.7937 -15 0.999648 29 0
12.5735 -14.9938 0.99842 29 1
-0.216498 -0.472528 0.0637616 29 0
15 14.42 0.99575 29 0
-14.3966 -2.0835 0.98888 29 1
-0.450062 0.26624 0.0640015 29 0
15 -15 0.999982 29 0
14.563 -14.5819 0.998296 29 1
0.181055 -0.727321 0.959984 29 0
-9.9863 -2.51261 0.990894 29 1
-8.31843 14.4233 0.99071 29 1
9.41361 0.865654 0.958402 29 1
-0.0682833 -0.517202 0.0638284 29 0
-0.18157 -0.495257 0.0655477 29 0
1.70243 -14.9009 0.996671 29 1
-15 -15 0.999982 29 0
11.3162 3.87547 0.978778 29 1
-0.0807935 -0.235391 0.994086 29 0
-0.774761 -0.461517 0.656382 29 0
-10.4821 13.8375 0.989742 29 1
-0.151086 -0.494924 0.06401 29 0
3.55755 -3.24542 0.902352 29 1
-5.76305 13.7367 0.999575 29 1
-0.169012 -0.496358 0.0643324 29 0
-0.343027 -0.387532 0.0639972 29 0
0.179639 0.348556 0.52183 29 0
0.46008 -0.622974 0.996252 29 0
-0.194245 -0.475048 0.0654108 29 0
11.0618 -0.749021 0.977082 29 1
-0.12631 -0.349032 0.640061 29 0
12.4559 3.24782 0.998384 29 1
-14.9993 4.02719 0.996163 29 1
-0.279688 -0.0776665 0.971696 29 0
4.43909 3.13085 0.982396 29 0
0.444506 0.543986 0.797347 29 0
-0.222469 -0.495846 0.0819323 29 0
5.98873 6.22546 0.999998 29 1
1.79882 -6.69988 0.961387 29 1
-0.262648 -0.795336 0.919284 29 0
-2.01325 2.30512 0.766158 29 0
0.000674665 -0.872359 0.791291 29 0
-0.0392649 -0.499859 0.0757284 29 0
-0.633443 -0.337274 0.861453 29 0
-0.416822 0.075764 0.34779 29 0
-0.192178 -0.480363 0.0640276 29 0
-15 9.22329 0.997983 29 0
-14.4316 -4.11465 0.995913 29 1
-0.164167 -0.54742 0.149797 29 0
-0.1322 -0.504053 0.0637813 29 0
12.224 -6.87585 0.987806 29 1
-14.8572 -12.875 0.999777 29 1
15 -15 0.999982 29 0
-9.28408 14.9659 0.997819 29 1
-11.4129 -10.0495 0.983304 29 1
-0.124137 -0.431542 0.226128 29 0
-15 15 0.999982 29 0
-0.0978902 -0.522102 0.0678362 29 0
0.765989 0.585548 0.373867 29 0
15 15 0.999982 29 0
