7.38056 22.1404 21.0278 1 0
-19.6691 -12.6931 21.3302 1 1
-0.0608482 -4.89381 10.3529 1 1
0.507277 -2.4071 8.19494 1 1
-26.2025 5.12987 20.6282 1 1
-3.9719 -29.7954 20.5503 1 1
-22.9689 6.79793 20.1483 1 1
12.1975 16.0215 19.6287 1 1
7.94198 17.1771 19.3516 1 1
-3.15976 -17.0174 18.8383 1 1
-12.4246 -15.5125 21.1258 1 1
4.30078 -9.81552 17.2803 1 1
-14.7476 -2.42036 19.6621 1 1
-3.04837 20.0326 18.9503 1 1
-16.4538 -16.203 21.2386 1 1
5.86272 18.637 20.4569 1 1
-18.5657 -0.283077 20.7002 1 1
-20.7863 -11.3201 21.1097 1 1
22.1699 23.0964 20.5826 1 1
23.2197 -20.7584 21.3453 1 1
-14.7648 -1.52633 19.6275 1 1
-5.06955 -3.79112 12.7607 1 1
27.3159 11.3662 21.8278 1 1
-23.118 14.4226 21.3647 1 1
-21.211 -12.6762 21.2083 1 1
21.9611 13.9436 19.617 1 1
-2.32416 10.6773 17.8128 1 1
-4.7186 0.266815 11.6074 1 1
-3.42171 8.69081 16.8437 1 1
-19.9482 8.45868 20.7939 1 1
3.70897 8.7184 16.6832 1 1
9.99433 -23.7345 20.6242 1 1
9.4471 11.0863 19.2122 1 1
18.3235 -27.2303 21.6742 1 1
2.59241 14.8712 19.4233 1 1
-5.51733 -21.644 21.4221 1 1
30 6.67594 21.1418 1 0
-17.6802 -26.0068 21.1514 1 1
-0.335268 6.88778 14.0424 1 1
-25.8184 8.78659 20.9155 1 1
-3.92063 30 19.8834 1 0
7.65498 -10.1675 18.4446 1 1
-3.18075 12.509 18.7456 1 1
-1.27274 -15.1174 19.0298 1 1
3.00418 28.2843 20.8786 1 1
17.6671 -2.16071 20.0872 1 1
-18.712 -28.1744 21.4341 1 1
6.16803 28.3967 21.531 1 1
30 19.867 20.2895 1 0
-4.72455 -22.3601 21.2575 1 1
5.44125 18.6684 20.9488 1 1
-4.42841 16.4067 20.4896 1 1
-27.4517 18.8097 21.7922 1 1
-1.17832 -0.220814 4.47541 1 1
28.3999 2.57261 21.9377 1 1
3.74752 -18.1886 20.0739 1 1
-7.4302 10.8828 18.6949 1 1
-24.7591 0.232952 21.0297 1 1
19.7749 25.4042 21.7916 1 1
-23.3286 17.5982 21.8727 1 1
5.66292 4.9818 14.5681 1 0
4.55426 28.1851 21.6045 1 1
1.46166 -25.3901 21.7515 1 1
-22.982 -11.5971 21.1025 1 1
-7.44498 -5.5577 16.9514 1 1
30 30 19.9504 1 0
30 30 19.9504 1 0
8.82346 9.48698 18.7581 1 0
2.06003 30 19.8094 1 0
3.41878 15.3637 20.093 1 0
15.8902 9.44151 20.3311 1 0
-18.9377 30 19.9685 1 0
23.4575 12.2496 21.6262 1 0
30 13.7176 21.0399 1 0
6.62622 9.1305 17.6716 1 0
15.9542 7.40569 19.9891 1 0
3.54237 -20.7571 21.0691 1 0
7.01613 15.0028 18.085 1 0
30 20.8544 20.3675 1 0
13.3379 9.14796 19.6501 1 0
8.49363 30 21.4746 1 0
7.39223 10.9974 18.5315 1 0
-7.02916 30 19.7665 1 0
-3.35197 30 21.2156 1 0
30 30 19.9504 1 0
-13.1676 30 20.4121 1 0
-8.82523 3.58268 16.7044 1 0
30 23.6218 21.4783 1 0
30 -7.63654 21.2784 1 0
8.68786 30 21.1138 1 0
30 -7.43382 21.422 1 0
30 30 19.9504 1 0
13.1312 13.1281 19.2848 1 0
7.1075 6.3277 16.3431 1 0
7.77158 19.9012 20.1368 1 0
30 27.424 21.5971 1 0
-9.11779 30 20.096 1 0
-13.9244 30 19.9602 1 0
30 5.66449 21.1752 1 0
17.8729 -1.65886 20.0575 1 0
0.465641 30 21.4194 1 0
30 30 19.9504 1 0
30 7.9941 19.7531 1 0
17.4292 30 21.5205 1 0
4.17632 18.6598 20.4239 1 0
5.16412 -4.83292 13.7043 1 0
30 3.96572 19.7542 1 0
-9.83113 30 20.3838 1 0
30 -17.8745 20.2295 1 0
29.8279 -21.0604 20.591 1 0
30 -1.19417 20.474 1 0
8.88463 10.5972 18.9237 1 0
30 30 19.9504 1 0
30 -7.1916 20.4908 1 0
-20.5356 -2.415 21.2448 1 0
18.0575 30 19.9449 1 0
-10.7084 -9.39904 19.4645 1 0
9.66989 -4.28173 17.5244 1 0
30 30 19.9504 1 0
30 -13.5808 21.4633 1 0
17.3857 30 21.4384 2 0
-6.65743 22.9197 20.8571 2 1
-12.0847 16.4529 20.6497 2 0
10.6688 20.3434 21.3478 2 0
-29.2195 -24.9647 20.8395 2 1
10.8676 -29.9964 20.19 2 1
30 30 19.9504 2 0
-29.3344 -10.6938 21.8232 2 1
-29.3805 -3.24633 21.7106 2 1
6.28152 -9.35349 17.984 2 1
4.27634 10.2911 17.7718 2 0
-28.9483 29.1843 20.6955 2 1
-26.3195 -22.1044 21.3603 2 1
-25.795 -10.3299 21.4213 2 1
-28.7669 -23.577 21.9371 2 1
0.561873 -1.25443 5.63059 2 0
-20.0815 -12.8874 19.7721 2 1
25.7774 10.039 20.5488 2 0
30 2.20899 20.5614 2 0
24.6571 24.5424 22.1036 2 0
24.8612 -1.14441 20.2493 2 0
7.77134 30 20.7058 2 0
-2.6264 30 21.2742 2 0
-28.2866 -29.0418 21.2077 2 1
-3.93012 13.025 17.2215 2 1
-2.30005 30 21.022 2 0
-29.8576 12.9772 20.2754 2 1
-29.9998 -28.4034 21.5668 2 1
19.744 -21.3873 21.7208 2 1
7.44325 12.0222 18.9838 2 0
-11.9515 -12.4975 20.0074 2 1
-26.3048 -27.9408 21.2846 2 1
28.888 13.5901 21.5394 2 0
0.517392 -1.87143 6.66116 2 0
20.2398 -6.41304 21.0516 2 1
13.0404 -2.86136 17.452 2 0
-15.4667 -29.8447 21.7344 2 1
-8.27341 30 20.9408 2 0
-29.9828 -29.6137 21.5398 2 1
1.84946 7.91904 14.3125 2 0
30 2.41809 21.3679 2 0
-29.0829 -24.9326 20.1955 2 1
5.94379 -1.27251 12.7621 2 1
-5.18408 30 20.4322 2 0
2.67378 30 21.1263 2 0
-4.20848 -19.259 20.3813 2 1
30 30 19.9504 2 0
-11.5301 26.1052 21.4567 2 0
6.27415 16.5291 20.51 2 0
-19.7086 -13.9576 20.6368 2 1
23.9183 2.11814 19.8134 2 0
2.15278 -17.0385 18.7907 2 1
2.48519 26.3097 21.7358 2 0
-1.19519 -21.4571 21.0296 2 1
5.15426 17.992 19.1142 2 0
30 6.09629 19.9673 2 0
30 -2.36567 21.252 2 0
-3.47118 -25.23 21.5218 2 1
5.17139 -26.9192 20.3418 2 1
-8.6998 -0.878868 15.681 2 0
8.13978 25.3424 21.2087 2 0
-0.869303 16.8246 19.1096 2 0
-28.5157 -29.9953 21.6587 2 1
2.76699 5.56301 13.7467 2 1
-29.9925 -26.8372 20.5126 2 1
-28.6926 -12.0547 21.1308 2 1
-29.552 -15.2564 21.9266 2 1
15.7713 -28.2456 21.4284 2 1
11.4652 21.1496 21.2279 2 0
-27.7086 -6.84416 21.203 2 1
30 15.2736 21.0156 2 0
-24.0501 -21.8063 20.6024 2 1
-28.6173 22.9602 21.4859 2 1
-29.6399 -22.3997 22.1284 2 1
-3.07693 30 19.8703 2 0
-7.61666 19.4327 21.2362 2 1
-27.4637 23.7582 21.9702 2 1
30 -1.97964 19.7263 2 0
-29.892 -14.7643 20.9956 2 1
15.0803 3.56884 19.4996 2 0
-7.021 -29.9947 19.7561 2 1
30 -15.5682 21.5041 2 0
-29.9074 -29.9967 20.1647 2 1
-7.48945 -1.95989 15.041 2 0
5.21156 -21.0338 19.9473 2 1
-29.0637 -7.94488 19.8997 2 1
-29.3983 23.3333 22.0978 2 1
30 2.08011 19.879 2 0
-29.3255 -19.5684 22.0765 2 1
30 1.53446 21.4207 2 0
17.9463 30 19.933 2 0
23.7703 -29.5588 21.9561 2 1
30 30 19.9504 2 0
-1.90784 -3.77791 10.0678 2 0
-5.22385 14.2408 19.2603 2 0
1.06645 9.45662 16.5361 2 0
-0.00632286 -19.2876 19.945 2 1
22.1167 17.4431 21.4381 2 0
30 -9.42683 21.4308 2 0
-15.5006 -29.6095 22.129 2 1
13.161 8.69945 19.4547 2 0
5.62938 -16.1326 19.9409 2 1
9.98056 30 19.7815 2 0
-27.9706 1.23087 20.601 2 1
30 0.209799 20.5628 2 0
-23.3409 7.55516 21.6188 2 1
-9.19167 -29.6888 21.48 2 1
3.15472 10.2761 17.1234 2 0
22.4688 10.0628 21.1316 2 0
-28.5119 3.33173 21.8981 2 1
-9.16073 15.0901 19.0814 2 1
7.23913 6.75687 16.7312 2 0
30 0.172964 20.3503 2 0
14.4392 -24.853 21.5249 2 1
6.17886 10.4526 18.3573 2 0
-28.0262 -6.7661 20.6568 2 1
-26.0934 -23.1082 20.3365 2 1
10.5712 27.4757 22.0185 2 0
7.09607 2.40288 14.7839 2 0
17.9116 2.30236 19.8615 2 0
0.409823 1.39236 5.98556 3 0
18.6609 -15.248 21.2847 3 1
-8.20682 -15.9239 19.3483 3 1
-10.1916 0.841181 16.44 3 0
-29.9978 -16.632 21.3857 3 1
23.5314 5.08701 21.1152 3 0
-2.32915 10.6043 17.881 3 0
6.24137 -18.5784 20.8058 3 0
-1.91257 5.05592 10.9571 3 0
0.872158 8.1062 14.3087 3 0
29.8369 12.5906 21.6623 3 0
-2.0722 18.312 19.9455 3 1
9.6351 9.15891 18.7244 3 0
-29.8457 -26.583 21.788 3 1
28.0036 -21.966 19.9008 3 0
10.3841 -0.797836 17.3346 3 0
3.57798 20.4647 21.2639 3 1
0.107033 3.01567 7.23374 3 0
-6.75283 11.7115 18.8672 3 0
-14.8995 -5.93944 18.2669 3 1
-26.044 -1.60041 21.1386 3 0
10.995 10.084 17.7546 3 0
-19.5019 12.4825 21.5926 3 1
25.102 29.7877 20.9582 3 1
-22.0791 5.91331 19.5491 3 1
1.10267 26.0906 19.9485 3 1
-17.5077 -29.9573 21.5876 3 1
20.8861 -25.6832 21.3433 3 1
-24.7288 -13.5394 21.7709 3 1
-15.7317 -21.7398 21.3543 3 1
-29.9326 -5.39573 21.3862 3 1
27.6396 -18.346 21.9878 3 0
-29.879 -15.4178 21.616 3 1
0.274915 -13.5041 19.196 3 0
19.62 -7.22294 20.9227 3 0
-11.618 -26.1065 21.3429 3 1
29.9493 -26.5459 21.6531 3 1
11.5206 -29.2541 21.8826 3 1
21.6706 -16.2874 21.585 3 0
-19.5197 8.43855 21.3468 3 0
22.505 -2.76574 21.271 3 0
-29.0327 29.9889 19.9771 3 1
29.956 -28.6118 21.5566 3 1
5.61518 4.62603 15.0863 3 0
-20.9717 22.9223 19.9274 3 1
13.8548 -16.5511 20.9287 3 0
10.2277 4.31094 17.6662 3 1
11.4296 7.44168 19.4128 3 0
-26.0475 29.9868 19.9914 3 1
0.981228 4.85781 10.5476 3 0
10.828 9.59111 19.3012 3 0
25.2758 -9.53136 21.715 3 0
-13.3016 10.4631 20.3678 3 0
-24.1103 25.4023 21.6008 3 1
-11.8105 9.37793 19.5082 3 0
-26.8983 -29.9674 20.2134 3 1
-14.1198 23.5298 21.4243 3 0
10.4741 -5.50898 18.5965 3 0
-16.2914 -30 21.1086 3 0
23.5172 -3.11498 21.1348 3 0
-17.743 24.4235 21.8105 3 1
13.259 0.980228 18.0704 3 0
24.2526 29.1493 21.2915 3 1
-11.4239 19.1076 20.9123 3 1
-25.0243 20.6824 21.1814 3 1
10.3245 19.3334 21.1955 3 1
-18.3083 -15.0854 20.7352 3 1
8.51162 8.96108 18.2488 3 0
-28.7262 -29.2184 21.633 3 1
-30 -30 19.9504 3 0
-16.0953 29.737 21.0998 3 1
-22.3076 18.757 21.5375 3 0
-23.2167 5.74363 20.9514 3 1
-24.1855 26.6463 21.6957 3 1
12.2942 26.0289 20.9512 3 1
-21.9206 21.6058 21.4143 3 1
0.110625 22.8659 19.8824 3 0
9.82738 7.47045 18.4553 3 0
-18.5594 -14.3439 21.5179 3 0
-19.0971 30 20.1034 3 0
-26.8106 17.2483 21.287 3 1
-1.98083 -13.1245 17.3154 3 1
28.2672 28.8172 21.4891 3 1
7.32756 -7.8495 17.2777 3 0
6.69297 6.17362 16.1431 3 0
-13.3457 -3.68431 19.2787 3 1
-6.414 29.1313 21.5095 3 1
17.1077 -30 20.1321 3 0
-15.0056 21.7424 20.6318 3 1
24.0655 -29.9984 20.0243 3 1
1.77689 16.4491 20.1147 3 0
-26.5918 -10.3473 21.8711 3 0
17.5401 -1.73848 20.4702 3 0
4.86905 21.994 19.5756 3 0
-23.8695 18.0669 20.2081 3 1
6.78481 -9.93478 17.3065 3 0
1.1034 2.71934 8.15868 3 0
-9.67386 -11.6732 19.7449 3 1
12.4938 9.60265 20.1575 3 0
-13.7599 18.9216 20.3844 3 1
4.08497 9.43339 17.0707 3 0
-24.5769 9.58693 21.8198 3 1
-13.2978 11.7461 20.2397 3 0
-29.9379 6.33212 21.2135 3 1
-18.9073 28.3786 21.4997 3 1
-0.680389 14.4824 19.6523 3 1
-16.8981 3.80839 19.2053 3 1
-29.1704 -29.9707 20.5861 3 1
0.0189686 25.9729 19.5212 3 1
19.5248 -29.9519 21.6074 3 1
-13.5937 -7.04029 19.3526 3 0
16.1526 15.9813 19.7243 3 0
30 17.5657 21.5289 3 0
13.5069 -20.7488 21.5106 3 1
21.4108 19.269 21.761 3 0
-23.563 -0.387594 21.5734 3 0
24.1236 -27.2374 21.1156 3 1
18.3893 5.74761 20.7309 3 0
-17.4783 -9.83081 20.768 3 1
-30 12.7965 20.6157 3 0
-12.8359 -12.8772 19.3391 4 0
-3.53682 -14.6646 19.8735 4 1
-24.605 -9.96681 21.1512 4 1
3.38773 14.5694 19.8722 4 0
-13.7385 18.3468 21.2113 4 0
18.1384 -10.0745 19.4978 4 0
29.6762 -14.2274 21.6696 4 1
26.6347 -29.7117 22.0102 4 1
8.29975 8.69698 18.337 4 0
-7.83302 29.4806 21.6696 4 1
-22.9707 7.99378 19.3824 4 1
-28.5615 -4.35674 21.9209 4 1
18.6576 -5.64446 20.8895 4 0
-26.9311 -15.9837 19.8908 4 1
9.87973 10.1627 18.1563 4 0
-24.5851 -23.6401 22.0845 4 1
12.5133 22.5584 21.8165 4 0
5.00598 -4.5013 13.9998 4 0
-20.3885 26.6631 22.0184 4 1
-23.9002 29.3192 21.4088 4 1
1.01386 0.901935 3.7358 4 0
11.7103 18.2926 21.0169 4 1
-10.4826 8.67291 19.3161 4 0
9.88447 -14.1148 18.854 4 0
-0.565883 10.2667 17.4457 4 0
-3.78165 10.6128 17.898 4 0
-7.19859 6.33855 16.6668 4 0
13.3836 -18.5676 21.4955 4 1
28.9583 -7.14253 20.2083 4 1
27.4126 11.2458 21.7539 4 0
15.5562 -0.621055 20.0706 4 0
-0.124091 27.9005 20.1912 4 0
29.9645 -21.0934 20.1365 4 1
28.8604 -26.1038 20.5883 4 1
-21.9866 26.1946 20.6079 4 1
-17.8483 -29.8484 20.7871 4 1
8.97312 4.31671 16.491 4 0
14.2803 2.76894 19.1964 4 0
-2.81158 14.1943 18.7008 4 0
-0.173449 18.7926 19.8779 4 1
3.63522 -10.6531 18.1074 4 0
6.83322 5.7753 15.6857 4 0
28.9273 22.4874 21.6544 4 1
-2.90703 2.11422 8.47678 4 0
1.85114 25.7932 20.6636 4 0
-26.0947 -15.3407 21.2865 4 1
19.9742 -7.66179 20.4886 4 0
11.8225 7.84345 18.3851 4 0
6.09634 12.882 17.8721 4 1
-3.51451 18.1299 20.3941 4 0
30 -4.92061 19.8891 4 0
-28.5982 29.2339 21.9571 4 1
11.8146 12.0995 19.0616 4 0
-27.6522 21.5253 22.1199 4 1
27.5631 -10.4826 22.0258 4 1
-25.058 29.9739 20.0257 4 1
29.2983 10.2645 21.6475 4 1
-8.58992 -23.1095 21.1416 4 1
8.10088 0.454288 15.4431 4 0
-24.8415 -4.75786 20.8137 4 1
-29.5836 21.0377 21.5455 4 1
-29.9438 -16.9796 19.9396 4 1
30 30 19.9504 4 0
-14.5967 20.9615 21.1007 4 1
-24.8914 -18.7015 21.2048 4 1
4.35316 4.32305 13.7268 4 0
-0.795767 6.1251 12.7278 4 0
-22.2707 -8.92726 20.5785 4 1
-3.68719 9.51105 17.491 4 0
-2.39639 7.70354 15.7461 4 0
30 30 19.9504 4 0
28.0831 -16.6466 21.3806 4 1
-29.9692 -28.3142 21.317 4 1
-23.8124 6.99554 20.1248 4 1
23.933 -12.1744 20.2861 4 0
-24.3419 17.3322 21.8315 4 1
19.531 17.0839 21.2653 4 1
-1.13134 -3.81135 9.62564 4 0
-9.36811 3.64242 17.3694 4 0
4.39972 25.1191 21.2122 4 0
-4.48632 18.0995 20.3754 4 0
-15.0223 -29.8469 20.3573 4 1
29.1926 -10.7812 21.158 4 1
-0.596066 -14.1142 19.04 4 1
20.6051 23.2919 21.8807 4 0
28.5342 -8.91882 21.4774 4 0
29.9999 -15.0544 19.904 4 1
5.34745 25.1465 21.1757 4 1
30 -5.01441 19.7346 4 0
-14.5332 29.7886 21.8426 4 1
-20.7996 -29.8535 21.0242 4 1
15.7394 29.8233 21.3406 4 1
-25.7509 -25.4744 21.9869 4 1
-8.78801 -29.8875 20.828 4 1
18.4396 -10.4241 21.3151 4 0
6.76973 20.1838 20.431 4 0
21.3397 6.08586 20.6755 4 0
10.4774 -7.22943 18.7629 4 0
0.244831 -27.8643 20.9173 4 1
30 3.76914 20.6897 4 0
3.47346 4.65916 13.4598 4 0
11.1976 -3.66186 18.0349 4 0
29.5548 2.9765 21.3945 4 0
-9.3765 30 21.3297 4 0
-29.7241 -29.9163 21.2457 4 1
-10.4405 19.5719 21.4497 4 0
29.0113 19.7842 20.7472 4 1
7.63929 -0.835205 15.0356 4 1
4.94128 -28.2786 20.9155 4 1
30 30 19.9504 4 0
29.8766 -12.8965 20.39 4 1
-8.09617 26.4348 21.3635 4 1
-27.464 7.41318 21.9597 4 1
-9.86765 -27.4937 21.5471 4 1
-11.7156 1.15697 17.7502 4 0
9.1094 13.1882 18.867 4 0
-2.83593 -2.40199 10.0344 4 0
-19.1974 25.883 20.8039 4 1
-2.41917 28.9632 21.3392 4 0
17.6233 29.5331 22.135 4 1
12.2451 -22.7258 21.2575 5 1
-13.2759 -29.3159 21.7531 5 1
16.8054 -21.7269 21.2039 5 1
-29.2343 3.39407 21.698 5 1
29.2052 29.3507 21.8062 5 1
-0.484495 -19.977 20.5361 5 1
28.1624 29.2624 21.4047 5 1
-11.4857 29.1432 21.6507 5 0
22.1272 5.81991 20.1788 5 1
10.8333 -5.39803 18.2472 5 0
24.7667 -24.831 21.2332 5 1
-20.1566 -20.3214 21.3073 5 1
9.15527 5.26221 16.9522 5 0
15.3457 4.16791 19.6436 5 0
-21.9389 -23.0652 19.9817 5 1
29.116 20.6073 21.6069 5 1
7.68353 -12.2586 19.3386 5 0
1.99102 0.452398 6.71267 5 0
5.4592 13.4592 19.7739 5 0
25.9542 6.26319 20.7103 5 0
29.9976 -14.7268 21.0079 5 1
-28.606 -3.99165 21.2698 5 1
25.8231 4.8568 20.5282 5 0
-5.90721 4.21261 13.8447 5 0
14.046 29.5406 21.5269 5 1
-29.8934 -27.229 21.072 5 1
30 8.07551 19.8989 5 0
29.9938 1.85282 20.206 5 1
-16.7119 -16.6389 21.362 5 1
16.6668 -5.36532 20.4777 5 0
24.5846 3.73187 21.5103 5 0
29.8615 -29.7751 21.1738 5 1
3.32232 27.5654 21.8164 5 0
25.6131 23.9126 21.5287 5 1
6.1341 5.40064 15.4925 5 0
19.5672 -9.78166 21.112 5 1
7.07379 9.59682 17.9757 5 0
29.8393 14.4763 21.7387 5 1
8.84053 5.90361 16.2961 5 0
6.82952 -26.6754 21.2972 5 1
-7.17076 24.9944 20.1197 5 0
6.3938 30 21.3438 5 0
-1.08832 12.7347 17.9791 5 1
30 -15.7113 21.0903 5 0
16.8384 14.5471 21.0517 5 0
-11.7689 3.36307 18.4103 5 1
3.87694 12.4227 18.6241 5 0
-1.44211 17.0037 19.8948 5 0
-29.7885 28.5173 21.974 5 1
-29.0675 17.8925 20.2279 5 1
19.0691 -26.408 21.4831 5 1
-1.15539 -1.18383 5.27083 5 0
13.6103 19.3659 21.5268 5 0
1.20227 6.64176 14.1721 5 0
29.589 -21.444 22.195 5 1
3.77968 2.80281 11.1463 5 0
29.7559 27.701 21.7793 5 1
27.0177 1.77245 20.5204 5 0
25.3187 15.6265 21.849 5 0
15.3318 10.6232 20.741 5 0
23.4256 -29.0097 21.5616 5 1
24.5107 12.1557 21.4981 5 0
5.61365 25.3393 21.6837 5 1
10.2766 27.4792 21.8421 5 0
29.8777 29.5439 21.7803 5 1
29.5121 6.65551 21.9818 5 1
22.2493 -18.6543 21.6336 5 1
25.8922 -29.946 20.2787 5 1
27.2158 -4.10156 20.6481 5 1
-16.961 -19.9261 19.6843 5 1
6.49804 14.0753 19.5387 5 0
8.07749 8.79221 17.2488 5 0
-17.2593 24.8632 21.0951 5 1
6.89416 -1.02108 12.8212 5 0
-8.90839 28.0105 19.9 5 0
2.05961 -12.9139 17.1267 5 0
-5.89296 14.3627 19.4241 5 0
14.8537 23.4742 21.4981 5 0
28.8033 -4.16308 20.8641 5 1
-14.8884 -26.2494 20.9699 5 1
9.57933 10.6945 19.5493 5 0
11.1303 25.6856 21.1807 5 1
7.40136 -27.9825 21.2905 5 1
30 4.41204 21.3664 5 0
27.04 28.0826 20.1321 5 1
-6.73083 -5.97343 15.5749 5 1
-29.8347 14.0534 20.463 5 1
-2.97564 -19.153 19.2458 5 1
1.3309 -26.2867 21.5353 5 1
8.29196 25.162 21.1049 5 0
-6.47361 12.4059 19.5508 5 0
-23.3537 -27.9302 21.441 5 1
26.6589 -0.88662 21.1448 5 0
8.86572 14.3415 19.8133 5 0
7.71317 17.6511 20.7398 5 0
12.6787 -6.26773 19.2503 5 0
2.22861 8.33688 15.9913 5 0
3.29871 13.8064 19.0087 5 0
-2.12842 16.8512 19.0057 5 0
14.8458 -12.8017 19.911 5 0
8.39343 -13.2912 19.9584 5 1
-0.867123 -7.22319 14.0488 5 1
14.3792 28.455 22.0675 5 1
25.3886 -13.2585 21.7057 5 1
19.3034 -11.309 21.1654 5 0
14.1895 17.9468 20.0009 5 0
-12.7209 13.3348 20.5337 5 0
11.9075 -28.9356 20.0742 5 1
0.0636444 19.0385 18.7887 5 1
19.6969 26.4596 22.0067 5 0
26.9659 -23.8641 20.3316 5 1
9.73056 -26.4529 21.7636 5 1
26.3383 4.77343 21.4375 5 0
7.63343 6.92542 16.9442 5 0
-5.205 4.28644 13.9847 5 0
1.22382 9.64297 16.8649 5 1
6.83953 5.47494 16.1279 5 0
22.0835 3.92471 19.4743 5 1
1.14204 1.28181 5.79029 5 0
-29.3749 -23.3429 22.0859 5 1
-8.88622 19.0052 19.2847 6 1
2.12486 23.088 19.7846 6 1
26.8324 10.3949 21.5135 6 1
5.44071 4.75777 14.8785 6 0
-17.8739 30 20.2326 6 0
-7.84094 -11.6656 18.9607 6 1
25.7001 14.9907 21.0088 6 1
-1.08054 12.4885 18.3805 6 0
13.0263 12.2868 19.6686 6 1
0.74059 0.967246 4.29951 6 0
-1.8124 18.454 20.516 6 0
14.5504 9.14955 20.1237 6 0
-8.08079 3.6717 15.7957 6 0
-23.2042 -4.62611 21.2027 6 0
-1.13307 5.61602 12.8602 6 0
1.71173 1.27345 7.10244 6 0
14.9919 -9.64967 19.8843 6 0
-28.9428 -29.7674 20.9757 6 1
12.1937 9.25099 19.2368 6 0
18.8945 10.9504 19.4196 6 0
25.1464 22.2522 21.2006 6 1
-1.48407 19.1291 20.5341 6 0
-0.948997 10.5956 17.2115 6 0
-2.66413 13.356 19.2358 6 0
-3.80042 -3.60698 12.3953 6 0
6.32179 -23.3221 21.4161 6 1
-17.0812 6.9626 18.7299 6 0
-15.4281 7.0596 19.8872 6 1
-18.5441 -4.34374 20.8972 6 0
-8.31538 8.22567 18.0093 6 0
-26.2995 30 21.2324 6 0
18.3337 21.2333 21.5201 6 0
27.735 8.4919 21.8085 6 1
1.13303 -0.389782 4.88408 6 0
4.0426 1.57858 10.8492 6 0
2.55101 -8.09516 15.7558 6 0
8.63223 7.34098 18.1459 6 1
27.3184 -4.39734 21.7743 6 1
-29.6891 -21.9825 21.2466 6 1
-7.87147 -20.886 19.8066 6 1
-29.9813 28.0746 20.0916 6 1
-1.76714 15.9462 18.9586 6 0
29.6963 -10.6581 21.8424 6 1
-1.13198 0.520641 5.09563 6 0
11.932 -0.659693 17.8232 6 0
27.5911 27.7936 21.8876 6 1
-6.98135 11.8167 17.8332 6 0
22.6936 -9.53505 21.5867 6 1
22.4981 -23.4394 22.1349 6 1
-1.48379 24.3798 21.6635 6 0
6.3344 4.86582 15.1722 6 0
13.7429 -1.16825 18.624 6 0
-26.934 -27.2289 20.9411 6 1
-11.1875 -22.2119 20.7613 6 0
-3.87813 -20.1284 19.59 6 1
-2.09109 13.2607 18.2506 6 0
29.9131 29.9407 20.2255 6 1
24.2395 29.3002 21.7411 6 1
29.9901 -29.8213 20.6221 6 1
-8.01198 -0.692924 14.9232 6 0
-16.1689 14.2871 20.6355 6 0
3.31261 5.04609 12.8681 6 1
-29.8593 10.01 20.2243 6 1
9.33495 -7.28962 18.2866 6 0
-29.2918 26.1648 21.5075 6 1
6.17736 23.0865 20.1248 6 0
24.4355 -12.9055 21.3607 6 1
-24.8258 15.8754 20.6158 6 1
-29.1053 11.4793 21.5751 6 1
29.2895 14.8918 21.2216 6 1
-12.8164 -29.0836 20.6076 6 1
5.5649 9.44431 18.0793 6 1
29.7778 -27.9611 20.8844 6 1
-29.9976 16.6237 21.4073 6 1
-6.22237 -15.6746 20.0086 6 1
15.5882 6.68941 20.3591 6 0
-18.4832 0.746916 20.6541 6 1
18.0036 11.3148 20.3774 6 0
-29.5499 -3.34771 21.9541 6 1
26.2411 -25.6931 21.7441 6 1
16.4256 -29.5398 22.1561 6 1
3.90688 27.7738 20.7048 6 1
-26.963 -16.5907 21.4232 6 1
3.78234 5.31473 13.8603 6 0
-30 -1.70334 21.006 6 0
25.7883 -27.3718 21.8237 6 1
15.2203 17.661 21.1368 6 0
16.3508 -1.9678 19.5566 6 1
19.55 -29.798 21.8678 6 1
-25.7896 -20.4032 21.7768 6 1
9.26327 10.134 18.5106 6 0
24.3951 29.7834 21.8845 6 1
-16.6576 2.717 20.1942 6 0
-12.1168 11.0131 18.3585 6 0
-5.74851 -28.7462 21.4181 6 1
21.6208 -21.3832 21.9671 6 1
14.0459 -6.79628 18.6531 6 1
-27.3947 -21.652 22.07 6 1
-29.2145 27.6902 21.721 6 1
-3.7525 8.70599 16.6058 6 0
-2.25033 -17.9685 19.5427 6 1
7.29474 12.9384 18.8874 6 0
-17.2354 21.2767 21.339 6 0
-6.34393 -10.7945 18.4448 6 1
-17.936 -18.6532 21.0128 6 1
-7.46608 -21.175 21.1128 6 1
-6.8118 15.81 19.5129 6 0
-20.0646 12.9948 19.4285 6 0
23.0863 -0.968935 19.4502 6 1
6.41 15.8659 20.0254 6 0
12.8265 8.38881 19.5697 6 0
-11.4397 16.177 20.7205 6 0
-5.26703 12.3331 18.9779 6 0
11.9903 -29.4351 21.4541 6 1
-9.03254 5.27968 16.6765 6 0
10.1128 -17.8531 19.6436 6 1
2.94864 6.4976 14.4527 6 0
16.9653 1.50582 19.9311 6 0
-21.8359 -12.0448 20.04 6 0
-24.2852 10.1547 21.0468 6 0
-4.28881 19.2241 20.5232 7 0
-29.8375 -18.506 21.7909 7 1
-29.8928 -1.48463 21.5294 7 1
7.02383 20.3167 20.424 7 0
-18.7423 12.6028 21.2433 7 1
17.3624 9.09723 20.3788 7 0
30 -7.41993 21.4015 7 0
2.68007 6.74231 14.7609 7 0
0.076149 -5.60079 12.6192 7 1
-17.9037 -29.873 20.4339 7 1
-23.3588 -20.6734 21.8971 7 1
17.0149 20.2269 20.474 7 0
8.70237 15.9363 19.8167 7 0
29.9614 29.8212 20.6507 7 1
15.0762 -13.1272 19.3259 7 0
25.8416 27.1385 20.8067 7 1
7.34489 3.16183 15.2809 7 0
-27.584 -27.1666 21.8008 7 1
4.16734 3.94657 11.7812 7 0
30 -20.925 20.0307 7 0
4.62013 7.3181 16.2723 7 0
-2.91007 6.64775 14.4209 7 0
17.4002 18.1507 21.2539 7 0
6.84009 -0.626534 14.2258 7 0
19.7428 25.6384 21.8044 7 1
4.27638 -11.4891 18.6265 7 1
23.6322 -9.96356 21.0247 7 0
11.3246 2.13793 17.6962 7 0
3.89844 -5.71176 13.8702 7 0
19.0887 18.8821 20.0592 7 0
1.5513 4.89224 12.1208 7 1
4.35919 5.44236 14.8014 7 0
-5.89917 11.1647 17.4332 7 0
25.8197 29.8782 20.8703 7 1
-26.7161 -29.6184 22.0246 7 1
28.8295 10.1709 20.8402 7 1
-3.38616 0.356667 9.8589 7 0
-15.9915 -15.0805 19.2736 7 1
-28.5023 -27.1404 21.8083 7 1
1.32759 14.237 19.2467 7 1
-20.9812 -27.7728 20.8078 7 1
29.8243 -19.4814 21.8264 7 1
-10.4743 21.1572 21.2047 7 1
9.88552 5.10907 16.4275 7 0
7.17641 -13.7349 19.2915 7 0
10.8984 15.5424 20.4308 7 0
29.4613 -21.4789 22.228 7 1
21.6302 14.9546 21.085 7 0
-29.6197 25.7152 22.0176 7 1
-29.935 -5.20252 20.6133 7 1
2.91048 -4.73701 12.1418 7 0
-20.1129 -29.0626 20.2641 7 1
7.578 7.75905 17.7422 7 0
-11.1296 0.861221 16.6492 7 1
-24.5471 29.4618 22.2487 7 1
12.8396 4.36584 18.8436 7 0
-10.6764 19.9849 20.5905 7 1
15.2089 5.65608 19.8423 7 0
30 14.1839 20.518 7 0
30 29.1385 20.3886 7 0
30 30 19.9504 7 0
-1.40381 -27.1836 21.4808 7 1
29.2695 13.3214 21.7491 7 1
29.9058 16.0648 20.1572 7 1
29.0539 -4.44783 21.4069 7 0
28.7675 -23.3601 21.8444 7 1
-4.88407 19.5059 20.673 7 0
0.345678 19.4614 20.9793 7 0
1.03878 -27.8957 19.9174 7 1
23.7621 -10.0944 20.6267 7 1
-27.6292 23.7785 21.828 7 1
-29.0907 -24.4147 21.6342 7 1
30 -1.23829 20.7215 7 0
-14.283 4.05854 18.8304 7 1
-8.56221 10.3105 19.1898 7 0
7.97758 29.9875 19.7692 7 1
2.64144 2.31707 9.95547 7 0
-23.8364 14.9347 20.2959 7 1
4.0459 8.47449 16.4326 7 0
29.9813 -24.5814 21.5728 7 1
-28.9547 -23.496 21.6355 7 1
10.2141 -0.174881 16.5982 7 1
-23.7623 -27.2946 21.6934 7 1
7.86467 -1.38021 15.2871 7 0
8.23468 23.0739 20.4519 7 1
29.0218 -20.6239 21.4386 7 1
24.5576 -25.9903 21.559 7 1
9.27687 14.5751 20.3919 7 0
29.5147 -21.6557 22.1456 7 1
23.3754 13.3046 21.6795 7 1
8.66698 -19.292 21.0293 7 1
15.0512 -29.2959 21.1349 7 1
2.26726 14.073 18.5711 7 0
15.4148 20.7077 21.6285 7 1
10.7981 3.03907 16.7404 7 0
-29.2336 -29.9965 20.9292 7 1
29.3854 -17.8935 21.5478 7 1
18.1451 -19.9853 20.0442 7 1
4.07661 6.72607 14.6969 7 1
21.0543 -6.87006 19.5896 7 0
23.6378 -27.1934 21.735 7 1
16.2881 16.9186 20.6223 7 1
3.16189 8.71741 16.1546 7 0
-29.881 24.7396 21.2391 7 1
-0.804605 3.59114 10.0561 7 0
-7.00007 8.75856 16.9283 7 0
30 5.19317 20.4849 7 0
17.6317 5.91918 20.1735 7 0
16.6778 5.46433 20.5534 7 0
5.49032 9.65576 18.1016 7 0
-4.08676 1.97998 9.67746 7 0
-8.91933 1.67722 15.9354 7 1
4.17577 2.59069 11.9146 7 0
0.0888536 4.3289 10.6718 7 0
-7.81223 -6.26179 16.6983 7 1
30 30 19.9504 7 0
18.4482 8.24153 20.9306 7 0
9.71658 10.2975 19.2397 7 0
29.8811 -2.89653 20.2832 7 0
11.7093 4.6647 18.6713 7 0
2.39347 -3.25776 10.7676 8 0
23.3916 27.6776 22.055 8 1
4.28617 -2.13251 11.305 8 0
12.7453 8.88051 19.0749 8 0
19.6498 29.3956 22.0823 8 1
-29.8758 -28.042 20.3454 8 1
-24.7077 -27.8627 21.4009 8 1
13.8651 13.3863 20.4539 8 0
12.974 -0.683014 18.1983 8 0
-24.1237 8.67735 21.0398 8 1
-18.6588 -27.9206 21.3622 8 1
8.80075 15.2538 19.9051 8 0
14.7882 9.26061 19.9331 8 0
-11.7909 7.37408 19.121 8 1
27.9209 -28.1538 20.5832 8 1
5.17968 -2.63502 13.0363 8 0
-6.36377 -8.35198 17.6536 8 0
3.49775 16.897 20.0716 8 0
8.73868 -11.2411 19.0555 8 1
-2.42881 9.49956 17.3337 8 0
-8.84576 1.00335 14.8517 8 0
-0.321701 30 21.1048 8 0
6.0948 16.5284 20.1375 8 0
28.1383 -20.5939 21.6625 8 1
20.1784 17.0788 20.3126 8 1
11.3825 6.98438 18.5564 8 0
15.4985 -11.034 20.3727 8 0
-18.1454 2.09663 19.1614 8 0
-20.2877 13.9913 20.6402 8 1
-12.737 22.5313 21.6159 8 1
29.9938 2.0515 19.7858 8 1
-18.2432 22.222 21.2603 8 1
20.4433 3.6643 21.1737 8 0
12.4114 -29.9999 21.4372 8 1
25.933 5.26482 20.7377 8 1
14.59 -15.5193 21.3357 8 1
29.8865 -29.9765 20.2746 8 1
19.1013 14.2739 20.6446 8 0
11.7501 -7.10461 18.3633 8 0
25.5214 4.15152 21.3877 8 0
19.6537 4.35973 21.0104 8 0
-11.5521 29.4689 22.1094 8 1
-20.9661 23.0372 19.8225 8 1
10.1085 -6.59406 18.1161 8 0
11.7814 22.2289 20.9699 8 1
5.44173 -15.1327 19.7834 8 1
6.79741 5.76509 15.8338 8 0
5.2002 16.1038 19.1562 8 0
27.5642 19.2538 21.9223 8 1
6.00578 9.06896 15.8286 8 0
-14.5881 -4.95124 19.4017 8 1
8.62802 16.7946 20.5216 8 0
5.58635 1.59521 13.4927 8 1
0.231317 9.67112 16.7905 8 0
-20.0287 -6.29179 20.2547 8 0
19.0044 -28.4122 21.4824 8 1
7.41958 0.577551 15.3217 8 0
3.05455 0.0455084 7.14716 8 0
1.5734 29.8476 21.5742 8 1
9.71074 6.60057 18.3262 8 0
27.4672 7.72248 21.8021 8 1
-29.8471 29.2121 21.1656 8 1
-13.0475 -27.8497 20.298 8 1
-28.7616 29.9933 20.9531 8 1
-3.61993 2.4257 11.4746 8 1
28.8559 -29.7568 21.2704 8 1
-29.9457 15.2507 20.9475 8 1
22.0092 -6.14938 19.7149 8 0
-6.39396 -14.3505 20.0476 8 1
16.8026 -28.2178 21.2255 8 1
12.3049 1.02123 17.8435 8 0
-1.33896 5.59578 13.346 8 0
25.7786 -10.1305 20.782 8 1
19.6866 2.0251 20.1509 8 0
-28.053 29.9674 20.0409 8 1
-22.4233 27.0461 21.5424 8 1
3.88356 29.5742 21.4957 8 1
-20.0123 19.6374 21.1494 8 1
22.6965 2.91405 20.6299 8 1
8.84047 -30 20.3204 8 0
0.739637 4.09542 10.153 8 0
-13.794 29.2818 21.4747 8 1
11.7939 3.64603 18.3825 8 0
4.1829 16.3209 19.8832 8 0
15.4357 -27.6761 21.9872 8 1
17.4572 21.1858 21.5548 8 0
7.89995 10.1726 17.5897 8 0
8.73209 -4.35135 16.9831 8 0
28.8087 5.11605 20.6603 8 1
19.624 -1.57925 21.0312 8 0
-0.35764 10.2182 17.2003 8 0
1.05438 8.25606 14.9831 8 0
19.4285 24.2578 21.8495 8 1
19.4897 -25.8191 21.7628 8 1
-29.2048 27.0034 20.7499 8 1
-0.836054 -3.4628 9.8382 8 0
-5.9086 -25.7424 20.7553 8 1
0.582638 7.14658 14.5865 8 0
-16.5025 29.2024 21.8413 8 1
4.04814 5.34863 13.7674 8 0
27.5743 -12.6231 21.9964 8 1
12.6512 5.46327 19.41 8 0
24.165 -5.7149 20.9651 8 1
6.91968 4.32927 15.193 8 0
13.8621 -7.0786 18.3581 8 1
-4.29166 -8.96323 16.3834 8 0
-15.3406 -3.3346 19.9536 8 1
-15.7644 9.23621 20.1161 8 0
2.31618 -8.24082 15.9168 8 0
-7.17169 29.7743 21.0889 8 1
-15.6099 18.2896 21.4497 8 1
7.91995 5.07224 15.0001 8 0
13.9626 27.0054 19.7664 8 1
2.00521 4.47431 11.7146 8 0
12.8431 9.34595 19.6099 8 0
17.4821 -2.13715 20.2188 8 0
4.43755 1.30836 11.7952 8 0
15.4337 -28.8151 21.7495 8 1
-10.9339 -20.9281 19.5314 8 0
-1.53987 11.6871 18.4342 8 1
-14.1352 28.2478 21.0875 9 1
1.7059 24.3847 21.488 9 1
3.14042 0.876091 8.14486 9 0
29.5002 17.3315 22.0853 9 1
9.68704 9.48767 19.278 9 0
29.4372 -27.3562 22.1877 9 1
15.6503 -4.86256 19.7159 9 0
-3.20185 5.52702 13.9048 9 0
3.58261 -0.864032 9.94232 9 0
-20.4866 29.7545 21.9811 9 1
21.2621 -28.1167 21.1857 9 1
4.30482 3.574 13.1126 9 0
-25.5161 14.3999 21.9951 9 1
10.4676 -22.186 21.3502 9 1
14.5402 -18.2863 21.4332 9 1
-19.2618 -29.9926 21.0009 9 1
-11.7056 -28.2254 21.5115 9 1
11.9519 7.25946 18.3857 9 0
10.507 -11.141 19.5923 9 0
16.6865 -0.95137 19.5102 9 0
-3.55072 -9.37679 17.4391 9 0
21.6198 29.3582 22.0961 9 1
3.58847 -1.24518 10.3664 9 1
6.73754 3.86806 14.704 9 0
14.2175 23.6199 21.5444 9 1
-12.726 -2.0062 17.9552 9 0
-3.25722 29.4 21.761 9 1
-0.248738 10.8448 17.0761 9 0
0.759674 6.82897 13.8418 9 0
4.7429 2.7465 12.5378 9 0
-29.3192 -4.21993 21.5252 9 1
2.21421 10.6273 17.6209 9 0
13.8913 9.29689 19.5627 9 1
-2.77341 6.29947 14.2389 9 0
-18.4328 -14.2883 21.4168 9 1
7.13569 -11.5215 18.9294 9 0
7.18923 29.2167 21.0979 9 1
7.8191 8.87562 17.204 9 0
-7.68584 3.30629 15.9014 9 0
18.916 7.05027 19.0897 9 0
-29.6556 27.3414 22.0754 9 1
11.9871 -4.82188 17.4537 9 0
2.73104 18.6999 20.5296 9 0
13.7017 2.14724 18.7413 9 0
29.3235 -11.1997 21.5474 9 1
-6.55171 1.18736 14.1644 9 0
-3.04992 19.2181 19.6647 9 0
-29.7006 29.5101 22.1435 9 1
7.42878 2.41624 15.679 9 0
8.55879 -5.32393 17.4089 9 0
11.6862 28.2167 21.5391 9 1
-18.8913 29.9898 20.158 9 1
-8.39528 14.4145 20.39 9 0
6.77921 4.33469 15.4588 9 0
-25.0414 21.4886 21.5457 9 1
-8.55931 4.17046 16.7177 9 1
29.9248 29.9682 20.1202 9 1
-19.6764 28.8632 21.4663 9 1
-24.8138 29.9879 20.6359 9 1
2.98669 1.68219 9.06291 9 0
25.1811 -29.644 21.7312 9 1
-0.919598 8.91153 14.7161 9 0
-27.7536 -25.2084 21.4677 9 1
8.86019 16.6991 20.1622 9 0
-2.14665 2.84922 8.83049 9 0
13.6464 18.4707 21.4893 9 1
2.04353 18.1428 18.995 9 0
29.6978 -29.9074 21.374 9 1
-6.07864 11.8842 17.4343 9 0
1.83291 20.761 20.3414 9 0
11.2092 -0.723223 17.5897 9 0
6.4747 11.472 19.2409 9 0
4.31678 -7.09824 15.315 9 1
3.16632 4.02094 10.9102 9 0
-26.5798 19.9727 21.481 9 1
25.8874 -14.623 21.3977 9 1
4.23185 23.9858 20.3381 9 0
3.67402 -3.69242 12.4781 9 0
-29.2182 29.9844 20.8484 9 1
27.484 -11.753 21.8126 9 1
25.6287 29.4613 22.2026 9 1
-1.37799 9.92421 16.7814 9 0
-23.9183 -12.343 21.1006 9 1
12.9947 4.71008 18.4303 9 0
-29.6587 24.6982 21.9833 9 1
30 29.715 21.1888 9 0
-26.2921 20.8208 21.4559 9 1
12.1221 -3.7487 17.9666 9 1
-16.2072 30 20.6742 9 0
2.4278 -2.8789 10.0602 9 1
30 -3.92068 19.8832 9 0
-24.098 29.9915 20.1534 9 1
2.52964 1.32459 8.87492 9 0
5.03994 -4.00689 11.9975 9 0
10.2536 10.884 18.8693 9 0
5.70085 4.64464 15.017 9 0
-28.0534 29.2545 21.0724 9 1
-29.0213 -18.9794 19.875 9 1
10.4646 9.15837 19.1136 9 0
13.2749 -4.04741 18.4165 9 0
29.7888 27.3962 21.8946 9 1
10.2408 1.18744 16.8174 9 0
-3.78127 8.33404 16.3792 9 0
8.19629 -0.652144 15.5817 9 0
-29.9687 -15.0714 19.9821 9 1
-8.2871 5.72572 17.08 9 0
0.856892 29.9957 20.1812 9 1
29.7398 23.0378 21.0457 9 1
-24.7304 13.4802 21.7732 9 1
29.802 13.8212 21.0687 9 1
-28.125 -18.3189 21.39 9 1
27.6031 1.58005 21.8844 9 1
7.13464 -3.30823 14.9766 9 0
29.7898 -25.2838 21.62 9 1
-26.1802 -0.349676 21.3029 9 1
-13.3766 -13.3155 20.7593 9 1
23.6465 28.7755 21.8151 9 1
2.86564 3.93796 10.4606 9 0
-25.7036 -29.8863 21.379 9 1
-9.93536 5.27291 17.1692 9 0
10.2319 2.16643 16.8013 10 0
-10.8275 -13.9255 19.0935 10 1
2.24626 2.1345 8.40462 10 0
10.0926 12.99 18.2641 10 0
4.79497 5.97754 14.0657 10 0
12.8646 8.61931 19.5153 10 0
-13.9308 -12.5744 20.3038 10 1
19.4193 -28.5221 22.1727 10 1
12.0935 13.323 19.9333 10 0
-3.79548 21.8921 20.1549 10 1
-3.05021 29.9987 19.7851 10 1
26.9248 -15.7092 21.0999 10 1
-1.07958 14.1019 17.6964 10 0
11.6522 -6.88293 18.6823 10 0
-28.7842 29.574 21.9483 10 1
-0.509984 -2.06726 6.96059 10 0
2.3993 0.46283 8.1511 10 0
-19.3378 -27.8615 21.4909 10 1
5.24593 2.31495 12.9987 10 0
7.14916 10.9729 17.3794 10 0
4.68576 -7.09612 15.4699 10 1
5.74307 11.2842 18.5015 10 0
30 30 19.9504 10 0
3.0664 10.1602 16.196 10 0
-10.8979 -27.4513 21.4847 10 1
27.3608 13.5807 21.9836 10 1
13.1645 2.45215 18.907 10 0
-28.3478 -7.47319 21.9439 10 1
29.0679 16.0367 19.9703 10 0
12.8494 30 20.3119 10 0
3.0756 -2.06671 8.41279 10 0
18.2274 15.3005 21.1092 10 0
-25.2742 29.9365 21.17 10 1
-15.8555 23.2459 20.9667 10 1
11.729 3.58699 18.5779 10 0
-10.2172 -28.8997 20.7971 10 1
5.86582 9.62115 17.6833 10 0
-0.857563 9.84377 15.9683 10 0
3.35796 3.83914 12.043 10 0
3.92721 5 11.9978 10 0
9.49122 -5.90097 17.6898 10 0
-1.3833 -30 21.2951 10 0
1.37787 4.23891 11.3476 10 0
2.74492 3.52681 11.4869 10 0
7.30368 15.4499 20.4073 10 0
-26.6015 -18.4703 22.1038 10 1
19.5792 -28.4414 22.1626 10 1
-16.0289 -4.76397 19.1305 10 1
2.07121 5.7459 12.7375 10 0
16.5795 -11.1018 20.5654 10 1
14.574 7.24465 20.066 10 0
22.7879 26.8769 20.9721 10 1
1.622 -13.6053 19.3674 10 1
17.5329 8.79445 20.7664 10 0
-19.7168 28.4537 22.0102 10 1
-9.9168 8.59762 18.5681 10 1
-3.42294 6.83547 15.1043 10 0
-20.6816 -17.1783 21.2623 10 1
4.49201 21.2014 21.0797 10 1
3.18708 7.63528 15.6399 10 0
12.269 -2.2633 18.3888 10 1
1.25519 0.950705 5.12693 10 0
3.80249 -9.22674 16.5773 10 0
22.5219 -19.7664 21.7879 10 1
6.08866 6.56392 16.1152 10 0
30 -1.87051 20.1089 10 0
-7.62725 -29.7701 21.7075 10 1
-0.637505 2.61104 8.54978 10 0
22.0473 -8.69672 20.6493 10 1
10.2348 7.71314 18.5181 10 0
-17.0449 30 19.9011 10 0
-6.69112 28.0756 21.0788 10 1
11.2272 -14.7836 20.0771 10 1
22.8082 1.51498 21.2023 10 0
17.7837 -6.30722 20.3994 10 0
26.9955 3.9099 19.7821 10 1
-27.4819 -28.7867 21.9642 10 1
20.5314 -9.63745 21.4666 10 1
-5.77775 -28.7206 21.4059 10 1
-19.047 -25.9307 19.9683 10 1
11.379 -29.7964 21.6947 10 1
15.751 -9.37876 20.523 10 1
29.08 -5.25657 20.894 10 1
28.5241 28.7946 21.9529 10 1
0.692225 -27.3862 21.7288 10 1
29.4194 13.643 22.0414 10 1
29.8584 29.1528 20.8388 10 1
23.9313 1.41751 21.0243 10 0
5.92127 4.97244 13.4763 10 0
5.76989 -14.4198 19.8074 10 1
9.51899 2.29001 17.1723 10 0
8.04045 13.1612 18.3457 10 0
-25.9055 28.9815 20.1492 10 1
-16.6327 19.0237 20.9855 10 1
-25.0901 -25.3136 21.3336 10 1
27.8477 -0.134272 20.4691 10 0
-23.1637 29.2645 21.3793 10 1
-1.97739 5.38383 12.7009 10 0
12.5861 5.36819 19.3655 10 0
25.7855 0.859411 20.6639 10 1
4.66681 4.86666 13.9223 10 0
7.14554 8.99368 16.5419 10 0
28.2247 -28.8758 21.1078 10 1
-7.30152 5.54911 16.7213 10 0
-21.8923 25.5254 21.6448 10 1
10.3431 12.0811 19.4345 10 0
19.4535 19.3227 21.8074 10 1
11.3059 24.7646 21.4113 10 1
11.1539 -8.23847 18.5269 10 0
3.27086 -16.1615 19.5563 10 1
28.9474 1.56332 21.3747 10 1
1.82994 29.0912 20.4578 10 1
7.50518 23.5368 21.7376 10 1
-0.299353 -28.1869 21.3056 10 1
2.71902 3.39695 11.2999 10 1
9.2131 -5.46821 17.6356 10 1
2.49484 -0.522507 8.40162 10 0
4.61215 -8.68191 17.1831 10 0
14.612 -7.68618 20.22 10 0
4.72575 5.70241 14.9012 10 0
18.2068 4.39329 20.5307 11 0
-1.91381 26.9456 19.8214 11 1
-30 -30 19.9504 11 0
3.15236 2.41048 10.4343 11 0
-8.26559 -22.9298 20.5848 11 1
29.5398 -12.437 22.1149 11 1
-7.53363 2.59282 15.8325 11 1
4.03744 3.71562 12.0522 11 0
27.8381 -9.2991 21.2857 11 1
-5.76076 -30 20.747 11 0
12.2841 -3.00858 17.8929 11 0
0.113598 12.3093 17.9944 11 0
10.6974 0.472278 17.7995 11 0
2.15188 -2.92863 8.66056 11 0
14.7878 3.43879 19.6742 11 0
-29.9907 22.6384 21.4267 11 1
25.4012 29.898 21.6463 11 1
-18.8916 29.6488 21.484 11 1
29.6695 15.2683 21.7987 11 1
27.0076 29.8452 20.4671 11 1
8.58873 2.3211 16.5079 11 0
5.36178 9.60292 18.0105 11 0
4.49491 2.34865 12.5024 11 0
-29.9844 27.3963 21.5491 11 1
15.2346 -2.69279 19.595 11 0
5.16896 11.6181 18.5241 11 0
9.26288 -6.19841 17.4569 11 1
-13.3694 4.30439 19.3729 11 0
9.20294 -6.573 17.9389 11 1
14.4247 -26.0162 21.3668 11 1
-1.9136 6.56667 14.1443 11 0
6.15893 -0.84795 12.6665 11 0
-1.77345 6.90821 13.7876 11 0
-23.8711 -24.8034 20.9001 11 1
12.3995 13.4176 20.7759 11 0
2.55234 -1.06524 8.20698 11 0
-6.82585 3.14343 14.0928 11 0
14.7851 4.52429 19.7919 11 0
25.9441 10.9117 19.8987 11 1
-7.816 9.13804 17.3764 11 0
1.93678 2.80476 8.49066 11 0
7.17826 17.6887 20.3434 11 0
3.80574 3.15936 11.2271 11 0
-16.044 1.67006 19.4035 11 1
-4.71513 9.6284 17.6925 11 1
6.59005 6.61834 16.9263 11 0
2.30067 0.910596 7.3178 11 0
-2.47962 29.4968 22.0448 11 1
12.4342 29.4139 22.0875 11 1
30 -8.43965 21.4384 11 1
-10.1145 -2.80521 16.4591 11 1
29.9091 22.1514 20.5786 11 1
-29.8522 -29.9599 20.4784 11 1
-29.8206 28.4248 21.8653 11 1
-5.56564 1.82562 13.188 11 0
-24.3652 4.34726 21.5754 11 1
9.16558 -3.97148 15.742 11 0
26.8561 28.5342 21.804 11 1
30 -30 19.9504 11 0
27.2318 -8.53916 21.713 11 1
7.49966 -29.7347 21.8785 11 1
-2.51592 29.9484 21.4563 11 1
18.5677 -20.4716 21.9292 11 1
-5.26344 5.83859 14.8897 11 0
-4.7133 -25.6916 21.4753 11 1
-24.766 -29.9694 20.9188 11 1
-3.22825 11.5484 18.3849 11 0
-7.8677 2.80979 14.8991 11 0
-18.6624 -27.3043 21.8811 11 1
6.04503 -10.4536 18.0916 11 1
-23.6698 29.7817 21.759 11 1
-16.2958 25.4449 21.8974 11 1
-3.8206 9.17414 16.2542 11 0
-16.8159 -26.8104 21.0192 11 1
-25.448 -20.8346 21.7248 11 1
9.43692 10.7933 19.364 11 0
3.38949 5.22618 13.6966 11 0
29.9822 -27.5669 21.614 11 1
-0.251253 14.7947 19.1068 11 0
-1.40104 7.99299 15.2728 11 0
-27.5086 28.0064 21.6403 11 1
-29.6432 14.7705 21.752 11 1
-25.2172 -28.4527 21.9392 11 1
4.37546 5.05682 13.8294 11 0
4.0864 5.81291 13.5364 11 0
-28.447 -29.9975 21.6327 11 1
8.79762 12.176 18.8782 11 0
1.94339 10.3274 16.9284 11 1
-26.7651 -28.9362 20.9807 11 1
-27.1768 -13.2089 21.0211 11 1
-1.74236 2.59146 9.21675 11 0
-16.8618 26.5985 21.5665 11 1
1.98153 6.40116 13.871 11 0
-29.898 -21.343 21.4742 11 1
26.4267 -17.3088 21.9554 11 1
26.1369 12.3244 21.2764 11 1
11.3657 30 21.3216 11 0
5.4058 -28.6745 21.87 11 1
7.95306 6.80261 16.2679 11 0
5.64823 7.28492 16.6219 11 0
28.7703 -26.5126 21.9918 11 1
-29.8705 -29.6366 21.6496 11 1
13.9114 16.7382 20.324 11 0
12.7123 4.90798 18.4552 11 0
5.66758 2.75157 13.7286 11 0
7.20139 4.22476 15.3196 11 0
-29.2831 -16.2766 21.7133 11 1
6.71883 4.66767 15.721 11 0
2.05801 4.42261 11.6599 11 0
5.17213 29.9999 20.3628 11 1
-1.49112 -5.14186 12.507 11 0
-27.9797 -0.754599 20.6705 11 1
7.5058 6.50164 17.4397 11 0
-10.9361 9.88614 17.9208 11 0
-10.5723 14.3059 20.5648 11 1
-11.7345 5.13031 18.1088 11 0
-17.1439 6.97203 19.0293 11 0
3.2863 22.9006 20.6196 11 1
1.66345 13.0739 18.4094 11 0
8.63697 27.072 21.2271 11 1
-24.327 -23.9867 21.2543 12 1
27.024 16.4639 21.4833 12 1
18.3502 25.7036 21.8433 12 1
13.9378 -28.4585 21.5125 12 1
-29.8201 -0.784306 21.0467 12 1
4.92602 8.50762 16.7893 12 0
15.3041 20.6408 21.5735 12 1
2.28212 5.78527 13.4089 12 0
13.4832 13.4296 20.9753 12 0
26.497 23.545 22.21 12 1
-2.56313 3.6569 11.6045 12 1
9.68742 8.33192 18.7899 12 0
-5.67406 0.825872 12.8292 12 0
8.14238 7.19413 16.7921 12 0
7.64796 -21.6564 21.3794 12 1
24.63 27.4381 22.1624 12 1
21.6198 20.4416 21.9854 12 1
-8.34178 29.8324 21.4927 12 1
5.51484 4.74911 14.9666 12 0
19.1308 26.1334 20.5496 12 1
-29.3536 -15.8238 21.6154 12 1
28.0074 13.6918 21.0967 12 1
1.61191 2.27627 8.60828 12 0
0.715105 7.37055 15.0641 12 0
3.59012 7.55912 16.1824 12 0
21.3717 -14.2553 21.4938 12 1
-0.788706 8.41209 15.9265 12 0
-15.2638 12.1567 20.1892 12 1
-28.6058 27.1488 21.7347 12 1
8.07789 7.33522 17.2393 12 0
19.1654 10.3231 20.7653 12 1
6.83991 10.7784 18.0017 12 0
-6.31803 29.7686 21.5863 12 1
-0.263719 5.35461 12.6421 12 0
-1.31864 -0.219111 5.26971 12 0
30 30 19.9504 12 0
-29.8632 15.2274 21.0561 12 1
7.98176 -2.70084 15.2324 12 0
27.7773 9.55084 21.7267 12 1
29.9871 -7.28377 20.9822 12 1
1.39227 18.9748 20.252 12 1
9.30925 -1.61598 16.8874 12 0
-9.5255 -21.3452 21.5241 12 1
2.29021 7.98842 15.0903 12 0
28.6772 -20.1133 21.4063 12 1
27.4675 4.59682 21.9221 12 1
-16.5841 12.9698 20.6387 12 1
4.72904 5.06993 13.7434 12 0
11.095 -5.20115 17.4243 12 1
-0.661022 2.22697 7.49414 12 0
-24.7616 -26.4574 21.959 12 1
7.52773 -16.2824 20.5836 12 1
-2.02175 3.85564 9.67982 12 0
14.793 7.08921 19.007 12 0
16.463 -29.9187 21.6076 12 1
7.5488 9.48731 18.7404 12 0
-0.306101 9.57144 17.0194 12 0
29.7618 10.7857 21.3309 12 1
30 30 19.9504 12 0
16.5101 10.0392 20.4313 12 0
13.1933 -8.83553 19.063 12 1
-9.44588 -7.92316 18.2485 12 1
18.0264 1.90001 18.7236 12 0
16.3859 -17.6798 21.5026 12 1
20.5305 0.619727 21.1982 12 0
4.17465 -0.806378 10.2624 12 0
-14.6045 29.9866 21.4318 12 1
-9.50444 29.2262 21.8056 12 1
-1.03828 -1.88846 5.59088 12 0
-20.6167 30 21.465 12 0
28.9603 29.9879 19.9906 12 1
1.49686 4.17656 11.2813 12 0
11.1014 24.4017 21.2725 12 1
5.46005 9.30849 17.8562 12 0
2.58074 6.17981 14.1614 12 0
-0.172596 10.6383 17.3618 12 0
6.30896 4.28729 15.1748 12 0
-3.85719 -24.0567 19.8981 12 1
-0.59434 8.28417 15.9455 12 0
-28.0473 17.7577 20.8828 12 1
5.65187 -4.80133 14.8334 12 0
19.6387 22.9575 21.2653 12 1
7.14075 4.67605 15.6398 12 0
9.52185 2.77988 17.1312 12 0
-22.2256 29.6441 21.8197 12 1
16.0179 22.8724 20.0059 12 1
29.999 -28.8278 20.5773 12 1
27.4664 -29.3266 22.1635 12 1
-4.61639 -27.4838 21.9107 12 1
3.6887 2.60712 11.5993 12 0
17.8344 -25.6817 21.432 12 1
-2.82532 2.22397 9.32786 12 0
-22.8111 -12.8149 20.7531 12 1
-6.04115 12.0563 17.156 12 1
-0.154979 -3.56147 9.8043 12 0
5.85126 8.90523 16.2503 12 0
12.1222 -21.6295 21.102 12 1
9.57972 -5.28114 17.8754 12 0
24.9906 -22.3704 21.3753 12 1
19.4743 3.95856 20.525 12 0
6.33014 -9.237 17.7953 12 1
2.98815 -0.271658 8.09567 12 0
8.76992 -0.991285 15.224 12 0
22.1479 -24.3274 21.4598 12 1
13.3114 4.22904 19.0589 12 0
11.2702 7.76186 18.8564 12 0
4.12147 -0.161777 9.69008 12 0
6.23361 5.22231 15.2379 12 0
23.715 -29.9394 21.2016 12 1
-17.0233 -27.1569 20.342 12 1
15.1063 0.913826 18.0931 12 0
4.4474 5.46764 14.9548 12 0
-8.38545 28.6434 21.9211 12 1
-26.1399 24.7851 21.061 12 1
2.53527 4.8913 12.6373 12 0
30 11.9124 19.9853 12 0
-11.4231 28.494 22.0683 12 1
6.06084 3.25784 13.6086 12 0
9.77115 4.24688 17.2066 12 0
7.30493 6.86047 16.708 12 0
5.10888 2.81414 12.1599 13 0
29.9425 -22.2352 20.9438 13 1
6.51545 -3.13828 14.6865 13 0
7.79632 8.60011 18.0745 13 0
4.72268 -1.13054 11.3629 13 0
9.03226 -1.7256 15.7582 13 0
-29.1434 -13.6205 21.5583 13 1
22.9013 21.7423 21.022 13 1
8.8072 8.83208 17.7652 13 0
12.8017 3.66053 18.7769 13 0
12.1179 -29.682 21.3277 13 1
17.0266 14.9786 19.2216 13 1
2.80453 5.52781 13.6715 13 0
-27.1729 -18.153 20.8409 13 1
7.76452 -1.32513 15.3193 13 0
-9.68888 17.8602 20.4474 13 1
-6.23957 26.1691 20.955 13 1
-1.35822 19.3058 20.808 13 1
3.3046 2.10662 9.97716 13 0
9.78837 -14.1575 19.482 13 0
4.23812 3.62632 12.8997 13 0
-22.291 3.8215 20.8078 13 1
10.2582 9.3755 19.2327 13 0
29.1759 15.5673 21.7389 13 1
4.18029 3.61882 12.7114 13 0
11.2845 10.4939 19.9108 13 0
-18.2983 -22.7213 21.608 13 1
18.6 27.8387 21.6732 13 1
-29.3258 -23.0516 21.3385 13 1
3.52197 3.79851 12.3968 13 0
5.3514 2.65176 13.5678 13 0
2.90638 5.32474 13.0284 13 0
-1.65369 -29.855 21.4047 13 1
9.96963 -0.1381 15.5783 13 0
-19.6736 -20.3213 21.7128 13 1
4.39051 -28.3522 21.8686 13 1
3.02336 8.04855 14.1474 13 0
15.454 -21.2695 21.6502 13 1
29.8261 26.2642 21.4419 13 1
3.98568 2.90685 10.267 13 0
9.52905 -26.322 21.845 13 1
27.3673 -21.3604 22.0517 13 1
-25.8264 -9.45761 21.5316 13 1
3.16096 2.75568 10.3382 13 0
10.3881 9.26152 19.2655 13 0
14.9443 5.84658 18.5235 13 1
-1.92318 11.153 16.6093 13 0
4.64354 2.55117 12.8078 13 0
27.8508 1.39653 21.4278 13 1
7.16343 9.42161 18.1339 13 0
-28.7392 27.9825 21.0604 13 1
4.56492 3.26326 13.0675 13 0
30 -3.81458 20.4321 13 0
-11.2146 -1.34492 17.8265 13 1
9.81964 -3.90688 16.3563 13 0
-0.876467 5.50249 12.7564 13 0
-2.32195 4.85072 12.2896 13 0
8.07269 14.9361 18.4242 13 1
28.015 -16.3341 21.2358 13 1
9.02079 9.40957 18.4757 13 0
-4.31882 5.56953 14.821 13 0
2.54799 5.20529 13.1935 13 0
27.1684 -24.2217 21.2062 13 1
29.667 -12.6075 21.9811 13 1
9.55846 0.909262 16.6188 13 0
25.6018 9.80629 21.5079 13 1
2.8238 5.25737 12.8962 13 0
-4.37535 -10.0019 17.2906 13 1
-7.58065 7.57523 17.9109 13 0
-23.1769 -4.60088 21.1764 13 1
26.1535 22.8632 20.7282 13 1
1.56881 -3.65047 10.842 13 1
-6.18127 6.01921 14.7895 13 0
11.8738 -2.39251 18.1502 13 0
-30 4.34969 21.2135 13 0
-30 -8.65793 21.2222 13 0
20.0851 25.2642 21.0392 13 1
-29.8338 13.5997 21.6669 13 1
28.6386 -17.2754 21.8724 13 1
25.8566 -28.8657 20.7333 13 1
18.7774 -12.7553 20.8037 13 1
28.2587 -28.2932 21.7973 13 1
9.98877 13.5661 19.8298 13 0
7.14555 -4.12934 14.5798 13 0
27.0948 28.6424 21.5362 13 1
26.0109 -29.5015 21.6426 13 1
-4.17623 2.98591 10.9842 13 0
12.6498 27.746 21.7147 13 1
5.70566 2.70553 13.7707 13 0
-5.04697 -3.47257 13.323 13 0
-3.16722 -0.92962 8.16369 13 0
-14.2636 0.861548 18.7445 13 0
5.64339 11.0502 18.0799 13 0
-0.0572224 15.0854 17.8956 13 1
5.86743 -2.59496 13.7205 13 0
-14.5335 -23.6269 21.8901 13 1
4.30185 4.68723 13.8816 13 0
-4.651 -27.6803 21.7361 13 1
-26.8982 29.9952 20.1894 13 1
3.57214 1.24497 10.3566 13 0
-29.3069 -6.45792 21.9132 13 1
6.9181 29.954 19.9639 13 1
18.5725 27.281 21.951 13 1
1.69935 1.43002 7.56532 13 0
-10.6708 20.334 21.3285 13 1
-0.118347 27.8512 20.3846 13 1
3.90154 1.64397 10.6249 13 0
-2.05233 -29.9297 19.9085 13 1
-23.0381 25.9185 20.0567 13 1
-9.62383 27.7653 21.67 13 1
-29.407 8.0642 21.4065 13 1
11.0652 23.9985 19.6339 13 1
1.88078 3.09659 8.56214 13 0
-29.9986 -25.1297 20.316 13 1
5.59345 4.52513 15.0857 13 0
-27.811 2.19432 20.9002 13 1
8.96785 8.11379 16.7214 13 0
16.7635 12.1333 20.1886 13 0
8.54051 6.73638 17.8328 13 0
-2.82459 4.89348 11.868 13 0
11.9172 -22.5445 21.2209 14 1
-4.21291 5.89928 13.8639 14 0
17.4089 -23.847 21.5364 14 1
29.1336 -25.787 21.0699 14 1
19.0134 -27.2121 20.6838 14 1
29.351 19.3573 22.0356 14 1
29.9242 -13.9758 19.9747 14 1
23.4648 -15.8856 21.4601 14 1
-21.4931 5.77026 21.2123 14 1
-27.5492 -10.3913 21.986 14 1
3.10052 -1.49164 9.51515 14 0
1.87885 21.3658 20.7252 14 1
16.8269 -15.2988 20.8316 14 1
3.24487 26.3683 21.5268 14 1
6.21381 -1.16796 13.1071 14 0
11.1486 6.61293 18.5986 14 1
-29.5785 -28.678 22.1419 14 1
1.09062 4.67294 11.3646 14 0
-2.38186 9.39032 17.1661 14 0
10.4703 12.1682 19.8701 14 0
5.35691 4.24441 14.3649 14 0
-15.7719 27.6828 21.6248 14 1
-2.63118 5.56264 13.8925 14 0
-24.169 28.0497 20.5586 14 1
7.89665 5.90306 15.514 14 0
13.9994 -1.51892 18.9848 14 1
3.63131 1.31611 10.5536 14 0
13.8092 -1.38731 19.0886 14 1
7.09425 2.0311 13.2017 14 0
-14.8319 -29.3341 21.5327 14 1
29.9416 17.7766 20.8401 14 1
-22.3062 4.09679 20.641 14 1
11.9262 4.00328 16.7644 14 0
1.47642 6.38786 14.3884 14 0
11.6382 9.33588 19.7337 14 0
-3.16657 4.74905 12.5159 14 0
2.89571 -28.6271 21.3276 14 1
1.58479 -1.18051 6.79149 14 0
-28.5906 13.4712 22.088 14 1
-29.3642 16.5606 22.0958 14 1
-1.49744 -0.00684214 5.5357 14 0
10.3156 5.42147 18.3428 14 0
9.86421 1.73125 16.5562 14 0
27.9241 -2.91951 19.9261 14 1
-20.9633 -29.7489 20.9802 14 1
10.3968 -0.245142 17.4416 14 0
-16.347 -27.4584 22.0369 14 1
3.26963 2.95621 10.4741 14 0
7.91098 8.40937 17.8079 14 0
5.68987 2.84171 13.4904 14 0
19.4139 -19.1396 21.3982 14 1
1.0102 8.59395 15.7485 14 0
19.9171 -3.5869 20.5688 14 1
-28.1458 23.5415 21.7703 14 1
-29.3282 -28.5277 22.1742 14 1
7.755 4.36372 16.3042 14 0
-2.06019 7.90921 13.9983 14 0
-29.9893 -13.7876 20.6789 14 1
2.09709 4.4156 11.7212 14 0
10.9639 4.92843 16.511 14 0
29.9717 -29.7271 21.1444 14 1
24.9559 16.3629 21.2565 14 1
-20.0216 6.4715 20.6946 14 1
29.7092 29.0718 21.2808 14 1
4.03875 30 19.7632 14 0
29.7978 21.4312 21.8707 14 1
7.05454 1.35796 14.3071 14 0
7.26747 4.96787 15.4141 14 0
-29.4639 20.4319 22.2029 14 1
9.9254 12.5636 19.6547 14 0
2.21956 -2.0147 7.8195 14 0
-11.0945 16.1598 19.4882 14 1
-13.8176 20.1618 20.4887 14 1
-8.22377 -1.1156 14.9562 14 1
5.29174 1.51254 13.0013 14 1
29.7176 -6.99924 20.9614 14 1
5.0443 0.645063 11.7846 14 0
4.79374 3.95599 12.5613 14 0
2.42601 0.98525 7.85557 14 1
5.28987 4.96366 14.1109 14 0
4.63158 0.182554 11.4593 14 0
6.28998 1.90855 13.4802 14 0
29.6334 28.4171 22.1942 14 1
-18.1882 -24.279 21.3403 14 1
2.73142 5.34118 13.4368 14 0
20.1027 9.97432 19.4388 14 0
15.7251 -24.9987 20.8861 14 1
-29.6748 -6.42782 21.9371 14 1
11.9292 6.15386 17.6357 14 1
-13.657 12.4112 20.7507 14 0
9.10416 11.3861 19.154 14 0
1.66015 12.9662 18.3217 14 0
-26.8565 -13.5675 21.5699 14 1
5.82976 -0.774756 12.6382 14 0
5.58061 22.5108 21.5735 14 1
30 -4.37967 21.2976 14 0
29.9071 28.8591 20.5793 14 1
10.197 12.2472 19.43 14 0
-1.06744 -3.59001 9.9081 14 0
4.1011 2.8498 10.8432 14 0
6.69965 1.70219 14.4556 14 0
-17.2424 17.2383 21.0196 14 1
30 30 19.9504 14 0
5.82262 2.94094 12.7817 14 0
6.65517 5.75285 16.192 14 0
29.6559 -24.9335 21.4398 14 1
7.51089 10.5567 19.1372 14 0
18.6012 -15.5747 21.643 14 1
3.82373 4.73668 13.0634 14 0
-17.8972 13.0831 19.5491 14 1
9.26851 2.34743 16.8366 14 0
8.79965 8.01233 17.0828 14 0
17.1482 22.1218 20.4034 14 1
7.63506 4.17635 15.9785 14 0
-29.9543 17.3977 21.4867 14 1
2.68984 5.14702 12.7972 14 0
4.19926 19.904 19.8265 14 1
6.21229 0.375673 13.6355 14 0
0.953927 -1.80556 5.81896 14 0
-29.7606 29.8375 21.3241 14 1
5.19679 7.05962 15.0525 15 0
1.42263 6.63562 14.596 15 0
-10.1655 29.9992 20.3677 15 1
3.31253 5.29753 13.7396 15 0
-4.13803 28.1347 20.435 15 1
-23.6019 26.0857 21.5515 15 1
22.9621 -29.1779 20.5904 15 1
30 10.0608 19.8684 15 0
4.64842 5.61434 15.0744 15 1
27.1633 -24.4624 21.8077 15 1
1.8947 5.22838 12.0216 15 0
29.9775 -0.193228 20.4766 15 1
17.7948 2.65347 20.2838 15 1
11.3992 -15.9966 20.3733 15 1
-21.0225 5.4313 20.7487 15 1
-26.7174 5.71548 21.4873 15 1
7.07837 0.734035 13.9299 15 0
-29.5265 -24.8747 21.764 15 1
-24.766 -20.9108 20.9079 15 1
29.8891 19.92 20.3195 15 1
9.51737 4.85327 17.4809 15 0
-29.9962 26.6723 21.3458 15 1
-24.5942 10.8801 21.3213 15 1
0.26594 -26.5539 21.6569 15 1
6.42827 5.08364 15.4598 15 0
2.35421 8.13187 15.6437 15 0
6.83635 3.96878 14.0651 15 0
4.40356 2.28443 12.2066 15 0
7.14219 -7.21461 16.4318 15 1
-16.5948 -7.08351 20.1403 15 1
4.97847 5.69501 14.4708 15 0
-29.9814 3.58518 21.3699 15 1
-23.9731 20.5827 21.4283 15 1
-13.9014 -20.5934 21.1319 15 1
0.615136 -1.53547 6.46772 15 0
-23.3483 19.1863 21.5302 15 1
-29.9549 11.5914 21.4431 15 1
-28.1141 -14.1906 20.7361 15 1
-5.12938 17.6846 20.084 15 1
27.0183 28.1918 20.6736 15 1
11.2728 9.36905 19.5393 15 0
-9.86134 -4.85983 16.5965 15 1
9.66815 10.4261 19.5408 15 0
9.12782 3.36739 16.655 15 0
-4.88645 -14.0073 17.8594 15 1
23.8583 13.1526 20.4681 15 1
-25.6198 15.8829 21.4308 15 1
14.2473 -16.9174 20.2856 15 0
-0.476577 7.20577 14.8161 15 0
2.83347 3.53373 11.3905 15 0
4.25565 8.50294 16.91 15 0
3.71988 3.70585 12.4068 15 0
29.8342 29.2307 21.2965 15 1
-29.7818 4.68953 21.5195 15 1
4.16806 3.73746 12.4272 15 0
17.9081 -2.91824 18.8316 15 1
9.59209 0.268997 16.95 15 1
7.38431 30 21.3304 15 0
4.73702 2.3224 12.4633 15 0
-24.2275 18.7959 21.2193 15 1
4.45522 -1.27954 11.7709 15 1
28.6466 29.1211 21.5947 15 1
2.88227 -19.3767 20.4535 15 1
4.53168 4.00815 13.2083 15 0
2.83651 1.48668 9.21577 15 0
5.10863 4.12084 12.6948 15 0
0.648418 0.531657 4.5 15 0
2.16865 2.95969 8.74256 15 0
-1.66619 1.51173 7.69626 15 0
-27.3666 24.0928 21.5165 15 1
1.75622 -2.39202 8.88208 15 0
3.01002 4.35948 12.0643 15 0
6.23573 4.39721 15.2186 15 0
14.4906 25.0132 21.3837 15 1
-14.1919 29.5516 21.7802 15 1
0.790402 6.87803 13.5799 15 0
-16.6657 -24.6985 21.7598 15 1
24.3446 7.21175 21.3155 15 1
6.1182 5.21575 14.6944 15 0
-27.6251 23.118 21.5802 15 1
21.1146 -29.938 20.2929 15 1
5.48132 2.38644 13.714 15 0
-25.7966 29.8055 21.2723 15 1
-25.232 20.663 21.7038 15 1
29.9656 -18.227 20.827 15 1
23.5078 29.8228 21.8683 15 1
3.54504 -30 21.4192 15 0
29.8594 29.9908 20.4058 15 1
4.0269 5.67792 13.9299 15 0
-0.294234 0.673524 4.00084 15 0
23.4374 29.9474 21.6147 15 1
2.02315 8.31364 15.4046 15 0
16.237 5.73205 19.982 15 1
-14.8912 -24.7706 20.8112 15 1
5.33524 0.443405 12.8531 15 0
5.28608 2.54008 13.4413 15 0
6.22422 6.44662 16.4103 15 0
-19.405 25.1014 21.5047 15 1
30 -3.76317 20.722 15 0
3.25406 3.27806 11.4065 15 0
9.47758 -1.17071 16.7621 15 0
9.53293 -2.74389 17.1992 15 0
-16.9648 -23.3512 21.1703 15 1
0.581023 5.46687 13.1309 15 0
-8.80418 3.83883 16.0365 15 1
-14.152 -3.00829 17.9344 15 0
7.56406 8.87875 17.9691 15 0
-20.2812 -4.34198 20.9633 15 1
7.74263 -1.74213 15.2547 15 0
8.45647 6.45834 17.8959 15 0
-14.0904 -11.4217 20.199 15 1
7.6594 0.867034 14.9266 15 0
4.39206 0.714869 11.4518 15 0
0.515745 2.64732 8.61041 15 0
8.10245 1.21745 14.7893 15 0
7.32232 3.89746 15.3325 15 0
4.45674 3.85197 13.1911 15 0
17.1161 28.3425 21.43 15 1
6.59042 -1.18018 14.1477 15 0
5.88909 4.92853 13.665 15 0
-23.8388 -29.7487 21.3294 16 1
-30 -4.4002 21.3439 16 0
1.68102 3.69253 10.771 16 0
8.84246 -29.9166 20.4471 16 1
19.1824 29.9384 20.6348 16 1
0.354775 5.79699 13.0697 16 0
3.78637 4.29439 12.8423 16 0
5.14455 1.59143 12.4857 16 0
21.908 29.8006 20.8339 16 1
22.3403 -26.9759 21.3239 16 1
2.79647 5.60379 13.6936 16 0
29.967 -27.3145 21.3142 16 1
-7.69267 -30 21.0854 16 0
29.9174 15.4844 21.6091 16 1
29.0334 7.31921 21.1075 16 1
-10.3064 -11.9848 19.1963 16 1
-6.30079 -29.9336 21.1037 16 1
-28.7029 -29.9339 21.2958 16 1
-29.9678 -23.4719 21.6288 16 1
18.3933 22.9494 21.3193 16 1
4.73874 4.12186 13.1062 16 0
24.414 29.8408 21.7792 16 1
3.29075 4.53873 13.1247 16 0
3.1019 3.27988 10.7956 16 0
-23.5646 -4.84034 21.2257 16 1
-22.2577 4.59462 21.2694 16 1
29.6928 -29.218 21.7361 16 1
-29.5697 29.2338 21.9934 16 1
21.6154 -15.6205 21.7798 16 1
0.934313 29.9827 19.8319 16 1
5.80762 17.5024 20.5204 16 1
-17.993 24.5669 21.4047 16 1
10.0004 9.42889 18.8047 16 0
-3.99413 3.20104 11.1033 16 1
25.3686 -10.1708 21.3945 16 1
1.24932 3.60854 10.3841 16 0
29.6987 3.28285 21.6554 16 1
4.33801 26.8691 21.2115 16 1
-18.7635 26.7642 21.4307 16 1
25.0973 -0.883072 19.962 16 1
4.60453 4.19421 13.6304 16 0
6.13605 4.95502 13.9183 16 0
2.38509 3.97653 11.2107 16 0
-10.5728 -24.2371 21.5782 16 1
-3.35432 -26.4749 21.8091 16 1
0.936262 7.1151 13.1641 16 1
3.77711 5.73363 14.1101 16 0
-16.2972 16.7546 21.108 16 1
1.60663 -2.7409 9.30014 16 0
3.3492 -22.1347 20.8345 16 1
-0.907324 -27.9519 19.888 16 1
29.7622 1.81737 21.1474 16 1
-7.99419 -5.04136 14.7913 16 1
4.20017 10.5764 17.9693 16 0
-25.4039 -22.0989 21.5524 16 1
-20.6842 0.358093 21.0481 16 1
4.10463 2.82119 10.9857 16 0
5.52942 5.6956 15.6925 16 0
-6.23531 17.5174 20.6391 16 1
2.27194 0.691464 7.64372 16 0
26.7361 -21.1477 21.2651 16 1
-23.5171 -26.3577 22.1382 16 1
8.94238 10.2045 17.9447 16 0
-30 -29.1881 20.6715 16 1
-28.8784 -29.9355 20.3908 16 1
8.08366 9.93582 17.0089 16 0
-13.2283 -29.591 21.8109 16 1
2.22792 4.60173 12.2954 16 0
0.864073 2.99786 7.56357 16 0
-28.8312 27.5158 21.8707 16 1
3.3947 2.67923 11.325 16 0
6.43298 4.18857 15.1995 16 0
14.1248 10.2971 19.7987 16 0
3.01155 4.79981 11.8232 16 0
6.79228 -1.50375 14.5491 16 0
0.628452 27.6722 21.7597 16 1
5.67889 0.520395 13.2991 16 0
-21.8141 23.2775 21.3825 16 1
1.76773 4.14106 10.688 16 0
20.6432 12.7221 21.3985 16 0
-28.7495 17.6981 21.6987 16 1
2.83223 3.86933 10.7671 16 0
2.58876 2.46166 10.248 16 0
5.58816 3.47754 14.4352 16 0
0.0309954 1.96897 4.91243 16 0
7.97812 -1.36352 15.1684 16 0
7.68968 -29.6538 21.8301 16 1
-5.43451 30 21.4075 16 0
-22.8579 -22.0671 20.3351 16 1
4.44224 3.69164 13.358 16 0
6.93288 1.47907 14.4179 16 0
-30 24.5544 21.6058 16 0
1.59909 -13.9121 18.9385 16 1
5.45019 4.73593 14.9198 16 0
-29.4503 -4.06558 21.4372 16 1
-19.7375 -7.4893 21.1241 16 1
5.68002 -24.5436 21.6516 16 1
4.15201 0.271232 10.3655 16 0
23.1681 -20.5168 21.689 16 1
-28.3733 28.2316 21.902 16 1
3.89492 3.85857 11.4732 16 0
2.32373 5.15029 12.6511 16 0
3.97021 4.24261 12.2522 16 0
18.075 -25.7588 20.8796 16 1
-1.23889 30 20.7247 16 0
-27.7196 -23.6633 21.9008 16 1
4.76845 1.38636 12.0831 16 0
3.89014 3.47037 12.2501 16 0
3.14586 1.99809 8.67626 16 0
8.54263 6.64886 17.9326 16 0
-1.57307 0.0892806 5.73771 16 0
1.64284 5.22318 12.702 16 0
4.78658 3.42415 13.2987 16 0
-25.9774 2.43531 21.1824 16 1
-0.72725 5.25923 12.3743 16 0
1.61254 5.29267 12.9738 16 0
14.2465 29.6918 21.683 16 1
10.5039 9.04317 18.9195 16 0
-0.00964165 2.78852 7.37912 16 0
2.20316 4.67437 12.1681 16 0
-2.8556 17.6979 19.9749 17 1
3.03426 4.39042 12.208 17 0
3.72303 4.35412 13.1447 17 0
-27.9275 -8.94596 19.8918 17 1
3.362 4.35939 13.01 17 0
2.36398 6.05378 13.5864 17 0
-29.9185 15.1061 20.2532 17 1
2.14858 6.68451 14.2063 17 0
-21.1591 -12.5989 21.2311 17 1
13.2011 -12.7613 20.0224 17 1
29.691 -4.63994 21.8264 17 1
-0.762437 9.22029 16.1723 17 0
1.47503 -13.2067 18.9664 17 1
7.37666 8.43052 18.1714 17 0
3.00952 4.95511 11.2459 17 0
2.87792 6.30544 14.0053 17 0
-9.00638 -12.8441 18.365 17 1
-20.9462 13.8823 19.827 17 1
-5.08455 -27.563 21.3682 17 1
4.79134 8.34919 16.7428 17 1
-13.1366 -5.40537 19.1192 17 1
3.94334 7.04113 13.7392 17 0
7.12627 2.9293 13.761 17 0
29.0016 -22.7743 20.8306 17 1
-22.3472 28.7196 21.9192 17 1
3.50883 4.20944 12.8157 17 0
9.47864 -19.3997 21.3676 17 1
8.89165 9.57075 18.6266 17 0
-28.3424 13.5904 21.9849 17 1
26.449 -3.42691 21.8606 17 1
-14.7559 -29.9818 20.867 17 1
-28.6089 25.4751 22.2153 17 1
-10.2526 -11.3137 19.5939 17 1
4.20819 3.79731 12.4279 17 0
30 30 19.9504 17 0
1.74679 4.4185 11.8636 17 0
6.03435 6.33103 15.6354 17 0
-2.87435 1.23044 8.35355 17 0
-11.4653 17.1909 20.9062 17 1
-1.06598 5.60583 12.728 17 0
29.7586 -8.03673 20.7911 17 1
1.98066 4.36048 11.3656 17 0
-11.2734 -25.9965 20.8223 17 1
24.1276 -1.60579 21.1087 17 0
30 -17.559 21.5371 17 0
30 30 19.9504 17 0
29.9442 -17.0197 19.9383 17 1
-22.8171 21.9797 20.4766 17 1
3.24181 5.04967 12.5069 17 0
1.5786 7.48625 15.5487 17 0
3.15204 4.50586 12.7189 17 0
2.69542 3.30428 11.0604 17 0
2.52119 2.40643 10.0993 17 0
15.1824 -24.0322 20.354 17 1
-29.2485 23.5151 22.0085 17 1
1.2765 5.18786 12.2099 17 0
5.42795 8.16503 16.897 17 0
2.82949 2.86101 9.64536 17 0
-28.6887 17.1636 21.4681 17 1
-22.9591 29.0925 20.1493 17 1
4.39705 4.37621 13.9305 17 0
9.95269 -18.1252 19.3482 17 1
2.65097 9.69768 17.2568 17 0
6.67232 7.77421 17.1682 17 0
2.41357 7.13224 14.9095 17 0
-2.088 -2.54534 9.21582 17 0
-29.9964 20.4112 21.5215 17 1
28.3711 -29.9866 21.4941 17 1
29.2829 -11.4099 21.8917 17 1
5.92372 4.84218 13.891 17 0
29.8191 -29.9462 20.6897 17 1
6.33903 9.18503 17.6564 17 0
-16.2166 25.7263 21.4167 17 1
-29.6746 11.7714 21.6481 17 1
1.35522 7.62267 15.513 17 0
2.70077 5.16189 12.8268 17 0
-1.45521 23.258 21.3742 17 1
20.9668 -17.0896 19.7926 17 1
10.46 26.9109 21.4401 17 1
-18.5485 -1.24401 20.6429 17 0
4.67659 6.51249 15.7963 17 0
-29.9999 28.871 20.3357 17 1
3.78352 3.74161 12.2135 17 0
-10.7534 6.04606 17.5919 17 1
9.12649 6.10307 16.3698 17 1
30 -28.6508 21.4302 17 0
0.707194 7.20333 14.5206 17 0
18.7408 0.543268 20.7072 17 1
2.02967 7.19484 13.8327 17 0
1.07566 4.26312 10.4818 17 0
-27.2473 -14.3954 21.7833 17 1
1.01545 8.42947 15.6517 17 0
10.7799 15.3438 20.4765 17 0
-2.38069 11.553 18.5141 17 0
-4.47358 -20.0726 20.6703 17 1
4.72627 3.93444 12.8686 17 0
26.8818 -3.43428 21.3709 17 1
1.93587 7.44926 14.9984 17 0
12.1697 -27.6852 21.3958 17 1
15.1538 25.1386 20.5699 17 1
26.0377 29.4643 21.6427 17 1
-29.876 28.3675 21.64 17 1
0.635995 10.7736 17.5961 17 0
-2.89439 16.4499 19.9121 17 1
1.79891 1.95848 7.10152 17 0
29.7923 -22.1512 21.0882 17 1
-23.7127 27.4285 22.0322 17 1
-24.9322 -29.8878 20.3295 17 1
-6.34964 -28.922 21.2549 17 1
25.4468 -22.8938 21.6368 17 1
10.122 9.69514 18.7521 17 0
10.5549 27.3548 21.9419 17 1
2.96774 5.8471 12.6328 17 0
-27.7713 -7.65589 21.5691 17 1
23.622 -28.2472 21.905 17 1
3.6857 4.02617 12.1305 17 0
7.12656 7.83192 16.4293 17 0
19.4874 -7.01793 20.6511 17 1
7.10733 10.2274 17.6958 17 0
8.20349 4.96121 15.6873 17 0
-20.8614 -22.1624 20.6553 18 1
-26.4996 -16.8411 21.6873 18 1
-5.07822 -30 19.8857 18 0
-6.69688 21.637 21.2928 18 1
-23.863 -29.9947 20.3467 18 1
-27.3793 -28.4201 22.1942 18 1
-25.1261 14.1148 20.3108 18 1
4.42325 3.45705 13.2804 18 0
7.23323 29.9187 20.8306 18 1
3.14803 4.1834 11.5279 18 0
3.45421 7.34898 15.9126 18 0
1.89204 5.13624 11.4474 18 0
-1.66517 29.4486 21.9268 18 1
-26.3725 -29.8756 21.64 18 1
3.4715 4.09412 12.4307 18 0
2.28289 7.2866 15.1202 18 0
5.22832 3.32182 13.5289 18 0
29.5743 24.2868 22.0585 18 1
27.0558 -20.1866 20.6076 18 1
-11.8782 14.1999 19.5851 18 1
2.11058 5.99124 12.1543 18 0
-21.0148 3.28653 20.2623 18 1
29.0343 -10.6848 21.1311 18 1
7.26601 5.59579 16.6213 18 0
2.75995 5.66668 13.713 18 0
5.2775 2.39932 13.2953 18 0
5.9532 2.51722 13.7189 18 0
13.6502 4.09796 18.9316 18 1
4.33962 -10.622 18.2369 18 1
-19.2652 28.9875 21.003 18 1
-0.9291 3.37529 9.42613 18 0
-18.7487 26.2296 21.4471 18 1
-21.4222 0.359491 21.2838 18 1
-12.3893 14.2325 20.6115 18 1
-25.4829 28.218 21.9536 18 1
8.57392 9.67489 18.9947 18 0
-30 3.80591 20.4822 18 0
29.7597 15.8125 21.2995 18 1
2.37547 5.53099 13.7515 18 0
-18.99 10.3226 20.4558 18 1
3.78363 5.42149 14.1514 18 0
8.99318 29.7863 20.6277 18 1
-0.229329 2.67218 8.18779 18 0
17.6534 0.960262 19.8564 18 1
29.6519 18.4583 22.1131 18 1
4.44541 4.98928 13.9166 18 0
11.4148 10.4167 20.0478 18 0
-22.5719 25.6384 22.0968 18 1
-1.70684 30 20.9908 18 0
-6.19209 2.57938 14.2027 18 1
2.48112 27.4397 21.9295 18 1
28.8355 -18.5886 21.7171 18 1
3.29863 4.05894 11.8017 18 0
5.73436 4.35288 14.7884 18 0
-1.37527 -1.58006 7.39328 18 1
29.9935 -8.11232 20.06 18 1
-11.1241 0.403261 17.6284 18 1
-29.7565 -11.3042 21.6326 18 1
3.7199 4.09498 12.1955 18 0
27.0473 -24.2892 21.1733 18 1
0.190446 7.93456 14.3101 18 0
29.9133 15.6469 21.4154 18 1
-0.449156 -9.01409 16.1137 18 0
25.0803 16.0752 20.0044 18 1
10.2174 1.64436 17.2764 18 1
29.8292 -17.0534 20.5278 18 1
2.44405 3.84368 11.3908 18 0
7.65724 1.72289 15.4292 18 0
7.86091 8.15144 16.8439 18 0
-30 13.4526 21.5047 18 0
-28.5174 26.1668 21.8534 18 1
4.18966 3.55096 12.7712 18 0
2.30316 4.895 12.1521 18 0
-9.8755 20.1551 19.9936 18 1
5.0324 15.6545 19.5331 18 1
3.84437 4.1442 11.9264 18 0
7.92821 3.39996 15.7669 18 0
2.50718 5.74538 13.8784 18 0
8.94024 0.255229 15.5063 18 0
29.96 7.17165 20.4061 18 1
-29.4243 -18.8995 21.6162 18 1
19.6879 -28.6514 21.9533 18 1
7.09185 0.404039 14.387 18 0
22.9989 3.81908 19.9439 18 1
-30 30 19.9504 18 0
-29.9297 -28.9506 20.1333 18 1
4.4033 4.39369 13.9722 18 0
-29.4697 7.08604 21.5036 18 1
-29.9996 -23.3794 21.4795 18 1
0.572706 3.51913 10.2502 18 0
-19.652 -5.05393 20.3834 18 1
-1.99645 28.4977 21.3664 18 1
28.8994 17.1513 20.5442 18 1
-24.3776 29.9004 21.5859 18 1
28.4357 25.76 21.9786 18 1
4.58644 2.99733 12.4283 18 0
21.3229 -24.9264 21.2709 18 1
4.02022 2.39839 11.3032 18 0
0.228502 2.27126 7.23556 18 0
2.40621 6.23266 14.2467 18 0
9.61853 10.5276 19.6332 18 0
0.0069809 6.19016 12.4045 18 0
22.9645 10.1973 20.2296 18 1
-15.6441 21.8241 21.3505 18 1
22.9691 2.02264 19.2718 18 1
5.9217 2.87307 12.6304 18 0
6.0587 3.71908 13.9527 18 0
3.32571 5.3714 13.9704 18 0
4.02601 4.41068 13.0507 18 0
0.486446 3.64406 10.3807 18 0
-2.8468 0.572325 8.60483 18 0
0.136851 0.430868 3.07647 18 0
-1.43339 -3.04352 9.26521 18 0
3.3444 5.20045 13.4948 18 0
-0.37101 2.71141 8.50842 18 0
24.5811 29.8509 21.765 18 1
26.6686 12.8151 21.4585 18 0
0.700276 1.31061 5.79688 18 0
-29.6157 13.3787 22.0371 18 1
5.07147 4.15808 12.7457 18 0
13.2274 -11.4289 20.3466 19 1
-29.426 -28.0904 21.68 19 1
-13.0371 -15.3746 20.4192 19 1
24.6142 -26.1109 21.5865 19 1
29.8898 5.13186 20.3838 19 1
12.604 28.6732 21.9468 19 1
0.386936 -3.52085 10.1819 19 1
29.6417 -28.3893 22.1606 19 1
-17.7739 29.808 21.2826 19 1
3.56076 3.66433 12.5218 19 0
19.0315 30 19.8948 19 0
8.92859 9.69158 18.3046 19 0
3.757 25.2466 21.1437 19 1
2.86193 3.76606 11.0201 19 0
4.21813 2.68279 11.9556 19 0
-27.2062 -11.7355 21.3209 19 1
29.9964 4.77421 20.6674 19 1
2.84071 5.18681 12.4633 19 0
27.6946 -26.4674 22.1128 19 1
2.37046 3.94785 11.1512 19 0
22.9552 25.263 21.0063 19 1
26.0993 -26.2267 20.9976 19 1
-29.9402 23.9562 20.0538 19 1
0.994418 5.60563 12.6661 19 0
-0.114452 4.66027 11.2584 19 0
5.13171 3.70098 13.339 19 0
2.97842 4.61184 12.3965 19 0
4.48096 5.07036 14.0806 19 0
-19.0241 -6.44478 20.5261 19 1
3.0407 4.84709 11.6538 19 0
3.61458 5.23325 13.8589 19 0
7.71541 -29.3794 21.8214 19 1
1.53947 6.11618 13.6271 19 0
29.1776 -0.992329 20.3435 19 1
17.0305 -9.56762 20.4197 19 1
-29.86 -28.6519 21.6305 19 1
-11.2248 16.7711 20.4099 19 1
4.38477 -29.8797 21.4495 19 1
-13.6994 -17.4736 21.3303 19 1
3.21803 4.3122 12.4604 19 0
26.7077 -2.54655 21.7249 19 1
25.3212 -2.23496 21.3247 19 1
29.8587 -17.9674 20.3363 19 1
3.93139 3.35146 11.9162 19 0
7.45707 6.48682 17.4001 19 0
24.9851 11.2031 20.4 19 1
4.86076 1.98434 10.9335 19 0
2.34323 1.91087 8.51827 19 0
1.54048 3.20722 9.92225 19 0
30 3.35195 21.2155 19 0
3.33703 5.08774 13.0786 19 0
6.59907 7.77988 17.2613 19 0
11.9273 18.9211 19.4409 19 0
-21.6966 -29.937 21.2656 19 1
4.00553 3.25716 11.4697 19 0
3.71826 6.60443 15.2614 19 0
1.20173 29.0596 20.5421 19 1
3.35446 10.7647 17.8865 19 0
14.3447 -19.2925 21.3885 19 1
9.87182 10.0965 17.8709 19 0
-29.1099 -0.767717 20.8384 19 1
16.6877 29.7625 21.6986 19 1
29.7825 -20.9072 20.9217 19 1
-4.14619 -3.2244 11.7352 19 0
16.8715 -6.77164 19.6772 19 1
2.65874 4.76384 12.6759 19 0
4.10997 3.98479 11.3991 19 0
29.7871 -1.69359 21.4806 19 1
-9.43558 -25.9017 21.3635 19 1
2.54369 5.32247 13.5383 19 0
3.45062 4.18131 12.6616 19 0
-3.18615 6.00806 13.0709 19 0
6.0165 8.1642 15.8269 19 0
-28.7907 -28.7865 21.3837 19 1
6.55681 0.683237 14.3347 19 0
11.0241 2.77624 16.932 19 0
3.61379 2.73802 11.5247 19 0
4.57847 6.84295 15.6278 19 0
3.64088 17.8135 20.3047 19 1
3.77027 4.96818 12.6999 19 0
-22.2473 27.0467 20.9492 19 1
18.9313 7.06876 19.0906 19 1
10.6947 8.18287 18.7051 19 0
30 -15.4388 21.5117 19 0
16.9082 3.90477 18.7009 19 1
22.566 26.132 21.6799 19 1
4.76359 4.18737 13.298 19 0
7.98936 13.6078 19.4556 19 0
2.70068 -29.7057 21.6754 19 1
3.03856 4.43974 12.3518 19 0
13.0502 25.2952 20.9627 19 1
2.48689 4.32049 12.3457 19 0
1.74564 8.20477 15.4765 19 0
17.2541 -17.1435 20.7303 19 1
-1.3216 3.21596 9.59205 19 0
30 -3.88157 20.0591 19 0
-29.9999 -1.57817 21.3717 19 1
24.1279 -7.57917 21.247 19 1
-18.072 -23.9109 20.0348 19 1
7.6114 6.39063 17.35 19 0
3.67831 3.54978 12.5118 19 0
3.51437 3.88408 12.3007 19 0
-7.98356 -9.66125 18.0579 19 1
3.65614 4.34742 13.1935 19 0
2.7543 5.08178 12.3205 19 0
-22.0688 0.66316 20.6225 19 1
27.1922 29.5059 21.9249 19 1
-25.7947 -25.3457 21.7323 19 1
2.58913 3.8066 11.5092 19 0
28.6114 29.1043 21.6419 19 1
7.79966 10.2502 18.3176 19 0
1.82097 25.3384 21.2147 19 1
-25.2136 -6.84093 20.7532 19 1
3.96962 3.09202 10.4176 19 0
-13.2579 -26.4392 21.7998 19 1
3.49326 4.11628 12.5171 19 0
22.6586 -9.04847 20.8556 19 1
-27.4947 -2.95736 21.3352 19 0
22.7482 -28.7574 21.5885 19 1
23.3115 -19.697 21.7478 19 1
5.49479 22.9083 21.0809 20 1
5.04673 1.28871 11.7129 20 0
-17.2411 -4.80421 19.9118 20 0
-22.4559 -5.49922 21.5829 20 1
-21.3917 18.8552 21.4424 20 1
-4.31519 -28.6904 21.7053 20 1
3.75698 2.22916 10.8446 20 0
4.84131 1.61279 12.1019 20 0
5.69301 1.81423 13.1059 20 0
6.25192 6.87464 15.9297 20 0
-28.7264 1.11724 21.0301 20 1
4.05349 2.29668 10.9821 20 0
11.6632 -11.1865 19.7468 20 1
27.6873 -19.2909 21.8222 20 1
9.49913 9.56771 19.3622 20 0
-24.235 12.1602 20.9166 20 1
26.4335 29.3495 22.1708 20 1
4.17443 2.91314 11.0552 20 0
4.09854 3.08891 10.7435 20 0
-18.9272 -22.664 21.2 20 1
5.91215 1.29122 12.8728 20 0
4.38005 3.1186 12.3658 20 0
28.5653 -29.955 21.639 20 1
29.7988 -19.166 21.0891 20 1
24.3973 -4.7417 21.4698 20 1
-29.9661 28.6572 21.4235 20 1
-10.8707 28.8604 20.521 20 1
-0.0532875 16.4424 19.7585 20 0
3.77619 1.65877 10.7295 20 0
28.561 27.6204 22.2085 20 1
4.40609 11.6005 18.819 20 1
5.41658 0.910288 12.5306 20 0
4.07051 2.13284 10.0785 20 0
-29.9466 29.7409 21.1088 20 1
2.61415 3.30237 11.1104 20 0
-29.9837 -3.85768 20.1912 20 1
-29.354 -6.56775 21.9661 20 1
4.61874 1.76154 12.0592 20 0
2.88643 3.60554 11.3263 20 0
29.799 -12.1964 21.1351 20 1
9.10399 1.36093 16.1985 20 0
4.82226 2.0005 11.1071 20 0
-10.6225 28.9542 21.3353 20 1
6.75212 5.2491 15.7418 20 0
-22.7833 29.669 21.7481 20 1
9.09255 28.158 20.418 20 1
4.64559 4.59547 14.2928 20 0
15.9336 8.0386 18.5489 20 0
2.03551 1.42225 7.59388 20 0
-26.8665 8.12393 20.3468 20 1
14.1103 -17.8494 19.9492 20 1
29.9657 14.8596 20.3027 20 1
-27.2243 -6.95553 20.5896 20 1
8.01619 4.27211 15.6486 20 0
-21.8019 12.8089 20.7521 20 1
4.12701 2.38116 11.5409 20 0
-16.2001 -26.6667 21.5671 20 1
-28.9148 -27.4086 21.6365 20 1
9.57543 2.38067 17.3191 20 1
4.42358 3.61625 13.3613 20 0
1.87855 30 20.0669 20 0
29.6125 11.5648 22.0632 20 1
-21.89 28.544 21.6861 20 1
4.32742 6.44219 15.5484 20 0
4.22264 2.66018 12.0103 20 0
10.4578 8.96542 18.8615 20 1
20.8718 9.10736 19.8304 20 1
2.97243 2.94745 9.02768 20 0
13.8324 1.34516 18.9497 20 1
3.34147 3.99973 11.8916 20 0
7.5346 2.73534 15.6947 20 0
-25.6334 4.9819 21.0439 20 1
24.9044 -25.869 20.4713 20 1
-27.3449 10.4904 21.942 20 1
3.19519 2.94124 10.0092 20 0
-4.68798 29.6383 21.8324 20 1
29.0073 -21.1379 20.3155 20 1
-7.4477 -19.9413 20.7397 20 1
-0.381714 -13.6975 19.2495 20 0
4.5719 3.52435 13.4886 20 0
3.53742 3.97404 12.2866 20 0
28.0377 27.6039 21.5488 20 1
1.73245 -5.42833 13.1805 20 0
-1.96452 26.2294 20.4967 20 1
4.37388 2.32546 12.2318 20 0
-22.8915 -26.4228 21.6284 20 1
-0.556808 23.669 21.5248 20 1
7.29059 2.85444 14.9131 20 0
2.06278 -11.9265 16.6248 20 0
5.12918 26.1549 20.388 20 1
4.09286 2.67521 11.4915 20 0
3.70419 5.54342 14.392 20 0
-1.13674 -27.8731 20.3656 20 1
-8.23679 8.70654 18.1354 20 1
20.1431 5.95276 19.4906 20 1
6.95669 1.58794 14.37 20 0
3.94716 3.5713 12.2749 20 0
-22.3179 -28.7777 21.7156 20 1
1.07704 0.672294 4.77421 20 0
30 12.8676 20.2115 20 0
-6.90051 -28.3023 21.117 20 1
3.85924 2.41733 11.3252 20 0
6.62668 0.61806 14.4277 20 0
25.0068 25.1732 20.5076 20 1
21.5606 -24.3628 22.0634 20 1
-2.13374 25.3575 21.15 20 0
3.34525 2.48792 11.1688 20 0
3.84147 -3.15583 11.0827 20 0
4.52967 2.37226 12.5814 20 0
-0.424884 0.910245 4.38943 20 0
10.1595 9.62035 19.0434 20 0
4.85912 1.61245 12.0841 20 0
14.9209 -5.60692 19.5698 20 1
29.5454 5.57907 22.0349 20 1
18.7445 28.8767 21.1598 20 1
3.57782 2.71587 11.5439 20 0
13.2654 -3.33183 19.0827 20 1
-1.79479 -10.1858 16.6877 20 0
-20.3821 27.1151 21.5473 20 1
2.26186 -2.00663 8.08918 20 0
-19.9299 -17.0121 19.6386 21 1
30 19.7096 21.1392 21 0
4.0151 3.73305 11.9473 21 0
0.49287 5.88725 13.158 21 0
-23.0897 -12.6075 21.2009 21 1
3.95957 3.529 12.2796 21 0
4.53734 2.07712 11.8861 21 0
28.9994 -15.0242 19.8184 21 1
-22.7869 -27.437 21.882 21 1
26.5545 20.0006 21.5072 21 1
5.46844 13.2326 19.4311 21 1
-9.35764 -27.8628 21.3924 21 1
12.6154 23.4996 21.841 21 0
24.6255 29.7268 21.9794 21 1
-3.30658 -29.9539 21.0796 21 1
-22.7059 -21.8465 21.3266 21 1
-16.2525 29.9916 20.9228 21 1
-29.6972 21.1463 21.452 21 1
2.03164 5.1611 11.4625 21 0
-12.9317 -25.8798 20.1161 21 1
-22.7607 -17.7385 21.3828 21 1
29.1572 -12.2315 21.0943 21 1
-29.402 22.8492 21.7247 21 1
4.62434 2.9888 12.3835 21 0
2.76162 4.82018 12.3178 21 0
3.64446 3.11708 11.5028 21 0
4.11056 3.22026 11.5501 21 0
-23.5038 18.4025 22.0218 21 1
19.4376 19.5775 21.9091 21 1
10.1862 29.9101 20.6345 21 1
20.1845 -29.9945 20.5846 21 1
29.4358 4.80852 21.668 21 1
9.83686 9.4413 18.997 21 0
1.38358 26.5582 21.821 21 1
12.8438 -2.98424 17.4478 21 1
-29.042 22.5137 21.6229 21 1
4.59197 3.19129 12.8611 21 0
-0.164261 4.99384 10.722 21 0
3.85166 3.77457 11.9349 21 0
3.18229 4.32452 12.3777 21 0
3.31054 4.02936 11.7943 21 0
3.66948 3.44596 12.4142 21 0
16.0911 -29.8075 20.7354 21 1
28.4773 29.3949 22.2462 21 1
3.92029 3.19992 11.1308 21 0
3.59279 3.52485 12.5011 21 0
4.40348 2.00003 11.5328 21 0
12.1394 -15.5899 20.5923 21 0
-24.458 24.2021 21.8485 21 1
6.44519 -16.8423 20.3357 21 1
3.53264 4.06203 12.4039 21 0
15.3979 29.8577 21.6291 21 1
25.8641 -29.5654 21.7627 21 1
4.26331 2.95607 11.5638 21 0
3.96828 2.44939 11.3608 21 0
2.82579 3.93426 10.6488 21 0
0.460395 6.3089 14.0287 21 0
-13.0502 5.7892 18.2455 21 1
29.8371 28.7793 21.2402 21 1
3.46231 4.28626 12.9937 21 0
-11.3998 7.19086 18.9446 21 1
4.1659 3.44112 12.5964 21 0
-21.4349 3.02932 20.7486 21 1
-18.1915 -9.76105 20.4001 21 1
7.39138 -26.07 21.2185 21 1
-27.1597 -26.0636 20.5471 21 1
-17.8845 24.2609 21.0317 21 1
29.9809 26.0596 20.0293 21 1
-13.7712 -10.6235 20.2611 21 1
3.20091 13.2513 18.6502 21 0
29.6091 -20.5685 22.1651 21 1
3.57783 7.66516 16.1732 21 0
-2.89538 6.80163 13.9452 21 0
1.21906 3.39926 9.98089 21 0
-29.9322 26.6576 21.4507 21 1
25.9874 28.159 20.472 21 1
-0.661964 -29.7072 21.7456 21 1
8.50649 -25.1633 21.4646 21 0
-29.9388 21.6554 21.4092 21 1
28.2945 -28.9285 21.286 21 1
3.82318 6.11423 13.6856 21 0
-13.4945 -7.31538 19.9396 21 1
4.27019 2.76743 11.9882 21 0
28.8677 26.4972 21.7902 21 1
27.8982 2.69609 21.0735 21 1
4.52684 2.41745 12.6435 21 0
-29.1582 26.9262 20.591 21 1
-8.9002 -3.10708 15.229 21 0
7.35907 14.4418 20.2407 21 0
25.4797 -12.7449 21.7632 21 1
4.66076 4.94259 13.8424 21 0
4.45132 3.93038 13.1058 21 0
14.3547 -30 21.3226 21 0
26.6568 5.71223 21.6205 21 1
4.62823 2.07974 11.863 21 0
3.68136 3.87207 12.1756 21 0
2.20542 2.78054 9.34761 21 0
17.128 30 20.2349 21 0
-26.0495 -21.2392 20.8806 21 1
7.43278 -0.847883 14.9294 21 0
16.6185 25.2781 21.8069 21 1
3.15277 3.18268 10.4685 21 0
-5.77846 -21.6144 21.123 21 1
4.82201 2.38407 12.515 21 0
17.459 17.8099 21.3894 21 1
2.15168 6.47116 14.2773 21 0
4.59698 3.97417 13.1628 21 0
4.5868 -29.774 21.7329 21 1
4.03231 3.02385 10.2373 21 0
9.99255 9.90333 17.4989 21 0
9.95289 21.9321 19.5117 21 0
29.6787 -4.6454 21.8392 21 1
4.54268 3.64646 13.4869 21 0
3.74415 9.29591 17.0192 21 0
29.0866 -16.1004 20.2401 21 1
6.24003 9.25348 17.5715 21 0
3.78773 3.41906 12.2724 21 0
3.98106 2.47493 11.4089 21 0
-21.475 -5.90785 20.9337 21 0
-29.4335 -10.3799 22.0362 21 1
9.83633 9.39218 18.9192 22 0
-29.7523 -28.9544 21.0349 22 1
3.84399 3.20335 11.3358 22 0
3.63235 4.07567 12.3635 22 0
-15.829 -10.3932 20.4865 22 1
-29.9874 26.0464 19.9883 22 1
20.7421 -29.5659 21.9801 22 1
-26.7047 29.7947 21.6505 22 1
14.7652 29.4835 21.8917 22 1
25.0078 -15.5301 21.3988 22 1
3.52591 5.7897 14.3595 22 0
-1.96025 -19.6503 20.2823 22 0
-23.6133 -21.8668 21.5498 22 0
14.6884 -24.3944 21.8033 22 1
3.90835 3.60416 12.2656 22 0
28.8548 -22.9768 20.3826 22 1
-19.8517 29.9969 20.3735 22 1
3.91022 3.91642 11.2228 22 0
-29.9973 2.07771 19.8699 22 1
4.15639 3.40904 12.5004 22 0
-10.2312 28.2155 21.2503 22 1
22.7814 -29.5315 21.9404 22 1
-23.0313 -14.3902 21.1784 22 1
14.4739 3.27431 19.6999 22 1
22.715 10.3086 21.382 22 1
19.1772 -24.6258 21.5989 22 1
5.89294 4.26305 14.1488 22 0
3.54457 3.07083 11.4434 22 0
3.58631 3.62839 12.5366 22 0
5.83995 -16.0157 18.7737 22 1
-6.91549 -3.96624 13.7318 22 1
21.8213 -8.46638 21.2264 22 1
3.99181 3.14207 10.7132 22 0
2.73138 -14.6895 19.5173 22 1
-29.979 -18.5584 21.5523 22 1
-12.5056 11.931 20.0275 22 1
-6.87246 18.2628 20.0916 22 1
3.96791 3.6025 12.2513 22 0
19.812 -17.2537 21.0364 22 1
4.27002 3.05868 11.7055 22 0
20.0334 -19.4835 21.3422 22 1
3.01779 3.95432 10.1661 22 0
-29.8138 -23.9167 20.7542 22 1
3.49793 4.91987 13.2617 22 0
3.9124 3.33174 11.8508 22 0
-1.60964 30 21.3119 22 0
-29.8529 -6.5135 21.6314 22 1
29.2798 -7.65604 21.7516 22 1
2.74797 4.26988 12.0311 22 0
-27.4688 18.3674 22.0939 22 1
25.9111 27.3987 21.5995 22 1
-20.762 11.4619 21.3804 22 1
3.22367 4.23256 12.1469 22 0
3.33741 4.38254 13.0092 22 0
18.8556 24.329 21.3885 22 1
3.67138 6.60208 15.3181 22 0
-22.7754 -16.2539 21.2663 22 1
3.99798 3.91678 11.1127 22 0
27.8616 18.6479 21.52 22 1
15.675 6.81173 19.9717 22 1
-12.7454 27.6326 21.7436 22 1
3.72287 3.56899 12.4902 22 0
4.85622 4.24841 13.3183 22 0
-2.57208 8.92646 16.3441 22 1
11.6838 27.7961 21.4945 22 1
4.13888 3.18559 11.4837 22 0
28.3591 29.222 21.8599 22 1
3.933 3.41969 12.1291 22 0
4.9493 -13.4137 19.0227 22 1
4.29428 2.69563 12.2171 22 0
-5.378 -21.608 21.3878 22 0
-1.53585 -25.614 21.7661 22 1
-9.21944 -29.408 21.7387 22 1
-17.3249 11.4372 21.1541 22 1
3.96658 3.01919 10.157 22 0
5.36385 2.95044 13.144 22 0
26.6621 12.7829 21.5604 22 1
2.63859 1.18349 8.54396 22 0
-14.6555 14.3218 21.0076 22 1
14.748 3.19395 19.1704 22 1
-13.6394 -4.59797 19.6235 22 1
7.9914 3.76798 15.2422 22 0
9.85069 10.1375 18.1493 22 0
-15.649 -30 21.3256 22 0
28.584 17.462 22.1436 22 1
20.0102 -29.8398 20.4421 22 1
4.55627 5.79205 14.9518 22 0
3.8576 3.31962 11.8743 22 0
0.921793 -2.11505 6.02533 22 0
22.0887 9.56306 21.0898 22 0
3.91829 3.76146 11.8383 22 0
3.95082 5.94241 12.8578 22 0
3.71941 5.94575 13.8443 22 0
4.22595 3.157 11.8124 22 0
5.08677 -3.20252 12.3944 22 0
29.1733 -27.1489 20.9507 22 1
12.2991 -0.809174 18.1884 22 1
-12.5086 -2.43724 19.0372 22 1
8.40964 1.16679 15.8565 22 0
13.0004 -12.2355 19.3915 22 1
8.10561 30 20.0268 22 0
30 18.5815 21.516 22 0
4.14685 3.72894 12.3635 22 0
3.20372 3.32227 11.3787 22 0
-28.1826 29.9545 20.6746 22 1
-8.54099 30 21.4588 22 0
2.79383 -4.21036 11.6346 22 0
3.09527 3.75168 11.1456 22 0
-29.9014 28.8416 20.6898 22 1
7.53831 2.49503 15.8386 22 0
3.76713 2.89611 10.9347 22 0
29.3947 29.9342 21.5997 22 1
6.41778 1.51145 14.4533 22 0
-29.2394 11.7236 21.534 22 1
3.84655 3.90411 11.4973 22 0
3.7291 3.15417 11.4508 22 0
3.34686 4.28262 12.767 22 0
1.6534 -8.86865 16.0788 22 0
21.2397 11.8877 20.5673 22 1
-26.5335 -29.9355 21.6775 22 1
29.4952 -29.4435 22.2836 23 1
4.63588 2.62397 12.7981 23 0
6.4674 28.8085 21.6775 23 1
3.41454 -27.0261 21.228 23 1
28.8307 21.4119 21.7606 23 1
3.5843 3.86749 12.321 23 0
4.36159 2.42178 12.3752 23 0
18.7994 -1.54482 20.6092 23 1
29.8725 28.1345 20.6848 23 1
20.0272 -12.727 20.4975 23 1
4.19343 2.58976 11.977 23 0
26.26 -26.3092 21.8061 23 0
-19.5512 10.7794 21.1853 23 1
21.4892 4.53612 21.4496 23 1
-2.52194 1.42493 9.05025 23 1
29.6608 -3.55758 21.9454 23 1
4.10871 2.78528 11.1613 23 0
-23.1701 -8.29175 20.9849 23 1
3.67921 3.61694 12.5202 23 0
-28.5858 -29.9918 21.5885 23 1
-24.6971 -18.2636 21.6446 23 1
3.87643 3.72805 12.0368 23 0
-24.9931 17.9762 19.7593 23 1
28.7529 -26.1683 21.3462 23 1
23.181 29.9713 20.6066 23 1
3.25538 7.78694 15.5526 23 0
-28.6486 -11.9069 21.3428 23 1
4.60856 2.13362 12.0186 23 0
30 30 19.9504 23 0
4.63008 2.16695 12.1007 23 0
4.2311 2.60725 12.097 23 0
3.44136 3.14169 11.5116 23 0
-2.27812 -7.06363 14.2652 23 1
19.5014 -28.464 22.1937 23 1
5.44253 3.61412 14.3495 23 0
-23.622 -29.3174 22.0529 23 1
3.98722 2.8054 10.7292 23 0
23.5244 4.06025 21.0637 23 1
-23.9347 28.3728 21.4971 23 1
2.62829 4.76901 12.708 23 0
0.28705 5.52057 13.0238 23 0
27.4258 -29.2516 22.0129 23 1
20.651 -29.6541 22.0348 23 1
25.0262 -17.5839 21.3908 23 1
3.98844 3.05727 10.2631 23 0
3.93305 3.21259 11.1923 23 0
3.12183 4.05447 10.722 23 0
26.8725 -15.6761 21.3407 23 1
-29.7058 -11.6125 21.9024 23 1
3.87798 3.39266 12.0973 23 0
-6.65642 -25.5162 21.7773 23 1
2.12593 3.03358 8.55654 23 0
4.53205 2.49126 12.7215 23 0
15.289 30 21.0868 23 0
29.8756 -15.7645 21.0573 23 1
9.95597 9.95974 17.3637 23 0
4.69697 1.9524 11.6077 23 0
5.74944 8.9782 16.652 23 1
30 30 19.9504 23 0
-30 -15.1077 20.1107 23 0
2.95275 4.71372 12.1699 23 0
4.59792 2.44381 12.7256 23 0
9.93784 -10.2277 18.3539 23 1
8.71748 29.7502 21.5649 23 1
2.16685 7.1701 14.1518 23 0
4.0508 2.96267 10.2684 23 0
29.9921 -12.4684 21.5067 23 1
-22.0849 26.9974 20.0385 23 1
3.88743 2.86016 10.5995 23 0
-1.27647 19.3092 20.655 23 1
3.4654 3.72572 12.4104 23 0
-23.5689 24.3352 22.06 23 1
1.91308 2.9175 8.14029 23 0
3.91175 3.20176 11.1574 23 0
15.6418 30 21.3472 23 0
7.21089 -4.6566 15.9215 23 1
-18.5696 -29.2347 21.902 23 1
3.86614 2.9919 10.4008 23 0
-17.6338 -6.14877 20.3284 23 0
6.26374 11.6299 18.9499 23 0
20.3632 -19.0556 21.1767 23 1
8.60366 17.4419 21.0191 23 1
24.8758 17.0084 20.086 23 1
26.5475 21.6697 22.0742 23 1
27.5901 -18.5275 22.1356 23 1
29.3637 11.2994 21.8661 23 1
3.67556 3.59861 12.5243 23 0
-25.9422 -21.4696 21.5706 23 1
3.87209 2.92457 10.4413 23 0
6.30246 15.348 20.1668 23 1
4.22048 2.87015 11.4561 23 0
-24.1058 2.75253 20.5773 23 1
-13.7974 -5.68442 19.3466 23 1
25.1321 20.872 20.5386 23 1
20.5944 -1.61231 21.1896 23 1
3.53813 3.385 12.2888 23 0
-2.35551 25.483 21.7351 23 1
27.7152 -29.9887 21.1786 23 1
-2.39839 6.84203 14.6651 23 0
9.65572 9.41485 19.2564 23 0
5.53713 -9.42556 18.0627 23 0
3.47949 8.78284 16.7856 23 1
3.90118 3.30731 11.756 23 0
3.7769 3.86288 11.8961 23 0
-5.08923 -1.86265 11.3109 23 1
23.1965 -7.0585 20.1895 23 1
-13.4479 -0.526556 19.3563 23 1
3.6169 16.9844 19.8675 23 0
19.3167 23.2555 21.6384 23 1
7.9173 18.3851 20.4786 23 0
-13.5149 28.6617 22.0248 23 1
30 -9.16106 20.3323 23 0
3.09731 9.15952 15.6519 23 0
3.89682 3.54676 12.3022 23 0
18.6365 -28.3419 22.0044 23 1
3.20663 3.57523 11.8447 23 0
4.12291 2.89595 10.7824 23 0
0.512632 6.40785 14.2608 23 0
3.88255 4.11193 11.61 23 0
4.10472 2.65178 11.5856 23 0
3.64186 2.92358 11.248 24 0
-17.466 -20.845 21.4784 24 0
13.1944 25.3952 21.5698 24 1
-20.6654 27.1717 21.5752 24 1
-8.95948 -2.47694 16.3574 24 1
-29.1879 12.1503 20.868 24 1
14.4478 26.2743 21.853 24 1
-17.988 -18.2555 20.5667 24 1
3.59958 3.08995 11.4761 24 0
25.5535 -19.527 22.1255 24 1
3.04168 3.93205 10.2616 24 0
2.11832 -28.7668 20.8566 24 1
23.6797 28.6304 22.0399 24 1
-6.19818 -27.868 20.7205 24 0
5.159 2.03616 11.4567 24 0
9.48969 9.45586 19.3352 24 0
27.1462 29.2382 21.2414 24 1
-26.7352 -28.7575 21.6632 24 1
3.84378 2.68771 11.3243 24 0
-9.31036 21.436 21.4598 24 1
-28.0824 -29.7963 20.8751 24 1
3.80614 3.04943 10.7707 24 0
3.91409 2.91895 10.3158 24 0
-27.8701 -4.85802 20.4245 24 1
-27.5845 -6.51474 21.9601 24 1
3.96916 1.37753 10.5373 24 0
3.90414 2.62735 11.3723 24 0
-2.93796 -9.71912 16.5182 24 1
2.9097 3.45121 11.209 24 0
-28.6417 -22.6222 22.0942 24 1
16.0151 -4.95992 18.1809 24 1
-7.21148 -24.6922 21.2482 24 1
-25.6403 9.84595 21.3409 24 1
-27.5668 -17.779 21.8315 24 1
3.756 3.42681 12.3228 24 0
3.808 3.31199 11.9335 24 0
0.100589 -7.59114 14.8997 24 0
-20.9631 14.9082 19.7184 24 1
2.86907 4.14089 10.981 24 0
3.42268 3.38769 12.1573 24 0
3.95551 2.79884 10.7585 24 0
28.5303 -26.3092 22.1252 24 1
15.663 -14.3012 21.0636 24 1
5.77691 3.8739 13.6942 24 0
30 30 19.9504 24 0
-7.52245 25.1149 21.3406 24 1
17.6124 -20.6843 21.7299 24 1
4.46942 2.18013 12.0618 24 0
8.22694 3.58154 16.4005 24 0
-28.1635 19.8549 20.8061 24 1
7.82642 -13.8744 18.8246 24 1
17.7235 26.0014 20.967 24 1
-10.3381 -30 21.2257 24 1
5.29507 4.82991 14.3536 24 0
-28.5616 19.786 21.8673 24 1
-24.9285 18.3841 21.3877 24 1
4.12372 3.11448 11.0077 24 0
3.9018 3.63638 12.2276 24 0
-29.5312 -2.60589 22.0029 24 1
-13.0257 12.5177 20.1676 24 1
-28.9879 -28.9289 20.0727 24 1
-29.2604 -29.8039 21.5209 24 1
4.78284 27.3772 21.5513 24 1
3.55321 -23.3757 21.575 24 1
-30 30 19.9504 24 0
5.20311 -3.63469 13.7372 24 0
10.7762 28.4514 21.7738 24 1
3.6522 3.65252 12.5224 24 0
-14.3632 -27.2445 21.7273 24 0
-2.52313 15.9265 19.7195 24 1
-25.7292 -30 21.099 24 0
4.02548 2.6917 11.2652 24 0
3.85218 3.171 11.1304 24 0
-17.321 22.7028 21.6693 24 1
3.86584 3.67947 12.1903 24 0
2.7016 3.13661 10.3873 24 0
2.1186 -7.60931 15.1924 24 0
1.8226 24.2522 20.8387 24 1
21.054 -29.9735 19.982 24 1
30 14.1987 20.6034 24 0
-7.40397 -14.2662 20.0287 24 1
13.6921 -4.10291 18.8213 24 1
8.26512 0.897534 15.1239 24 0
-30 30 19.9504 24 0
11.8108 30 20.5226 24 0
3.41391 2.90804 11.121 24 0
23.1331 8.30018 20.9021 24 1
4.2454 2.65027 12.1068 24 0
6.25031 1.95258 13.1848 24 0
3.96801 2.82824 10.6112 24 0
-14.0928 -22.8875 20.051 24 1
3.76088 2.93924 10.8898 24 0
4.24939 2.30035 11.7623 24 0
3.12777 3.37129 11.279 24 0
-8.72873 4.20783 16.5716 24 1
8.08938 27.8271 20.4589 24 1
6.55186 18.3534 20.9871 24 1
17.5039 -27.9656 21.5415 24 1
2.63078 0.756755 8.41162 24 0
18.3327 22.4663 21.9086 24 1
26.9157 -24.7801 20.9135 24 1
3.41402 3.41611 12.1937 24 0
3.34826 3.46598 12.1421 24 0
-29.9999 23.7156 21.1478 24 1
7.11064 -29.6329 21.4 24 1
2.54214 4.75498 12.7616 24 0
-17.4608 2.38903 20.6442 24 1
7.53155 2.18851 15.3822 24 0
10.0143 9.86101 17.7093 24 0
3.79242 2.86208 10.9269 24 0
2.59651 4.15432 11.8352 24 0
3.94265 2.82042 10.6643 24 0
29.9432 28.7309 21.1568 24 1
3.62549 3.46409 12.4452 24 0
0.367251 -14.4947 19.7113 24 0
3.88099 3.10824 10.6898 24 0
3.91565 3.0398 10.298 24 0
24.2776 -26.2304 21.6154 24 1
22.9883 -20.5259 21.457 24 1
-21.3782 25.0454 21.4018 24 1
9.4366 9.48274 19.319 25 0
3.90371 2.8031 10.8053 25 0
-0.0799179 24.1157 19.8059 25 1
4.10949 3.067 10.7111 25 0
10.7671 18.0784 20.059 25 1
-4.41916 -1.57928 12.0027 25 1
3.93023 3.76677 11.7994 25 0
3.85214 3.17398 11.1473 25 0
4.04247 2.06413 9.62673 25 0
4.09456 3.07504 10.6612 25 0
21.5952 30 21.5203 25 0
10.3365 27.1363 21.3175 25 1
-26.7022 -11.0309 20.9733 25 1
6.3764 24.6212 21.6826 25 1
4.40264 2.64508 12.556 25 0
4.02711 2.76825 10.9646 25 0
23.4036 21.7417 21.8542 25 1
9.29951 15.5951 20.6167 25 1
3.64477 3.84881 12.2835 25 0
30 -13.4558 21.5077 25 0
29.19 -29.1755 21.1533 25 1
-28.8966 -26.3894 21.6252 25 1
4.31739 2.95166 11.8603 25 0
3.55846 3.77035 12.4424 25 0
3.94288 3.12776 10.6422 25 0
3.34598 3.7436 12.148 25 0
24.2084 -20.8433 20.9994 25 1
8.48719 -24.7003 21.6997 25 1
-17.6592 -29.9944 21.3145 25 1
-19.7278 8.52819 21.1909 25 1
3.98708 29.5922 21.3419 25 1
-27.7562 3.05305 20.6975 25 1
27.5805 4.29894 21.7772 25 1
3.37424 8.53441 16.8243 25 0
30 30 19.9504 25 0
12.7839 22.202 20.8946 25 1
-2.85684 7.36509 15.194 25 0
-0.693583 19.8954 20.2716 25 1
-0.138628 29.9901 20.1576 25 1
0.178466 6.8842 13.361 25 0
0.652779 -5.06326 11.8121 25 1
-5.29771 27.366 21.7118 25 1
3.97821 3.47701 12.244 25 0
3.87002 5.81969 13.534 25 0
5.44632 2.85755 13.4847 25 0
-2.15768 -30 20.2655 25 0
3.99295 2.96182 10.1388 25 0
-19.9612 22.1787 20.4071 25 1
-26.9763 -25.2437 20.9383 25 1
29.426 -18.4184 22.157 25 1
2.68026 3.19259 10.6614 25 0
-1.59351 -9.74321 17.1219 25 1
-20.4815 8.01882 20.8269 25 1
3.79923 3.21834 11.5425 25 0
4.67128 2.73245 12.6683 25 0
3.96454 3.22952 11.2775 25 0
3.63631 3.35864 12.2613 25 0
-2.43269 -22.4315 21.4932 25 1
4.13419 2.8744 10.9226 25 0
4.3095 3.04535 11.8895 25 0
-29.9985 -29.8462 20.4776 25 1
5.18241 10.0921 16.8307 25 1
-29.9817 26.0128 19.9403 25 1
3.80682 5.45661 14.1771 25 0
-29.2153 -27.4268 21.9374 25 1
4.94186 0.360342 11.635 25 1
-14.1812 12.6521 20.4336 25 1
3.98643 3.15183 10.7728 25 0
-26.0891 -13.2953 21.0726 25 0
29.9589 23.9526 20.0149 25 1
7.11131 -6.3653 16.4794 25 1
4.07366 3.35572 12.0876 25 0
1.54912 3.12549 9.62295 25 0
-8.88619 21.4637 21.0734 25 1
29.6077 30 21.5503 25 0
4.36477 2.84467 12.1941 25 0
3.95548 3.62916 12.211 25 0
3.77023 2.81148 11.1477 25 0
30 -30 19.9504 25 0
0.00921822 5.86203 11.7119 25 0
30 30 19.9504 25 0
-22.7585 -13.4247 21.5835 25 1
29.9609 -29.9899 19.9933 25 1
27.1698 29.234 21.3089 25 1
-21.0157 -17.765 20.586 25 1
-8.92739 -17.7975 19.7064 25 1
4.521 3.23282 12.9622 25 0
-9.45123 15.2327 20.4778 25 1
-24.9256 -12.6816 21.0664 25 1
1.46336 5.27983 12.9427 25 1
3.94798 2.83851 10.5726 25 0
0.979675 15.8431 18.4351 25 1
22.6807 4.48702 21.4659 25 1
4.83456 25.0103 20.0513 25 0
1.69528 8.38743 16.1775 25 0
-14.1308 26.2421 20.9818 25 1
-19.0813 -27.7002 21.2204 25 1
15.4871 -29.6692 22.0658 25 1
3.04959 10.1831 16.2965 25 0
-29.9464 -21.5254 21.6312 25 1
3.19106 5.36483 13.5843 25 0
3.96593 2.81444 10.6793 25 0
29.9481 25.4167 21.5995 25 1
10.0306 -8.74529 18.0628 25 1
7.36123 16.4383 20.6959 25 0
3.85165 3.3257 11.9083 25 0
17.2453 -21.1444 20.9153 25 1
9.853 26.4671 21.521 25 0
3.50099 3.20543 11.8009 25 0
9.95359 9.96501 17.3598 25 0
3.93958 3.06295 10.3193 25 0
-0.112907 -29.9821 20.0284 25 1
-25.8188 29.6803 21.6443 25 1
-22.5466 28.8173 21.8443 25 1
3.90521 2.83336 10.667 25 0
3.96906 3.03879 10.2019 25 0
-21.0758 -20.443 21.4273 25 1
-2.78046 26.4821 21.5861 25 1
-22.5513 -30 21.5932 25 0
16.901 -14.9227 19.5574 25 1
-23.0431 26.4555 21.577 26 1
5.52082 2.79321 13.6845 26 0
3.23703 3.25824 11.2575 26 0
10.0213 2.27703 16.5342 26 1
3.52413 3.35661 12.2223 26 0
3.91137 3.78081 11.7687 26 0
-5.63937 20.3634 21.1872 26 1
3.57127 4.01084 12.3108 26 0
3.98141 3.01154 10.1404 26 0
3.02272 2.90232 9.19218 26 0
15.4203 29.9855 21.4873 26 1
23.7772 26.301 21.6553 26 1
3.24775 3.88242 11.4851 26 0
28.4378 -12.2451 21.8278 26 1
9.47114 9.48605 19.3425 26 0
4.00645 2.85791 10.4914 26 0
-7.15952 21.5495 21.0991 26 1
21.1095 28.4658 21.6823 26 1
29.2265 29.5508 21.9926 26 1
-6.87074 30 20.1352 26 0
-15.5183 -20.0371 21.1733 26 0
4.04202 3.06641 10.3996 26 0
4.05012 3.25771 11.5586 26 0
3.72443 3.15841 11.481 26 0
3.95994 2.95471 10.1515 26 0
-11.5881 -29.996 21.429 26 1
-13.0472 28.3932 21.387 26 1
6.49455 3.50778 15.3083 26 0
-1.05879 9.11766 14.9507 26 1
3.90846 3.18825 11.0799 26 0
-29.4517 -10.5549 22.0911 26 1
3.90947 3.02483 10.2799 26 0
3.43809 3.74798 12.3505 26 0
22.9002 -6.00288 19.5439 26 1
3.98668 2.85138 10.5026 26 0
-29.9081 28.0906 20.3416 26 1
8.73888 18.3001 20.7548 26 1
-29.9281 -19.683 21.314 26 1
3.6783 3.455 12.4239 26 0
3.99399 3.00359 10.1362 26 0
-19.8174 9.6749 20.8555 26 1
9.28051 3.59003 17.2259 26 0
28.9852 28.0236 19.954 26 1
5.91084 26.2656 20.8198 26 1
3.96013 2.8575 10.4741 26 0
2.40499 2.93901 9.97751 26 0
-29.4855 24.9744 21.638 26 1
30 25.2383 20.9299 26 0
-29.8565 18.6646 21.5246 26 1
9.47428 0.0704327 16.5217 26 0
2.49963 -0.375622 8.30409 26 0
7.24603 23.4108 21.4303 26 1
2.48682 4.67064 12.7767 26 0
29.1826 30 20.6395 26 0
8.37204 1.52467 16.2839 26 0
4.07226 3.59854 12.4014 26 0
3.83319 3.05574 10.6666 26 0
3.96084 1.4532 10.6989 26 0
-29.7837 23.5417 21.9397 26 1
-1.65343 -19.4966 21.0053 26 0
11.1833 2.73919 17.6084 26 1
29.3109 -2.52449 21.9001 26 1
-8.92419 3.37012 16.4215 26 1
28.8398 13.2429 21.1573 26 1
21.0581 -19.4227 21.3452 26 1
-22.6628 -29.8382 21.6158 26 1
0.0627346 20.806 19.7783 26 1
-29.1755 -9.54369 21.6836 26 1
29.7857 13.392 21.7638 26 1
28.6911 21.7077 21.863 26 1
9.93538 9.99561 17.3834 26 0
-13.8389 -30 20.3821 26 0
-29.8073 -27.1676 21.1245 26 0
-23.1604 -21.9099 20.5066 26 1
-13.904 24.8104 20.5435 26 1
2.63752 4.39801 12.5501 26 0
5.91777 2.15598 12.4704 26 0
4.22599 2.60779 12.079 26 0
28.4438 -4.43549 21.9821 26 1
-25.325 8.9552 20.9821 26 1
3.92611 2.8949 10.3644 26 0
29.7856 15.1446 21.0216 26 1
3.96381 3.02575 10.1723 26 0
-1.00241 -22.496 20.8903 26 1
-18.0261 -20.4221 21.2402 26 1
13.8273 -8.5834 19.8972 26 1
3.8129 2.94418 10.66 26 0
-22.5599 -13.0359 21.1937 26 1
0.481495 11.2806 18.1141 26 1
18.4586 16.4199 21.7125 26 1
3.79362 2.8532 10.9489 26 0
28.9724 -26.22 20.8413 26 1
-29.9445 -22.4681 21.6377 26 1
3.84365 3.07473 10.6863 26 0
7.28812 -23.7411 21.2579 26 1
3.9338 3.15155 10.802 26 0
4.01841 2.99327 10.1638 26 0
-24.7405 -29.9999 21.0363 26 1
30 30 19.9504 26 0
5.41374 -5.33288 15.3822 26 0
3.89169 3.01662 10.3251 26 0
4.2639 4.28345 13.3479 26 0
11.3748 27.6883 21.8466 26 1
6.22396 -13.8364 18.9739 26 1
27.6351 -26.2768 21.9664 26 1
2.90056 -0.572664 8.59493 26 1
-2.3749 -26.2022 21.4197 26 0
29.6714 -16.9607 21.2778 26 1
-30 -22.9619 19.9428 26 0
25.4029 -4.87011 21.2676 26 1
3.72257 3.5444 12.4828 26 0
11.9537 -28.5488 21.4646 26 1
1.21587 -12.353 18.4387 26 1
-5.01342 -24.0072 19.3828 26 1
3.91696 3.7153 12.0131 26 0
-28.0352 -10.3419 21.1862 26 1
-12.3749 30 21.3571 26 0
0.5962 -14.4834 19.7405 26 0
22.3873 29.6574 22.0941 26 1
3.98627 3.10891 10.5093 26 0
3.55894 3.60715 12.5259 27 0
3.74818 3.12855 11.2866 27 0
-29.8876 23.113 20.4852 27 1
-6.80605 -26.6029 21.5094 27 1
6.63972 -10.3969 18.7363 27 1
-27.7081 -28.8679 21.4181 27 1
30 30 19.9504 27 0
-24.9502 4.89334 19.7882 27 1
3.98631 2.91574 10.2375 27 0
29.7126 -1.02765 20.9634 27 1
30 -30 19.9504 27 0
12.4304 16.6309 21.2047 27 1
-29.7595 27.2064 21.472 27 1
3.99363 2.93834 10.18 27 0
-13.2514 -8.3604 19.8137 27 1
-1.69288 -28.8971 21.1344 27 1
25.9861 -29.9544 19.9866 27 1
3.86957 5.63714 14.0977 27 0
-8.72438 -29.6756 21.7296 27 1
-23.815 -21.8977 20.6925 27 1
30 30 19.9504 27 0
-18.364 -30 21.3927 27 0
9.52478 9.47561 19.3548 27 0
4.23639 1.88035 10.8307 27 0
26.5397 22.869 21.7118 27 1
3.98029 2.95693 10.1397 27 0
3.36799 3.60278 12.2829 27 0
3.8693 3.13794 10.8883 27 0
3.92533 3.12877 10.6786 27 0
29.8074 -22.4167 21.8422 27 1
-15.0884 14.7872 19.993 27 1
3.88165 2.93696 10.3787 27 0
4.0205 3.63993 12.2365 27 0
-0.102956 3.0384 7.28555 27 0
-25.0508 -12.4893 21.3603 27 1
-27.1567 20.0501 20.4278 27 1
-6.05076 -15.4826 19.8345 27 1
8.84427 13.6578 19.7098 27 1
-12.1828 -25.6055 21.5281 27 1
-28.7664 -27.0993 21.0639 27 1
-4.51533 -4.43624 14.1641 27 1
-23.454 -28.1137 21.7019 27 1
24.4566 -26.5571 22.2102 27 1
3.47829 3.50262 12.398 27 0
15.5153 -28.9911 21.5256 27 1
3.83976 4.48609 13.2477 27 0
23.5434 -23.5194 22.1614 27 1
3.74886 3.16285 11.4306 27 0
4.28238 2.82468 11.9034 27 0
-27.1206 28.3241 21.4913 27 1
26.3334 19.7652 21.7115 27 1
3.77371 3.20831 11.5655 27 0
3.54211 10.2209 17.7108 27 0
4.08807 3.10007 10.7446 27 0
4.02585 2.96193 10.1919 27 0
-29.9435 18.9467 20.0225 27 1
4.2718 2.87362 11.7356 27 0
-23.1331 -22.8336 20.72 27 1
3.90067 3.71133 12.048 27 0
-10.7692 29.9943 20.7472 27 1
-25.3703 -28.5717 22.1758 27 1
-12.5978 24.9753 21.2463 27 1
21.7518 -27.2639 21.6114 27 1
-4.93467 8.62361 16.7043 27 0
-10.0729 -13.8656 18.7637 27 1
29.8431 20.9258 20.5429 27 1
2.1419 -22.7961 20.3543 27 1
-29.8821 -29.661 21.5571 27 1
30 30 19.9504 27 0
-1.25303 7.84438 14.9052 27 0
6.21103 0.0470059 12.588 27 0
3.53054 3.5321 12.4735 27 0
-1.20235 6.33847 13.7968 27 0
-19.6127 -14.7861 21.3328 27 1
3.89214 3.10868 10.6549 27 0
-29.8846 2.16982 20.5785 27 1
20.8159 -12.6886 21.0687 27 1
-29.5205 -2.54688 22.038 27 1
24.0198 14.9458 19.721 27 1
3.92677 3.01481 10.2128 27 0
9.45113 6.61226 18.3802 27 1
17.7577 -15.9076 20.4752 27 1
12.9137 -27.4938 21.5146 27 1
3.00447 5.19378 12.1979 27 0
23.2975 -18.6973 21.6919 27 1
3.63171 3.358 12.2608 27 0
-29.7654 29.3799 21.9353 27 1
-29.0518 -3.48893 21.4239 27 1
27.2475 -28.3767 21.9365 27 1
3.98693 2.97877 10.1228 27 0
-30 -8.56651 21.4317 27 0
3.87223 3.7377 12.0136 27 0
3.89955 3.15025 10.8675 27 0
29.9266 16.3962 21.5063 27 1
-8.9622 24.5979 21.1443 27 1
24.4954 -2.10859 21.206 27 1
28.6492 -3.05669 21.1898 27 1
26.3902 -9.63326 21.8554 27 1
4.56312 3.17461 12.8141 27 0
-30 -15.7116 21.0889 27 0
3.50993 3.13402 11.5905 27 0
-26.6621 -26.8418 21.6129 27 1
4.00611 2.93366 10.2051 27 0
17.9312 11.0268 19.1217 27 1
9.96696 9.94137 17.3861 27 0
27.6174 -2.33367 21.7838 27 1
3.92022 3.04207 10.2918 27 0
3.50617 3.68076 12.4811 27 0
3.94134 2.90957 10.2851 27 0
30 30 19.9504 27 0
13.8558 30 20.287 27 0
30 -18.0974 20.0947 27 0
9.56299 26.4933 21.9633 27 0
3.96863 2.92572 10.2076 27 0
4.72851 3.1064 12.3486 27 0
20.5301 -17.6328 21.8455 27 1
3.86196 2.85594 10.6969 27 0
7.45937 30 21.4494 27 0
3.92502 3.04268 10.2812 27 0
2.65116 12.8068 18.6819 27 0
3.96005 2.90807 10.2675 28 0
3.92273 2.93886 10.2447 28 0
-6.06252 29.6541 21.246 28 1
3.65737 3.5201 12.4999 28 0
3.94548 2.77499 10.8761 28 0
3.9828 2.38422 11.213 28 0
9.55638 9.46089 19.3469 28 0
25.6441 -18.2048 21.6391 28 1
-12.413 -19.7294 21.3664 28 0
3.88495 3.15787 10.9533 28 0
-28.8617 -27.8956 20.5975 28 1
-22.2035 17.2221 21.0824 28 1
4.11461 2.98697 10.5771 28 0
5.20357 2.60125 13.1613 28 0
19.5211 -13.4594 21.6434 28 1
-5.61565 -18.7266 20.8189 28 0
12.7219 -1.94715 18.0087 28 0
2.33948 -3.03941 9.84768 28 0
-0.301989 7.07381 14.0382 28 1
-27.5578 27.7814 21.9481 28 1
29.179 29.9988 20.6186 28 1
29.7662 18.9364 20.9143 28 1
3.68518 2.91887 11.1619 28 0
0.603382 4.10575 10.6016 28 1
29.9823 -26.5462 21.6309 28 1
4.0236 2.92238 10.2687 28 0
3.93231 3.68942 12.0793 28 0
-13.9067 -15.8504 19.6677 28 1
15.8359 19.5581 21.3384 28 1
-17.9263 -6.32775 20.1216 28 1
29.1129 -1.61199 21.3963 28 1
-24.5866 -30 21.5604 28 0
-23.2294 -13.2144 21.0696 28 1
3.97629 2.94702 10.1559 28 0
-22.6161 26.2378 21.8535 28 1
3.95815 2.9724 10.1349 28 0
-24.6708 25.6747 21.961 28 1
24.6907 -22.0577 21.2027 28 1
21.423 -29.7766 21.9087 28 1
8.37488 2.74546 16.2751 28 0
30 -25.4595 21.6254 28 1
3.47761 3.59356 12.4559 28 0
29.7357 29.8596 21.3527 28 1
6.16558 -9.55032 17.9103 28 0
11.7926 3.63897 18.3988 28 0
3.94227 2.87684 10.4065 28 0
4.17947 2.7468 11.632 28 0
-14.7393 0.7985 19.115 28 1
-16.4489 -28.8006 21.8071 28 1
-29.984 1.99532 19.7221 28 1
-21.4316 -3.73368 21.1929 28 1
-15.041 23.5468 21.3288 28 1
-11.9074 -16.7111 20.2745 28 1
3.46618 3.58526 12.4395 28 0
4.1774 2.54484 11.9334 28 0
-22.5483 26.1074 21.6493 28 1
7.7051 -28.9004 21.1224 28 1
4.14674 2.77245 11.3892 28 0
3.96872 3.57582 12.2754 28 0
30 30 19.9504 28 0
3.98962 2.90508 10.2753 28 0
-26.4899 16.232 21.8289 28 1
24.8141 -25.9714 20.6044 28 1
-30 -30 19.9504 28 0
-1.38335 -11.6506 18.3977 28 1
-28.0502 25.086 20.1508 28 1
-27.0019 29.9448 20.0129 28 1
3.86403 2.93868 10.4448 28 0
3.97061 2.9647 10.1319 28 0
28.8536 -2.243 21.0003 28 1
10.6382 -0.0656724 17.1312 28 0
-29.9546 -21.9489 20.0166 28 1
26.6554 18.3735 21.9804 28 1
8.8856 -21.7112 20.7023 28 1
3.95961 2.95098 10.1576 28 0
4.12617 2.68984 11.5714 28 0
-30 30 19.9504 28 0
-29.6031 18.9634 21.4876 28 1
27.2413 -22.2965 21.6906 28 1
29.4118 -29.9931 21.5885 28 1
-26.0408 28.2952 21.2212 28 1
2.52713 3.12037 10.5046 28 0
-17.4059 -8.71741 20.8471 28 1
3.90438 3.67323 12.1495 28 0
3.89241 2.9498 10.3177 28 0
30 30 19.9504 28 0
4.4425 8.30829 16.9176 28 1
3.94954 5.71096 13.8026 28 0
18.3709 -13.2327 21.1562 28 1
-12.5064 17.0682 20.7588 28 1
3.94742 2.95509 10.1662 28 0
13.568 -8.68263 20.152 28 1
-4.42295 28.7469 21.755 28 1
21.5875 27.6669 22.0696 28 1
29.8304 15.1838 20.9837 28 1
30 30 19.9504 28 0
3.775 3.91219 11.7919 28 0
-19.6658 25.6645 21.9102 28 1
26.6325 -29.5591 22.198 28 1
3.47223 3.89968 12.2457 28 0
3.93751 2.93468 10.2214 28 0
-23.7222 -14.3524 21.6427 28 1
-18.9355 9.24456 20.0919 28 1
-30 30 19.9504 28 0
-8.22226 -22.8405 20.6451 28 0
-11.368 -26.5766 21.9248 28 1
3.21287 2.7246 10.6585 28 0
19.6307 -28.0644 21.4343 28 1
3.34131 5.15577 13.322 28 0
4.05547 3.0316 10.3329 28 0
3.96098 2.84633 10.5259 28 0
9.96954 9.93726 17.394 28 0
0.492342 16.7125 20.2984 28 1
-22.872 -30 20.2898 28 0
7.09771 -17.1736 19.3783 28 1
4.07932 2.70055 11.374 28 0
13.2558 -29.9483 20.9464 28 1
-2.55306 -29.7208 21.8548 28 0
3.96218 2.99886 10.1334 28 0
3.96944 2.97356 10.1256 28 0
-15.6919 -18.4286 21.5329 29 1
-8.10163 -29.9495 20.0672 29 1
-13.7951 25.879 20.7499 29 1
16.2921 -2.53085 20.2385 29 1
11.1864 -8.99704 18.0897 29 1
3.84848 3.01501 10.5022 29 0
30 30 19.9504 29 0
3.9283 3.74214 11.9025 29 0
16.5237 -22.3352 21.8525 29 1
3.37984 3.74258 12.2377 29 0
25.8682 -24.3883 21.63 29 1
4.08971 3.06258 10.5864 29 0
4.00235 3.05744 10.2757 29 0
-5.62949 -24.7691 21.4145 29 1
9.55879 9.45569 19.3434 29 0
27.3777 -15.8694 21.5088 29 1
-26.3692 27.6305 22.1223 29 1
-17.5409 28.0829 21.5818 29 1
0.856684 26.2476 20.8562 29 1
3.90975 3.07303 10.4321 29 0
-29.1887 25.2419 21.3953 29 1
9.23184 7.8866 17.5812 29 1
13.539 -21.5305 21.7932 29 1
-29.8016 -1.805 21.0357 29 1
-12.1907 29.5494 21.7553 29 1
29.7606 -23.9751 20.934 29 1
30 -14.6973 21.1393 29 0
3.99375 2.91714 10.2378 29 0
4.01227 2.90756 10.2934 29 0
3.53534 3.52922 12.4749 29 0
-8.63394 17.4272 20.9827 29 1
10.8105 -15.4898 20.6042 29 1
3.95256 2.98753 10.1385 29 0
26.5367 13.7737 21.7647 29 1
-29.6215 12.6402 22.001 29 1
4.4582 3.34868 13.1666 29 0
4.06332 2.93409 10.3675 29 0
-21.2448 6.75885 20.8186 29 1
4.78825 2.06123 11.3592 29 1
3.9807 2.98334 10.1205 29 0
3.78279 5.52301 14.2826 29 0
3.85221 14.0873 18.1157 29 0
-28.8369 -24.7461 21.345 29 0
3.47592 3.68817 12.4465 29 0
3.96239 2.99708 10.1319 29 0
-3.76047 2.93139 10.9004 29 0
9.95531 9.96217 17.3608 29 0
30 30 19.9504 29 0
26.0765 29.0219 20.0813 29 1
13.9181 -12.9094 18.9985 29 1
20.0054 29.6843 21.243 29 1
4.55054 2.13243 12.0215 29 0
28.9426 14.94 19.977 29 1
3.96476 3.01198 10.1462 29 0
3.63981 3.76666 12.4175 29 0
-26.1928 -5.60557 21.4615 29 1
-4.52094 10.129 17.692 29 0
2.8782 -28.8926 20.2698 29 1
0.72016 29.1496 21.1709 29 1
-9.67445 11.5523 19.8481 29 0
4.14207 3.51856 12.6122 29 0
-3.94294 7.42671 15.6081 29 0
19.4307 29.8608 21.7128 29 1
8.20461 3.59343 16.3241 29 1
30 30 19.9504 29 0
-29.9528 9.38007 21.3618 29 1
3.98092 2.97503 10.1227 29 0
-28.5597 -29.9108 21.7015 29 1
3.94097 2.95129 10.1826 29 0
3.75935 3.20094 11.5708 29 0
3.98634 2.95759 10.1403 29 0
27.0219 10.959 19.7335 29 1
4.19226 2.76662 11.6307 29 0
7.84947 -7.87535 16.6581 29 1
3.96344 3.53892 12.2828 29 0
-22.7404 -28.3295 21.8372 29 1
22.804 30 20.674 29 0
-9.82111 -30 20.4417 29 0
2.71308 4.98025 12.286 29 0
3.6617 3.35334 12.2402 29 0
3.96095 3.0611 10.283 29 0
-26.5948 24.5897 22.1658 29 1
3.9646 3.63406 12.203 29 0
3.90178 2.86791 10.5277 29 0
24.0625 -27.6455 21.4363 29 1
7.01247 -1.32469 14.1154 29 0
7.11955 27.708 21.1035 29 1
28.8717 -4.4152 21.478 29 1
3.9839 3.01801 10.1514 29 0
29.9843 22.2322 20.8774 29 1
-27.607 28.8004 21.857 29 1
3.99659 2.90563 10.2789 29 0
-25.903 -30 20.1606 29 0
29.9729 26.9371 20.0545 29 1
3.85441 3.7888 11.8749 29 0
0.958483 -22.9596 19.3125 29 1
-29.0296 -28.3869 21.5352 29 1
18.0026 27.6709 21.2315 29 1
24.7238 -26.9628 21.1067 29 1
13.7038 30 21.1009 29 0
3.70595 3.03147 11.1324 29 0
13.7456 -29.6915 21.6988 29 1
30 30 19.9504 29 0
1.66987 18.9367 20.1128 29 0
-0.309418 25.1537 21.0405 29 1
21.1827 -29.9979 20.583 29 1
3.98795 2.94476 10.1626 29 0
3.97688 2.99737 10.1251 29 0
14.4336 30 21.494 29 0
-21.807 20.9266 20.5751 29 1
28.4647 0.65914 21.893 29 1
19.4658 3.96603 20.5133 29 1
3.92398 3.67612 12.1225 29 0
-28.9207 14.8302 20.5414 29 1
30 -30 19.9504 29 0
25.9241 -23.6804 21.317 29 1
7.79198 -18.8913 19.9277 29 1
3.9736 3.01749 10.1506 29 0
23.4893 -23.0188 21.5296 29 1
-24.5701 10.0198 21.2043 29 1
