15 0.984834 0.993489 1 0
9.33853 -1.37825 0.957382 1 1
11.3743 8.47696 0.982117 1 1
3.12598 14.908 0.984408 1 1
1.02602 7.01841 0.99843 1 1
-13.4944 12.9578 0.995046 1 1
-14.7669 14.3232 0.996485 1 1
-3.30353 -10.6952 0.995715 1 1
12.5206 12.5555 0.989575 1 1
5.91747 13.8526 0.990291 1 1
7.42881 -7.07444 0.997018 1 1
-11.6 -10.1423 0.999175 1 1
-9.99368 -9.86931 0.985553 1 1
-3.37987 -5.58345 0.998977 1 1
-13.0447 3.24418 0.994241 1 1
-2.16647 -5.68804 0.985801 1 1
3.72201 6.8173 0.953217 1 1
11.6382 -10.5303 0.984117 1 1
-12.8897 12.684 0.99983 1 1
2.33712 -3.08094 0.973884 1 1
-12.5273 -8.35112 0.991093 1 1
2.08411 -9.86673 0.982249 1 1
9.5084 -14.4305 0.986787 1 1
-11.2792 -8.32063 0.988839 1 1
4.22393 7.17181 0.95101 1 1
11.7871 -1.91238 0.98165 1 1
7.13148 14.9952 0.994518 1 1
-1.26838 -2.68193 0.922413 1 1
-8.09884 -5.84479 0.963546 1 1
14.1491 11.7767 0.990995 1 1
10.6376 -10.2044 0.985773 1 1
4.21622 -8.98238 0.961881 1 1
-5.58489 9.11667 0.997855 1 1
-4.46224 -8.12527 0.984065 1 1
-1.99194 13.606 0.990463 1 1
-6.70849 -7.29389 0.962919 1 1
-5.60629 1.77142 0.94132 1 1
6.70956 8.53224 0.985608 1 1
-2.22546 12.238 0.986914 1 1
7.22894 -14.9373 0.99534 1 1
11.5774 -8.60083 0.999625 1 1
-2.22685 -7.57421 0.943235 1 1
11.4099 -5.86711 0.999997 1 1
2.89874 -8.63397 0.995103 1 1
15 15 0.999982 1 0
10.4213 0.488091 0.966483 1 1
-7.12318 -3.87025 0.99983 1 1
15 15 0.999982 1 0
-4.23996 6.32693 0.998664 1 1
3.33533 -4.23512 0.956623 1 1
9.16184 -14.6498 0.986779 1 1
1.72541 -9.96413 0.988467 1 1
6.31765 2.03823 0.976525 1 1
-12.9002 13.4547 0.998924 1 1
13.1733 13.9318 0.998563 1 1
6.58014 12.8476 0.999149 1 1
5.00351 13.2708 0.98192 1 1
2.26629 -3.49483 0.816336 1 1
15 15 0.999982 1 0
5.90082 -1.1626 0.999818 1 1
15 15 0.999982 1 0
-9.8352 -3.67169 0.965838 1 1
6.12976 4.26447 0.968921 1 1
-6.83179 -8.43369 0.985758 1 1
12.4392 -10.021 0.999992 1 1
15 6.13973 0.985302 1 0
15 7.19405 0.991881 1 0
15 15 0.999982 1 0
15 15 0.999982 1 0
10.5966 15 0.988925 1 0
9.10761 10.0208 0.982426 1 0
9.89801 15 0.996585 1 0
15 15 0.999982 1 0
3.78447 9.36133 0.985188 1 0
15 15 0.999982 1 0
12.7141 15 0.999705 1 0
13.1287 15 0.990523 1 0
5.18163 13.8858 0.994154 1 0
15 15 0.999982 1 0
14.5415 10.2896 0.98761 1 0
10.7692 15 0.994805 1 0
15 15 0.999982 1 0
15 6.52077 0.992068 1 0
7.35336 4.74264 0.981123 1 0
15 13.8993 0.990816 1 0
15 7.62719 0.988552 1 0
15 15 0.999982 1 0
9.71008 9.89873 0.999938 1 0
15 10.1618 0.998787 1 0
15 15 0.999982 1 0
14.2465 3.21181 0.983642 1 0
15 4.57061 0.984411 1 0
15 15 0.999982 1 0
15 15 0.999982 1 0
8.7 7.60076 0.972053 1 0
15 5.86023 0.992091 1 0
9.40445 9.21036 0.981537 1 0
15 15 0.999982 1 0
3.28509 15 0.995533 1 0
15 15 0.999982 1 0
15 8.36773 0.991087 1 0
15 15 0.999982 1 0
15 15 0.999982 1 0
15 10.7806 0.995264 1 0
15 9.67689 0.98861 1 0
15 9.29976 0.995352 1 0
1.76283 3.50756 0.999986 1 0
11.2643 15 0.99179 1 0
15 15 0.999982 1 0
15 15 0.999982 1 0
15 9.68184 0.988725 1 0
13.2788 15 0.995389 1 0
15 1.3654 0.99045 1 0
14.6951 15 0.991946 1 0
3.77368 15 0.999734 1 0
15 15 0.999982 1 0
15 15 0.999982 1 0
15 15 0.999982 1 0
15 15 0.999982 1 0
11.9813 10.6447 0.998267 1 0
15 15 0.999982 2 0
-14.8596 -8.43226 0.997844 2 1
9.35888 15 0.993023 2 0
-13.4769 -10.8433 0.986974 2 1
15 15 0.999982 2 0
-7.6417 -8.32697 0.99788 2 1
15 15 0.999982 2 0
-13.1529 -8.80325 0.991031 2 1
9.85964 10.2244 0.983511 2 0
-14.3742 -10.6862 0.992232 2 1
-10.8412 -3.91817 0.970851 2 1
-2.94537 12.7653 0.977319 2 1
15 9.93176 0.997738 2 0
-13.6971 14.6329 0.995991 2 1
15 15 0.999982 2 0
-8.99948 -7.90655 0.976626 2 1
3.05982 -0.21502 0.757041 2 1
15 15 0.999982 2 0
15 11.1265 0.997098 2 0
-14.4209 -2.01969 0.987301 2 1
-13.5449 0.251758 0.981874 2 1
15 15 0.999982 2 0
1.9627 -5.76895 0.982823 2 1
-14.6031 -1.76215 0.983326 2 1
-8.2347 -13.0028 0.998248 2 1
-9.2269 7.00816 0.975554 2 1
-3.37225 -14.7467 0.984751 2 1
3.71175 15 0.999977 2 0
11.6625 15 0.995817 2 0
2.25006 -5.41883 0.933721 2 1
-6.2545 -10.4451 0.986998 2 1
-14.3152 -13.3715 0.999229 2 1
-1.6835 -2.01289 0.633046 2 1
3.52477 -14.5124 0.999913 2 1
-10.3574 -14.8198 0.999885 2 1
14.0748 12.3541 0.993756 2 1
15 15 0.999982 2 0
7.68858 -13.5967 0.98796 2 1
-2.10252 -13.2025 0.99977 2 1
9.27984 7.38726 0.99408 2 1
15 15 0.999982 2 0
15 15 0.999982 2 0
-10.8093 -14.5816 0.997019 2 1
0.0878496 -1.11608 0.37323 2 1
10.319 15 0.993211 2 0
7.58483 5.54263 0.958086 2 0
15 7.71438 0.991534 2 0
-14.471 9.68323 0.993662 2 1
5.902 6.01875 0.951742 2 1
-14.7855 -14.041 0.99078 2 1
-14.2717 -13.7344 0.992565 2 1
15 12.4186 0.992918 2 0
-9.99014 -12.5752 0.995904 2 1
7.74217 11.8209 0.980391 2 0
-10.3311 10.586 0.991029 2 1
-12.3451 -6.19734 0.997287 2 1
-8.03232 14.7495 0.986795 2 1
15 15 0.999982 2 0
2.35823 -10.4103 0.995825 2 1
7.15255 6.45131 0.995748 2 1
15 9.68048 0.988693 2 0
9.577 11.593 0.992997 2 0
15 15 0.999982 2 0
5.63132 -1.61056 0.927428 2 1
15 15 0.999982 2 0
15 8.90667 0.996184 2 0
15 15 0.999982 2 0
-0.519546 -14.9682 0.998181 2 1
-3.80808 13.6154 0.980381 2 1
15 15 0.999982 2 0
12.1102 9.95083 0.984633 2 0
-12.603 -9.66267 0.995968 2 1
-14.3396 4.96907 0.98297 2 1
5.92454 -5.70116 0.980178 2 1
13.6793 15 0.99454 2 0
2.94138 -1.28448 0.764358 2 1
7.18875 9.13714 0.981545 2 1
-9.67831 -14.4461 0.99183 2 1
9.54624 11.1308 0.981743 2 0
-8.77689 -5.51639 0.976666 2 1
15 15 0.999982 2 0
15 15 0.999982 2 0
-13.5167 -12.6085 0.996098 2 1
2.87144 -5.13675 0.944725 2 1
-8.99758 -5.29346 0.965945 2 1
-14.3388 -7.35085 0.991273 2 1
-12.6298 -4.24226 0.99936 2 1
10.2423 15 0.996241 2 0
8.13809 10.8793 0.979352 2 1
15 10.8831 0.998768 2 0
15 15 0.999982 2 0
-12.6211 -8.14201 0.994743 2 1
15 15 0.999982 2 0
-13.8796 -5.06061 0.989048 2 1
13.1305 10.3217 0.98727 2 0
15 15 0.999982 2 0
13.4723 15 0.999996 2 0
15 15 0.999982 2 0
-8.21892 14.9808 0.997734 2 1
15 15 0.999982 2 0
15 15 0.999982 2 0
15 14.8405 0.996908 2 0
14.8615 15 0.997638 2 0
12.5433 12.0046 0.989917 2 0
15 15 0.999982 2 0
15 14.7378 0.993157 2 0
-11.662 8.48176 0.999695 2 1
11.693 3.49217 0.991484 2 1
15 15 0.999982 2 0
15 15 0.999982 2 0
3.27823 13.3661 0.991853 2 0
15 15 0.999982 2 0
15 9.89167 0.996351 2 0
15 9.92095 0.997387 2 0
10.4069 15 0.99008 2 0
15 0.788656 0.994625 2 0
15 9.60212 0.987574 2 0
10.5134 15 0.988249 2 0
15 15 0.999982 2 0
15 15 0.999982 2 0
15 15 0.999982 3 0
12.4271 11.2409 0.985956 3 0
15 14.5328 0.991986 3 0
2.62195 13.4778 0.987877 3 0
-4.59264 11.8034 0.9833 3 1
9.43498 -12.7715 0.995778 3 1
-10.0527 5.9126 0.987845 3 1
-13.7524 14.638 0.9982 3 1
15 15 0.999982 3 0
7.34422 -3.54195 0.997111 3 1
-6.54766 13.4277 0.999828 3 1
14.884 12.7956 0.999982 3 1
14.9919 14.7164 0.992275 3 1
-13.6326 -14.9949 0.996535 3 1
4.96569 5.89368 0.974605 3 1
15 15 0.999982 3 0
-0.993397 14.2813 0.995613 3 1
15 11.5428 0.991181 3 0
-14.0511 -14.1801 0.991539 3 1
-13.1061 -7.08883 0.999688 3 1
9.50227 6.41088 0.973725 3 0
8.38186 -1.31543 0.966196 3 1
11.3904 -10.6683 0.989151 3 1
-14.9857 -3.89664 0.99917 3 1
7.93921 15 0.999005 3 0
-8.8629 -4.8548 0.986975 3 1
15 8.53741 0.986928 3 0
-3.08489 9.86444 0.983149 3 1
14.0407 14.9327 0.992426 3 1
15 15 0.999982 3 0
15 10.5803 0.988646 3 0
-8.67018 0.644883 0.994769 3 1
-0.382985 15 0.996076 3 0
14.777 -0.0747347 0.989455 3 1
-3.5431 -0.754991 0.7813 3 1
-0.263536 3.32353 0.956674 3 1
-10.4599 -12.9084 0.993706 3 1
2.07428 11.3695 0.972408 3 1
9.87144 10.6851 0.988823 3 1
-9.20619 -2.38825 0.967994 3 1
2.22119 12.9493 0.979215 3 1
-14.9525 -14.5806 0.992014 3 1
-8.37172 3.81575 0.997774 3 1
14.0432 13.2435 0.991158 3 1
-14.9618 -13.8499 0.990821 3 1
12.2452 2.3727 0.982021 3 1
11.3194 -13.4039 0.999994 3 1
-5.75368 13.8936 0.992928 3 1
-11.5525 5.18918 0.983162 3 1
-9.67663 10.3644 0.981723 3 1
15 15 0.999982 3 0
-5.89592 12.8778 0.980927 3 1
15 15 0.999982 3 0
-3.35268 2.19121 0.959153 3 1
15 15 0.999982 3 0
14.4138 11.0763 0.995227 3 1
6.14232 -1.30405 0.907947 3 1
9.97521 -11.3732 0.984716 3 1
-6.84153 11.1739 0.977348 3 1
-13.7192 4.75739 0.991716 3 1
-14.0767 13.8092 0.997614 3 1
6.78947 -14.5976 0.992524 3 1
15 15 0.999982 3 0
-9.39396 14.9912 0.992204 3 1
13.7156 -14.9054 0.997084 3 1
15 11.5955 0.993115 3 0
4.08587 15 0.994777 3 0
2.12201 14.8304 0.997903 3 1
-9.40051 -12.726 0.990509 3 1
6.58096 14.0013 0.999644 3 0
12.3041 15 0.989771 3 0
12.4514 10.224 0.99146 3 0
15 15 0.999982 3 0
-9.79577 -10.7995 0.985506 3 1
-1.03869 10.1506 0.999943 3 0
15 15 0.999982 3 0
6.34945 1.35469 0.991643 3 0
14.9565 15 0.999829 3 0
15 5.21639 0.995987 3 0
14.3108 13.5649 0.997667 3 1
15 15 0.999982 3 0
-6.46929 1.04717 0.999778 3 0
4.95326 -2.77028 0.915444 3 0
3.58788 14.3605 0.992138 3 1
10.4425 4.02525 0.995406 3 1
7.48385 11.9624 0.980804 3 0
-8.19341 13.0007 0.996529 3 1
1.55614 -14.7149 0.9916 3 1
15 15 0.999982 3 0
15 8.82955 0.993181 3 0
3.22176 13.9116 0.991726 3 0
14.7867 14.8274 0.990965 3 1
15 8.72259 0.989247 3 0
15 11.1066 0.997767 3 0
15 12.9833 0.991119 3 0
-6.65683 -9.71938 1 3 1
10.7519 8.08387 0.993091 3 0
12.9182 -10.2572 0.999998 3 1
15 6.02102 0.987311 3 0
15 15 0.999982 3 0
15 11.6201 0.994106 3 0
15 11.9082 0.999367 3 0
-14.8325 -9.74609 0.98875 3 1
15 12.088 0.993264 3 0
9.73967 15 0.990424 3 0
15 15 0.999982 3 0
10.2266 15 0.996811 3 0
8.3516 15 0.991683 3 0
15 15 0.999982 3 0
4.39892 6.42784 0.947096 3 0
10.0485 15 0.999961 3 0
2.15964 15 0.983419 3 0
15 15 0.999982 3 0
10.7403 15 0.993624 3 0
15 13.2693 0.995014 3 0
15 15 0.999982 3 0
15 10.5466 0.988291 3 0
6.86572 15 0.999995 3 0
15 15 0.999982 3 0
-7.41351 15 0.986184 3 0
-9.14145 1.08982 0.997039 4 0
-0.346851 9.51187 0.969665 4 0
-3.50827 -4.10243 0.961625 4 1
-6.87068 8.68217 0.974572 4 1
-1.08089 9.55004 0.992037 4 1
-14.4628 -14.9934 0.994403 4 1
-10.3861 10.6778 0.99955 4 0
4.80528 -13.2949 0.980377 4 1
-1.72275 15 0.986933 4 0
-6.50187 8.18543 0.96512 4 0
-3.44436 4.68102 0.904122 4 0
-10.6774 5.09199 0.997714 4 0
3.73695 15 0.99991 4 0
-10.2445 5.96478 0.994958 4 0
-13.6931 -8.92808 0.991228 4 1
-14.2953 -14.9959 0.999581 4 1
-2.24733 14.9191 0.98794 4 1
-0.0581417 0.372867 0.605488 4 1
14.476 4.82561 0.986288 4 1
2.70801 11.1206 0.975783 4 0
-14.3513 -14.9596 0.999249 4 1
15 9.67375 0.98854 4 0
3.48645 7.31677 0.999759 4 0
-14.421 -4.30695 0.991645 4 1
8.52727 5.82209 0.985329 4 1
14.8708 10.6736 0.988391 4 1
2.09911 3.59733 0.816419 4 1
15 10.8437 0.997613 4 0
14.771 7.44846 0.998771 4 1
-4.53865 5.70095 0.934592 4 0
3.14048 13.4879 0.99948 4 0
13.1792 -8.77937 0.991853 4 1
-10.7699 14.0842 0.989654 4 1
15 15 0.999982 4 0
14.963 9.39808 0.993817 4 1
2.0098 -5.62501 0.99183 4 1
13.7224 10.6521 0.990573 4 1
-12.2681 3.74656 0.999999 4 1
3.56314 15 0.999512 4 0
-3.30221 6.56384 0.931762 4 0
-14.9717 6.98089 0.999655 4 1
8.67833 14.6968 0.99878 4 1
12.4264 -7.78128 0.981733 4 1
2.01417 15 0.984321 4 0
6.50926 -14.7541 0.990142 4 1
10.1392 -14.4529 0.994931 4 1
-5.14353 12.0581 0.977557 4 0
-10.7358 7.73721 0.990498 4 1
-7.99013 -14.874 0.992932 4 1
-1.74767 14.0999 0.983855 4 1
-11.6972 14.7786 0.988867 4 1
-13.6057 14.8588 0.999952 4 1
14.2453 8.74831 0.986611 4 1
3.775 9.78635 0.965293 4 0
11.5636 14.997 0.991763 4 1
3.29026 -0.665606 0.980148 4 1
12.3944 -14.2729 0.990045 4 1
9.19084 8.29672 0.994929 4 0
13.5877 15 0.997908 4 0
7.4585 11.4302 0.979881 4 0
15 15 0.999982 4 0
9.30456 12.4939 0.991806 4 1
-14.5997 -14.327 0.990938 4 1
-14.6896 -0.747833 0.9833 4 1
14.3924 -0.0864782 0.999973 4 1
-0.8772 15 0.99415 4 0
10.9272 9.65027 0.985679 4 0
1.10052 11.0594 0.981982 4 0
5.19351 -2.88013 0.9769 4 1
12.7491 -14.3337 0.99812 4 1
8.22896 10.7441 0.983208 4 0
-0.67535 -8.25645 0.960529 4 1
-6.67307 -5.81512 0.955647 4 1
-14.9774 -8.05548 0.999944 4 1
4.07826 15 0.994957 4 0
2.39015 -0.507302 0.899845 4 1
1.98146 13.9351 0.982814 4 1
10.1987 6.92211 0.999579 4 0
3.93832 3.91325 0.988299 4 0
15 11.3915 0.988933 4 0
-4.77037 -14.6381 0.998528 4 1
-3.8065 10.8332 0.97196 4 0
1.73919 0.156878 0.860844 4 0
-6.07833 11.3739 0.996299 4 0
11.9881 12.3336 0.989437 4 0
8.57254 5.62768 0.997444 4 0
-14.1566 -14.9388 0.996958 4 1
-13.9586 2.35736 0.980687 4 1
12.6465 12.3628 0.992638 4 1
-13.1752 12.0351 0.988374 4 1
-4.54817 8.98467 0.978978 4 1
-1.44645 13.5094 0.97934 4 1
-7.93767 12.191 0.988789 4 0
7.48572 11.4908 0.98587 4 0
6.32246 8.81009 0.987601 4 0
-5.9577 15 0.989014 4 0
2.28684 8.00451 0.950729 4 0
1.17856 15 0.992072 4 0
-5.83144 8.42567 0.998253 4 0
6.95689 15 0.999129 4 0
7.47807 13.6498 0.993142 4 0
-11.6766 12.0726 0.986823 4 1
9.59209 9.27215 0.999907 4 0
-13.6198 -9.20368 0.998447 4 1
-0.546181 11.8394 0.99527 4 0
-4.70172 15 0.984148 4 0
-1.41049 4.14338 0.968361 4 1
11.7065 12.3174 0.999718 4 1
-9.51602 15 0.988139 4 0
-10.1212 -7.42854 0.975371 4 1
-14.7975 15 0.995304 4 0
13.0655 8.34452 0.998181 4 0
-7.03705 8.7903 0.999992 4 0
-3.97917 -14.2291 0.989221 4 1
-1.08602 10.0503 0.987701 4 0
-0.835907 7.41241 0.965708 4 0
15 11.047 0.999319 4 0
0.0799904 13.5197 0.984667 4 0
3.80968 15 0.999471 4 0
-1.11161 9.45271 0.969583 4 0
-10.2459 13.0219 0.99721 5 1
14.9733 11.1342 0.998034 5 1
-8.08995 -3.21743 0.992349 5 1
-7.86314 -3.70207 0.99532 5 1
9.68628 14.0391 0.999256 5 1
-13.8711 -14.7422 0.99777 5 1
-3.39884 -14.8346 0.983746 5 1
7.60728 0.68993 0.99517 5 1
14.0834 -3.62278 0.989384 5 1
9.22542 -4.78351 0.971922 5 1
9.33776 -14.0845 0.994136 5 1
-10.3623 0.828217 0.97134 5 1
11.8806 -10.9373 0.988344 5 1
-11.134 -13.6979 0.99512 5 1
3.64269 14.9665 0.998932 5 1
-11.9195 -0.230937 0.984701 5 1
-14.2984 9.90433 0.992231 5 1
15 12.7704 0.998531 5 0
4.47982 10.6453 0.971843 5 1
-5.29267 -4.56536 0.984247 5 1
-14.7861 -6.04293 0.999993 5 1
-0.481156 -14.8981 0.999824 5 1
0.851706 8.01496 0.99376 5 1
2.0528 15 0.984045 5 0
15 15 0.999982 5 0
4.00136 8.55933 0.957974 5 0
13.407 -3.30186 0.996784 5 1
11.6589 8.29231 0.994738 5 0
5.02817 6.82107 0.963025 5 0
6.73798 15 0.998751 5 0
-4.27238 7.64244 0.979558 5 0
15 15 0.999982 5 0
15 5.74272 0.995805 5 0
15 9.78092 0.991942 5 0
-2.8264 13.7085 0.991122 5 0
2.13559 -0.432332 0.650579 5 1
-6.96524 -9.39834 0.993525 5 1
11.9452 -14.9762 0.999225 5 1
-8.49592 11.2336 0.982143 5 0
10.358 1.42972 0.965019 5 0
1.70414 -13.4955 0.97893 5 1
4.93398 9.59104 0.996872 5 0
11.3966 -2.76458 0.997152 5 1
9.61803 7.75592 0.997681 5 1
11.724 -9.24637 0.99995 5 1
-4.17345 12.5911 0.994473 5 0
-2.64115 -14.9015 0.984369 5 1
1.31131 8.93407 0.975976 5 0
1.61167 9.89059 0.968525 5 0
14.9566 14.2915 0.999993 5 1
-14.4374 -4.53328 0.984446 5 1
1.33476 7.56374 0.98374 5 0
1.84196 12.8166 0.989854 5 0
-4.90035 -11.9548 0.993562 5 1
8.35688 2.40947 0.994175 5 1
-0.329611 0.422238 0.0718067 5 1
7.98683 -7.85387 0.996651 5 1
0.490107 9.72917 0.995763 5 0
8.74503 7.23265 0.99187 5 0
14.5681 9.78532 0.999964 5 1
11.2361 6.27768 0.998485 5 1
-1.78675 10.0119 0.997882 5 0
-6.02155 -1.00953 0.977299 5 1
1.59948 13.8702 0.995026 5 0
-8.269 -2.53969 0.999785 5 1
10.7617 -2.52492 0.972027 5 1
-0.290695 1.85973 0.954204 5 1
-3.34941 -3.37871 0.860574 5 1
-1.42251 -14 0.983066 5 1
3.44481 11.0706 0.976576 5 0
-14.0011 -1.1235 0.98549 5 1
1.77004 13.6825 0.995723 5 1
-14.3179 -14.8707 0.9995 5 1
14.7099 -12.3396 0.997226 5 1
10.8252 15 0.996976 5 0
-14.993 -1.04207 0.993798 5 1
-7.29387 -10.8322 0.977866 5 1
-1.09089 11.892 0.981548 5 0
-14.8314 -0.114869 0.995207 5 1
14.528 -14.9906 0.992359 5 1
-6.00074 7.32021 0.959755 5 0
9.12435 15 0.999873 5 0
-0.771871 8.60456 1 5 0
13.7966 13.5441 0.989996 5 0
-6.80478 14.78 0.985945 5 1
4.08536 10.2717 0.972078 5 0
14.1452 15 0.998672 5 0
9.63435 14.8547 0.991205 5 0
8.49611 11.6002 0.999722 5 1
15 15 0.999982 5 0
-2.97827 15 0.989354 5 0
-2.28222 8.47444 0.973515 5 0
6.34449 11.6744 0.996821 5 0
6.58601 11.4757 0.990224 5 0
8.74607 10.7156 0.998633 5 0
-2.33683 13.8434 0.98622 5 0
-0.656924 9.83393 0.971439 5 0
-14.5856 -14.9177 0.992868 5 1
-14.2801 14.9256 0.999783 5 1
-14.9831 -6.79596 0.999135 5 1
-3.03969 -14.6721 0.997754 5 1
-14.6107 0.586861 0.982589 5 1
11.9963 11.104 0.991226 5 0
6.57882 7.97497 0.982557 5 0
10.1912 8.08279 0.982127 5 0
1.67534 10.0745 0.999991 5 0
-3.44838 11.4416 0.980362 5 0
3.60656 10.0716 0.998456 5 0
5.38706 0.830061 0.990754 5 0
0.22673 7.26577 0.938666 5 0
2.86445 7.8815 0.946315 5 0
-2.86001 12.5017 0.999989 5 0
5.03421 8.65689 0.967329 5 0
7.49764 15 0.986078 5 0
15 13.4183 0.999628 5 0
13.9117 5.13069 0.994806 5 0
1.21541 6.11245 0.915125 5 0
-1.1095 7.58295 0.988965 5 0
9.68969 6.13577 0.973083 5 0
6.97634 6.36469 0.957608 5 0
12.7477 11.2607 0.999969 6 0
15 4.8048 0.985155 6 0
6.30412 0.834312 0.927399 6 0
8.38103 4.21427 0.959464 6 1
14.786 -1.11659 0.994847 6 1
7.75833 6.59167 0.998831 6 0
13.7007 6.36986 0.986062 6 0
7.65207 4.37515 0.963118 6 0
11.0296 5.59536 0.996514 6 0
6.50545 11.2223 0.986657 6 0
-14.8987 -11.0181 0.998682 6 1
13.9346 5.05342 0.994301 6 0
14.4312 -4.05509 0.997278 6 1
2.99106 -14.9952 0.989138 6 1
2.04373 -14.1835 0.996914 6 1
5.19461 9.6607 0.96865 6 0
14.0477 -4.52418 0.987459 6 1
7.19587 -8.32681 0.968138 6 1
-1.48264 13.809 0.999877 6 1
6.73927 -1.75038 0.973236 6 0
4.72061 3.16139 0.912267 6 0
-6.00435 5.38373 0.994693 6 0
15 10.0765 0.999984 6 0
3.4717 6.17869 0.99908 6 0
-14.137 14.5676 0.994617 6 1
-10.4687 -2.83496 0.987257 6 1
5.60627 9.80084 0.998778 6 0
4.03223 5.94418 0.97119 6 0
13.2147 10.0451 0.994967 6 0
0.815158 5.99487 0.997117 6 0
14.9815 -14.432 0.996019 6 1
-5.39066 12.7819 0.999993 6 1
-6.73175 -6.64049 0.958648 6 1
4.27309 8.85739 0.976169 6 0
-14.7229 11.4755 0.997627 6 1
-9.32611 9.97197 0.980173 6 1
-12.6297 -8.86629 0.999866 6 1
14.5405 6.37263 0.995529 6 0
-10.4619 6.61571 0.995351 6 1
-4.00263 -4.94342 0.928126 6 0
8.792 14.1297 0.991395 6 0
13.391 7.92407 0.993534 6 0
7.82273 4.30987 0.953804 6 0
-11.3787 -12.3117 0.986012 6 1
-10.7396 -14.936 0.990279 6 1
15 10.0774 0.999981 6 0
11.4191 4.382 0.995244 6 0
15 2.66239 0.984541 6 0
7.92135 11.9072 0.994141 6 1
10.6114 12.4708 0.993708 6 0
4.01303 8.9513 0.981905 6 0
5.1582 8.02751 0.975496 6 0
11.8215 -13.7917 0.99614 6 1
1.85744 -2.77082 0.95884 6 0
15 5.69638 0.997073 6 0
-14.084 -3.55313 0.991212 6 1
12.7965 6.21216 0.985488 6 0
10.0906 5.51672 0.971023 6 1
-3.2682 -3.09189 0.98647 6 1
1.9063 6.50104 0.922757 6 1
14.7497 -13.7136 0.999879 6 1
-14.8698 -14.7865 0.991209 6 1
2.97611 -3.13215 0.912735 6 0
-9.81894 -14.7762 0.98907 6 1
-1.16333 4.02007 0.814173 6 1
7.6606 14.8941 0.985962 6 1
15 -0.913892 0.993935 6 0
14.3967 14.2367 0.997516 6 1
-2.97045 9.42032 0.967311 6 1
13.4627 -4.15508 0.981832 6 1
-4.37082 12.3977 0.979806 6 1
-7.30697 11.5888 0.984266 6 1
-0.577712 10.2592 0.994681 6 0
9.47037 13.8749 0.986962 6 0
-4.52249 -12.1808 0.983807 6 1
15 2.3369 0.982947 6 0
3.69507 -0.329349 0.790497 6 1
-10.9161 14.1508 0.989666 6 1
-8.85161 -13.5079 0.988254 6 1
-1.32384 -7.91683 0.984849 6 1
7.66786 7.27225 0.975676 6 0
14.0295 -7.84031 0.994981 6 1
0.924062 14.6639 0.982482 6 1
5.6883 -13.2566 0.999528 6 1
13.7929 -8.50448 0.985402 6 1
13.8752 3.78014 0.999779 6 0
-11.634 -13.6265 0.992677 6 1
8.08807 6.03754 0.984207 6 0
14.555 9.07339 0.992999 6 1
-4.70466 2.06668 0.908492 6 0
-5.09329 4.63081 0.937612 6 1
2.69963 10.7237 0.972601 6 0
13.8517 7.09295 0.993329 6 0
9.43959 -7.66494 0.984625 6 1
-3.64597 10.5737 0.994467 6 1
11.3224 2.62974 0.981154 6 0
14.2552 7.73712 0.9851 6 1
6.71518 1.51368 0.937579 6 0
14.9327 -1.92973 0.990979 6 1
-7.68099 -1.60515 0.93911 6 1
7.40933 9.95502 0.991195 6 0
-4.02387 5.63577 0.955595 6 1
14.6138 14.7968 0.996301 6 1
2.34662 12.1293 0.997804 6 1
7.57645 9.88584 0.984482 6 0
2.99157 -14.5884 0.99941 6 1
9.83423 7.45084 0.998982 6 0
13.365 -8.37327 0.986354 6 1
11.7272 8.056 0.985793 6 0
6.19847 -10.9812 0.977091 6 1
3.30701 8.59195 0.997009 6 0
12.0748 15 0.993777 6 0
9.3175 -14.9842 0.995648 6 1
6.0453 6.62453 0.959897 6 0
15 8.13004 0.999051 6 0
10.8572 -3.71329 0.972571 6 0
1.54972 4.98568 0.87307 6 0
13.7999 6.4145 0.983696 6 0
13.8683 8.43952 0.985054 6 0
-8.80602 5.85094 0.976584 6 0
-10.8078 13.901 0.998017 7 0
9.58306 -14.1745 0.996217 7 1
-5.32616 14.114 0.988124 7 1
-11.5634 0.836054 0.976485 7 1
-3.73005 10.6285 0.999951 7 0
-1.73956 -1.02905 0.594845 7 1
-5.12985 10.5701 0.998987 7 0
-14.7949 -14.7659 0.991473 7 1
-1.54685 5.96802 0.945027 7 0
-12.0867 12.597 0.997054 7 1
-15 15 0.999982 7 0
-11.5211 14.5707 0.999937 7 1
12.6899 -13.6798 0.998032 7 1
14.77 14.9876 0.993821 7 1
10.9186 -1.70793 0.971712 7 1
8.59858 10.0983 0.994283 7 1
-6.11667 1.54019 0.910593 7 1
0.624091 11.1 0.982642 7 0
8.0741 -11.3392 0.998579 7 1
6.42173 3.02155 0.997872 7 0
-0.164024 7.82273 0.940577 7 0
-8.73416 10.2301 0.993145 7 1
-14.9982 13.9401 0.991569 7 1
-12.2972 -9.75941 0.984073 7 1
6.21185 2.85721 0.923822 7 0
-1.06127 14.2723 0.995215 7 1
14.9917 14.8966 0.998466 7 1
-12.2596 10.2179 0.99994 7 1
-8.19565 -10.7172 0.988082 7 1
14.1892 -6.46217 0.990515 7 1
-11.6751 -0.0560598 0.98999 7 1
5.65982 7.47344 0.960274 7 1
2.18603 8.32593 0.99822 7 0
-0.894716 8.84306 0.952099 7 0
4.95911 9.37956 0.984278 7 0
-2.3838 -7.62962 0.973531 7 1
4.29226 14.6337 0.985593 7 1
-3.29004 5.27541 0.920148 7 0
7.62971 12.898 0.99761 7 0
5.29527 -12.4404 0.984597 7 1
-3.32215 2.76665 0.915691 7 1
13.1713 -7.54432 0.982953 7 1
-10.299 -7.30011 0.978309 7 1
9.85126 -12.1544 0.986084 7 1
6.24598 13.3271 0.983936 7 0
11.6391 14.9201 0.99096 7 1
9.92883 -14.3926 0.998621 7 1
14.9968 -14.2308 0.999978 7 1
7.75619 -14.1982 0.986419 7 1
12.6037 5.15026 0.978881 7 1
-14.9771 13.8511 0.990619 7 1
-3.42046 8.849 0.963119 7 0
-3.78786 6.60842 0.998578 7 1
-0.903044 9.16028 0.997235 7 0
14.1024 5.30786 0.989819 7 1
11.818 11.7782 0.988194 7 1
6.68544 5.91569 0.953339 7 0
-6.27354 1.29254 0.950914 7 1
10.2738 15 0.995023 7 0
8.10995 6.10589 0.995559 7 0
3.7058 10.4619 0.979161 7 0
-6.66566 7.85303 0.990326 7 0
-14.2662 -13.2161 0.991462 7 1
13.4896 -7.26025 0.992022 7 1
-0.532244 11.3696 0.986138 7 0
-6.10158 14.4687 0.984053 7 1
-1.04218 14.8874 0.999999 7 1
12.2987 5.4203 0.994455 7 0
6.31113 7.44149 0.993155 7 0
6.71352 9.03983 0.999992 7 0
1.75767 15 0.986588 7 0
15 15 0.999982 7 0
-1.47789 5.11538 0.908128 7 0
14.9795 -8.62753 0.986819 7 1
-9.62958 -11.9716 0.996255 7 1
4.05458 5.32468 0.950808 7 0
14.8363 10.8339 0.989118 7 1
-8.23106 1.19741 0.9521 7 0
-15 15 0.999982 7 0
3.32793 10.0284 0.97533 7 0
-9.05165 -5.68014 0.997325 7 1
-14.7799 2.29655 0.999248 7 1
11.9523 11.327 0.999636 7 0
8.9135 2.39906 0.992994 7 0
6.543 9.25452 0.994069 7 0
-6.1334 -9.33785 0.992543 7 1
-0.31472 6.08061 0.984938 7 1
4.16707 9.72931 0.978919 7 0
10.2559 -2.03657 0.965022 7 1
-13.3654 -4.5674 0.98046 7 1
-14.8151 -12.6549 0.993557 7 1
5.81497 7.28917 0.970116 7 0
12.3649 9.35441 0.998062 7 0
-14.3562 14.9996 0.998016 7 1
8.69838 -10.2287 0.995857 7 1
-2.07163 14.7964 0.999793 7 1
8.50637 9.25172 0.975304 7 0
4.31308 8.95426 0.961209 7 0
-5.7037 6.88619 0.955098 7 0
2.38508 8.07093 0.949331 7 0
12.4167 9.18439 0.999998 7 0
-4.61433 11.7631 0.979555 7 0
-9.00931 9.10241 0.999621 7 1
8.70226 15 0.98865 7 0
-14.4027 -5.28555 0.994274 7 1
15 15 0.999982 7 0
-14.7955 1.09151 0.995577 7 1
4.05994 8.74406 0.996942 7 0
7.81741 3.07024 0.947194 7 0
9.97372 8.20241 0.994396 7 0
1.7076 -5.55215 0.902998 7 0
0.329596 4.43704 0.999989 7 0
4.53455 12.4186 0.98878 7 0
0.117666 7.52316 0.98958 7 0
2.46234 12.6918 0.99251 7 0
-12.7754 15 0.998388 7 0
2.83109 5.65728 0.915031 7 0
8.17481 12.2271 0.983271 7 0
9.68716 10.3977 0.984152 7 0
15 10.5075 0.988274 7 0
5.25722 -1.81561 0.983874 8 1
-14.5785 -13.9399 0.999949 8 1
15 15 0.999982 8 0
15 -5.85978 0.992106 8 0
11.0876 -13.3378 0.988817 8 1
2.98357 14.3819 0.982282 8 1
-14.0383 -14.5409 0.999049 8 1
2.07778 4.82829 0.87542 8 0
14.5739 9.17207 0.988283 8 1
3.65864 2.32459 0.927934 8 1
-2.46812 12.5993 0.999905 8 1
3.287 7.6407 0.952094 8 0
-3.17717 -14.5701 0.999935 8 1
-1.97664 6.20557 0.996821 8 0
11.4082 6.67022 0.98803 8 1
2.50671 14.2132 0.999244 8 1
9.70401 -7.09336 0.973555 8 0
-3.21237 1.29961 0.967078 8 1
14.6091 -9.03188 0.991123 8 1
4.63019 8.7639 0.962728 8 0
13.7507 1.83172 0.999993 8 0
-14.6432 10.2017 0.988445 8 1
-14.9839 -7.71133 0.990275 8 1
-1.32026 14.9473 0.996023 8 1
-3.56858 5.74557 0.92487 8 0
9.86612 14.9933 0.994964 8 1
14.4707 8.84712 0.998507 8 1
13.1914 -9.81883 0.998783 8 1
-14.283 11.5667 0.98945 8 1
-9.8998 -7.14231 0.992065 8 1
3.67839 9.32665 0.969413 8 0
15 7.39167 0.986437 8 0
-10.234 -2.99307 0.994184 8 1
14.4946 6.94346 0.994957 8 1
4.87275 4.76098 0.920746 8 0
6.41385 7.2455 0.999851 8 1
-13.3093 -9.3204 0.985226 8 1
11.2427 -5.11088 0.99816 8 1
-1.6331 5.36491 0.957466 8 0
1.89852 5.23132 0.982302 8 0
2.46811 12.2438 0.979884 8 1
2.96174 5.0183 0.910984 8 1
8.30553 15 0.993446 8 0
8.96924 12.7937 0.987592 8 1
-14.5141 0.453794 0.991664 8 1
12.7384 8.34271 0.984136 8 1
2.55602 13.9589 0.982485 8 1
10.8856 13.5319 0.990241 8 1
-6.81343 -13.1043 0.98866 8 1
6.69125 3.72627 0.990321 8 1
-14.6712 -8.02825 0.986382 8 1
14.8826 -14.8989 0.994669 8 1
5.241 6.17327 0.999347 8 0
6.79478 -14.991 0.99939 8 1
10.2068 10.168 0.999954 8 1
3.85369 14.4194 0.999995 8 1
15 8.20393 0.997124 8 0
3.51273 14.415 0.995682 8 1
1.90628 7.93163 0.996522 8 0
13.7094 2.83426 0.990828 8 1
-9.59877 -14.4929 0.991436 8 1
-4.27933 6.96394 0.993451 8 0
12.7787 4.3858 0.985777 8 1
8.411 8.83257 0.990477 8 1
4.62658 -2.66361 0.917931 8 1
5.67259 14.7751 0.990994 8 1
-1.91358 -14.1526 0.991915 8 1
-1.4673 4.46107 0.84792 8 0
-5.35298 -13.0618 0.980632 8 1
4.53103 6.21661 0.979659 8 0
-12.1299 -10.453 0.999014 8 1
12.6569 -12.0356 0.997565 8 1
-13.1691 -13.6869 0.995378 8 1
-14.6107 9.23598 0.986808 8 1
12.9117 7.31964 0.996163 8 0
5.51783 7.35497 0.998386 8 0
15 7.82951 0.995873 8 0
5.40114 9.58308 0.968028 8 0
4.34707 -6.43708 0.953136 8 1
14.7892 -14.7084 0.993106 8 1
-12.1387 -11.7913 0.996059 8 1
12.6433 9.57145 0.993921 8 0
2.43892 6.96404 0.937169 8 0
15 6.98812 0.998511 8 0
9.644 5.75161 0.99911 8 0
3.33795 -2.30905 0.901284 8 0
3.68677 12.5251 0.977989 8 1
-1.42605 4.89483 0.938721 8 0
5.55843 3.2095 0.958089 8 0
2.11775 4.16982 0.852345 8 0
4.48882 6.37034 0.946119 8 0
13.5556 -14.9993 0.998853 8 1
3.10424 5.19057 0.997508 8 0
1.60817 6.6614 0.927332 8 0
-10.5659 14.9754 0.988233 8 1
-1.20924 7.34623 0.959849 8 0
15 4.57209 0.984399 8 0
-6.09639 6.52169 0.953382 8 0
3.50321 7.79422 0.985141 8 0
14.3138 15 0.999147 8 0
1.53114 3.68887 0.969286 8 0
14.7933 -12.6405 0.992046 8 1
8.5558 6.22297 0.977983 8 0
-4.09253 8.09084 0.986239 8 0
12.761 8.45474 0.990846 8 0
7.05147 9.48956 0.998297 8 0
15 2.40629 0.982997 8 0
-0.33342 3.38075 0.99964 8 0
-0.378728 7.12534 0.988908 8 0
-0.00253201 6.7891 0.921042 8 0
6.50508 4.90785 0.997798 8 0
0.484986 7.44505 0.966297 8 0
12.9544 4.19472 0.978889 8 0
15 -5.88528 0.991273 8 0
8.53314 6.66264 0.990861 8 0
12.0279 -3.33659 0.980838 8 0
-2.41197 5.85345 0.916498 8 0
3.81347 6.17217 0.942792 8 0
15 2.77181 0.985878 8 0
0.459732 5.72667 0.892725 8 0
12.543 3.29858 0.986939 9 0
4.96226 7.5467 0.976602 9 0
14.6116 -0.185914 0.983096 9 1
4.04403 7.71598 0.991192 9 0
13.999 6.3252 0.996072 9 1
10.7933 -12.126 0.985051 9 1
5.79327 2.61198 0.925548 9 0
-7.03617 6.76303 0.992779 9 1
-14.0903 8.33532 0.993412 9 1
14.6003 -12.7962 0.990124 9 1
-8.21549 -5.311 0.988074 9 1
15 15 0.999982 9 0
8.41904 7.01797 0.969184 9 0
7.59253 5.67648 0.961884 9 0
5.37672 9.13417 0.982043 9 0
14.927 9.21722 0.999996 9 1
14.9733 -14.6588 0.991007 9 1
12.8235 -9.63167 0.997585 9 1
0.796649 3.37778 0.961768 9 0
-3.66909 -2.0866 0.823377 9 1
11.9706 14.7828 0.99713 9 1
0.020462 9.70942 0.999239 9 0
-14.9482 6.52472 0.98824 9 1
13.3814 2.07248 0.98245 9 1
6.55486 6.12408 0.960383 9 1
10.9392 6.60532 0.997959 9 0
-11.986 -8.67402 0.991428 9 1
-7.38436 3.43282 0.998465 9 1
9.96192 4.03447 0.999761 9 1
2.64358 14.4602 0.982808 9 1
5.97327 4.8096 0.98743 9 0
7.32631 7.56611 0.969502 9 0
-3.0392 14.5487 0.997809 9 1
5.44587 8.2885 0.962247 9 0
3.68377 6.80796 0.962144 9 1
8.06643 14.4872 0.996348 9 1
10.4792 5.67853 0.985155 9 0
14.9934 -14.6005 0.991034 9 1
-10.6889 10.9279 0.988722 9 1
2.62696 4.28505 0.98712 9 0
14.956 -12.6687 0.999565 9 1
15 2.94556 0.988736 9 0
-13.9758 10.5572 0.999701 9 1
3.41948 3.7709 0.944837 9 0
7.27051 8.51043 0.995635 9 0
10.5 7.37861 0.999978 9 0
3.99211 6.21512 0.939228 9 0
-1.21625 -13.3135 0.999768 9 1
2.13176 1.2956 0.78678 9 1
4.66903 7.45188 0.968569 9 0
5.65553 9.11094 0.999873 9 0
6.44514 -7.51905 0.963607 9 1
-10.0064 -14.9407 0.997261 9 1
6.98253 -4.62381 0.946061 9 1
-12.2162 14.8531 0.995336 9 1
5.64657 -12.9618 0.980383 9 1
-1.91098 9.11393 0.973167 9 0
7.18911 6.79614 0.964917 9 0
-3.14316 5.34048 0.928819 9 0
4.71327 -14.9903 0.984079 9 1
7.90292 3.85561 0.968702 9 0
-13.2953 -14.2757 0.995043 9 1
3.64447 7.86349 0.998626 9 0
13.3052 0.823744 0.999648 9 0
-0.618249 5.11942 0.89672 9 0
-1.37716 0.0210152 0.892242 9 0
13.5148 13.0088 0.991798 9 0
15 15 0.999982 9 0
-11.0402 -8.54126 0.995396 9 1
-10.2348 13.0508 0.996059 9 1
-6.85383 -14.5801 0.991504 9 1
5.74996 6.23632 0.965607 9 0
11.0767 15 0.998643 9 0
5.78948 6.49788 0.993059 9 1
-10.4647 -13.9242 0.994159 9 1
2.83472 5.72981 0.944099 9 0
14.1021 14.9619 0.995824 9 1
7.2038 15 0.99153 9 0
4.74665 4.91541 0.923051 9 0
4.53438 4.91279 0.954194 9 0
-2.4749 8.71197 0.983516 9 0
10.058 5.29116 0.989154 9 0
7.71824 5.33762 0.959087 9 0
0.504865 10.5083 0.967981 9 1
1.01388 7.68663 0.957772 9 0
-11.1178 -14.77 0.996242 9 1
-13.7122 14.838 0.999304 9 1
8.58713 6.07604 0.967859 9 0
5.81528 3.69489 0.940031 9 1
3.26087 11.9203 0.997438 9 1
-13.6993 14.9221 0.997014 9 1
15 11.1505 0.996218 9 0
-2.04338 -9.17032 0.957998 9 0
12.7359 -12.2095 0.995785 9 1
4.34856 -12.4167 0.98079 9 1
7.13062 11.2718 0.999848 9 1
8.22962 10.5913 0.997214 9 0
2.94847 2.3195 0.832884 9 0
-12.1836 -9.14897 0.984653 9 1
14.645 1.07032 0.982139 9 1
5.39144 7.56312 0.979384 9 0
1.1251 -5.89964 0.999148 9 1
-5.12658 0.157495 0.915331 9 1
6.15615 2.5249 0.969411 9 0
-12.7806 11.5818 0.987189 9 1
0.899878 3.08009 0.763363 9 1
14.9482 11.0764 0.999883 9 1
3.62024 5.0492 0.921822 9 0
4.67535 13.9823 0.986004 9 1
-15 15 0.999982 9 0
-12.1038 -14.3902 0.989638 9 1
6.37304 5.16097 0.986649 9 0
11.8115 7.60201 0.985464 9 1
-0.906368 7.73694 0.946872 9 0
7.71528 -0.46835 0.966219 9 0
-4.80547 14.9412 0.984118 9 0
7.93604 4.94048 0.964837 9 0
11.9849 -0.92082 0.973551 9 0
-2.66524 15 0.984571 9 0
3.44823 5.98074 0.945881 9 0
-7.86414 9.92766 0.983246 10 0
-13.2556 13.3217 0.990038 10 1
8.74363 2.09764 0.965456 10 0
8.26952 -14.1706 0.99641 10 1
6.90554 10.2832 0.994316 10 0
-15 14.6275 0.990988 10 0
14.7456 -1.99193 0.998845 10 1
3.25932 6.28043 0.999861 10 0
-8.35433 13.706 0.996611 10 1
10.1361 -11.5753 0.997924 10 1
-9.77614 -14.8849 0.98756 10 1
2.83124 7.28057 0.942358 10 1
10.811 12.0941 0.985078 10 1
-10.3237 1.12653 0.973119 10 1
-3.69667 5.40287 0.999993 10 0
-14.044 -13.8663 0.996702 10 1
14.3448 -10.1406 0.999677 10 1
-1.98744 -11.7687 0.982543 10 1
10.1057 3.15939 0.979732 10 1
-14.158 -1.38233 0.985557 10 1
-12.9249 5.27594 0.995215 10 1
-7.69226 1.4921 0.939573 10 1
2.65005 14.9992 0.98437 10 1
4.54097 6.82642 0.987179 10 0
5.78999 -0.714316 0.914385 10 0
2.99239 -13.5018 0.998481 10 1
-10.1461 10.5165 0.983081 10 1
10.0164 11.9165 0.992856 10 1
6.78611 -11.6399 0.990389 10 1
-2.16431 -9.73175 0.961931 10 1
-4.93558 4.25843 0.997887 10 0
4.01541 7.68551 0.998175 10 0
-1.93901 14.9995 0.984949 10 1
5.23056 6.87895 0.99999 10 0
12.4073 -8.04599 0.990604 10 1
-8.5835 -11.3347 0.984814 10 1
6.78997 3.67777 0.968965 10 0
-6.31851 10.0945 0.986765 10 1
-3.45368 6.84691 0.987511 10 0
10.2229 3.45002 0.996438 10 1
6.08457 -14.6212 0.991948 10 1
-2.53879 0.524959 0.635566 10 1
4.0161 -7.68977 0.997687 10 1
14.936 2.54296 0.983554 10 1
8.60741 6.23734 0.988326 10 0
-12.3342 -13.0223 0.994092 10 1
-12.5868 -0.697385 0.976817 10 1
5.71576 8.83582 0.968352 10 0
2.11085 7.48944 0.949109 10 0
-0.275419 6.31983 0.914943 10 0
-1.04801 9.72439 0.988503 10 0
10.7281 12.3541 0.992601 10 1
-10.9669 15 0.999984 10 0
-7.85312 9.44329 0.999529 10 1
9.911 5.25192 0.998186 10 0
1.16678 4.54379 0.848668 10 1
11.8465 0.0213108 0.995928 10 1
-0.493849 -10.7712 0.997238 10 1
11.2979 7.98759 0.998898 10 1
11.753 -2.61461 0.973155 10 1
0.946442 5.55937 0.937002 10 0
8.72301 14.5707 0.999415 10 1
-2.2048 5.01447 0.998312 10 0
7.15538 7.42636 0.987944 10 0
2.57927 4.94325 0.976853 10 0
-5.06825 6.42279 0.991641 10 1
15 6.86037 0.999999 10 0
10.1047 6.56931 0.973291 10 1
-14.1618 11.3456 0.997325 10 1
-7.41787 7.85254 0.994723 10 1
14.9941 -12.6826 0.999995 10 1
7.11708 -2.72495 0.998106 10 1
14.7 14.2071 0.990699 10 1
14.9775 14.0442 0.994228 10 1
6.86007 6.53174 0.960697 10 0
14.1089 -14.9174 0.99426 10 1
3.7096 5.73861 0.923061 10 0
5.85731 8.09004 0.963569 10 0
3.80915 7.98053 0.957032 10 0
-4.82648 15 0.985499 10 0
-0.360997 -2.75486 0.888536 10 1
2.36441 5.83945 0.90937 10 0
-0.314087 9.38324 0.958614 10 0
14.9905 -14.4137 0.996355 10 1
5.29219 5.39332 0.996985 10 0
9.97236 15 0.998864 10 0
14.7905 -14.8972 0.991747 10 1
-0.35321 8.33111 0.948525 10 0
7.07201 5.25636 0.963873 10 0
6.8288 5.66262 0.953182 10 0
14.9773 -14.43 0.996258 10 1
1.71566 4.24037 0.926672 10 0
15 -11.0191 0.999753 10 0
6.92375 4.7072 0.946069 10 0
4.0356 9.26162 0.986365 10 0
-12.3777 7.15593 0.993706 10 1
3.12277 5.37308 0.921152 10 0
-3.58748 9.06141 0.99512 10 1
14.0464 -8.49814 0.997145 10 1
0.951416 2.87882 0.810125 10 0
-10.1904 -4.42166 0.98092 10 0
15 15 0.999982 10 0
6.37161 7.09252 0.973559 10 0
-10.9674 9.31606 0.999946 10 1
5.49707 7.27322 0.996576 10 0
7.19693 4.14822 0.954502 10 0
1.97456 3.68774 0.814156 10 0
8.85265 10.9558 0.982081 10 0
4.11189 4.95887 0.970443 10 0
1.51963 -14.9966 0.989301 10 1
10.5408 4.94732 0.984634 10 0
11.3045 14.9463 0.99295 10 1
-8.35168 15 0.99168 10 0
6.81183 11.272 0.98231 10 0
8.19024 3.83533 0.979947 10 0
15 12.8716 0.994948 10 0
-11.4606 -2.14513 0.987352 10 0
15 4.04099 0.995808 10 0
4.84275 5.39629 0.944273 10 0
2.48808 5.4775 0.9999 10 0
-6.62981 14.9163 0.989254 11 1
-13.9519 -12.6234 0.989301 11 1
-14.2958 -4.02407 0.996939 11 1
15 -15 0.999982 11 0
15 8.5898 0.98681 11 0
14.9846 -3.08862 0.990031 11 1
14.4104 -0.830101 0.999165 11 1
15 8.04251 0.999995 11 0
14.2497 -11.5461 0.988335 11 1
10.3764 5.95552 0.978446 11 1
-13.0323 9.76063 0.986469 11 1
5.54562 3.96519 0.921075 11 0
-2.09266 12.9155 0.977198 11 1
-14.986 7.34359 0.987985 11 1
4.21951 3.57001 0.996447 11 0
-1.22783 7.24526 0.931853 11 0
-13.6448 10.885 0.996851 11 1
13.1936 -11.0376 0.989315 11 1
9.16985 4.90589 0.97063 11 0
-13.4773 -14.5899 0.99039 11 1
7.22326 0.00688076 0.954375 11 0
-11.3333 3.61956 0.988651 11 1
3.1956 -1.644 0.804438 11 1
-8.11065 11.6687 0.98411 11 1
7.89129 -14.3163 0.991275 11 1
-5.28541 -13.3409 0.998387 11 1
-13.9142 14.901 0.990837 11 1
12.3621 -10.3809 0.988797 11 1
2.50431 4.35099 0.989813 11 0
8.66154 5.89575 0.964887 11 0
-8.38304 3.31235 0.971409 11 1
-14.8891 14.2751 0.99901 11 1
14.9109 -7.15806 0.998899 11 1
1.01548 5.78871 0.939809 11 0
-13.8487 -8.32947 0.987484 11 1
4.02637 15 0.996127 11 0
1.72597 5.13435 0.973767 11 0
2.36235 6.4525 0.933045 11 0
-12.0454 -3.65172 0.97574 11 1
12.3311 14.9258 0.9895 11 1
-8.871 -13.4999 0.987967 11 1
-0.531714 8.95253 0.959902 11 1
14.9964 14.9418 0.999588 11 1
13.4956 -5.09256 0.999562 11 1
-7.75777 -13.1383 0.986174 11 1
6.8707 5.97876 0.995139 11 0
8.34494 -0.234403 0.947387 11 1
-3.30503 -14.0213 0.99997 11 1
-9.02238 7.72307 0.991903 11 1
3.961 6.89597 0.959024 11 0
-11.7658 -6.05899 0.990619 11 1
-14.9628 -14.4709 0.995283 11 1
2.45519 6.25881 0.937515 11 0
4.24075 5.90441 0.938605 11 0
15 -0.424408 0.995979 11 0
8.95278 8.28443 0.990633 11 0
4.41548 2.95344 0.900041 11 0
12.7641 0.157864 0.99673 11 1
14.8429 14.9416 0.994789 11 1
-2.391 -5.31525 0.911552 11 1
13.7016 0.460032 0.985317 11 0
-14.4262 -10.8356 0.999793 11 1
-0.64248 1.58767 0.749669 11 1
-14.2391 10.8931 0.993462 11 1
12.6972 12.7434 0.997695 11 1
6.9935 -11.2863 0.995872 11 1
-14.7323 9.36262 0.996919 11 1
1.82873 11.1034 0.999978 11 0
-0.125965 5.086 0.947046 11 0
11.2214 13.5798 0.997552 11 1
6.09315 0.0262728 0.98303 11 1
15 -2.99968 0.989769 11 0
14.3301 -5.63406 0.998646 11 1
5.90367 -13.2855 0.989788 11 1
8.8034 6.87588 0.99228 11 0
4.43228 8.44018 0.973304 11 0
4.02305 7.50539 0.9761 11 0
-14.4305 14.4398 0.990505 11 1
6.9124 14.0572 0.98501 11 1
3.19621 15 0.993771 11 0
2.1698 -8.95104 0.99647 11 0
2.14651 5.21317 0.938017 11 0
2.53755 4.48231 0.900362 11 0
14.2882 -14.9431 0.999982 11 1
-9.07479 14.8203 0.991037 11 1
-9.18093 14.0885 0.987823 11 1
5.48088 7.66118 0.956903 11 0
3.92514 13.4343 0.991224 11 1
7.26042 6.59631 0.981967 11 0
7.7594 8.71273 0.988614 11 0
14.8958 11.8107 0.996421 11 1
15 15 0.999982 11 0
-3.99903 -4.17745 0.89527 11 1
5.31529 8.63427 0.993606 11 1
5.20928 4.53593 0.947547 11 0
15 9.20219 0.998557 11 0
-1.20827 6.03942 0.948412 11 0
2.18476 5.31852 0.89244 11 0
-5.36269 2.97295 0.963717 11 0
2.56301 5.49312 0.994384 11 0
13.8628 14.9766 0.990541 11 1
-0.349443 6.8101 0.92122 11 0
-1.35748 8.14431 0.968976 11 0
2.98913 7.8134 0.946211 11 0
-10.4319 5.03278 0.975024 11 1
11.2518 7.18259 0.999993 11 0
6.51467 6.52849 0.994438 11 0
0.575379 5.7506 0.894541 11 0
3.8204 6.59435 0.998082 11 0
4.45626 4.03445 0.999632 11 0
4.79138 5.46835 0.938349 11 0
4.7574 7.53509 0.95222 11 0
1.77962 4.3715 0.848082 11 0
3.81114 4.95189 0.911002 11 0
15 15 0.999982 11 0
15 4.27505 0.989966 11 0
2.25931 5.81765 0.912719 11 0
-0.0072341 6.16851 0.943232 11 0
15 0.320501 0.996203 11 0
2.61391 6.15991 0.951328 11 0
15 15 0.999982 12 0
2.44545 5.32109 0.926844 12 0
-11.7589 -6.5827 0.990077 12 1
4.51276 8.72742 0.978285 12 0
-1.62895 14.8942 0.997798 12 1
6.18617 7.5962 0.984983 12 0
2.82954 4.534 0.922266 12 0
1.64024 14.6794 0.988767 12 1
12.8377 -11.915 0.999698 12 1
2.03374 5.21168 0.965977 12 0
-14.5911 11.8091 0.991082 12 1
-0.351161 5.76517 0.893953 12 0
-1.77229 2.8539 0.982208 12 1
2.98393 4.19544 0.901905 12 0
1.00687 5.88191 0.989794 12 0
12.6108 -4.4259 0.999864 12 1
1.00125 2.94805 0.716146 12 0
15 15 0.999982 12 0
3.88953 14.2687 0.990769 12 1
8.21462 -5.95961 0.995147 12 0
-2.90263 4.90128 0.905333 12 0
13.4788 13.9041 0.989471 12 1
0.296638 10.6482 0.992493 12 1
3.06764 5.19415 0.99957 12 0
14.175 -13.1777 0.989572 12 1
6.19667 7.16651 0.960958 12 0
6.22171 -14.2421 0.995199 12 1
10.5637 4.46426 0.973151 12 1
14.5718 14.567 0.998104 12 1
-13.4524 -1.37516 0.984377 12 1
-0.986852 3.80884 0.999572 12 0
4.67061 15 0.984055 12 0
13.023 14.8448 0.996029 12 1
0.105535 4.8335 0.919376 12 0
-14.7689 -14.8356 0.99099 12 1
-14.5047 2.78894 0.988719 12 1
-9.65838 -3.49142 0.995481 12 1
4.23844 2.61165 0.999908 12 0
-5.72062 12.4986 0.989773 12 1
0.661792 5.57987 0.950311 12 0
2.59785 4.28958 0.991969 12 0
9.94851 -14.9773 0.997159 12 1
12.9724 2.90543 0.997428 12 0
-0.0622101 5.44634 0.989179 12 0
-12.6659 3.75394 0.987402 12 1
7.58176 6.32815 0.967639 12 0
10.0891 -13.3756 0.985951 12 1
8.59979 4.57233 0.996021 12 0
1.09403 4.37475 0.980321 12 0
12.4347 15 0.993537 12 0
2.87225 -14.7285 0.995985 12 1
5.44121 6.70475 0.999962 12 0
1.80066 4.40179 0.859715 12 0
-14.7351 -14.4883 0.9999 12 1
13.4218 -10.4936 0.999804 12 1
9.75497 -7.91332 0.9753 12 1
3.15627 6.43113 0.978821 12 0
10.13 -14.1949 0.995732 12 1
6.49963 7.12127 0.997049 12 0
3.21164 7.85261 0.966053 12 0
2.12074 13.2372 0.997771 12 1
4.74216 5.33493 0.988119 12 0
2.32308 -1.7514 0.990034 12 1
14.0134 -13.1958 0.99426 12 1
-5.36439 7.1078 0.952004 12 1
5.65824 6.32699 0.967308 12 0
4.10873 6.57302 0.958343 12 0
-2.97745 12.6732 0.980953 12 1
1.48487 5.68795 0.940737 12 0
8.28287 5.52205 0.961261 12 1
10.4897 14.737 0.999732 12 1
-1.43876 4.68026 0.971056 12 0
3.86285 9.66522 0.969304 12 1
-11.5011 -14.197 0.989403 12 1
-12.6281 7.52276 0.982765 12 1
3.19336 5.85502 0.962029 12 0
15 5.71847 0.996489 12 0
0.685096 5.51765 0.984754 12 0
-0.608665 8.43699 0.958698 12 0
13.6627 2.67611 0.998436 12 1
-1.7275 6.92843 0.987261 12 0
-5.2178 14.9822 0.994573 12 0
2.29483 5.2603 0.89334 12 0
12.8958 -6.32487 0.999146 12 1
-3.76125 -0.934029 0.980548 12 0
-5.14625 -5.36492 0.955453 12 1
-12.7871 -14.8964 0.999997 12 1
-9.86321 -14.648 0.994599 12 1
1.97243 5.20724 0.980744 12 0
14.0748 14.8805 0.991806 12 1
-2.61332 4.10711 0.948924 12 1
2.89049 5.13604 0.950258 12 0
13.0607 4.40807 0.99446 12 1
5.87757 6.1519 0.973772 12 0
8.81993 -14.5234 0.99969 12 1
-0.583336 6.96781 0.985193 12 0
7.53383 8.62442 0.975005 12 0
10.1952 5.36998 0.970771 12 0
15 11.3881 0.988956 12 0
4.71909 4.62818 0.98793 12 0
14.9659 -9.05666 0.998973 12 1
-11.3026 7.85928 0.992365 12 1
2.73458 5.1682 0.921558 12 0
-0.145638 11.7506 0.999128 12 1
14.4839 7.36109 0.985202 12 1
-0.0853527 5.10258 0.934863 12 0
-14.7126 -8.55021 1 12 1
-14.9905 10.9593 0.999861 12 1
-2.50167 7.34517 0.955669 12 1
0.347436 5.41991 0.981846 12 0
4.53647 14.9967 0.98488 12 1
-14.9298 -14.5515 0.993577 12 1
-0.749667 -7.2892 0.930688 12 1
-15 10.8044 0.996204 12 0
1.6597 -12.3441 0.984487 12 1
3.36659 6.37413 0.960375 12 0
-13.3346 -5.19472 0.995117 12 1
11.2924 10.0789 0.984238 12 0
0.854534 -4.26817 0.946637 12 1
15 12.6722 0.999999 12 0
14.9261 -10.5864 0.988498 13 1
-14.2108 -13.9449 0.990073 13 1
1.43283 5.61607 0.898588 13 0
-15 15 0.999982 13 0
14.8395 -13.5121 0.997454 13 1
0.0159521 6.16015 0.947819 13 0
0.7282 4.53601 0.908341 13 0
4.82866 5.39273 0.948491 13 0
-9.92526 7.99716 0.99464 13 1
11.6094 8.77201 0.988424 13 1
-0.0289154 -11.3184 0.996117 13 1
-10.0358 -10.6231 0.983028 13 1
8.86213 5.86953 0.988298 13 0
10.6238 8.88061 0.999401 13 1
14.6748 9.78168 0.996267 13 1
15 -3.37889 0.997211 13 0
-4.74784 3.09487 0.919781 13 0
-15 7.04002 0.997178 13 0
3.81419 -11.1342 0.999864 13 1
2.2893 6.54354 0.959171 13 0
5.51797 5.63983 0.942438 13 0
9.82267 5.22559 0.984292 13 1
1.5778 5.44991 0.916311 13 0
-13.4299 -14.1131 0.99341 13 1
8.73078 -1.77331 0.952128 13 0
-9.69407 -0.632624 0.998854 13 1
13.9615 3.53519 0.999993 13 1
5.54392 0.687811 0.970786 13 0
1.36513 5.42051 0.968803 13 0
-0.916178 5.14659 0.872644 13 0
9.59543 -12.604 0.992346 13 1
-14.8173 0.385601 0.99427 13 1
8.91983 11.8099 0.991916 13 1
14.8745 0.0150185 0.998565 13 1
-7.76198 7.40184 0.999917 13 1
6.05582 10.2481 0.987632 13 1
14.8088 14.9864 0.995212 13 1
-7.24668 -2.19384 0.998999 13 1
7.40587 6.29814 0.998213 13 0
5.9894 6.90687 0.999286 13 0
-4.61132 14.9846 0.984497 13 1
2.35901 4.70945 0.878371 13 0
13.8121 -10.0697 0.997375 13 1
-14.4217 5.63352 0.999214 13 1
2.00806 5.67878 0.999986 13 0
3.27137 7.70018 0.94619 13 0
3.28089 -12.1237 0.975309 13 1
-14.9927 9.11409 0.999988 13 1
-1.44542 14.2405 0.995408 13 1
-5.5728 -14.7256 0.984884 13 1
-4.8651 -1.31358 0.980258 13 1
4.25473 8.3197 0.965593 13 0
5.59719 15 0.99911 13 0
11.0545 -5.37928 0.999894 13 0
-8.99338 -11.4367 0.988599 13 1
0.432693 -14.8117 0.993838 13 1
11.3065 5.52337 0.97562 13 1
6.41857 4.90315 0.996938 13 0
-1.83409 -1.0643 0.540699 13 1
13.3948 -4.44759 0.980696 13 1
-12.3162 5.41273 0.992942 13 1
-2.47331 -14.765 0.998578 13 1
5.08591 4.22084 0.988138 13 0
-3.62915 4.75497 0.994401 13 1
4.37389 4.72351 0.968234 13 0
-1.98231 3.70067 0.815608 13 0
-14.9942 -14.9992 0.999998 13 1
14.9276 11.6192 0.990641 13 1
11.5241 14.4819 0.997528 13 1
3.99394 6.90488 0.967553 13 0
2.4166 7.89211 0.969902 13 0
3.48121 5.26605 0.91161 13 0
5.15962 5.965 0.941903 13 0
11.8741 13.0828 0.993946 13 0
-0.672844 7.18561 0.956883 13 0
-15 -6.16622 0.98512 13 0
-8.6718 0.856803 0.990615 13 0
14.537 -14.7338 0.999916 13 1
-3.97639 -8.91382 0.992575 13 1
14.2501 14.844 0.99674 13 1
1.40177 5.10108 0.887706 13 0
13.9419 4.25624 0.985804 13 1
-11.2945 14.4435 0.988278 13 1
-11.4174 -6.71228 0.991946 13 1
-14.9263 14.9008 0.996398 13 1
-9.07759 -4.62749 0.999406 13 1
-15 8.45427 0.988357 13 0
-1.8883 -11.4205 0.974211 13 1
3.0929 5.85868 0.982198 13 0
2.92152 5.44154 0.939106 13 0
14.0221 6.38011 0.999025 13 1
15 12.1627 0.990779 13 0
10.1254 8.58458 0.995583 13 1
1.72282 3.56729 0.991404 13 0
4.99548 7.29085 0.957945 13 0
6.53097 9.27503 0.992608 13 0
5.04217 6.1121 0.949923 13 0
2.63516 5.22467 0.924174 13 0
12.4412 -14.9929 0.993457 13 1
2.57043 4.25773 0.999997 13 0
-2.4604 15 0.983141 13 0
13.5023 -14.9817 0.999967 13 1
2.91873 5.36206 0.977602 13 0
-3.17995 6.30466 0.999855 13 1
-1.28698 5.63866 0.895408 13 0
-6.43483 7.7941 0.98735 13 1
0.50973 6.48248 0.994502 13 0
4.60197 5.71011 0.930804 13 0
14.9868 2.01017 0.985177 13 1
10.9529 10.8624 0.999756 13 1
14.4715 9.04885 0.998783 13 1
4.60666 4.79766 0.970628 13 0
1.58252 3.9069 0.820836 13 0
15 -6.69179 0.997676 13 0
14.443 14.9488 0.996864 13 1
2.21363 7.19999 0.991934 13 0
10.0407 7.09179 0.999869 13 0
4.23726 4.93633 0.995246 13 0
-5.35077 15 0.998944 13 0
2.06553 5.25603 0.931918 13 0
15 -4.91306 0.987274 14 0
-14.6349 13.0146 0.99909 14 1
4.09573 7.9591 0.956591 14 0
3.69354 6.14793 0.975561 14 0
13.5901 14.4068 0.992656 14 1
-0.341224 12.7522 0.995857 14 1
13.7397 -12.4589 0.999336 14 1
2.69273 0.40018 0.769753 14 1
-2.25513 8.09461 0.947612 14 1
15 5.01679 0.990063 14 0
15 8.81301 0.992522 14 0
-12.2641 -8.05646 0.98187 14 1
13.098 -14.8847 0.991588 14 1
-3.58497 -14.9985 0.999626 14 1
14.9777 -12.2952 0.989469 14 1
3.96231 5.73374 0.976188 14 0
10.0526 -0.326219 0.976143 14 1
11.491 0.275872 0.971264 14 1
7.55268 14.7322 0.9981 14 1
1.35432 5.98891 0.959011 14 0
4.75559 3.76441 0.993383 14 0
-14.7698 11.6646 0.98917 14 1
14.5235 7.16426 0.985713 14 1
-8.67567 -14.0388 0.99995 14 1
2.7157 -0.603254 0.895353 14 1
2.90365 4.61489 0.99141 14 0
-10.709 6.98197 0.998361 14 1
14.3622 -2.512 0.985515 14 1
8.05047 6.94532 0.988837 14 0
13.6749 -13.6518 0.990335 14 1
-10.887 -9.40559 0.999906 14 1
5.32826 6.22929 0.98762 14 0
2.02416 5.27823 0.92835 14 0
10.205 -11.8494 0.986573 14 1
-8.67459 -13.4439 0.999513 14 1
4.40712 3.90935 0.948744 14 0
1.41878 4.58114 0.88597 14 0
-3.55936 -8.82694 0.969516 14 1
1.31821 -5.0477 0.873522 14 1
8.73532 9.39001 0.999991 14 1
6.86723 6.29359 0.972457 14 0
-14.9945 -12.4085 0.992301 14 1
2.23138 4.14748 0.847257 14 0
14.7583 1.88442 0.998769 14 1
1.89822 5.31518 0.934046 14 0
-6.91261 14.9998 0.999735 14 1
13.4552 -9.83325 0.98954 14 1
-14.1117 -13.1612 0.991464 14 1
5.76486 6.5709 0.983603 14 0
-0.65951 4.47539 0.970485 14 0
4.98295 7.94835 0.959435 14 0
2.70035 5.08289 0.892323 14 0
4.90913 5.10649 0.999411 14 0
-13.407 6.73421 0.996222 14 1
4.96899 12.0749 0.977945 14 1
12.255 13.0467 0.991426 14 1
12.6212 -3.99067 0.990998 14 1
-3.26818 -3.54028 0.904677 14 1
14.8294 -14.67 0.993034 14 1
-9.08925 -6.60672 0.999529 14 1
-9.27551 12.4192 0.998309 14 1
13.8693 14.8422 0.993821 14 1
-12.1156 -11.6267 0.986681 14 1
-0.519889 4.19153 0.824738 14 0
7.97553 5.97397 0.961652 14 0
4.07513 5.7184 0.994261 14 0
0.224715 5.6022 0.958275 14 0
-2.35043 15 0.982945 14 0
2.17201 -8.17778 0.959354 14 1
2.56295 5.6746 0.916871 14 0
2.39608 5.74633 0.917089 14 0
-12.4997 14.0454 0.989697 14 1
2.40989 6.07939 0.999911 14 0
14.2147 4.74378 0.997631 14 1
-6.72442 -5.02801 0.946986 14 1
11.7192 9.57015 0.984569 14 1
-14.9567 -3.04643 0.986677 14 1
3.10036 5.94814 0.943987 14 0
2.89567 -14.8063 0.988 14 1
-11.6124 6.02692 0.977203 14 1
4.54475 5.45521 0.997372 14 0
15 -1.23716 0.991588 14 0
5.53096 4.82921 0.931297 14 0
-14.227 -4.41734 0.999588 14 0
3.24758 6.36163 0.986569 14 0
-14.3285 -12.7969 0.9966 14 1
15 15 0.999982 14 0
15 7.32736 0.987671 14 0
7.88624 14.2707 0.98786 14 0
11.7338 1.14645 0.999923 14 0
4.43912 4.73857 0.991856 14 0
-13.793 -9.07456 0.999849 14 1
14.4176 2.92871 0.983522 14 1
5.43607 -14.8686 0.991423 14 1
2.60417 5.89785 0.973093 14 0
2.23143 5.41304 0.926133 14 0
8.19026 9.48505 0.976215 14 1
-13.474 -14.6637 0.990123 14 1
14.9948 11.5476 0.991117 14 1
4.03377 5.96018 0.965275 14 0
3.32993 5.54866 0.983989 14 0
12.4774 4.59047 0.99753 14 1
15 -8.91796 0.996589 14 0
-3.95688 -6.52749 0.996195 14 1
2.81347 5.49514 0.940544 14 0
2.92566 -13.5038 0.997594 14 1
2.71086 5.18202 0.922239 14 0
-6.44754 13.6258 0.989214 14 1
4.09858 4.98473 0.976079 14 0
1.942 5.02925 0.956891 14 0
0.74541 5.62397 0.916615 14 0
-6.62042 15 0.995544 14 0
15 10.7421 0.993698 14 0
-5.25866 -4.62901 0.989802 14 0
14.3584 13.0892 0.990654 14 0
15 15 0.999982 14 0
6.92155 7.51457 0.999947 14 0
2.26134 5.35866 0.906025 14 0
8.82929 3.42894 0.960618 14 0
4.27238 5.39023 0.935452 14 0
15 15 0.999982 15 0
5.0557 1.39265 0.873307 15 0
1.6243 4.95195 0.874373 15 0
14.4469 -6.92371 0.998632 15 1
3.63182 7.22648 0.998388 15 0
2.61181 -12.2961 0.975326 15 1
-6.55204 -0.188509 0.999708 15 1
14.7713 0.729632 0.99077 15 1
1.95149 4.43813 0.931596 15 0
14.9967 4.80732 0.985043 15 1
-14.9722 -14.3177 0.999619 15 1
15 15 0.999982 15 0
14.9389 12.6656 0.999114 15 1
2.65473 5.25205 0.944739 15 0
3.62826 5.67568 0.932638 15 0
-14.5304 -13.598 0.990007 15 1
4.79629 5.97494 0.989482 15 0
-2.2863 -6.28583 0.952673 15 1
14.6334 11.933 0.989324 15 1
2.59225 -9.509 0.971406 15 1
-11.9456 -13.9027 0.988241 15 1
3.24424 4.29029 0.947934 15 1
-8.95632 -12.4508 0.993843 15 1
-9.58745 14.9991 0.987535 15 1
3.57324 6.48072 0.943296 15 0
13.6861 -8.55366 0.989064 15 1
4.21963 5.55739 0.979623 15 0
-4.75629 8.68748 0.9635 15 1
-11.5436 -9.67043 0.990765 15 1
3.6695 4.68775 0.983938 15 0
-14.6836 1.69765 0.989909 15 1
4.65989 4.61879 0.999209 15 0
1.04917 6.13243 0.91858 15 0
14.6128 13.3323 0.994034 15 1
5.02003 -6.71357 0.946199 15 1
3.31913 4.08887 0.878122 15 0
11.5408 -11.5095 0.987471 15 1
-1.31381 4.79853 0.999996 15 0
-12.3044 10.5024 0.986498 15 1
2.48064 5.39715 0.977555 15 0
14.9916 10.082 0.999998 15 1
0.202908 5.83747 0.918167 15 0
13.0879 -10.7303 0.996166 15 1
5.28117 6.41292 0.95432 15 0
4.33424 7.12711 0.94814 15 0
-10.3418 11.2067 0.985537 15 1
-6.86995 -5.12432 0.991689 15 1
11.7587 14.9534 0.997198 15 1
-7.50644 -4.08603 0.985472 15 1
1.46308 15 0.989521 15 0
2.43171 14.9022 0.986872 15 1
3.134 6.33026 0.999933 15 0
-13.5368 -14.2451 0.999903 15 1
15 1.99055 0.9845 15 0
9.54416 -13.7275 0.986536 15 1
10.2647 14.434 0.990784 15 1
9.8962 6.06158 0.978162 15 1
-14.6231 -4.73492 0.996804 15 1
14.9642 -14.8826 0.997123 15 1
8.40089 0.628526 0.95074 15 0
12.0402 9.2902 0.98333 15 1
14.0788 -14.9217 0.993313 15 1
2.79725 5.79452 0.966565 15 0
1.68738 5.24267 0.999603 15 0
8.16238 5.7425 0.962765 15 0
-11.3938 6.79536 0.994657 15 1
2.0133 5.05541 0.986959 15 0
1.97044 5.40131 0.892452 15 0
9.49945 12.0591 0.995153 15 0
-7.43949 -2.89101 0.969251 15 1
-6.90563 -14.6697 0.985182 15 1
-12.8531 14.9877 0.996228 15 1
-13.7877 13.3376 0.998125 15 1
15 15 0.999982 15 0
3.0828 5.54664 0.9218 15 1
-8.15977 -13.204 0.996858 15 1
2.57391 6.40069 0.943811 15 0
-5.99056 8.51188 0.969299 15 1
-5.61088 -10.13 0.97474 15 1
-3.38503 11.1919 0.992729 15 1
3.46054 5.81645 0.92395 15 0
13.8455 -8.62306 0.988319 15 1
-2.93673 -13.3502 0.981306 15 1
-4.99689 7.94585 0.958829 15 1
9.82704 1.21445 0.963785 15 1
-11.6024 12.2351 0.991058 15 1
-1.50424 9.90697 0.96843 15 1
5.27164 7.52596 0.99894 15 0
5.11591 6.43265 0.981173 15 0
-12.3917 14.9834 0.991296 15 1
2.70971 6.2946 0.927414 15 0
4.26651 5.67807 0.997023 15 0
5.58447 14.7368 0.985613 15 1
2.45024 4.82193 0.96882 15 0
3.96993 5.2285 0.998797 15 0
2.0971 5.83945 0.925297 15 0
7.35873 8.12376 0.969136 15 0
1.96864 5.34214 0.906618 15 0
-6.31005 -5.84443 0.997303 15 1
6.88114 7.50352 0.998874 15 0
1.61478 4.26273 0.94143 15 0
1.32361 4.93977 0.92657 15 0
0.250999 4.89836 0.976676 15 0
-15 2.32037 0.982956 15 0
3.84977 3.2034 0.994335 15 0
15 11.0418 0.999415 15 0
4.59217 -10.3925 0.989661 15 0
15 15 0.999982 15 0
-7.00596 1.23641 0.994643 15 0
12.511 -14.4489 0.999999 15 1
8.63805 6.96441 0.978623 15 0
0.958137 4.94253 0.982894 15 0
4.9712 15 0.988769 15 0
-3.37918 5.67251 0.990304 15 0
2.30271 5.38034 0.924638 15 0
2.16467 5.61209 0.999858 15 0
-9.77244 -11.7286 0.986892 15 1
15 8.59896 0.986856 15 0
-6.27084 1.10625 0.931371 15 1
1.60744 5.5868 0.904841 15 0
-15 7.744 0.992662 16 0
-14.0248 -0.142829 0.987752 16 1
1.88227 -13.9392 0.983605 16 1
-5.19734 2.64955 0.914306 16 1
-7.60285 -4.40664 0.970297 16 1
11.8153 14.8913 0.996379 16 1
-14.1343 -14.1777 0.994586 16 1
13.4166 -14.3988 0.999247 16 1
14.1624 7.29017 0.999072 16 1
9.2501 7.21516 0.997563 16 0
-14.1198 10.6787 0.991358 16 1
8.73169 14.6978 0.997197 16 1
-4.11613 4.55673 0.958781 16 1
-9.64343 11.5737 0.990171 16 1
-10.3089 -14.9876 0.994339 16 1
12.9045 10.7368 0.986511 16 1
8.42636 1.97364 0.999589 16 1
-14.1085 -1.0681 0.980508 16 1
1.29493 3.19182 0.984971 16 1
3.74158 5.10617 0.916294 16 0
1.67775 5.54005 0.896537 16 0
13.1071 -4.47521 0.99953 16 1
-13.7993 -8.2337 0.9952 16 1
-12.8943 -3.81566 0.993672 16 1
10.1989 6.24237 0.97929 16 1
-14.9578 -5.30917 0.995215 16 1
-6.51318 -14.9889 0.990904 16 1
3.56365 7.19001 0.984206 16 0
6.72343 -6.28186 0.997642 16 1
0.521805 4.2105 0.836564 16 0
14.7195 3.70984 0.98295 16 1
-8.51024 14.8826 0.993601 16 1
1.89944 5.23108 0.98226 16 0
-13.1514 3.52685 0.978885 16 1
1.48238 14.779 0.997085 16 1
-14.8306 -3.62262 0.986915 16 1
3.67113 5.71964 0.920612 16 0
-10.4557 -4.56174 0.981679 16 1
13.8473 8.93118 0.999872 16 1
-14.7829 14.6289 0.996263 16 1
0.585487 14.065 0.982668 16 1
5.24629 -3.36722 0.914598 16 1
2.57904 4.84323 0.999518 16 0
3.02932 6.41294 0.998502 16 0
7.96454 5.73959 0.980149 16 0
2.28653 4.52607 0.95957 16 0
6.43425 3.98409 0.99862 16 0
0.929554 5.78615 0.92938 16 0
3.93432 6.08379 0.946171 16 0
4.83741 5.93383 0.991141 16 0
2.30448 5.53457 0.997544 16 0
1.36333 2.14083 0.698463 16 1
-10.8857 11.9601 0.98676 16 1
-13.4889 6.19946 0.996434 16 1
2.93334 5.62116 0.919794 16 0
2.55917 5.1969 0.897682 16 0
4.92146 4.88207 0.959051 16 1
-4.61949 14.7367 0.999997 16 1
3.59665 11.4249 0.97681 16 1
14.6777 5.34154 0.98801 16 0
4.63113 5.97102 0.997041 16 0
-11.5368 12.0735 0.987388 16 1
3.61075 9.3971 0.978211 16 0
-15 -10.0948 0.999884 16 0
1.84788 5.33454 0.933053 16 0
1.50581 5.27967 0.999758 16 0
-14.6321 -0.839242 0.981733 16 1
14.9906 -13.9611 0.991906 16 1
6.31061 4.05819 0.982697 16 1
9.98318 5.63894 0.973412 16 1
2.85096 6.86126 0.953833 16 0
-14.8246 10.943 0.992071 16 1
0.984632 6.5135 0.994626 16 0
-0.183112 -13.5351 0.982909 16 1
12.2283 5.69901 0.988158 16 1
-4.33165 11.3192 0.978756 16 0
5.22903 2.11252 0.936821 16 0
-1.30161 -1.23451 0.970719 16 0
2.52494 5.60082 0.957039 16 0
-14.2515 14.8168 0.995709 16 1
15 8.26913 0.994839 16 0
2.9697 -14.6307 0.999973 16 1
-15 -15 0.999982 16 0
1.50068 5.06348 0.88357 16 0
10.4106 15 0.989971 16 0
14.3732 -14.6054 0.992188 16 1
1.88825 5.38342 0.901889 16 0
5.9954 9.95131 0.980175 16 0
3.06653 5.12833 0.992469 16 0
-0.546297 7.80735 0.940359 16 1
2.13292 4.75712 0.874053 16 0
2.57779 4.56462 0.873115 16 0
-13.1603 9.21537 0.995453 16 1
3.08669 4.79872 0.90161 16 0
6.52576 -13.4508 0.999521 16 1
5.42095 5.00321 0.936727 16 0
7.61049 13.9695 0.997964 16 1
-14.999 4.13429 0.993677 16 1
3.13807 5.56881 0.943797 16 0
3.17711 5.97908 0.923437 16 0
14.8336 11.4371 0.993543 16 1
14.7591 -14.8536 0.990966 16 1
6.48488 7.88568 1 16 0
11.9721 -0.97668 0.97394 16 1
2.21144 5.10904 0.981335 16 0
9.90745 -13.2181 0.999663 16 1
-2.56177 -3.56073 0.975785 16 0
3.18152 4.31414 0.934148 16 0
2.03385 9.46481 0.999952 16 0
2.85478 5.1676 0.956665 16 0
5.84509 15 0.992588 16 0
10.2479 4.82917 0.99479 16 0
2.19659 5.32472 0.892409 16 0
12.8392 12.6004 0.997697 16 0
2.89592 5.64675 0.921901 16 0
-15 5.81736 0.993492 16 0
2.18417 5.17851 0.949461 16 0
1.31774 5.23863 0.96426 16 0
3.24798 5.20062 0.963765 16 0
15 9.13462 0.99978 16 0
-14.8931 -2.41752 0.987884 17 1
-13.6153 -14.4291 0.991111 17 1
4.26432 -6.88922 0.99962 17 1
12.644 -14.835 0.994054 17 1
-4.35639 1.98665 0.879972 17 1
12.1399 0.502213 0.983155 17 0
15 0.554961 0.9956 17 0
4.91557 2.80435 0.924574 17 0
1.53122 3.6395 0.99662 17 0
2.95287 4.29065 0.874952 17 0
3.82362 7.5352 0.956305 17 0
14.9987 -12.9054 0.993697 17 1
2.1515 12.7303 0.994698 17 1
14.5485 -11.9629 0.988932 17 1
12.3728 -14.9509 0.989909 17 1
-10.666 -2.91509 0.972454 17 1
12.8728 14.5797 0.991575 17 1
14.923 -7.23969 0.995979 17 1
-12.6679 6.56902 0.990569 17 1
-13.3085 -12.1366 0.998821 17 1
12.5861 10.7283 0.998991 17 1
-5.68472 14.0564 0.983194 17 1
9.61434 9.95232 0.998977 17 1
7.64139 2.0662 0.947879 17 0
14.6939 -0.891647 0.984137 17 1
-14.8293 -13.4153 0.993267 17 1
0.970337 4.69706 0.886312 17 0
-9.84412 11.734 0.991736 17 1
-9.43927 -13.2892 0.987556 17 1
12.5114 12.6627 0.987535 17 1
2.27178 4.32525 0.963101 17 0
-12.3185 12.3457 0.99584 17 1
0.817439 4.06107 0.825165 17 0
2.02843 4.54624 0.999918 17 0
-4.64392 -11.5528 0.985055 17 1
-13.6317 11.7619 0.998509 17 1
15 15 0.999982 17 0
-6.94006 9.83935 0.973155 17 0
14.9958 9.74345 0.990335 17 1
9.37538 -11.687 0.997814 17 1
-2.35434 12.2882 0.977671 17 1
-12.4131 12.5253 0.996387 17 1
-3.11178 9.74777 0.999349 17 1
12.2987 -14.9826 0.989511 17 1
3.97414 1.83929 0.970171 17 1
-14.1867 12.5847 0.993424 17 1
-8.47303 -9.04809 0.993104 17 1
1.51559 3.78701 0.878775 17 0
-7.12461 5.0325 0.988515 17 1
1.76328 4.80256 0.925044 17 0
14.2937 14.1417 0.999097 17 1
9.12739 -14.5294 0.992447 17 1
-3.6595 12.0448 0.975811 17 1
2.31 5.56267 0.999988 17 0
2.21596 5.03681 0.999898 17 0
5.54494 14.9774 0.999999 17 1
12.1104 -12.2155 0.989349 17 1
11.0795 -7.93999 0.97915 17 1
13.6671 -14.824 0.999994 17 1
-2.78225 3.98081 0.939139 17 1
-0.591332 15 0.995474 17 0
3.26277 10.8057 0.999011 17 1
-3.09069 -4.11896 0.901114 17 1
-4.45008 7.41042 0.999962 17 1
4.03521 5.61528 0.950928 17 0
2.60599 4.33746 0.967162 17 0
2.76977 7.85754 0.949587 17 0
2.26058 4.35438 0.977576 17 0
7.66527 5.86576 0.998266 17 0
2.46375 5.3416 0.94318 17 0
-0.0528908 -13.42 0.996546 17 1
15 -0.0465078 0.996487 17 0
-15 -0.763304 0.99475 17 0
-8.70666 1.77427 0.9522 17 1
-14.6443 -11.9108 0.989187 17 1
-13.8576 -14.0424 0.997107 17 1
14.906 -14.6394 0.991753 17 1
1.93425 4.13678 0.933792 17 0
9.24079 14.5366 0.988028 17 1
4.48142 4.22389 0.948869 17 0
1.98684 3.52648 0.913891 17 0
2.15044 5.30202 0.896696 17 0
-0.412077 -1.74747 0.972877 17 1
1.81991 5.31482 0.951104 17 0
2.59097 4.62467 0.893415 17 0
1.60975 4.51206 0.881942 17 0
-7.7791 12.8595 0.993781 17 1
2.57265 4.67016 0.91317 17 0
1.22198 4.83767 0.998818 17 0
1.00301 5.74531 0.913521 17 0
15 15 0.999982 17 0
3.08354 4.67996 0.959694 17 0
6.74328 7.52397 0.986565 17 0
1.47504 4.61127 0.925494 17 0
1.98836 4.12762 0.919887 17 0
-6.361 0.738242 0.950037 17 0
5.48736 7.09952 0.960924 17 0
2.68795 4.37973 0.908348 17 0
4.44277 3.79979 0.920994 17 0
2.42719 5.40154 0.967603 17 0
1.76436 4.81404 0.916671 17 0
2.10102 4.84687 0.884207 17 0
13.3588 -14.9773 0.99744 17 1
-14.1814 0.285166 0.98202 17 1
15 15 0.999982 17 0
2.85758 4.07059 0.999997 17 0
-2.38634 3.26584 0.917142 17 0
12.5058 2.13956 0.986465 17 0
3.94338 4.70996 0.957523 17 0
9.76446 -12.3414 0.984586 17 0
-10.539 13.5844 0.989866 17 1
-14.7251 -14.991 0.992491 17 1
14.9832 -13.1053 0.990036 17 1
2.12255 5.21377 0.943573 17 0
3.89906 4.605 0.999438 17 0
3.03684 4.39536 0.920763 17 0
15 -2.54972 0.983588 17 0
15 11.5765 0.992382 17 0
-14.9379 10.8276 0.993668 17 1
2.42865 4.54585 0.898357 17 0
-11.0026 4.5104 0.989615 18 1
1.58611 13.0523 0.980042 18 1
12.7811 -12.323 0.988485 18 1
4.09071 7.15818 0.972907 18 1
6.94133 7.20191 0.965468 18 0
13.687 15 0.994248 18 0
-0.726037 9.91304 0.961196 18 0
1.67488 4.76232 0.974923 18 0
3.26751 4.24401 0.930947 18 0
-6.87824 10.0629 0.989295 18 1
2.15223 5.79215 0.937596 18 0
3.94515 5.7298 0.970438 18 0
3.55558 7.29631 0.999999 18 0
0.381116 4.20072 0.822011 18 0
1.31311 4.63836 0.906869 18 0
-8.97632 3.0937 0.964522 18 1
14.5808 -14.6948 0.999881 18 1
-9.05572 15 0.999834 18 0
2.93926 6.38497 0.995857 18 0
-1.70949 8.98102 0.999299 18 1
1.81187 4.11703 0.986952 18 0
10.5881 14.7482 0.996755 18 1
-10.5152 4.59715 0.972444 18 1
0.882928 3.99703 0.863824 18 1
10.3936 5.01892 0.971392 18 1
2.2162 4.04382 0.893123 18 0
2.33264 4.34568 0.991208 18 0
3.06497 4.07897 0.935747 18 0
-14.2418 13.4316 0.99878 18 1
-10.4427 -13.3806 0.999078 18 1
-11.3428 14.8627 0.995828 18 1
-13.1563 -7.19386 0.996927 18 1
1.89594 4.68726 0.969815 18 0
13.6724 -14.8089 0.999996 18 1
3.66059 7.21814 0.998959 18 0
-13.2027 7.59518 0.98437 18 1
10.9835 12.244 0.998971 18 1
1.51362 13.936 0.98863 18 1
-13.6727 -7.12092 0.99946 18 1
-2.26169 8.00998 0.951028 18 1
15 15 0.999982 18 0
13.8783 -14.2875 0.990185 18 1
2.37063 5.03906 0.98046 18 0
-4.21656 9.21433 0.992569 18 1
3.21737 5.15561 0.989462 18 0
1.83017 2.63125 0.75857 18 0
0.392609 4.4505 0.99823 18 0
-2.68959 1.71576 0.741244 18 1
-0.98285 -1.83746 0.522445 18 1
-9.01604 8.21544 0.990624 18 1
1.28725 4.39763 0.919343 18 0
2.57205 4.98898 0.954237 18 0
-13.7363 13.9791 0.999513 18 1
-8.20986 14.6123 0.985976 18 1
-14.422 -6.40801 0.987077 18 1
-8.36673 10.9693 0.995664 18 1
-3.94502 -7.30073 0.956582 18 1
-14.9861 -13.22 0.992553 18 1
-3.76865 14.0456 0.989332 18 1
5.35163 2.23074 0.899195 18 1
-1.71096 -0.433518 0.912565 18 1
12.4307 -4.35661 0.982504 18 1
-0.3587 9.71647 0.998083 18 1
14.1981 -8.93989 0.986256 18 1
3.14815 5.54843 0.937131 18 0
9.87788 -14.4172 0.998183 18 1
11.1028 14.7972 0.997051 18 1
-6.89996 -10.8838 0.997216 18 1
3.0497 4.11027 0.92346 18 0
2.31576 4.98948 0.999964 18 0
-12.9235 8.24923 0.993292 18 1
-9.76971 14.885 0.987542 18 1
-14.262 -11.0371 0.999605 18 1
2.01486 5.04684 0.983448 18 0
7.52106 5.9798 0.991545 18 0
1.89616 5.0999 0.986705 18 0
13.3293 13.4561 0.991934 18 0
3.10307 -13.9225 0.989906 18 1
15 15 0.999982 18 0
1.06846 4.47046 0.906265 18 0
12.2094 -14.7923 0.998268 18 1
15 -9.26606 0.996598 18 0
-6.45563 -10.308 0.985094 18 1
-12.2309 14.8983 0.992591 18 1
-10.5417 -2.85739 0.97346 18 1
1.86583 4.51272 0.961301 18 0
1.80182 4.84858 0.887889 18 0
14.6497 -1.83307 0.988044 18 1
-12.2136 -3.37094 0.983967 18 1
1.20549 5.11237 0.874626 18 0
-14.9698 -6.95325 0.999919 18 1
13.0473 -14.8835 0.993348 18 1
1.85845 5.06785 0.961565 18 0
-4.2819 6.42264 0.970035 18 0
3.50746 3.68578 0.946746 18 0
15 15 0.999982 18 0
1.46644 4.13638 0.977311 18 0
2.24008 5.04819 0.997392 18 0
3.0857 4.76586 0.914245 18 0
-10.5998 10.3855 0.995929 18 1
-15 15 0.999982 18 0
15 -2.81577 0.986523 18 0
2.27347 5.24363 0.898434 18 0
14.3092 -0.0284863 0.994966 18 1
14.2896 -14.1302 0.998689 18 1
3.58351 5.02066 0.943323 18 0
15 5.47025 0.999993 18 0
2.68478 4.42338 0.886981 18 0
1.04022 5.05241 0.895664 18 0
-14.2869 12.1852 0.990749 18 1
7.11615 7.90316 0.98931 18 0
2.59488 5.48307 0.993114 18 0
2.84241 -9.19314 0.99418 18 1
-1.01381 5.55032 0.935208 18 1
1.8232 4.7346 0.95763 18 0
2.84872 10.2017 0.980541 18 0
8.1839 6.13365 0.999612 18 0
-1.32114 15 0.990854 18 0
2.8872 5.23755 0.994104 18 0
2.15259 5.195 0.94747 18 0
-13.4951 13.7422 0.993509 19 1
-5.52636 10.8169 0.982627 19 1
-13.5582 -14.008 0.99422 19 1
-3.12334 11.4948 0.986341 19 1
10.7356 -13.855 0.999921 19 1
13.2062 13.0581 0.999898 19 1
-7.5731 -7.60597 1 19 1
-10.9514 -14.1161 0.989351 19 1
-15 -4.81071 0.985245 19 0
-8.26966 -12.6362 0.986669 19 1
-11.4576 -0.0274744 0.974285 19 1
-10.0564 -8.99212 0.988259 19 1
12.1883 5.35258 0.998757 19 1
12.3703 7.83006 0.981959 19 1
15 -0.0859594 0.996473 19 0
5.47869 -14.7959 0.986797 19 1
-10.2665 14.9583 0.997536 19 1
-14.9995 -5.60715 0.998978 19 1
12.3862 5.42258 0.984518 19 1
0.929759 6.9296 0.985013 19 1
2.14669 4.31023 0.902123 19 0
-4.19932 -12.3182 0.981369 19 1
3.45249 6.90966 0.968169 19 0
13.2017 0.541113 0.987722 19 1
1.03167 3.63437 0.866919 19 0
-8.21158 12.923 0.99121 19 1
2.14799 4.70634 0.887495 19 0
-14.9044 12.9327 0.996861 19 1
4.51496 2.9035 0.93985 19 0
2.55198 5.08838 0.906997 19 0
-13.3127 -8.48643 0.987545 19 1
14.994 9.23361 0.997965 19 1
-14.545 -1.85698 0.981739 19 1
2.81733 4.52443 0.911784 19 0
6.93587 -0.482312 0.968602 19 1
2.98827 5.4656 0.916026 19 0
1.05265 4.02032 0.819204 19 0
-14.6498 -11.862 0.988868 19 1
3.87142 5.22365 0.994346 19 0
6.65252 -13.794 0.991523 19 1
2.96774 0.394993 0.876583 19 1
-14.092 9.13296 0.986712 19 1
-1.46115 9.73258 0.974498 19 1
8.17222 12.8741 0.985494 19 0
7.57474 6.00363 0.999342 19 0
2.13964 4.76767 0.872719 19 0
1.09965 5.56089 0.919155 19 0
4.5342 5.70145 0.935062 19 0
-9.05712 -4.51111 0.9897 19 1
14.9865 -6.31907 0.985668 19 1
4.29217 -9.47992 0.969625 19 1
12.3861 14.5047 0.999452 19 1
2.90515 4.97459 0.892439 19 0
5.94038 10.8842 0.992593 19 0
9.99163 2.13531 0.999934 19 0
-8.2219 -0.787202 0.968063 19 0
15 -5.5359 0.999797 19 0
2.87069 5.32993 0.996314 19 0
0.0156479 10.7969 0.995461 19 1
1.88102 -14.9986 0.985527 19 1
2.45457 4.80471 0.959852 19 0
14.9327 -1.18068 0.99805 19 1
4.34711 5.37278 0.949273 19 0
3.30417 4.45815 0.989438 19 0
-15 -15 0.999982 19 0
2.2293 4.85192 0.918668 19 0
3.37592 4.49616 0.948018 19 0
1.99156 5.06033 0.985374 19 0
14.2149 10.8465 0.990166 19 1
-15 -8.03783 1 19 0
-10.4708 -13.7821 0.987239 19 1
-14.3365 -0.0350113 0.997449 19 1
2.57694 6.13248 0.970308 19 0
10.5686 14.9956 0.988418 19 1
2.27018 5.09045 0.977912 19 0
11.7614 -7.19166 0.994611 19 1
-2.98015 14.9172 0.983469 19 1
2.36685 5.20244 0.898355 19 0
11.8481 -10.5804 0.996274 19 1
-13.9388 10.7527 0.998226 19 1
2.28084 4.95784 0.993157 19 0
-14.1206 -3.46946 0.989524 19 1
13.7419 -14.6419 0.997996 19 1
-4.6392 14.9978 0.984076 19 1
2.22819 4.94569 0.978285 19 0
2.32997 5.08646 0.965805 19 0
12.899 0.409809 0.995297 19 1
-4.90955 15 0.98719 19 0
-13.8086 11.1128 0.989955 19 1
6.5838 -10.9868 0.999667 19 1
4.35175 4.92407 0.997878 19 0
5.0436 4.17496 0.999982 19 1
11.552 14.9651 0.990119 19 1
14.2436 -2.4554 0.998048 19 0
-8.44409 10.9044 0.995224 19 1
10.9421 -8.57596 0.999471 19 1
14.3922 -11.9197 0.996422 19 1
2.20425 4.69282 0.882347 19 0
2.67709 4.72375 0.981095 19 0
2.36742 4.83949 0.954276 19 0
2.33792 5.50534 0.994263 19 0
-13.7709 -2.9674 0.981981 19 1
-5.35256 3.95501 0.968747 19 1
2.40612 5.04087 0.971222 19 0
-15 15 0.999982 19 0
3.94053 14.3631 0.99948 19 1
2.1616 5.07465 0.998641 19 0
2.42723 4.43917 0.967638 19 0
6.71536 7.87027 0.980952 19 0
1.86842 5.00576 0.921247 19 0
15 5.41436 0.99972 19 0
2.2069 5.0046 0.996656 19 0
2.55346 5.06483 0.917196 19 0
2.06831 4.8151 0.872961 19 0
15 -10.12 0.999601 19 0
9.38782 3.8923 0.997059 19 0
-0.285704 2.71709 0.790567 19 0
15 15 0.999982 19 0
3.07706 5.22869 0.992866 19 0
2.21087 5.25292 0.90412 19 0
4.86523 -14.7587 0.995362 20 1
2.06956 4.79057 0.873335 20 0
4.54318 -13.8126 0.989522 20 1
-13.8777 -5.76824 0.99384 20 1
14.8906 7.92134 0.991449 20 1
-7.94845 14.3715 0.99755 20 1
-7.41728 2.73092 0.945095 20 1
14.7824 2.85813 0.991051 20 1
1.58776 14.9899 0.989261 20 1
2.4463 4.46081 0.94705 20 0
-9.52328 -5.43478 0.968878 20 1
15 15 0.999982 20 0
15 15 0.999982 20 0
-3.18196 10.9008 0.990682 20 0
2.16574 4.70656 0.883947 20 0
4.6572 2.95326 0.998816 20 0
-1.35431 15 0.990552 20 0
12.5385 6.61002 0.981426 20 1
2.30952 4.92886 0.987656 20 0
-5.57076 0.240306 0.976721 20 1
-5.99118 -5.285 0.971999 20 1
12.3097 13.69 0.991089 20 1
0.770033 4.01146 0.872738 20 0
12.6709 11.5121 0.995509 20 1
5.56588 7.10773 0.975372 20 0
-13.3802 11.2608 0.998768 20 1
-13.4646 -9.72854 0.993949 20 1
11.3628 12.971 0.987292 20 1
3.12143 4.22649 0.874947 20 0
-9.80291 -7.60924 0.991212 20 1
12.5408 6.40706 0.982266 20 1
3.48579 7.00312 0.940783 20 0
8.35081 -5.07854 0.989956 20 1
-14.7328 12.0028 0.995999 20 1
-14.157 -11.1742 0.999646 20 1
12.5859 12.0128 0.992617 20 1
5.50865 -14.8058 0.988349 20 1
-12.1078 1.17362 0.985405 20 1
-14.5169 -3.87023 0.994315 20 1
2.62915 4.92967 0.97047 20 0
9.46814 5.63943 0.968816 20 1
-12.514 7.70836 0.982694 20 1
-9.99324 12.9669 0.993389 20 1
2.06287 4.53888 0.999344 20 0
14.2731 14.9837 0.999955 20 1
-12.0036 13.8502 0.988234 20 1
3.3667 -11.8567 0.999599 20 1
13.8216 14.774 0.998267 20 1
1.89694 5.1181 0.993488 20 0
12.3151 -12.6304 0.995954 20 1
-4.18197 12.8154 0.989516 20 1
-4.79104 -0.0760756 0.882726 20 1
-5.59756 12.3192 0.983426 20 1
9.90406 -11.1992 0.999517 20 1
-14.9617 13.2642 0.993143 20 1
2.78002 4.97171 0.905384 20 0
4.23097 -14.4267 0.993282 20 1
14.6513 -13.4561 0.989999 20 1
2.15014 4.74563 0.874662 20 0
14.9967 -14.0271 0.994357 20 1
12.0541 -14.9817 0.995497 20 1
-11.838 12.2364 0.999964 20 1
12.3875 -0.662405 0.991833 20 1
-14.5528 -0.169205 0.988111 20 1
2.96117 6.00138 0.951045 20 0
2.45045 4.6905 0.888623 20 0
-1.62833 12.5849 0.986795 20 0
-4.41667 -9.99835 0.972308 20 1
-5.78157 -4.90564 0.999774 20 1
12.8399 -0.1739 0.999859 20 1
10.1806 -12.5826 0.986086 20 1
13.3107 6.5876 0.996964 20 1
-14.8256 12.8716 0.999999 20 1
3.08865 5.17471 0.99991 20 0
2.63029 4.46264 0.884311 20 0
2.58741 4.46412 0.894857 20 0
-14.5886 -3.28614 0.999378 20 1
-0.111149 -1.80471 0.988231 20 0
3.31941 5.6248 0.999417 20 0
1.88166 4.36227 0.857309 20 0
2.18738 5.14451 0.96853 20 0
7.92164 8.76496 0.998903 20 1
4.46544 3.08458 0.979822 20 1
-12.1473 14.4279 0.988929 20 1
1.7586 4.73673 0.972133 20 0
6.23467 7.67947 0.965097 20 0
-2.55441 -8.36941 0.981 20 1
2.9654 4.94344 0.892662 20 0
2.83182 6.0841 0.942601 20 0
15 15 0.999982 20 0
-1.19127 2.99495 0.783452 20 0
0.826438 4.05668 0.826535 20 0
-15 15 0.999982 20 0
15 15 0.999982 20 0
2.1814 4.90467 0.939791 20 0
2.05076 4.91212 0.907065 20 0
2.13627 4.99312 0.981789 20 0
2.68153 4.45759 0.876505 20 0
2.48812 4.54642 0.883175 20 0
7.70504 5.95786 0.996013 20 0
8.51954 13.6075 0.996381 20 1
2.75884 4.74375 0.999567 20 0
2.44864 5.20225 0.892443 20 0
15 15 0.999982 20 0
14.9998 14.1428 0.9986 20 1
15 3.10965 0.99199 20 0
12.6281 13.2975 0.98831 20 1
-5.21413 -10.5943 0.999281 20 0
2.12365 4.93022 0.939971 20 0
3.19046 4.8348 0.897614 20 0
1.81796 4.97125 0.889237 20 0
15 15 0.999982 20 0
2.72166 5.45944 0.979847 20 0
1.84238 4.82094 0.894134 20 0
2.78914 4.87555 0.951627 20 0
2.22019 5.29105 0.89348 20 0
6.56663 6.31515 0.995596 20 0
2.60617 4.71841 0.95628 20 0
3.58772 4.93694 0.978607 20 0
6.77018 7.67365 0.999297 20 0
12.7147 3.16727 0.977379 21 0
14.9862 14.5669 0.991561 21 1
14.8666 -9.69926 0.988626 21 1
1.71008 4.67381 0.999965 21 0
11.8844 10.7761 0.997266 21 1
14.0124 -2.36638 0.984125 21 1
9.12072 12.1199 0.983069 21 1
14.8089 -11.6391 0.988931 21 1
3.25011 6.63273 0.939075 21 0
-7.76206 -1.59455 0.950116 21 1
11.6608 2.09256 0.995871 21 0
15 -1.70342 0.987125 21 0
-12.3518 -11.5901 0.99714 21 1
1.09468 5.11819 0.872607 21 0
-11.5349 14.959 0.989549 21 1
-13.5716 -11.6031 0.98883 21 1
-14.7658 14.7474 0.992617 21 1
4.73157 -13.6022 0.999995 21 1
1.44645 4.38688 0.886558 21 0
13.5829 -3.69477 0.982723 21 1
-14.9871 -4.33021 0.989706 21 1
-14.3186 -14.1492 0.999718 21 1
-10.7592 0.8127 0.996385 21 1
-14.8605 4.95197 0.985057 21 1
2.96988 5.0339 0.920211 21 0
-10.2358 14.7656 0.996255 21 1
2.13934 4.79314 0.87398 21 0
10.5273 2.20625 0.999407 21 0
11.4061 -6.88584 0.999369 21 1
8.00844 13.6763 0.993072 21 1
2.41238 4.88052 0.988116 21 0
-12.3844 13.4104 0.990213 21 1
-3.23478 14.9588 0.990525 21 1
-2.61934 14.7392 0.998612 21 1
1.89871 4.96209 0.90052 21 0
-14.2946 -14.9652 0.999943 21 1
-10.5488 13.9808 0.999675 21 1
2.23264 5.45188 0.948851 21 0
2.1595 5.01149 0.993038 21 0
1.9693 4.68816 0.949024 21 0
14.6762 14.5695 0.999998 21 1
-1.03634 -10.685 0.999998 21 1
13.2617 9.12006 0.992914 21 1
14.7195 -12.3695 0.995633 21 1
-5.79107 0.982096 0.937696 21 1
2.12759 4.69506 0.897934 21 0
14.6802 -12.5209 0.991563 21 1
-8.86271 -6.14143 0.997225 21 1
2.64925 4.82591 0.999766 21 0
14.8992 9.89351 0.990434 21 1
13.9808 2.34488 0.981528 21 1
15 15 0.999982 21 0
1.2433 4.12657 0.900911 21 0
2.21786 4.9642 0.98489 21 0
10.2292 -7.64332 0.997145 21 1
-11.5854 7.69628 0.999198 21 1
1.77927 4.62496 0.998229 21 0
-10.7226 -14.3623 0.993126 21 1
1.19199 5.14612 0.884084 21 0
0.974184 -12.2463 0.999644 21 0
3.85414 3.67924 0.910698 21 0
2.66719 7.93966 0.946064 21 1
1.78978 4.83229 0.898892 21 0
5.14053 6.93364 0.999882 21 1
7.78401 5.90592 0.990554 21 0
4.85526 5.50432 0.931096 21 0
1.92453 5.03204 0.954271 21 0
-7.52383 -13.1035 0.985996 21 1
1.85696 4.80529 0.899817 21 0
-12.0518 -1.84721 0.989841 21 1
15 15 0.999982 21 0
15 12.4503 0.994154 21 0
0.102355 -5.658 0.924771 21 1
-8.86017 10.7902 0.995062 21 1
14.4107 8.35173 0.990259 21 1
2.34558 5.0913 0.958963 21 0
1.77194 -14.31 0.99972 21 1
2.25685 4.77944 0.885481 21 0
-3.71236 13.8995 0.999899 21 1
3.57195 4.93822 0.982391 21 0
2.10307 4.69458 0.9047 21 0
-2.49739 -12.3745 0.978324 21 1
2.87458 4.82075 0.954383 21 0
15 -1.70514 0.987108 21 0
-6.2316 -3.52022 0.9814 21 1
6.95934 7.82843 0.964833 21 0
0.628918 -13.3202 0.999779 21 1
2.5791 4.65484 0.906111 21 0
-4.1213 -13.4497 0.983497 21 1
11.1528 14.751 0.996625 21 1
2.48097 4.63122 0.874886 21 0
2.15357 4.75158 0.873543 21 0
6.03955 -3.61598 0.997714 21 1
14.9983 -12.0034 0.996654 21 1
2.68565 4.43938 0.880847 21 0
-13.4716 -9.81659 0.989289 21 1
13.6691 -12.7602 0.995638 21 1
2.08664 4.78004 0.873708 21 0
1.99613 5.0213 0.965388 21 0
6.74013 11.6008 0.996862 21 0
0.969306 -14.0228 0.984473 21 1
6.55271 2.03244 0.92958 21 1
2.17381 5.00567 0.99315 21 0
2.02632 4.70873 0.917378 21 0
15 -2.24251 0.983099 21 0
10.1443 8.83841 0.99277 21 1
2.72735 4.36129 0.90488 21 0
-15 3.07599 0.991299 21 0
12.42 -11.6861 0.999361 21 1
1.55381 7.66719 0.940739 21 0
2.31164 4.78019 0.898568 21 0
15 15 0.999982 21 0
0.732883 2.66787 0.864794 21 0
-9.68781 -2.47266 0.964887 21 0
2.19115 5.27456 0.89959 21 0
3.16958 5.11939 1 21 0
14.9694 4.83634 0.984403 21 1
1.92284 4.70363 0.951678 21 0
15 15 0.999982 21 0
2.26344 4.6893 0.875288 21 0
10.2924 -10.9436 0.994385 22 1
-13.2911 0.607655 0.998303 22 0
-0.827299 13.424 0.993379 22 0
3.59495 4.08559 0.987171 22 1
2.40037 4.84161 0.965698 22 0
-14.6852 14.5742 0.999981 22 1
8.79259 8.30854 0.976129 22 1
-2.5965 14.1229 0.998959 22 1
0.207986 4.02191 0.936596 22 0
2.07547 4.69694 0.910966 22 0
2.15791 4.73045 0.877221 22 0
-6.65726 15 0.996704 22 0
2.22558 4.87769 0.934931 22 0
2.43393 5.1086 0.924862 22 0
-4.43472 -5.20482 0.923908 22 1
2.70257 5.57548 0.929211 22 0
-13.9652 -11.5602 0.998261 22 1
11.4058 -12.5682 0.99903 22 1
-5.92863 11.1089 0.975967 22 0
1.7899 -4.47192 0.903517 22 1
1.97624 4.91791 0.892922 22 0
-13.505 -0.841365 0.983428 22 1
-15 -11.6765 0.996364 22 0
1.2167 3.76496 0.993612 22 0
-10.9671 -9.30854 0.999866 22 1
2.52628 4.6375 0.883475 22 0
4.45001 3.85186 0.945158 22 0
2.37067 4.78696 0.920317 22 0
2.91489 6.08328 0.929612 22 0
-14.6544 -10.3659 0.995095 22 1
2.04606 4.88716 0.891852 22 0
2.02928 4.73082 0.902344 22 0
3.44869 5.22127 0.909511 22 0
2.28704 4.67339 0.876243 22 0
2.48054 4.8577 0.992143 22 0
-1.98328 8.10797 0.947512 22 1
-1.78677 2.43192 0.834522 22 0
10.545 -14.3519 0.987568 22 1
13.9672 5.95906 0.98295 22 1
-14.7684 -14.9043 0.991457 22 1
-14.8153 7.23158 0.999972 22 1
12.1874 -10.501 0.993597 22 1
-0.521108 5.57426 0.963425 22 0
1.7484 4.70686 0.989435 22 0
9.17446 -14.8096 0.994389 22 1
-1.0419 -0.913016 0.86787 22 1
14.181 -0.174927 0.981884 22 1
-0.743855 -2.43775 0.681046 22 1
-12.4693 14.8587 0.989705 22 1
-14.856 -6.55469 0.985076 22 1
2.49988 4.60424 0.872853 22 0
2.19731 4.52272 0.986129 22 0
-10.6952 -14.8359 0.988752 22 1
-12.3738 10.4668 0.985325 22 1
2.43735 4.69235 0.886468 22 0
7.77733 5.88835 0.993578 22 0
2.36212 4.55233 0.915566 22 0
11.4275 -1.93497 0.976023 22 1
2.40388 5.70312 0.932542 22 0
-14.5183 -12.3161 0.998048 22 1
-3.58669 3.9692 0.926107 22 0
-13.7774 -9.64362 0.987893 22 1
-10.6509 -8.78248 0.996535 22 1
2.44391 4.80098 0.954061 22 0
-2.40786 14.4836 0.982088 22 1
2.10938 4.72012 0.889186 22 0
-6.54438 11.8421 0.983541 22 1
12.8781 11.9586 0.999484 22 1
11.2781 -8.51495 0.980386 22 1
1.88981 4.92379 0.880702 22 0
3.30713 4.30174 0.979181 22 0
15 15 0.999982 22 0
-15 -9.54584 0.987731 22 0
-14.9427 13.8794 0.990708 22 1
-12.6574 -11.3431 0.999792 22 1
13.2301 1.07586 0.995486 22 1
-2.21424 -1.95613 0.940928 22 1
3.74072 4.87123 0.958069 22 0
0.298773 15 0.996242 22 0
15 -7.181 0.992356 22 1
2.10978 4.71311 0.892551 22 0
2.17407 5.2468 0.913301 22 0
6.11391 6.40943 0.954703 22 0
12.1053 -4.07208 0.997371 22 1
-12.4389 14.9989 0.993649 22 1
-4.70065 -5.53945 0.939823 22 1
-3.59399 14.8201 0.985553 22 1
14.2937 -9.00372 0.993674 22 1
15 15 0.999982 22 0
-4.47192 14.2771 0.99908 22 1
2.46458 -8.85716 0.998485 22 1
2.27088 5.00383 0.999968 22 0
5.98828 7.23024 0.958658 22 0
-2.36849 6.17213 0.987529 22 1
-3.49843 -5.62274 0.983286 22 1
13.0082 14.8282 0.997287 22 1
14.9311 -13.667 0.997791 22 1
2.11676 4.87631 0.902411 22 0
12.05 15 0.994758 22 0
-4.42073 3.57734 0.9096 22 1
12.9453 -10.4457 0.992036 22 1
3.14997 5.16585 0.997028 22 0
10.4358 -10.4109 0.985789 22 1
-8.01816 2.79469 0.968322 22 1
-14.8088 -11.7974 0.991535 22 1
-9.05527 -6.98256 0.977299 22 1
1.95971 4.6668 0.966156 22 0
2.09077 4.47428 0.993698 22 0
2.44087 4.85447 0.983149 22 0
2.12638 4.68419 0.904632 22 0
-14.8313 9.13726 0.994301 22 1
1.60578 13.6628 0.991176 22 1
-3.43095 14.8435 0.984568 22 1
12.8913 13.7239 0.989013 22 1
2.22543 5.0631 0.995576 22 0
15 7.13352 0.994084 22 0
1.77402 4.06311 0.998232 22 0
2.23065 4.98103 0.99328 22 0
-15 -11.0185 0.999759 22 0
2.22263 4.7164 0.873976 22 0
-8.37725 14.4819 0.98622 23 1
2.59541 5.55116 0.965734 23 0
-13.5799 -2.45597 0.996096 23 1
-10.0117 -0.425026 0.968464 23 1
11.4539 2.0904 0.984468 23 0
12.9963 9.94681 0.992948 23 1
-12.7839 -11.3356 0.997824 23 1
-0.122896 10.5612 0.974527 23 1
9.85404 -0.922602 0.964359 23 1
14.9029 -0.637195 0.999977 23 1
-11.3663 -0.752117 0.984529 23 1
8.71419 14.3466 0.98647 23 1
-5.71015 9.42752 0.968916 23 1
15 13.8992 0.990815 23 0
14.6844 -5.51395 0.984291 23 0
13.3649 12.5902 0.988791 23 1
11.9221 -13.1453 0.988817 23 1
-14.4631 -12.0748 0.988887 23 1
8.95441 14.4157 0.998959 23 1
1.94189 4.67772 0.963918 23 0
14.9941 14.7838 0.994564 23 1
-8.10963 12.9679 0.989559 23 1
-12.2803 -13.1016 0.9956 23 1
14.9588 -5.18114 0.991374 23 1
-9.53741 14.5366 0.991642 23 1
-8.05026 14.603 0.988854 23 1
1.45337 4.42536 0.860386 23 0
2.39159 4.86392 0.975788 23 0
13.636 -8.62915 0.989239 23 1
2.20223 4.75184 0.872741 23 0
2.7235 4.8783 0.970408 23 0
2.37363 4.70185 0.878302 23 0
10.4203 11.7528 0.984046 23 1
2.2783 4.87179 0.947474 23 0
2.3053 4.76856 0.890982 23 0
12.9031 13.8328 0.990639 23 1
0.153741 4.57849 0.920362 23 1
14.7476 -10.4293 0.999999 23 1
-8.89419 14.1155 0.988267 23 1
1.63736 5.2009 0.991475 23 0
1.37256 -8.07187 0.990142 23 1
15 -0.57397 0.995535 23 0
-3.48263 -14.4597 0.998486 23 1
9.13313 13.8691 0.994387 23 1
1.40756 4.99343 0.88104 23 0
15 14.0854 0.996723 23 0
-13.1701 2.48371 0.998065 23 1
14.9824 -12.4297 0.992538 23 1
2.06704 4.76168 0.879944 23 0
9.26428 12.8519 0.99254 23 1
-13.4327 11.4917 0.993217 23 1
6.40276 -13.3179 0.989437 23 1
3.25399 3.97532 0.909399 23 1
2.14003 4.75451 0.873967 23 0
2.32116 5.16119 0.924656 23 0
-3.94349 1.99852 0.9947 23 1
2.33456 4.59179 0.900087 23 0
5.90891 13.8041 0.995106 23 1
4.29334 -14.9517 0.993913 23 1
15 1.84064 0.985793 23 0
2.31027 4.71169 0.873782 23 0
9.42752 9.48175 0.999712 23 1
6.97844 7.19325 0.968709 23 0
7.72983 5.9019 0.997842 23 0
-9.36963 -14.0346 0.992143 23 1
10.774 -14.8509 0.988451 23 1
-9.87117 -13.6689 0.990973 23 1
8.43788 10.1647 0.987418 23 1
15 15 0.999982 23 0
7.50928 12.3867 0.995431 23 0
0.151921 5.40637 0.968659 23 0
-8.54561 -0.834277 0.994943 23 0
14.9981 -13.2612 0.994608 23 1
-11.4559 8.31292 0.980629 23 1
10.1033 14.7511 0.990099 23 1
2.88648 5.27071 0.99948 23 0
-7.16346 14.4071 0.99339 23 1
-12.4189 -14.7483 0.99231 23 1
-4.72236 13.2755 0.981766 23 1
15 15 0.999982 23 0
-15 -4.05202 0.995562 23 0
2.15566 4.59405 0.956783 23 0
2.15265 4.63035 0.932548 23 0
-2.64807 -12.7291 0.982787 23 1
-9.90315 14.5229 0.999365 23 1
2.04341 4.6561 0.949191 23 0
2.39624 4.71009 0.885071 23 0
-9.87427 15 0.995689 23 0
13.7083 -14.0128 0.999626 23 1
2.14692 4.77997 0.872917 23 0
2.12889 5.02933 0.994437 23 0
2.35761 4.65124 0.873858 23 0
2.05839 4.64 0.95573 23 0
2.21775 4.94632 0.97617 23 0
-7.26179 4.84484 0.986756 23 1
12.5598 -14.1292 0.990094 23 1
2.9514 5.33277 0.982231 23 0
-8.24034 -14.9976 0.996053 23 1
14.2795 -8.99642 0.992344 23 1
2.25638 5.11312 0.969352 23 0
-5.73168 0.600169 0.892554 23 1
2.47867 4.82413 0.977838 23 0
2.83551 4.8514 0.950122 23 0
13.8968 -13.5766 0.990607 23 1
2.03062 4.8098 0.873079 23 0
12.8596 2.04594 0.980649 23 0
14.6286 -14.8715 0.992994 23 1
4.86866 8.49924 0.985333 23 0
2.27343 4.79292 0.895565 23 0
15 -14.2898 0.999599 23 0
-0.980163 4.26353 0.966603 23 0
2.18282 5.24464 0.912608 23 0
3.38556 5.03874 0.991743 23 0
2.22026 4.75899 0.874413 23 0
2.3234 5.17808 0.915375 23 0
1.9764 4.91048 0.889271 23 0
3.08454 4.81 0.898803 23 0
15 15 0.999982 23 0
4.63059 6.37348 0.940705 23 0
2.00207 4.85546 0.874522 23 0
15 -15 0.999982 24 0
3.85324 11.6624 0.999547 24 1
-14.9753 13.1267 0.990121 24 1
1.9857 4.73665 0.910273 24 0
-3.70875 15 0.999982 24 0
2.69309 5.70927 0.911582 24 0
2.57391 5.40257 0.995127 24 0
-6.83187 15 0.999939 24 0
5.38036 3.54264 0.970465 24 0
6.62421 -4.92208 0.970263 24 1
-13.7625 7.85282 0.992765 24 1
14.7109 14.9213 0.991003 24 1
-1.26128 14.9863 0.992786 24 1
-6.76921 -10.3888 0.992614 24 1
2.18182 4.7486 0.872715 24 0
1.9853 4.92189 0.897005 24 0
-3.10104 -8.59559 0.99897 24 1
2.09498 4.72781 0.888581 24 0
-3.22046 5.38086 0.90817 24 1
2.25332 4.69308 0.875512 24 0
0.238647 2.9631 0.912803 24 0
14.5484 5.97369 0.984295 24 1
2.90951 5.06791 0.919667 24 0
2.46745 4.91316 1 24 0
2.02711 4.59354 0.989506 24 0
-1.15101 1.40344 0.993957 24 1
11.9801 -2.10998 0.98539 24 1
2.96889 4.29669 0.872925 24 0
4.6459 5.05861 0.93202 24 1
13.7539 15 0.99199 24 0
7.69577 5.92166 0.999177 24 0
11.7226 -8.87444 0.982967 24 1
-14.9796 -12.3543 0.990211 24 1
11.6297 -5.22598 0.995086 24 1
-1.32866 4.26348 0.998629 24 0
14.0461 13.8443 0.997468 24 0
2.16662 4.803 0.878964 24 0
2.07007 5.07363 0.998618 24 0
2.11439 4.76663 0.873872 24 0
2.66965 13.6144 0.999998 24 1
2.14702 4.89436 0.922331 24 0
2.50032 8.78904 0.998962 24 1
-7.75228 14.0358 0.997813 24 1
-0.117295 -4.44957 0.999998 24 0
11.8529 14.7631 0.991483 24 1
1.09983 -7.53221 0.999084 24 1
-2.98631 1.16691 0.75991 24 0
-10.1237 14.3223 0.999999 24 1
0.414043 14.6581 0.981745 24 1
13.7088 -13.909 0.996355 24 1
15 15 0.999982 24 0
2.25716 4.7159 0.872621 24 0
2.37712 4.69648 0.877329 24 0
-10.1166 10.1619 0.997639 24 1
-0.606322 -10.8485 0.983469 24 1
-14.0648 13.5877 0.997853 24 1
2.01925 4.78375 0.879421 24 0
-8.81748 7.19296 0.986641 24 1
2.22368 4.89974 0.949341 24 0
14.9973 1.80696 0.98633 24 1
-12.312 -11.766 0.999915 24 1
-14.9999 -14.9843 0.999996 24 1
2.15502 4.77964 0.873196 24 0
-5.99833 6.91923 0.999947 24 1
13.9234 9.3748 0.986456 24 1
2.11602 4.60242 0.963374 24 0
2.64221 4.7472 0.982841 24 0
7.65699 14.8219 0.988332 24 1
7.72635 10.9812 0.995874 24 1
-14.9983 8.59634 0.986826 24 1
12.4853 -9.89154 0.999079 24 1
-13.3404 -6.24064 0.984677 24 1
-14.4601 13.5951 0.990802 24 1
-2.99945 8.35418 0.952752 24 1
15 15 0.999982 24 0
14.8147 -13.4104 0.992503 24 1
12.2321 13.2533 0.99964 24 1
-2.27466 -4.57566 0.929775 24 1
2.154 4.88292 0.916756 24 0
2.03906 3.97182 0.998813 24 0
2.0573 4.87222 0.887019 24 0
2.15074 4.81696 0.881189 24 0
6.23077 14.9615 0.985321 24 1
2.70454 4.74983 0.995715 24 0
2.06709 4.99325 0.965848 24 0
0.951023 15 0.993706 24 0
2.72074 4.5536 0.895409 24 0
2.25976 5.132 0.957772 24 0
-9.44965 -8.1381 0.982285 24 1
13.5852 -0.589265 0.97901 24 1
2.22859 5.16789 0.944442 24 0
5.63923 -14.4521 0.997481 24 1
14.4302 -14.9166 0.998387 24 1
14.9229 -14.9678 0.99853 24 1
3.7819 -5.34222 1 24 1
5.94164 -1.81847 0.921524 24 1
8.9544 -15 0.997783 24 1
2.13441 4.79449 0.873861 24 0
-1.66474 5.45318 0.903162 24 0
-15 14.3874 0.996953 24 0
1.40405 4.71879 0.987174 24 0
13.9195 -14.5513 0.999835 24 1
3.39774 5.58795 0.999919 24 0
2.15609 4.78427 0.87379 24 0
-11.0922 15 0.998213 24 0
2.29592 4.79064 0.900172 24 0
-4.47571 13.828 0.990213 24 1
13.8153 15 0.990733 24 0
2.31134 5.55594 0.999947 24 0
2.11889 4.7811 0.872591 24 0
2.19495 5.25816 0.904662 24 0
-6.56699 10.3176 0.995147 24 1
-14.3615 -14.6269 0.992508 24 1
-14.8021 -6.60244 0.985302 24 1
15 -10.7184 0.992741 24 0
-12.3543 -11.3284 0.985986 24 1
7.60265 5.76762 0.975733 24 0
-13.2758 -10.7971 0.99607 24 1
-6.35039 0.59508 0.936557 24 1
3.24064 5.09839 0.998619 24 0
1.45026 4.52617 0.85825 25 0
10.4362 14.0241 0.998426 25 1
-13.6042 5.65751 0.985158 25 1
-13.5755 -13.1325 0.989491 25 1
12.7856 -0.897172 0.999895 25 1
-12.975 0.856096 0.982609 25 1
15 -4.89636 0.986885 25 0
2.07432 4.89922 0.90523 25 0
2.36875 4.66131 0.87261 25 0
7.52812 7.66401 0.9999 25 0
7.69255 5.93059 0.998967 25 0
9.54993 8.90166 0.978048 25 1
-12.7089 -14.6749 0.990091 25 1
11.3809 -4.10484 0.976272 25 1
1.9219 4.68921 0.961787 25 0
-2.01748 14.9713 0.986258 25 1
2.31812 4.87883 0.964069 25 0
13.8261 1.70874 0.997811 25 0
13.2098 -6.56106 0.986596 25 1
0.0217934 -0.94993 0.430748 25 1
-13.5426 -1.33518 0.978878 25 1
3.15192 -4.0805 0.897049 25 1
-3.9722 12.1008 0.99337 25 1
2.16243 5.08465 0.996855 25 0
15 15 0.999982 25 0
4.83689 4.58495 0.964257 25 1
11.5001 3.74394 0.975831 25 1
2.02423 5.0525 0.987562 25 0
2.1918 4.70774 0.879251 25 0
1.91379 4.60464 0.999243 25 0
3.03166 -12.5473 0.994985 25 1
-2.8202 -7.56005 0.995549 25 1
2.0096 4.82332 0.872749 25 0
2.25152 5.18357 0.929343 25 0
-14.0935 10.751 0.989893 25 1
2.09898 4.71981 0.891599 25 0
-0.752566 -12.4772 0.97881 25 1
-7.83133 11.2479 0.984896 25 1
-12.913 7.20381 0.990462 25 1
-10.5385 -8.6902 0.980559 25 1
5.06601 -3.5943 0.922374 25 1
14.1752 1.69248 0.991272 25 1
11.3687 -8.22518 0.987004 25 1
7.41387 15 0.98618 25 0
-10.3024 -1.54726 0.968068 25 1
-7.62434 -11.5122 0.996826 25 1
-13.9781 6.54057 0.999891 25 1
14.2356 12.1167 0.995989 25 1
2.52253 5.00414 0.960013 25 0
-13.4307 -14.1791 0.996417 25 1
14.9974 11.0199 0.999784 25 1
2.63196 5.61055 0.92862 25 0
2.15011 4.79228 0.874614 25 0
13.333 1.83525 0.992255 25 1
14.8667 -10.9191 0.993419 25 1
-7.79541 14.7865 0.986669 25 1
-14.9442 -6.19357 0.986514 25 1
12.3003 14.9028 0.99032 25 1
-15 -15 0.999982 25 0
-6.33052 1.78066 0.997067 25 1
3.16335 4.84793 0.896584 25 0
-15 15 0.999982 25 0
11.438 -0.258175 0.976412 25 0
-14.3889 -3.27083 0.987231 25 1
2.15843 4.76454 0.872579 25 0
2.02653 4.78612 0.877789 25 0
9.24624 -14.9184 0.999946 25 1
2.19832 4.78984 0.87935 25 0
-3.13765 -13.2037 0.980078 25 1
-14.5731 -2.47059 0.989872 25 1
3.16649 4.11382 0.879809 25 0
1.93879 4.75978 0.907857 25 0
1.8898 4.58844 0.999299 25 0
-4.21305 -14.9849 0.992964 25 1
-11.5208 14.4631 0.99651 25 1
2.52788 4.9147 0.996549 25 0
2.12115 4.77199 0.872963 25 0
14.5677 -14.7031 0.999919 25 1
13.1029 7.86801 0.988468 25 1
1.93898 4.80222 0.884862 25 0
12.1008 -8.35865 0.983205 25 1
12.1219 13.134 0.98972 25 1
-12.7176 -13.7447 0.993881 25 1
2.24423 5.12713 0.964531 25 0
-10.6239 -3.91151 0.995788 25 1
2.1431 4.78778 0.873496 25 0
11.0364 -11.3327 0.990257 25 1
-14.8885 -14.8254 0.992393 25 1
5.00781 6.6156 0.956887 25 0
9.35017 14.3706 0.993542 25 0
2.19144 4.81697 0.888627 25 0
15 -5.75325 0.995495 25 0
-1.06661 5.84113 0.976407 25 0
2.05606 4.79749 0.873219 25 0
-14.4196 -12.9928 0.989991 25 1
2.37621 4.67561 0.8734 25 0
-12.3336 1.02658 0.995581 25 1
-15 -15 0.999982 25 0
2.03581 4.76577 0.883325 25 0
-10.6611 -3.42504 0.996216 25 0
-15 -13.1785 0.991719 25 0
14.4807 -8.29083 0.988127 25 1
2.08108 4.83609 0.877637 25 0
2.1895 4.7252 0.875106 25 0
14.9665 12.5573 0.996795 25 1
2.17535 4.74516 0.873164 25 0
2.11015 4.99325 0.976212 25 0
2.55598 4.81849 0.99216 25 0
-14.9179 -13.8106 0.993007 25 1
1.98464 4.77289 0.889676 25 0
13.7416 -5.72899 0.999249 25 0
-2.79252 4.43969 0.873416 25 0
4.95355 8.34939 0.999316 25 0
3.19947 5.13541 0.997017 25 0
15 15 0.999982 25 0
-14.4295 13.9227 0.996448 25 1
15 -15 0.999982 25 0
1.32934 -4.73575 0.984895 25 1
2.19216 5.26595 0.902246 25 0
9.04703 13.8223 0.99964 25 1
15 -1.61698 0.987992 26 0
2.42114 4.7895 0.938875 26 0
11.2428 -14.4337 0.988576 26 1
4.56971 12.1172 0.989578 26 1
2.20164 4.75243 0.872757 26 0
2.63222 5.39816 0.99912 26 0
-14.145 5.23224 0.988488 26 1
2.0584 4.63968 0.955943 26 0
2.15432 4.76896 0.872588 26 0
2.57234 5.51409 0.986639 26 0
13.2683 12.8895 0.996979 26 1
2.18385 4.81189 0.884925 26 0
2.60145 4.75563 0.976123 26 0
-0.980675 15 0.993516 26 0
-7.05584 15 0.996706 26 0
-6.14979 9.78378 0.972318 26 1
-6.04101 -14.9998 0.986863 26 1
2.52411 4.89174 0.999807 26 0
14.0065 -0.565536 0.988639 26 1
2.32051 4.69162 0.872611 26 0
-8.20708 -12.1296 0.98185 26 1
2.181 4.75805 0.872611 26 0
-2.54054 -0.221519 0.678813 26 1
-2.48527 14.0483 0.990175 26 1
-10.0644 13.4746 0.987963 26 1
-14.2038 10.5265 0.993097 26 1
-4.8936 14.9829 0.985749 26 1
-11.181 14.1396 0.999378 26 1
13.7911 -9.04178 0.999997 26 1
-3.9402 -13.7648 0.995796 26 1
2.10388 4.81443 0.874919 26 0
0.636189 -12.5793 0.976143 26 1
6.21661 12.8175 0.987753 26 1
6.7973 -1.28971 0.952674 26 1
3.82406 -13.4529 0.992406 26 1
-0.362546 2.5192 0.686633 26 0
-4.91119 4.85859 0.948013 26 0
-2.48754 -11.8421 0.976482 26 1
7.97743 10.1869 0.991139 26 1
-3.05683 -5.88602 0.979075 26 1
-10.6761 -9.55769 0.996849 26 1
15 15 0.999982 26 0
9.46103 3.31033 0.968968 26 1
-6.45713 6.37755 0.98841 26 0
-10.848 14.6959 0.989619 26 1
-14.9893 1.15166 0.99337 26 1
2.37875 4.92417 0.996426 26 0
2.16133 14.9789 0.984354 26 1
2.1468 4.71755 0.883041 26 0
1.07373 -4.72618 0.930148 26 1
13.2028 14.4309 0.998008 26 1
7.06399 2.94224 0.992052 26 0
2.37285 4.68974 0.875303 26 0
15 15 0.999982 26 0
2.12512 4.789 0.872868 26 0
-10.406 14.3803 0.988643 26 1
13.3901 -14.9995 0.999081 26 1
-11.6155 -11.181 0.99046 26 1
14.4725 -10.4944 0.989955 26 1
-5.76287 -4.19086 0.991784 26 1
2.25987 5.12412 0.962326 26 0
14.9677 5.98507 0.990684 26 1
-14.9913 3.12682 0.991475 26 1
2.10204 4.83151 0.878931 26 0
-5.76301 -1.81159 0.998632 26 0
7.70657 5.92779 0.998128 26 0
2.12904 4.7529 0.875077 26 0
-6.95646 -11.6366 0.981029 26 1
12.5623 13.2934 0.988724 26 1
2.0531 4.49241 0.993926 26 0
-6.54843 5.90519 0.962334 26 1
0.150087 -13.6478 0.979895 26 1
-9.26119 10.3354 0.999996 26 1
-9.35528 -1.06549 0.956956 26 1
0.802066 14.5227 0.989062 26 0
2.70043 4.83008 0.994715 26 0
2.10795 4.77121 0.873639 26 0
-14.8633 -14.7571 0.990965 26 1
15 15 0.999982 26 0
-13.6994 -8.11963 0.9989 26 1
14.7235 14.9831 0.992224 26 1
2.20231 4.73623 0.87288 26 0
2.13935 4.78918 0.873463 26 0
-4.05919 10.9099 0.984027 26 1
13.9759 12.2259 0.999851 26 1
5.93428 -12.6461 0.994275 26 1
11.8681 15 0.999902 26 0
2.13485 4.71897 0.884629 26 0
10.6694 11.5309 0.984053 26 1
8.44026 7.60727 0.989531 26 1
2.37048 4.39571 0.998028 26 0
12.651 -10.6291 0.999532 26 1
-15 15 0.999982 26 0
-14.6119 -10.0632 0.989033 26 1
2.34577 4.67818 0.872595 26 0
2.13 5.09128 0.99815 26 0
14.9951 6.77794 0.999272 26 1
2.19715 4.74957 0.872591 26 0
-14.9928 -10.125 0.99968 26 1
9.19666 -13.2406 0.990575 26 1
-11.7779 12.8599 0.995698 26 1
2.24524 4.79601 0.89044 26 0
2.12699 4.76579 0.873289 26 0
10.0747 7.15883 0.997363 26 1
11.9231 3.26174 0.997169 26 1
2.22803 5.11344 0.975724 26 0
6.46608 -8.7627 0.978778 26 1
2.10303 4.77846 0.87309 26 0
-8.00179 15 0.999873 26 0
2.13875 4.7834 0.8729 26 0
-1.44824 5.63831 0.908264 26 0
2.48947 4.81255 0.974737 26 0
2.03086 4.95324 0.928903 26 0
4.35467 6.19807 0.999302 26 0
15 15 0.999982 26 0
8.66769 -12.486 0.983123 26 0
10.0562 5.88399 0.985868 26 0
2.18533 5.2621 0.904688 26 0
3.29798 5.08098 0.995462 26 0
2.0925 4.7979 0.872617 26 0
15 14.992 0.999999 27 0
15 -6.51847 0.991986 27 0
2.58975 5.54218 0.971344 27 0
15 0.819726 0.994465 27 0
-13.1322 -3.84295 0.982506 27 1
1.32389 4.45508 0.866183 27 0
12.4808 -12.5288 0.9927 27 1
14.4776 2.91415 0.988474 27 1
-13.4585 12.7675 0.999452 27 1
2.07446 4.81825 0.873536 27 0
-13.7552 -4.93622 0.983019 27 1
-1.22224 -14.7304 0.989861 27 1
-13.6636 14.8213 1 27 1
8.43488 8.27946 0.998551 27 0
8.56792 -2.93677 0.983669 27 1
1.14683 4.389 0.960579 27 1
-7.85127 -13.1332 0.990177 27 1
11.6273 -5.99982 0.977197 27 1
12.6937 14.3988 0.997504 27 1
-9.39631 -14.7136 0.99707 27 1
2.18991 5.1081 0.985797 27 0
-14.897 5.82398 0.99965 27 1
9.34402 13.1548 0.98935 27 1
11.6878 -0.572473 0.994071 27 1
10.3597 2.07031 0.975026 27 1
6.14424 4.07498 0.935788 27 1
2.07113 4.77014 0.876946 27 0
2.89661 4.32809 0.875081 27 0
-8.0627 -14.485 0.996622 27 1
12.848 -8.59785 0.999896 27 1
14.975 -14.6384 0.990964 27 1
2.28614 5.38071 0.921086 27 0
2.11828 4.77995 0.872619 27 0
2.25147 4.71071 0.873059 27 0
13.1177 -2.29185 0.999021 27 1
12.899 -5.27108 0.997569 27 1
13.4727 -0.0290785 0.990507 27 1
2.10895 4.77931 0.872829 27 0
-10.1373 -14.9125 0.999548 27 1
2.3339 4.67039 0.873061 27 0
2.1615 4.71837 0.880333 27 0
2.12924 4.78174 0.872618 27 0
14.4182 0.984966 0.998172 27 1
2.44416 10.0441 0.982802 27 1
7.71844 5.92156 0.997515 27 0
1.99386 4.60449 0.990888 27 0
-9.88355 -14.5863 0.997357 27 1
2.26707 4.82374 0.911801 27 0
-14.7129 -14.8426 0.991568 27 1
10.596 5.74198 0.973277 27 1
15 0.212666 0.996366 27 0
13.4614 15 0.999995 27 0
2.61335 4.98226 0.945674 27 0
6.55217 4.14184 0.958353 27 1
2.12893 4.79316 0.873388 27 0
11.5985 15 0.993234 27 0
6.92755 4.26734 0.999132 27 1
-14.0779 -9.88355 0.989363 27 1
-14.6444 -14.5529 0.999563 27 1
11.584 15 0.992667 27 0
-8.77723 14.9045 0.986964 27 1
-14.0977 14.6746 0.992073 27 1
2.16134 4.77964 0.873504 27 0
6.22612 -14.6269 0.997208 27 1
-12.2934 -8.39265 0.999117 27 1
-3.01905 14.9445 0.985319 27 1
-10.0395 13.7308 0.999974 27 1
-14.6577 -8.01791 0.987004 27 1
14.9986 13.9483 0.991792 27 1
-14.0195 10.4443 0.998483 27 1
15 8.95063 0.997669 27 0
2.10406 4.8378 0.881286 27 0
-9.06231 8.63391 0.977244 27 1
-1.97005 10.9389 0.982149 27 1
-8.54275 -0.489142 0.988275 27 0
2.49392 4.8789 0.998568 27 0
2.08128 4.78574 0.873308 27 0
-9.27297 14.0972 0.992044 27 1
-5.40293 14.9627 0.997978 27 1
15 -11.7404 0.99851 27 0
15 5.00516 0.989725 27 0
2.16023 4.80714 0.879352 27 0
-14.8779 12.6709 0.997116 27 1
2.13412 4.78111 0.872666 27 0
11.5339 -1.38757 0.980061 27 1
-11.5843 -14.9195 0.989516 27 1
-10.2418 -6.69855 0.99605 27 1
-4.87513 3.91636 0.910139 27 1
6.57961 -13.7419 0.984626 27 1
-14.9272 13.5801 0.999837 27 1
2.13769 4.84359 0.889813 27 0
12.8578 -12.0119 0.998654 27 1
-3.50386 6.71017 0.998841 27 0
15 -8.19193 0.997495 27 0
4.8168 8.24788 0.977918 27 0
2.14943 4.76902 0.872577 27 0
2.04138 4.84193 0.875047 27 0
-4.00332 -7.92705 0.952462 27 1
2.13918 4.78849 0.873377 27 0
2.19258 5.1331 0.973475 27 0
2.30561 4.69134 0.872652 27 0
2.27675 4.78422 0.891937 27 0
2.11126 4.79653 0.872969 27 0
4.12086 6.04936 0.930818 27 0
-12.89 -11.435 0.987766 27 1
4.79343 5.35099 0.970672 27 1
2.22037 5.1031 0.982275 27 0
-13.8552 9.98021 0.9984 27 1
11.7154 15 0.997753 27 0
7.62169 -13.6075 0.990031 27 1
2.07737 4.98685 0.964535 27 0
2.10625 4.78915 0.872577 27 0
2.68845 4.79151 0.999946 27 0
2.15334 4.77698 0.872909 27 0
-2.93868 15 0.988608 27 0
2.17247 4.78401 0.874944 27 0
2.1844 5.2572 0.906783 27 0
-6.31573 4.11805 0.99369 27 0
-14.7948 6.84771 0.987711 27 0
3.24743 5.10225 0.997501 27 0
-15 -15 0.999982 28 0
2.61715 5.59187 0.940269 28 0
-12.9866 -2.79962 0.996627 28 1
2.09975 4.78395 0.872794 28 0
-4.05653 6.18668 0.9425 28 0
2.81312 5.55936 0.915587 28 0
2.28374 4.7034 0.872613 28 0
-12.8154 -9.42212 0.99785 28 1
-14.3993 0.279613 0.999994 28 1
14.3393 7.53806 0.985521 28 1
14.5743 -14.5862 0.998747 28 1
-13.5253 -15 0.999483 28 0
-1.77717 1.60275 0.980112 28 0
14.9172 10.4213 0.993904 28 1
2.15137 5.10465 0.992931 28 0
-11.3799 -12.1272 0.992346 28 1
10.4948 -9.10111 0.999813 28 1
-11.9923 -11.1238 0.992158 28 1
-4.86207 15 0.986154 28 0
2.08046 4.69896 0.908253 28 0
14.997 1.53304 0.989123 28 1
-9.81437 8.52677 0.98286 28 1
9.60996 -3.32153 0.997642 28 1
2.14753 4.7401 0.876017 28 0
14.7604 14.9779 0.993161 28 1
2.07728 4.77593 0.875042 28 0
7.08554 -14.9905 0.996406 28 1
-13.5465 4.12046 0.980782 28 1
2.47629 4.75192 0.932668 28 0
14.8951 7.21669 0.99833 28 1
-3.79631 10.8148 0.973825 28 1
0.225718 8.46463 0.961145 28 1
14.9379 0.31142 0.999783 28 1
-2.89945 -9.10778 0.979652 28 1
2.08723 4.78187 0.87345 28 0
2.087 4.81207 0.873446 28 0
2.47513 4.88589 0.99819 28 0
10.9811 2.24956 0.997487 28 1
3.31765 -14.9973 0.995919 28 1
12.3045 -11.1611 0.99387 28 1
-10.9211 -13.6643 0.998951 28 1
14.773 12.6261 0.990831 28 1
2.06019 4.80899 0.872577 28 0
6.42928 10.3575 0.989555 28 1
-5.25143 -14.8999 0.98842 28 1
-10.9141 -12.4342 0.998677 28 1
14.8359 7.89223 0.987224 28 1
-1.66397 8.53856 0.993808 28 1
4.2811 -14.8963 0.99839 28 1
13.9334 -6.50335 0.997251 28 1
11.872 -5.6497 0.979994 28 1
-14.8497 2.5286 0.990304 28 1
2.15587 5.00515 0.990395 28 0
-14.7533 7.13817 0.994995 28 1
2.10403 4.78193 0.872802 28 0
-1.93739 -1.83426 0.671599 28 1
2.83188 4.35986 0.877383 28 0
2.12422 4.80598 0.875012 28 0
2.09845 4.78786 0.872643 28 0
-14.1601 13.5699 0.999815 28 1
-7.5002 15 0.986097 28 0
0.218047 0.562289 0.276515 28 1
14.7329 -14.1461 0.990509 28 1
-13.9212 14.3953 0.994943 28 1
-14.9952 -1.49991 0.989633 28 1
12.6113 -12.8055 0.996685 28 1
2.2136 4.70927 0.876093 28 0
7.72032 5.91856 0.997554 28 0
-8.89518 15 0.995759 28 0
2.26804 4.819 0.909123 28 0
2.12248 4.78032 0.872581 28 0
-13.617 -14.9174 0.999471 28 1
2.52393 6.50694 0.980224 28 0
0.452248 -3.98843 0.950557 28 1
-14.8174 6.62873 0.985047 28 1
8.60668 15 0.986909 28 0
-14.9941 0.0523834 0.996964 28 1
-8.12016 -6.66542 0.966417 28 1
4.12046 14.2931 0.998601 28 1
1.97037 4.97079 0.924174 28 0
13.6679 -14.5743 0.992382 28 1
2.10015 4.79784 0.872741 28 0
14.3732 -14.9489 0.999009 28 1
-14.2512 -10.5711 0.988935 28 1
2.11376 4.74542 0.8786 28 0
2.27983 4.70357 0.872665 28 0
2.11613 5.10734 0.996146 28 0
2.14246 4.76792 0.872657 28 0
2.12178 4.79175 0.872959 28 0
-8.75983 13.8414 0.994232 28 1
1.94055 4.77899 0.895916 28 0
2.05431 4.98809 0.959274 28 0
3.57148 5.70464 0.934741 28 0
-9.41102 -5.90047 0.980807 28 1
-0.705475 14.887 0.999774 28 1
1.20224 9.96679 0.972052 28 0
-12.7129 9.68778 0.999896 28 1
2.09163 4.81278 0.873787 28 0
11.6083 -1.57972 0.99582 28 1
-0.616749 -6.08145 0.973792 28 1
2.04104 4.78778 0.875823 28 0
12.5332 14.9952 0.997162 28 1
10.6354 1.67565 0.998726 28 0
-11.8439 -0.370365 0.995546 28 0
-12.5203 -15 0.996904 28 0
-11.6966 9.79442 0.986024 28 1
15 15 0.999982 28 0
2.21874 5.10119 0.98344 28 0
2.10028 4.78593 0.872684 28 0
-1.56968 5.61734 0.913689 28 0
2.06146 4.79336 0.873413 28 0
15 15 0.999982 28 0
15 6.43444 0.989138 28 0
2.18547 5.25849 0.906079 28 0
3.22684 5.11953 0.996795 28 0
-10.6195 13.7798 0.992492 28 1
2.61785 4.81663 0.998958 28 0
-13.339 -15 0.997636 28 0
15 -2.58427 0.983834 28 0
2.11221 4.78535 0.872578 28 0
15 15 0.999982 29 0
15 -5.1083 0.992828 29 0
-14.9354 -4.18866 0.997605 29 1
-6.94335 -0.856232 0.986534 29 1
-14.4813 -14.5139 0.992694 29 1
11.571 -10.6237 0.984048 29 1
12.0094 -12.8323 0.999451 29 1
2.11747 4.79372 0.872964 29 0
5.5761 7.71996 0.970846 29 1
14.8731 -7.72415 0.985967 29 1
4.13907 -1.67739 0.998567 29 1
-14.3757 13.7049 0.990402 29 1
2.12103 4.77898 0.872613 29 0
6.34027 -14.9101 0.985453 29 1
14.5156 -2.86402 0.991436 29 1
-14.8007 11.7987 0.991229 29 1
12.5749 2.57506 0.99995 29 1
2.27215 4.75209 0.878406 29 0
2.12055 4.78043 0.87259 29 0
14.9653 0.975314 0.996733 29 1
2.6138 5.58731 0.943261 29 0
-13.611 -14.6689 0.994066 29 1
15 -1.15515 0.992258 29 0
14.6364 14.6906 0.999026 29 1
1.02129 4.21897 0.934408 29 0
6.90064 -0.0510769 0.944677 29 1
2.24376 4.78886 0.886866 29 0
11.5081 -14.9819 0.989608 29 1
-14.5055 -14.1072 0.99814 29 1
-10.3188 1.5165 0.966767 29 1
2.24105 4.72626 0.872579 29 0
10.5391 9.65156 0.992979 29 0
7.59376 -1.2256 0.979866 29 1
6.13796 13.2809 0.982246 29 1
-3.28734 2.96798 0.997159 29 0
15 15 0.999982 29 0
-10.6052 6.36971 0.996155 29 1
14.9421 -14.5871 0.992114 29 1
2.33612 -12.3649 0.975624 29 1
8.98285 -1.0989 0.981635 29 1
8.51453 -14.7019 0.999633 29 1
-14.9982 14.9293 0.999404 29 1
12.1815 14.6689 0.999261 29 1
-10.9526 11.1898 0.985348 29 1
2.14354 4.77942 0.872784 29 0
2.19359 5.11266 0.983172 29 0
7.71649 5.91915 0.997854 29 0
-6.10904 -5.28293 0.996849 29 1
-14.305 14.6515 0.991592 29 1
2.75055 -12.8137 0.977441 29 1
-11.1722 -3.52057 0.995642 29 1
10.4284 13.7726 0.98678 29 1
-13.1571 8.49591 0.985158 29 1
14.6515 -13.2628 0.995117 29 1
2.11218 4.78296 0.872612 29 0
13.0975 11.1563 0.98912 29 1
2.11527 5.09806 0.998046 29 0
1.91813 4.71296 0.94645 29 0
2.1939 5.02099 0.998571 29 0
2.65731 4.49086 0.873376 29 0
14.8532 -11.2308 0.999547 29 1
12.8695 14.4571 0.989555 29 1
-14.6817 -13.6923 0.997764 29 1
15 -8.4274 0.989097 29 0
14.5252 -12.0103 0.988867 29 1
2.72463 9.75332 0.991353 29 1
5.53793 10.7338 0.974499 29 1
2.27325 4.70925 0.872597 29 0
13.0383 14.9745 0.990564 29 1
4.99897 -10.1143 0.999325 29 1
2.12183 4.78396 0.872595 29 0
2.09311 4.78514 0.872904 29 0
14.21 14.7019 0.990759 29 1
-6.85259 4.58064 0.973564 29 0
-7.95501 11.0154 0.979305 29 1
2.10419 4.79309 0.872625 29 0
-10.7805 14.6617 0.993791 29 1
2.47893 4.89491 0.999493 29 0
0.0975552 -6.36573 0.930802 29 1
2.13525 4.77128 0.872653 29 0
2.10207 4.82322 0.876655 29 0
2.07359 4.61388 0.968305 29 0
-7.89996 14.5494 0.998076 29 1
14.6277 9.5307 0.997116 29 1
-13.9406 6.66386 0.999983 29 1
8.64852 6.02786 0.971025 29 1
-1.04642 -5.95481 0.997855 29 1
2.12189 4.78091 0.872579 29 0
-5.98208 11.1194 0.978564 29 1
2.07752 4.79173 0.872919 29 0
2.45029 4.46828 0.940512 29 0
15 15 0.999982 29 0
-8.86616 8.61731 0.996899 29 0
-11.8133 -4.50953 0.980606 29 0
15 15 0.999982 29 0
2.084 4.79211 0.872726 29 0
2.13498 4.77687 0.87258 29 0
-2.95496 2.91689 0.820651 29 0
2.13917 4.77633 0.872597 29 0
2.34741 4.79616 0.918846 29 0
2.66513 4.81837 0.999695 29 0
10.973 10.5743 0.984813 29 1
4.12645 6.05373 0.930687 29 0
2.16133 4.76439 0.872577 29 0
8.97863 15 0.998463 29 0
2.22061 5.10397 0.981834 29 0
2.15682 4.78948 0.874651 29 0
2.0543 4.97244 0.948869 29 0
15 13.6822 0.994428 29 0
5.25957 8.41765 0.9617 29 0
-9.51511 14.7663 0.999693 29 1
15 15 0.999982 29 0
10.3791 6.88719 0.984324 29 1
2.10317 4.79111 0.872581 29 0
1.22927 -14.4033 0.997908 29 1
2.11123 4.78767 0.872582 29 0
-5.95457 -15 0.989106 29 0
-13.5605 3.29635 0.995703 29 0
2.18619 5.261 0.904974 29 0
3.26401 5.0975 0.99651 29 0
