-7.20701 -7.14349 16.398 1 0
2.16139 6.88371 13.619 1 1
20.2894 -15.3388 21.4913 1 1
14.7834 13.3227 20.6293 1 1
-5.09771 -25.0557 19.7734 1 1
-16.8738 -6.76431 19.7034 1 1
16.7336 6.22454 20.0885 1 1
8.98624 -26.9247 19.7888 1 1
11.2505 -5.00109 17.5659 1 1
11.9 11.562 19.8605 1 1
-5.11439 22.3953 20.961 1 1
9.96577 -25.4768 21.3068 1 1
17.6979 -3.61582 20.5776 1 1
19.5679 -30 21.5462 1 0
14.2527 29.6641 21.7611 1 1
10.2446 -5.37229 18.1043 1 1
26.7899 -18.7253 21.4738 1 1
-19.4894 -10.2881 21.2928 1 1
-7.59653 -27.2674 21.7251 1 1
15.0487 -17.7795 20.2098 1 1
-22.8406 11.8466 20.4515 1 1
24.3159 -13.4009 21.7792 1 1
14.2911 5.76921 19.5216 1 1
7.90978 -23.9893 19.6455 1 1
-8.95536 29.2214 20.6849 1 1
-13.753 -7.17164 19.209 1 1
10.9622 15.0482 18.661 1 1
5.32858 -7.23527 16.2796 1 1
2.97446 0.166302 7.489 1 0
26.1439 -2.94632 20.0501 1 1
-5.51744 -12.656 19.4195 1 1
-4.88665 -15.5991 19.7638 1 1
7.28315 20.852 20.6223 1 1
4.97323 17.793 19.3809 1 1
9.80106 0.011404 15.7894 1 1
-15.6144 17.1917 21.1481 1 1
-21.0179 -15.017 19.498 1 1
-2.01713 -2.17584 7.514 1 0
12.3782 28.5788 22.0248 1 1
16.0194 9.17145 19.1667 1 1
-7.18767 -24.8602 20.5382 1 1
12.8082 10.5534 20.0594 1 1
-13.7785 3.3801 19.2697 1 1
12.033 9.42066 19.3632 1 1
4.018 -4.99099 11.9292 1 1
5.21235 10.0096 16.8121 1 1
19.9444 23.0536 19.8855 1 1
-25.3241 20.0935 21.3 1 1
27.3805 -18.2164 21.7567 1 1
6.1273 -5.71871 15.3203 1 1
-30 17.7932 20.6892 1 0
-3.25958 8.07498 15.3662 1 0
-25.6971 4.0335 20.8281 1 1
-3.14369 -2.04623 8.75103 1 0
25.997 -26.0609 19.9871 1 1
-28.7237 29.2284 21.6721 1 1
-29.4276 29.2908 22.0997 1 1
0.756679 0.0545757 3.11759 1 0
-30 -30 19.9504 1 0
-24.9112 -14.1952 20.5624 1 0
-18.575 -17.1671 21.3378 1 0
-0.337142 0.645061 4.10709 1 0
-30 30 19.9504 1 0
-7.49613 -2.84905 15.4722 1 1
-5.86128 9.42458 17.6714 1 0
9.20575 26.1056 20.6184 1 0
7.93748 14.8797 18.5931 1 1
27.8546 30 20.4195 1 0
14.5327 26.4892 22.0672 1 0
-9.91512 18.6954 20.4152 1 1
30 -30 19.9504 1 0
-19.6497 -16.0542 20.9723 1 1
-20.8181 -1.2939 20.5973 1 0
-6.99392 -4.21501 14.578 1 0
20.1086 24.6053 21.5013 1 1
2.66736 -8.09486 15.5463 1 0
-2.79222 18.9293 19.5917 1 1
30 3.77566 20.6538 1 0
30 5.15627 20.2717 1 0
-5.72594 -2.74027 13.6688 1 0
11.1392 -30 20.2296 1 0
-30 30 19.9504 1 0
-16.6268 21.7117 21.6741 1 1
14.8263 23.2 20.841 1 1
2.40214 -4.52381 12.6202 1 0
-10.8224 20.0838 20.0052 1 0
-12.0335 -16.2494 19.9387 1 0
30 -30 19.9504 1 0
30 30 19.9504 1 0
30 -7.8443 20.2893 1 0
4.22587 -28.3446 21.5558 1 1
30 -30 19.9504 1 0
-18.9587 -17.3937 21.0976 1 0
23.2447 30 20.9483 1 0
-2.65119 24.1621 21.1035 1 0
25.8389 16.3298 21.4281 1 0
-30 30 19.9504 1 0
-16.0856 -19.0908 19.7925 1 0
1.06449 -11.0263 15.9506 1 0
23.6719 -30 21.3257 1 0
30 30 19.9504 1 0
13.3739 -17.5308 21.4027 1 0
-9.36821 -10.3003 19.316 1 0
-3.47701 -21.7743 21.1759 1 0
9.15302 -9.47566 18.8024 1 0
11.3148 -15.1674 20.2904 1 0
-17.1651 -30 20.4418 1 0
-26.2007 -22.2645 21.4508 1 0
2.7656 19.8421 20.1615 1 0
-30 30 19.9504 1 0
-8.93865 -1.65128 15.9996 1 0
4.4639 14.5275 20.0116 1 0
16.1118 1.11731 18.5598 1 1
30 -11.4212 21.4429 1 0
30 30 19.9504 1 0
-0.189694 3.42836 9.64451 1 0
6.69443 -30 21.0699 1 0
-20.3138 26.7494 21.7241 1 0
-30 -14.3122 21.1737 1 0
-7.95654 8.80486 17.068 1 0
-7.39504 -13.4633 20.026 2 0
1.30052 0.0893971 4.7793 2 0
11.2267 7.86937 18.3284 2 0
-9.33508 -4.91437 17.0288 2 0
-11.3933 2.47583 18.4606 2 0
-29.6886 -26.841 21.5629 2 1
-2.55588 -14.3148 19.6471 2 1
-17.7979 -11.4085 20.95 2 0
-28.2562 3.43671 21.7427 2 1
-4.85367 -3.77143 12.8851 2 0
-16.0599 29.1427 20.3624 2 0
3.75312 -9.98275 16.6323 2 0
-0.584343 -30 21.3601 2 0
25.0033 26.9534 19.9471 2 1
4.03914 2.8937 10.4083 2 0
-12.7355 -13.6914 20.4991 2 0
9.80157 -23.9553 20.3081 2 0
-17.1331 25.1847 20.7425 2 0
2.79322 -4.11494 11.1556 2 0
-19.0633 -22.5751 21.3962 2 1
-28.1071 -26.5101 21.7359 2 1
-15.1552 9.37839 20.1871 2 0
-16.4574 28.6638 22.0545 2 1
-0.0970116 -10.4691 17.2458 2 0
-5.85557 12.793 18.4287 2 0
9.34796 24.3596 21.6734 2 0
-23.3789 13.2712 21.6202 2 1
-0.796833 10.6117 17.4886 2 0
-30 3.15252 20.2398 2 0
-11.3325 -27.417 21.9111 2 1
-26.2539 -29.4589 22.0336 2 1
-9.11515 14.8189 19.2162 2 0
-13.746 -10.2963 20.0999 2 1
-12.415 -8.00568 19.1705 2 0
0.272623 -1.7169 6.23723 2 0
-23.446 -6.69873 21.5497 2 1
-25.7998 -15.2397 21.2249 2 1
-13.1584 9.83133 19.0822 2 0
14.0226 -28.9154 19.9815 2 1
-11.0183 -26.9496 19.7497 2 1
-15.3454 5.88258 19.6691 2 1
22.4809 17.8927 21.4749 2 0
-29.4802 -6.11222 21.5442 2 1
-22.9541 3.01585 19.3052 2 0
-27.4971 -27.8198 21.8891 2 1
-11.57 1.42666 18.4656 2 1
6.03157 19.1055 19.1205 2 0
4.01196 30 19.7271 2 0
27.7322 27.1967 21.5212 2 1
-19.7853 24.4498 21.7903 2 1
-9.11896 -29.1284 20.412 2 1
-28.408 -13.7778 21.7707 2 1
10.5428 13.0219 19.8344 2 0
-27.9705 -19.3217 21.2402 2 1
-20.5593 -21.088 21.4471 2 1
-13.9482 -13.621 20.3309 2 0
-10.5033 -2.66644 17.9263 2 0
17.8466 -6.62423 20.4312 2 1
-0.549944 -14.9661 19.2995 2 1
-30 13.2371 20.8077 2 0
19.9793 -7.87753 19.4078 2 1
-15.43 -18.167 21.2151 2 1
-12.694 -29.9168 21.2183 2 1
-3.49367 -10.96 17.8024 2 0
3.26559 3.51448 11.9916 2 0
7.37531 4.28649 16.1064 2 0
13.8578 24.8397 20.5734 2 0
-16.9633 -21.1333 20.0117 2 0
-26.1529 19.5672 21.6769 2 1
0.878702 -5.75519 12.4797 2 0
-24.6165 18.3295 21.915 2 1
-21.5617 -28.3326 22.097 2 1
18.1556 10.7774 20.2677 2 0
-17.3436 -29.2383 21.7689 2 1
-1.74442 -15.6362 19.849 2 0
-4.25938 -12.8176 18.564 2 1
1.09754 -0.813201 4.40513 2 0
14.8352 -1.87079 18.4843 2 0
-17.3903 -26.5712 22.0609 2 1
-30 -0.35936 21.2304 2 0
12.3787 12.1939 20.1772 2 0
-28.2676 11.8525 21.1784 2 1
1.05102 -0.31251 4.26383 2 0
4.7794 -20.6439 20.9146 2 1
-28.9237 -28.3393 21.4589 2 1
-13.9015 -15.1103 19.4145 2 0
19.0923 -0.755382 19.8318 2 0
15.5668 -29.4213 22.1298 2 1
-28.3511 -8.89401 21.3178 2 1
-0.528506 2.28481 7.81499 2 0
-4.67759 -22.9437 20.7059 2 1
-16.3843 -27.7811 21.751 2 1
-3.48145 5.43111 14.3 2 1
18.0402 -24.1916 20.4965 2 0
-9.98089 -9.95557 17.3377 2 0
0.256223 -9.33511 16.6192 2 0
-23.0032 -28.0759 20.0298 2 1
-26.5558 11.2019 21.6531 2 1
-24.6534 26.926 21.4281 2 1
-26.4637 -1.01291 21.2343 2 1
2.77076 -2.32317 9.86977 2 0
15.0563 15.2781 20.2911 2 1
9.41756 -18.0278 20.5319 2 1
-0.372864 4.91986 11.6711 2 0
16.4705 8.14649 20.4027 2 0
-25.829 8.36562 21.3779 2 1
-30 -13.5406 21.5117 2 0
-21.9887 -14.9034 19.7682 2 1
-20.3471 -24.0834 21.329 2 1
12.7539 -3.08344 18.0308 2 1
-14.9024 -8.9259 18.6508 2 1
-12.8919 -24.3923 21.3148 2 1
5.88959 -6.48199 16.0286 2 0
-23.5959 -30 21.5356 2 1
-28.1888 -23.3205 21.6314 2 1
-22.0288 8.66175 20.7581 2 0
-3.04287 10.3613 17.2016 2 1
-3.10441 0.890515 7.86441 2 0
-28.8095 23.5612 21.8597 2 1
-5.83002 6.63118 16.0746 2 0
-30 -30 19.9504 3 0
-27.2357 -5.42044 21.6499 3 1
18.3802 1.82689 20.375 3 0
30 13.2614 20.9342 3 0
-28.2768 18.5808 21.9571 3 1
29.9627 27.8528 20.4593 3 1
-4.05904 30 19.8144 3 0
-14.3669 -3.27347 19.5647 3 1
26.3997 16.5918 22.0361 3 1
27.1097 -6.14226 20.3141 3 1
7.59344 29.9075 21.462 3 1
24.9331 -8.38957 21.159 3 1
3.79534 1.85534 10.149 3 0
15.0837 10.4299 20.2428 3 0
-11.8922 -22.8332 20.2988 3 0
7.5521 -27.6189 21.938 3 1
-15.1632 -30 20.4093 3 0
28.7966 -3.66413 21.4949 3 1
28.8443 -23.375 21.685 3 1
4.97776 -11.1435 16.9212 3 0
19.3267 17.0917 20.9917 3 0
-20.7712 -16.1368 20.7522 3 1
6.69869 -11.9766 18.4465 3 0
-1.0428 -25.4046 21.0979 3 1
29.6943 26.0376 21.2735 3 1
29.5615 18.6774 22.071 3 1
20.133 -16.0849 20.0449 3 1
23.9867 -22.4564 21.5094 3 1
-15.5854 -28.1572 21.6503 3 1
-0.749804 -0.97746 4.27656 3 0
-13.853 22.8302 20.5391 3 1
14.3429 -16.9975 20.6057 3 0
-5.53802 6.16756 15.7369 3 1
13.3444 -29.4252 22.0268 3 1
-6.73744 -22.8777 20.6551 3 0
27.5292 -9.34521 21.9291 3 1
-29.8131 -20.7034 21.5504 3 1
23.0552 21.5843 21.449 3 1
-15.4986 -10.1297 20.4053 3 1
30 -28.94 20.0388 3 0
-30 6.93887 19.8403 3 0
-16.6682 29.7094 21.8673 3 1
-29.9349 -24.9246 20.1684 3 1
-16.489 -10.3207 20.9513 3 0
-28.2171 21.1085 20.9476 3 0
1.07465 29.9884 19.8592 3 1
-9.9099 -12.2332 18.9524 3 1
-13.345 25.9058 21.2506 3 1
-16.2278 23.5552 21.6983 3 1
29.3942 11.8935 21.4938 3 0
29.2408 -18.2634 21.5786 3 0
-29.9994 -29.9844 19.9568 3 1
12.399 -29.9999 21.4132 3 1
-3.56584 -27.3584 21.8523 3 1
7.36403 5.98454 16.3072 3 1
-8.74343 1.95021 15.5079 3 0
8.65454 -7.58208 18.3006 3 0
-8.90447 -9.09139 17.1124 3 0
3.91591 2.53905 11.4332 3 0
23.1154 -3.31996 20.8074 3 0
14.9113 -14.1323 19.4826 3 1
14.4537 13.1873 20.7107 3 0
-0.000688314 11.811 16.9669 3 0
-1.66453 -25.2462 21.3761 3 1
10.2568 -15.5813 20.6555 3 1
-2.979 3.0341 9.08096 3 1
0.653177 20.4801 21.1578 3 0
29.6049 -11.9506 21.4152 3 1
30 27.2585 21.048 3 0
13.5779 15.1516 20.7331 3 1
-5.78911 11.5867 18.7793 3 0
27.5228 -14.4746 22.1001 3 0
9.0034 -26.1401 20.0505 3 1
13.0552 18.7602 20.2763 3 1
-0.685892 -0.809085 4.5187 3 0
-7.54194 9.65983 18.712 3 0
30 0.258095 20.8236 3 0
12.4347 29.0936 21.532 3 1
-24.5405 28.0431 21.6176 3 1
7.32314 -11.302 19.0582 3 0
11.5953 7.8157 19.1415 3 1
29.1529 8.67454 21.3873 3 1
29.976 -16.743 20.9589 3 1
18.7145 29.9981 21.1077 3 1
-7.83997 12.547 19.4401 3 0
23.6023 10.1674 21.3315 3 1
0.902449 -22.4948 20.9765 3 1
-25.4295 17.3218 21.9486 3 1
25.9935 14.4825 21.4182 3 0
3.66248 -22.9939 20.7062 3 0
-14.9847 13.5936 20.4892 3 1
23.0564 30 19.9881 3 0
30 30 19.9504 3 0
-1.24175 -14.455 19.5132 3 0
-1.96898 -9.33262 16.2533 3 0
14.6487 16.1895 20.9118 3 0
7.6827 -28.2124 21.4826 3 0
27.1416 -30 20.3938 3 0
8.07204 1.52025 15.504 3 0
13.1902 -30 20.5431 3 0
-7.90037 12.1245 17.997 3 0
-3.44953 -2.54937 11.428 3 0
-4.53513 30 21.4322 3 0
27.8263 -4.26707 21.1512 3 1
29.9981 23.6171 21.4899 3 1
1.64909 29.9998 21.2067 3 1
1.16097 -1.42121 6.45017 3 0
-2.29362 4.34009 12.061 3 0
-19.8447 -12.5523 21.1713 3 1
28.991 -29.2537 21.031 3 1
4.76006 21.4191 21.1531 3 0
-30 -26.1818 20.617 3 0
8.36517 -1.29422 16.0507 3 0
-1.20912 7.73204 15.0325 3 0
-7.03163 -8.0116 15.601 3 0
-30 -2.42336 21.3763 3 0
-0.525359 2.27935 7.79438 3 0
-24.4927 21.4599 22.1444 3 1
-4.55012 15.5397 20.3099 3 0
-29.0413 9.12004 20.1141 3 1
12.7731 12.1577 19.6525 4 0
22.1001 20.2851 21.0877 4 1
-14.3719 -25.1508 21.439 4 0
15.609 28.5318 22.1012 4 1
-4.77415 22.4208 21.2414 4 1
6.20868 -26.7486 21.1747 4 1
-21.2688 12.6986 21.312 4 1
-9.77949 -18.5818 20.9824 4 0
-25.3435 -29.1266 21.5579 4 1
23.2369 -26.9682 20.8873 4 1
6.56922 -11.7112 19.1607 4 0
13.2355 -27.247 21.3862 4 1
-1.9185 8.97107 14.7249 4 1
9.31922 -30 21.1474 4 0
-17.2925 4.82435 20.0415 4 1
2.68052 -0.00786352 7.6948 4 0
16.4103 20.8295 21.4154 4 1
2.74842 6.93454 14.1802 4 0
-21.2169 25.4615 21.8517 4 1
29.2634 -19.5978 21.9438 4 1
29.277 29.9963 21.1499 4 1
-29.898 -19.3482 21.4705 4 1
-11.4347 -0.469355 18.3672 4 0
6.9163 4.68846 15.3068 4 0
-8.09046 21.2372 20.328 4 1
-16.9589 5.75672 19.4733 4 1
-6.04422 -19.0029 18.8598 4 0
-11.9312 -20.9556 19.5113 4 1
-6.84296 -27.1513 20.575 4 1
-30 -30 19.9504 4 0
5.22539 -17.2767 20.1673 4 1
1.7288 9.05938 15.8005 4 0
-28.03 -29.9253 20.1052 4 1
-12.4185 27.1765 21.618 4 1
-8.0933 -15.5141 20.1127 4 1
-14.6442 -11.4403 20.8125 4 1
27.0557 -29.8647 20.4266 4 1
-5.94376 20.3611 20.5631 4 1
-0.497452 14.8162 19.5182 4 1
30 -30 19.9504 4 0
-10.2628 -28.4971 21.8597 4 1
-9.09185 -15.6033 20.1418 4 1
4.51104 -11.4155 18.7988 4 0
-10.7879 -21.6465 21.2332 4 0
9.48502 5.05511 17.3711 4 0
29.4044 1.44662 21.9943 4 1
-27.0507 29.9702 20.0244 4 1
-25.9758 23.9965 19.8814 4 0
15.1771 18.7877 20.6583 4 1
29.616 -21.47 22.1835 4 1
0.403979 2.40174 8.10508 4 0
15.8557 9.86979 19.3773 4 1
18.8266 11.9589 19.821 4 0
15.4349 9.6025 20.765 4 0
-27.7363 -30 21.0769 4 0
-3.99332 29.9987 19.7244 4 1
-4.32826 13.385 19.44 4 0
-14.641 21.6701 21.65 4 0
-29.409 -19.1597 21.7194 4 1
25.2321 -14.6034 21.684 4 1
29.7104 -18.6875 21.8484 4 1
15.7547 -1.00839 18.9013 4 1
29.6924 29.8153 21.6434 4 1
4.48389 2.84657 12.4727 4 0
23.8849 -2.04103 19.6851 4 1
-4.20441 -16.4333 20.1724 4 0
-14.7192 19.6946 21.3346 4 0
6.66933 -3.27114 14.989 4 1
-26.4546 13.1046 21.4913 4 0
-19.6766 -26.7429 21.7527 4 1
27.6568 27.5702 22.1557 4 1
-11.923 18.4442 20.8493 4 0
15.4 17.9319 20.9598 4 0
1.55764 30 21.3996 4 0
-15.93 -8.63401 20.0492 4 0
-4.14866 16.5669 20.0785 4 1
-26.6034 5.59944 21.8427 4 1
29.9696 -26.559 21.6237 4 1
12.6157 26.4732 21.9817 4 1
2.03841 9.0866 14.8669 4 0
15.4045 -25.2798 21.8112 4 0
15.2 -23.2135 21.0155 4 0
-30 11.6792 21.1781 4 0
4.65319 -3.58173 13.5149 4 0
10.9042 30 20.0098 4 0
26.6572 -3.60293 21.7632 4 1
-18.5405 -23.3372 21.9478 4 1
8.87392 -12.807 18.8171 4 0
-14.9387 -9.15881 18.9559 4 1
28.9648 -21.312 21.2475 4 1
-12.5701 -11.5756 20.526 4 0
-23.1332 3.53392 21.1301 4 1
1.6594 -4.1059 10.8951 4 0
-6.03773 -8.62387 17.0666 4 0
-23.3431 -29.9672 21.3876 4 1
-21.0894 30 20.0892 4 0
-30 26.0637 20.0328 4 0
-12.3496 -11.0782 19.6443 4 0
28.6099 22.4867 22.1886 4 0
0.570431 -0.0525551 3.25327 4 0
5.67169 4.85293 14.6917 4 0
10.3306 -13.8725 19.8746 4 1
29.783 -29.0702 20.9206 4 1
-5.98434 0.817647 12.1843 4 0
1.94926 12.8871 17.2029 4 0
2.77511 -2.10427 8.88861 4 0
29.9898 29.7514 21.0132 4 1
-5.61973 -26.5642 21.8501 4 0
10.4197 2.61252 17.8991 4 0
9.97069 9.18029 17.7555 4 0
1.16264 25.2428 20.8294 4 1
14.0777 -18.594 20.9526 4 0
7.62023 7.68448 17.8208 4 0
30 30 19.9504 4 0
0.570134 0.378294 4.11936 4 0
-29.0645 -4.66049 21.1943 4 1
17.3811 11.6116 21.205 4 1
21.7948 -8.76731 20.7837 4 0
1.47821 -3.46964 10.6127 4 0
1.13346 2.57419 8.3883 4 0
27.8946 -21.1897 20.7922 5 0
-25.3672 -17.3301 21.8972 5 1
-26.6886 19.8949 21.3078 5 1
9.01716 -1.03444 14.4984 5 0
16.2603 7.16593 19.8522 5 1
-18.4632 -26.6781 22.0208 5 1
-4.73218 -3.37429 13.2616 5 0
23.0351 6.56855 21.0083 5 1
-28.7992 -16.9294 20.7119 5 1
21.982 30 19.9047 5 0
-29.826 -10.0169 20.4158 5 1
25.1299 18.8094 20.7921 5 0
-21.0672 -12.4012 21.0373 5 0
1.81244 -15.7688 19.3151 5 0
25.9072 21.0692 20.1515 5 1
-29.3689 -21.3331 22.0456 5 1
7.44175 4.81711 16.2398 5 0
11.8365 0.00114059 16.8327 5 1
21.4899 24.5111 22.1505 5 1
0.960984 0.873764 3.7675 5 0
22.6765 16.6403 21.7615 5 1
-2.96169 6.48752 14.4362 5 0
-25.2292 -16.2181 21.2516 5 1
-4.11576 24.669 20.9976 5 1
-25.1991 -16.6507 21.5652 5 1
11.6915 -10.4333 20.0083 5 0
22.6216 25.4952 22.1341 5 1
13.333 12.1727 20.1775 5 1
22.1686 24.2045 21.055 5 1
7.35396 -19.2288 20.8418 5 1
-3.0584 23.6477 20.8503 5 0
-18.5715 29.9677 21.5414 5 1
5.65108 29.0242 21.1877 5 1
-0.0714531 -0.6226 3.31861 5 0
27.015 -15.5853 21.4052 5 1
30 20.2554 20.9778 5 0
11.5174 20.8206 21.273 5 0
6.3676 -7.73156 17.1931 5 0
-19.1808 6.44157 20.8006 5 1
18.5086 29.2578 21.9766 5 1
-21.5016 -26.4419 22.1767 5 1
2.06159 -1.6228 7.80772 5 0
28.4919 -10.6067 22.0366 5 1
-16.3575 9.49858 20.8965 5 1
5.77832 -28.7712 21.2353 5 1
-27.4838 10.6562 21.9483 5 1
11.0467 -5.01916 16.4713 5 1
12.6474 21.1138 21.0225 5 1
-15.3052 -29.9943 21.1566 5 1
-21.7712 -16.9873 20.5563 5 1
7.45915 -28.1503 21.5662 5 1
29.4772 -20.1844 21.8455 5 1
0.484271 0.623176 4.40524 5 0
3.15055 -4.82336 12.1898 5 0
-2.48453 15.9076 19.7429 5 1
23.0333 -2.19177 20.0095 5 1
14.1043 -7.1928 18.8148 5 1
7.31365 20.1008 20.5155 5 0
-18.8826 -10.9632 19.4508 5 0
-10.9289 -3.27252 17.2712 5 0
-2.98531 -11.57 17.9808 5 0
-5.94434 -0.398234 13.0351 5 0
-9.32385 15.5453 20.6829 5 0
18.1445 -10.9443 19.5434 5 0
-6.74455 7.59009 17.3159 5 0
-5.97272 17.6382 20.0969 5 0
-24.5546 21.0925 21.5644 5 0
-9.40524 -21.0964 20.9584 5 1
-16.7356 -27.7989 21.4031 5 1
-9.8191 1.69505 16.7894 5 0
29.2422 22.489 21.9876 5 1
-0.55428 -1.19037 5.35821 5 0
20.5553 16.7818 21.5591 5 0
10.4921 29.8336 21.7101 5 1
-29.9853 -11.867 20.2084 5 1
-10.9557 -13.1992 19.0582 5 0
9.97068 12.5829 19.5933 5 0
-0.415703 -0.00070715 2.78927 5 0
24.7718 -23.0853 20.9061 5 1
-20.3192 30 21.2635 5 0
-1.90776 18.7099 19.9777 5 0
28.5746 16.6997 21.9848 5 1
-28.8129 19.245 21.3379 5 1
30 -30 19.9504 5 0
24.7309 -9.51479 21.6743 5 1
7.52221 21.7025 21.4154 5 1
-9.43608 29.9588 21.4594 5 1
-26.8929 -7.12741 20.2329 5 0
8.92967 -11.3354 18.9026 5 0
-16.1693 -15.0699 19.8359 5 0
1.28083 12.4907 18.7797 5 0
-29.3719 -12.3446 21.9629 5 1
0.522234 0.697305 4.51856 5 0
6.37746 3.22703 14.6893 5 0
-27.3905 17.5722 22.0841 5 1
6.30288 -6.31339 16.3547 5 0
20.8832 22.4651 21.5672 5 1
11.3557 11.9034 19.6576 5 0
-10.7548 26.118 20.8822 5 0
-2.81403 -19.2192 20.0969 5 0
1.01652 -9.43983 16.4624 5 0
21.2319 -28.1256 21.0759 5 1
-11.0451 -16.8608 19.3351 5 0
-10.3272 16.1244 20.2552 5 0
6.29131 -12.4203 19.3591 5 0
1.62381 -1.45018 7.58312 5 0
2.24768 6.58207 14.5872 5 0
29.7465 23.9883 20.9998 5 1
-12.5226 -30 21.5117 5 0
-2.0956 21.6782 20.5845 5 1
13.3156 23.0999 21.031 5 0
1.77937 -3.83356 10.3085 5 0
13.6093 29.9085 21.4929 5 1
25.5277 0.446772 21.7966 5 0
-29.5422 0.55658 22.0256 5 1
0.89923 3.69178 9.78116 5 0
-12.1911 -13.1946 19.7208 5 1
-4.97025 -0.834754 10.8056 5 0
29.036 -29.1824 20.6587 5 1
1.55353 27.4368 21.9145 5 1
-8.79955 -9.39973 18.7026 6 0
-26.4464 30 21.6198 6 0
17.7757 -11.42 21.0113 6 0
9.94524 -1.02042 15.2252 6 1
-1.89328 -15.6082 19.5509 6 1
4.32168 -0.186097 10.8922 6 0
10.259 28.5302 21.8486 6 1
-29.159 25.5186 21.8371 6 1
-28.6961 10.6287 21.8547 6 1
-9.89699 -6.87722 16.948 6 0
-16.6724 -19.7098 21.5005 6 0
7.80924 13.6802 19.5927 6 0
4.59379 1.93216 11.7936 6 0
-0.640841 3.15159 9.05355 6 0
-8.6976 -5.46622 17.5181 6 0
-27.3992 -3.97836 21.223 6 1
0.653671 0.124582 3.44207 6 0
30 -30 19.9504 6 0
-29.9871 1.21756 20.61 6 1
28.7008 -3.69913 21.6504 6 1
22.7877 -30 20.7673 6 1
-3.96464 26.9345 19.7176 6 1
-5.95193 -7.98645 15.176 6 0
14.681 1.4288 19.7183 6 0
29.4733 22.9166 21.6747 6 1
14.9387 -29.8143 20.6047 6 1
-27.1126 29.7227 21.3078 6 1
-2.54278 15.3697 20.0703 6 1
-11.8 21.7746 20.8551 6 0
-3.15938 21.3239 20.723 6 0
15.6905 -8.07052 19.7599 6 1
-13.7711 -3.21147 18.8065 6 0
-20.34 -26.4623 22.0696 6 1
5.62619 13.6538 19.7108 6 0
-14.4883 -12.0778 20.3854 6 0
-0.158613 -15.9711 18.4833 6 1
-8.46974 27.6254 21.9521 6 1
-30 -30 19.9504 6 0
-5.29922 -15.3602 20.0847 6 0
20.1112 -28.7363 21.1734 6 1
-3.67326 15.2612 19.7802 6 1
18.3365 -8.16136 20.5421 6 0
-10.6952 -13.5897 20.4314 6 0
-15.4329 -7.31616 20.4138 6 1
-2.36066 -25.6432 21.6623 6 1
8.64912 -2.66979 16.574 6 0
-12.4956 27.7899 21.7627 6 1
-28.6616 27.7615 21.851 6 1
-13.9228 -9.65173 19.7312 6 0
-2.46172 -29.462 22.0341 6 1
0.493751 1.96168 6.70811 6 0
10.0288 24.8093 20.3021 6 1
-4.74728 8.04403 15.7767 6 0
-26.3637 29.3297 22.0757 6 1
-23.5765 17.137 21.5048 6 1
-27.4328 30 21.6097 6 0
28.51 26.7639 22.0048 6 1
-28.7584 28.787 21.5027 6 1
-30 -15.8329 20.4388 6 0
-2.48228 22.1943 21.1462 6 0
23.9454 13.635 21.1617 6 1
-26.7641 10.7253 21.4117 6 1
28.4909 10.6295 22.0165 6 1
27.8784 24.1567 20.7176 6 1
19.4909 28.8455 21.7678 6 1
19.1376 -15.992 19.8513 6 1
-0.502091 0.519892 4.29222 6 0
-26.9577 -15.835 20.3882 6 1
11.759 -13.7567 20.1207 6 0
-8.19589 -23.8695 20.4928 6 1
-1.02002 3.57567 9.84436 6 0
13.0235 8.41646 19.4227 6 1
11.6832 -15.4555 20.9225 6 0
-12.0379 -29.4653 21.4987 6 1
1.73961 1.73869 7.65976 6 0
-15.4187 -27.1586 21.6284 6 1
21.3163 -22.4883 21.9722 6 1
-3.21087 -4.09673 11.4362 6 0
-7.73749 -4.01713 15.3089 6 0
-24.4068 24.5348 22.1639 6 1
10.0756 0.988132 15.3723 6 1
16.808 1.59029 20.0974 6 0
-12.6093 1.08824 18.3394 6 1
16.1004 -5.59954 19.9248 6 0
29.925 29.7936 20.8799 6 1
25.8771 0.841158 20.3284 6 1
0.502126 -2.76909 8.64101 6 0
4.58638 14.2112 19.5628 6 0
24.228 27.5231 21.9532 6 1
18.4945 -6.70084 20.9587 6 0
-9.99739 16.8756 19.1191 6 1
2.77491 -10.7211 17.5536 6 1
-4.77912 26.7463 21.2069 6 1
-3.91381 5.43099 13.983 6 0
29.3726 -3.53427 21.9803 6 1
-1.50321 -4.18735 11.3229 6 1
1.36936 4.98051 11.9166 6 1
27.5233 -20.2706 21.9875 6 1
13.419 -17.6915 21.3129 6 0
6.52839 -10.9227 18.4596 6 1
9.76627 2.32064 17.0331 6 0
22.4624 9.60709 21.6706 6 0
-28.5623 -24.0033 21.5777 6 1
-0.14619 3.71475 9.68239 6 0
1.72756 -1.63024 7.76236 6 0
-11.2326 -9.19212 18.8889 6 0
-3.65304 -4.08587 12.3516 6 0
-1.37057 2.25868 8.26355 6 0
-6.62422 10.4736 18.8236 6 0
12.1132 10.9066 18.5089 6 0
19.8535 6.93916 19.544 6 1
1.54243 -7.02882 14.4801 6 0
-21.7212 5.00617 20.3568 6 0
-11.8995 -4.55392 18.4842 6 1
16.2633 24.1996 21.2736 6 1
7.46719 30 21.4551 6 0
-0.928478 -11.822 17.0277 6 0
-0.601965 5.54006 13.2114 6 0
-7.21771 -1.80073 14.4401 6 0
-17.4738 -2.10177 20.1463 6 0
-1.2991 -2.4243 8.61235 7 0
-19.9873 -2.13078 19.2391 7 0
-18.5782 6.75965 20.8337 7 0
-4.89032 -16.9805 18.6589 7 0
29.3697 24.067 21.5034 7 1
-5.73957 -3.92763 13.7221 7 0
-29.3708 -8.411 21.9885 7 1
-3.43241 8.43149 16.7961 7 0
-7.62236 -7.0686 17.0208 7 0
12.834 -19.0635 19.9035 7 1
15.1154 -27.3885 21.4865 7 1
-21.019 7.07697 19.2919 7 1
7.62894 5.90073 16.5423 7 1
-6.31078 -0.711414 13.8356 7 0
16.3162 -7.22326 20.2264 7 1
2.81699 -3.67415 11.3516 7 0
27.2348 -28.3051 21.7558 7 1
14.398 -17.1004 20.8678 7 1
29.7081 -16.5005 22.0221 7 1
-9.93883 13.6491 19.6995 7 0
-14.2999 22.8393 21.1572 7 1
7.46067 -7.34067 17.6961 7 1
-26.2857 28.7283 21.8012 7 1
20.741 25.8784 21.1394 7 1
29.7462 -21.3939 21.9389 7 1
-4.10325 1.24143 10.2805 7 0
-19.2927 -17.6607 21.5521 7 1
15.7162 23.3611 21.6927 7 1
-28.8542 -26.5978 21.7393 7 1
16.4774 9.35053 20.8923 7 0
30 30 19.9504 7 0
18.8161 4.28287 20.3084 7 0
2.17966 -12.0025 17.1137 7 0
13.0521 -12.4121 20.1033 7 1
30 -30 19.9504 7 0
2.7148 -22.2785 21.0619 7 1
16.7911 17.5193 21.38 7 1
29.9782 -20.4656 21.5934 7 1
27.2614 13.5375 21.8548 7 1
14.3637 -7.45595 20.2448 7 0
1.11004 -21.2722 20.3635 7 1
-8.82121 -17.0579 19.4143 7 0
-18.3676 -17.0952 21.0635 7 1
-20.1766 16.2582 20.9886 7 0
28.2752 2.644 21.6792 7 1
10.3764 11.3347 19.8989 7 0
9.6901 -14.5981 20.4866 7 0
-8.2476 20.8141 20.6495 7 0
29.1551 -11.0583 20.3629 7 1
5.89368 -13.628 19.2219 7 0
12.8724 8.02514 18.0575 7 0
-30 30 19.9504 7 0
4.08773 22.0686 19.4703 7 1
-0.428288 -3.72151 10.3603 7 0
3.14656 -7.53772 15.5857 7 1
8.24579 -0.898464 15.0156 7 0
-26.4238 -7.97827 21.262 7 1
-6.28794 -4.22841 14.9184 7 0
6.51089 -11.9679 18.8148 7 0
-8.03923 -5.29273 16.1689 7 0
0.0541763 -27.3956 21.2249 7 1
10.3122 24.9191 20.9977 7 1
30 17.4057 21.4811 7 0
10.8086 -12.2376 19.4865 7 1
24.009 -29.9618 19.9532 7 1
7.25963 -30 20.8644 7 1
1.96299 -2.03074 6.64711 7 0
-4.04306 0.102366 9.01439 7 0
29.9693 17.3915 21.4614 7 1
22.7206 16.795 21.3017 7 1
-18.1175 16.5269 21.2105 7 1
8.479 26.2684 21.7399 7 1
-13.5048 -4.26255 19.4357 7 0
-29.9814 15.2436 20.87 7 1
-8.84522 13.5555 19.8627 7 0
-25.2296 -5.85114 20.7705 7 1
0.17654 7.66576 14.9855 7 0
-0.912855 -0.573658 4.56692 7 0
-14.1361 11.9013 19.1671 7 0
-20.5721 -15.2376 21.5197 7 1
-4.20823 16.3598 20.0555 7 0
27.0017 -29.6685 21.3591 7 1
20.4772 -10.312 21.4326 7 1
13.3776 15.3613 21.0904 7 0
1.63932 1.39893 7.48713 7 0
3.58153 15.8944 19.7624 7 0
4.01705 -27.17 20.215 7 1
19.5806 28.3243 22.0491 7 1
-18.0271 -29.7076 21.1363 7 1
4.83388 3.22536 12.5367 7 0
-9.42638 -27.5935 21.973 7 1
30 -30 19.9504 7 0
1.37039 26.9302 21.1611 7 1
6.98567 -5.03131 14.1121 7 0
1.73483 -1.33562 7.30589 7 0
-17.842 29.9257 20.5196 7 1
1.29671 7.29167 14.9409 7 0
14.7159 13.0825 20.0952 7 0
6.89432 6.91447 15.4132 7 0
-5.02705 -30 19.7486 7 0
28.1814 -29.9402 20.6962 7 1
-1.3786 2.63977 9.08638 7 0
-7.13705 -7.86073 16.3541 7 0
-20.3172 -6.85701 20.6418 7 1
-17.9355 29.6464 21.4001 7 1
-2.98638 5.26272 12.6376 7 0
-5.56868 4.81146 14.8881 7 1
6.66498 -5.60472 16.3595 7 0
0.672961 -0.135638 3.46743 7 0
5.0835 0.952459 10.608 7 0
28.0108 4.702 20.9385 7 1
16.9617 -6.25766 19.5807 7 0
26.3992 20.4313 22.1158 7 1
14.5689 -21.3431 21.7189 7 1
0.98121 -0.335063 4.17246 7 0
-5.29027 1.47885 12.9836 7 0
-8.78906 -28.8551 20.9029 7 1
22.911 -8.46548 21.1484 7 1
0.684558 0.467722 4.42926 7 0
17.0657 6.22896 19.4976 7 1
-30 29.2875 21.198 8 0
7.71953 6.90006 16.7306 8 0
12.0718 10.0392 18.0001 8 1
-3.10263 7.76437 15.0279 8 0
-2.15973 11.842 17.3539 8 1
-27.6913 21.4444 22.055 8 1
15.3856 -8.31383 20.4673 8 0
-20.1744 24.0723 20.513 8 1
29.9203 -9.84474 20.4336 8 1
-15.4846 16.81 21.1981 8 0
0.687458 -0.0984058 3.34809 8 0
-2.33513 -8.33762 16.2435 8 0
-11.2533 30 20.8712 8 1
-14.0175 -0.391758 18.8513 8 1
19.0529 15.9279 19.607 8 0
-6.30554 1.57328 14.202 8 0
2.47045 -2.32347 9.84825 8 0
22.4562 27.4826 22.2101 8 1
8.59423 30 21.3871 8 0
-8.33465 14.3928 20.2899 8 0
-14.0666 -29.2696 21.0307 8 1
6.13477 -0.818976 12.6654 8 0
1.8049 -4.13599 10.5089 8 0
-30 -22.5225 21.6139 8 0
4.82629 2.82132 12.0829 8 0
-1.4451 -1.88053 7.51687 8 0
15.1497 29.9298 20.434 8 1
-2.11528 -19.3864 20.4533 8 1
12.5501 27.5849 22.0389 8 1
-30 -30 19.9504 8 0
3.63045 -7.5921 16.1669 8 0
-19.0784 -20.8164 20.4469 8 1
-23.3813 5.88339 21.0528 8 0
-12.7732 -11.87 19.5056 8 1
-8.90166 19.6279 20.7067 8 1
23.0424 9.52541 21.1412 8 1
-3.35333 -10.9748 17.5608 8 1
-19.5042 4.17974 20.7762 8 1
14.2868 -28.0641 21.0728 8 1
2.31224 8.35335 16.2368 8 1
2.02317 -13.1193 17.2934 8 0
4.26059 5.33187 14.3439 8 0
0.696191 -3.24617 9.35477 8 0
28.0585 6.97513 19.7702 8 1
-9.78913 -29.7789 21.2447 8 1
24.8582 -26.9466 20.4107 8 1
29.9969 -29.2996 21.2509 8 1
2.39156 1.7148 8.91927 8 0
-9.17075 13.9892 18.7493 8 0
16.3646 12.3823 21.1231 8 0
20.0098 -13.3463 20.8123 8 1
28.0176 -26.196 20.6886 8 1
-28.6311 -24.6967 22.0191 8 1
-3.81385 -7.57822 15.9109 8 0
-18.2917 29.9638 21.1489 8 1
11.4409 -12.7647 20.2901 8 0
1.33772 -0.683672 5.91778 8 0
10.1051 -16.1136 19.1946 8 0
1.30867 -2.46309 8.72387 8 0
29.5358 -13.5692 22.1263 8 1
-4.89205 -5.61647 14.7254 8 0
19.21 0.776045 20.1707 8 0
6.26907 -7.89185 16.52 8 0
28.3699 -8.11889 21.3852 8 1
-2.4919 -10.526 18.0159 8 0
30 -30 19.9504 8 0
-0.782085 10.1817 16.6386 8 0
-11.8673 -25.0696 20.1212 8 0
28.6946 29.9926 21.2723 8 1
18.6726 10.3415 21.1378 8 0
-21.684 -18.0706 21.0648 8 1
1.00492 4.63987 11.3002 8 0
-28.4754 -27.1479 21.8187 8 1
-19.8155 -18.8557 20.6379 8 1
-6.87686 -0.385014 14.1846 8 0
-7.78471 -4.47472 16.4207 8 0
-27.4457 22.8292 21.7973 8 1
-26.8906 -28.9064 20.4122 8 1
3.84493 -3.06758 10.6543 8 1
-20.8044 -16.5072 21.5331 8 1
28.6129 28.8547 21.7254 8 1
-29.3286 9.20139 21.5425 8 1
13.1562 -1.59863 18.77 8 1
6.6979 1.67644 14.504 8 0
-30 30 19.9504 8 0
0.217605 0.990051 3.56709 8 0
-6.55239 -7.16897 16.859 8 0
5.73033 3.03057 13.186 8 0
15.9072 4.12942 18.6207 8 1
8.77109 9.98312 17.908 8 0
-5.81747 -18.4537 20.6613 8 0
6.79449 5.64383 16.1408 8 0
1.19478 8.19159 15.0972 8 1
-4.15162 0.012846 9.40056 8 1
12.9044 13.1301 19.1116 8 1
0.873096 0.703926 4.4222 8 0
13.7824 28.3864 21.7295 8 1
-28.338 0.359438 21.7949 8 1
-29.443 -29.2783 22.0888 8 1
0.187294 -1.81938 5.78015 8 0
1.14877 14.5393 19.347 8 0
-26.8068 11.1388 20.746 8 1
2.05338 3.09887 8.48793 8 0
-18.0915 -22.8409 20.4 8 1
-20.5035 28.75 21.9762 8 1
5.25281 -5.04981 13.9864 8 0
-25.0184 -29.8928 20.2087 8 1
-0.951157 -21.1111 19.3486 8 0
10.1406 -17.9115 19.5297 8 0
24.9147 1.23204 20.5049 8 1
11.2131 25.3698 21.5256 8 1
-10.6556 -3.83203 17.7185 8 0
13.7162 -1.34636 19.193 8 1
-28.2653 26.2537 21.6906 8 1
0.702616 0.286752 3.98335 8 0
28.8171 -13.0052 20.4671 8 1
29.1524 -13.0553 20.3662 8 1
-2.86861 -4.28368 11.8076 8 0
28.8894 -28.3373 21.5217 8 1
23.5327 -19.7308 21.8812 8 1
30 -30 19.9504 9 0
1.96986 3.10354 8.39358 9 0
-10.6856 -6.53167 18.8124 9 0
8.53295 0.986828 15.7738 9 0
30 30 19.9504 9 0
28.4758 12.2117 21.7809 9 1
-2.89396 5.79395 13.0174 9 0
6.85933 4.90405 14.576 9 0
30 30 19.9504 9 0
29.1311 -25.2298 21.1358 9 1
7.26734 7.58161 17.5767 9 0
-8.04226 -15.2242 19.21 9 0
1.82351 -3.40292 10.3034 9 0
-10.4224 25.9157 21.3435 9 1
9.40976 30 21.4025 9 1
-12.5134 4.05828 18.637 9 1
-8.57475 -9.01315 18.2213 9 0
-29.1028 29.821 20.8133 9 1
0.767573 0.809927 4.36808 9 0
-9.71717 -5.09091 17.1046 9 0
-2.59926 28.5444 21.959 9 1
-2.0857 6.223 13.1414 9 0
7.7871 -10.6288 18.8204 9 0
7.79185 14.6311 19.9891 9 0
2.39919 -17.3969 20.6008 9 1
23.7674 -3.96089 20.3407 9 1
-0.265712 4.60516 11.6605 9 0
27.4857 23.1987 21.8826 9 1
-20.2935 -26.4082 21.9636 9 1
2.57283 -3.97666 11.4352 9 0
-6.12863 -7.03306 15.0677 9 0
-4.4853 -13.783 19.4695 9 1
-29.6698 3.91192 21.2259 9 1
12.3358 16.4984 21.1631 9 0
-3.1056 -11.2506 17.3998 9 0
3.60802 13.991 19.0102 9 0
21.8677 14.8947 20.1659 9 1
29.7466 11.0655 20.9291 9 1
17.0609 10.8405 19.4897 9 1
-0.933403 3.24046 8.67708 9 0
-11.1433 -9.53079 19.3685 9 0
27.4863 -19.8088 21.8244 9 1
-16.5806 2.11625 19.9 9 1
-30 30 19.9504 9 0
-18.1193 -14.6562 20.8853 9 1
-21.651 -13.6973 21.5493 9 0
-17.798 -1.20956 19.798 9 1
28.3146 -3.51781 21.8652 9 1
-14.0027 2.64866 18.8283 9 0
28.9914 20.5845 21.5168 9 1
-1.3416 -2.96328 8.8535 9 0
-0.573264 -7.91581 15.2245 9 0
-9.43905 -10.7684 19.4124 9 0
16.4026 22.8672 21.4154 9 1
-0.332673 -0.384358 3.56869 9 0
-24.3002 -13.8485 21.191 9 1
-4.06727 -0.455006 10.5306 9 0
-9.0388 10.4157 18.8185 9 1
-16.2819 23.6949 21.6113 9 1
-28.5 28.4004 22.2463 9 1
-3.97846 13.6129 18.9038 9 0
-25.3747 6.813 21.3794 9 1
-15.8308 -30 20.4507 9 0
24.774 29.9251 20.9527 9 1
30 -30 19.9504 9 0
-23.2313 29.7422 21.5873 9 1
-1.55598 0.704933 6.46669 9 0
11.177 27.1136 20.5813 9 1
8.53021 25.3686 21.8282 9 1
-0.433262 26.4946 21.8624 9 1
-1.74988 2.89517 8.83858 9 0
2.54968 2.40383 10.122 9 0
29.9878 6.9455 19.8243 9 1
-28.4648 0.115614 21.469 9 1
-25.0384 13.4568 21.3554 9 1
13.246 -29.9362 20.9185 9 1
19.1968 16.9893 20.2454 9 1
-24.6611 23.3846 22.027 9 1
-6.90743 -15.9038 18.7045 9 0
-4.01334 19.0901 18.9409 9 0
-27.4367 -29.5349 22.2643 9 1
8.4243 14.8598 20.0508 9 0
10.5269 18.2154 21.0171 9 1
9.9146 9.89008 17.6987 9 1
-17.2742 25.8616 21.1924 9 1
-6.26521 4.96613 14.7073 9 1
5.9355 7.43981 16.5177 9 0
6.47899 -8.98918 17.5419 9 0
-1.58244 14.1017 19.0623 9 0
-26.653 29.3995 22.1435 9 1
14.9622 -8.34897 19.7304 9 1
-22.7413 -24.1463 21.217 9 1
0.585634 3.02153 8.70805 9 0
23.363 -11.7199 21.5648 9 0
-29.9595 24.487 21.6485 9 1
12.7035 6.46818 19.5241 9 0
-14.095 -25.8178 20.5468 9 1
-15.6498 -21.7212 21.5838 9 1
-1.74292 1.3787 7.43078 9 0
-2.83855 0.31424 8.29383 9 0
7.8223 5.30167 16.4006 9 0
0.446588 -3.64825 10.3626 9 0
-29.6114 -18.7509 21.8934 9 1
4.96441 11.8851 17.113 9 1
-0.0360546 1.12482 3.34194 9 0
27.4639 -23.9023 21.6777 9 1
7.26205 -9.59852 18.4317 9 0
-29.8052 25.7148 21.5797 9 1
-27.7007 -23.9414 21.2364 9 1
29.9346 -4.96922 19.8613 9 1
2.80042 3.04252 9.68116 9 0
17.8013 17.3458 21.2407 9 1
-4.18021 4.60292 13.5874 9 0
-0.687316 1.18644 5.2411 9 0
12.4465 30 21.4875 9 0
28.9771 -5.26983 20.8664 9 1
29.74 3.22875 21.3916 9 1
-11.1785 -1.42759 17.8618 9 0
-27.159 -11.7942 20.9114 9 1
-12.6384 -9.31939 19.9612 9 0
-5.65487 -4.45809 15.0288 10 0
-30 30 19.9504 10 0
-26.3512 21.8047 21.6803 10 1
28.7844 20.7884 21.3319 10 1
27.5551 16.1086 21.5782 10 1
3.87842 -5.15176 12.7671 10 0
1.20146 -1.68944 6.83544 10 0
-6.27716 0.888823 13.2119 10 0
-29.9466 14.9092 20.0997 10 1
29.9642 30 19.9842 10 1
11.9503 -6.36744 18.6217 10 1
-29.9308 -27.5932 21.6177 10 1
-0.449881 13.3168 19.1727 10 0
28.8319 -7.32418 21.3987 10 1
1.69102 -12.6004 18.8483 10 1
-27.302 -22.8288 21.5075 10 1
-22.376 25.3158 21.9769 10 1
-7.21491 -3.34005 15.3679 10 0
-29.3923 -11.4551 22.0684 10 1
3.25252 -0.121095 8.67125 10 0
8.60936 5.30595 17.3611 10 0
-3.39118 8.95368 16.4586 10 0
9.25192 -13.936 19.2657 10 1
26.0436 29.7703 20.9194 10 1
-0.819886 0.33053 4.09797 10 0
-20.9226 29.4918 21.6538 10 1
-30 -30 19.9504 10 0
-0.911823 -0.026341 2.63368 10 0
5.44245 6.22862 15.8396 10 0
-16.6682 25.0173 21.1479 10 1
-29.6752 17.0015 21.2449 10 1
-20.8886 -29.8585 20.5939 10 1
2.74577 17.8912 19.718 10 1
20.4295 29.9263 21.6036 10 1
-29.9827 -29.7121 21.2064 10 1
-23.6918 -28.9686 21.252 10 1
0.796515 4.14593 10.1441 10 0
-21.0032 7.20225 19.9416 10 1
-30 -30 19.9504 10 0
6.53815 -10.0686 18.0875 10 0
5.0024 3.69989 13.0098 10 0
30 30 19.9504 10 0
-29.1826 25.4879 21.889 10 1
-20.0573 15.3495 20.9647 10 0
-4.70951 -2.1146 11.7968 10 0
-29.9235 -29.9777 20.1122 10 1
-14.2044 -10.8155 19.71 10 0
23.4 -8.57326 21.7025 10 1
-9.58708 18.6755 21.1702 10 1
-29.2352 -11.5577 21.8273 10 1
1.38806 -1.61643 7.45063 10 0
29.0039 23.837 20.4817 10 1
-14.6206 28.4642 22.0745 10 1
1.52519 -1.16551 6.68687 10 0
9.22043 5.51432 17.6747 10 0
-6.82662 0.474775 14.3503 10 0
-1.42155 1.62625 7.5294 10 0
5.73419 6.47582 16.2523 10 0
29.2331 29.2903 21.7306 10 1
12.8589 -9.71831 19.429 10 0
-2.10035 -1.83382 7.30999 10 1
23.7681 19.7858 21.2827 10 1
2.28114 2.34441 9.43927 10 0
7.51835 -14.1838 19.9077 10 1
13.0377 -3.92405 17.2672 10 0
-29.6877 5.08002 21.1552 10 1
-19.4019 -29.9972 21.494 10 1
0.151845 4.68873 11.31 10 0
-5.33049 17.7041 20.5737 10 1
-0.911744 0.365605 4.21488 10 0
-11.2346 7.23235 18.5865 10 0
-4.76356 -4.34399 13.8917 10 0
-12.3602 6.87509 18.9769 10 1
1.72843 -9.57973 17.067 10 0
-25.7122 -8.64016 21.6401 10 1
27.0951 -29.1267 20.5015 10 1
2.17291 8.29909 15.6892 10 0
12.5253 19.2875 21.4015 10 1
-7.5071 13.5766 20.0993 10 0
23.6917 2.79429 21.0739 10 1
-16.6811 -17.9615 20.7765 10 1
29.9957 -2.56984 21.3868 10 1
8.00529 24.1321 19.8596 10 1
4.16601 23.8364 20.3998 10 1
0.92055 4.21641 10.1325 10 0
28.7352 22.8175 21.4342 10 1
29.2439 26.5215 22.0219 10 1
-25.6328 28.4821 22.1948 10 1
-23.1412 13.7986 20.6815 10 1
-14.429 -30 21.4877 10 0
27.0195 1.82491 20.2234 10 1
-30 30 19.9504 10 0
-25.9943 5.8123 20.2612 10 1
-10.2159 -4.21772 17.2984 10 0
-4.79136 -0.901625 10.9726 10 0
-29.928 -29.7912 20.8851 10 1
-6.62169 9.26141 18.0483 10 0
-15.6435 -5.73548 20.1223 10 1
2.5703 -7.80219 15.7118 10 1
-4.62682 -6.15162 15.0424 10 0
12.1752 9.10531 18.5279 10 0
-0.158276 1.06815 3.48113 10 0
29.9014 27.5832 21.6807 10 1
-5.63313 0.834121 12.859 10 0
-5.63909 -6.10305 15.4617 10 0
4.12424 -10.644 17.6905 10 0
-1.21181 -26.7673 21.0773 10 1
-2.69828 3.45348 11.4291 10 0
5.19243 -6.96908 14.9175 10 0
2.18211 3.97304 10.1702 10 0
15.246 2.76309 19.4275 10 1
30 -30 19.9504 10 0
25.2974 7.68039 21.5439 10 1
24.6337 17.329 21.8712 10 0
-16.2148 29.3661 21.7446 10 1
-0.665083 -14.902 19.1261 10 0
-2.50237 -1.97859 8.98479 10 0
0.401644 4.78876 11.8315 10 0
1.5194 -0.901019 6.22538 10 0
8.82322 12.3194 19.3612 10 0
24.4451 -14.4331 21.9616 11 1
-30 -25.3013 21.2332 11 1
-23.7599 15.9864 20.6722 11 1
18.0843 -27.5991 21.5046 11 1
-6.91808 -0.422237 14.2197 11 0
5.86659 29.6727 21.3346 11 1
-17.44 -29.9535 21.5556 11 1
11.9836 10.574 19.5799 11 0
23.8383 -28.0554 20.5263 11 1
0.344997 -2.63525 8.44157 11 1
25.2598 6.21365 21.1274 11 1
25.7733 30 20.8705 11 1
17.7941 -29.9304 20.7691 11 1
1.33363 -8.43666 16.2512 11 0
12.138 -1.39078 18.2263 11 1
-28.3854 -2.15766 21.458 11 1
-16.6719 29.0759 21.3115 11 1
6.47897 -7.67457 17.401 11 0
4.91497 29.9575 19.9542 11 1
30 30 19.9504 11 0
24.1397 -13.2296 20.8434 11 1
-7.1503 1.44405 14.7513 11 1
11.2781 -3.51428 18.3989 11 0
29.3682 21.2888 21.968 11 1
-23.9007 -22.0682 20.153 11 1
-5.33898 -10.4334 18.4201 11 0
20.9004 18.6958 21.0701 11 1
29.4844 24.2873 22.0869 11 1
6.91201 -18.619 20.4521 11 1
2.50768 -3.96947 11.4311 11 0
6.73919 7.48853 17.3198 11 0
-27.9265 -1.36601 21.2134 11 1
-22.0065 8.17907 19.9509 11 1
-30 30 19.9504 11 0
-7.89076 25.6542 21.1597 11 1
1.73382 6.75398 14.2954 11 0
-21.2071 -27.3445 21.7048 11 1
-27.7906 21.5168 21.8894 11 1
-27.3947 -19.7413 21.8937 11 0
25.2902 29.5581 22.0834 11 1
0.536638 -28.6521 21.9102 11 1
-3.09149 -10.5815 17.5274 11 0
-29.9745 -16.8927 20.1429 11 1
-5.96833 8.80437 16.3444 11 0
5.02479 26.5958 21.1979 11 1
29.9904 -29.5538 21.6387 11 1
-2.45284 -2.67997 10.2527 11 0
30 -30 19.9504 11 0
-5.60401 9.65449 18.0865 11 0
-4.94253 7.44869 16.0755 11 0
16.1175 -15.6644 20.7651 11 0
-29.978 18.7731 20.8199 11 1
-5.08495 22.6685 20.7661 11 1
-23.5766 17.8515 21.5483 11 1
-29.9424 12.469 21.5372 11 1
-20.872 -13.7003 20.9193 11 1
1.6581 -1.43485 7.56967 11 0
-24.2903 7.34989 21.5079 11 1
0.1366 0.211619 1.85567 11 0
-0.0575047 -19.1996 19.529 11 1
-0.00586462 0.238028 1.66924 11 0
-0.602535 -0.744711 4.5928 11 0
-2.635 -2.66297 10.3899 11 0
9.0658 -24.7296 20.7531 11 1
3.05983 1.72259 9.08477 11 0
12.8988 -12.8116 19.3832 11 1
2.88531 -0.0195573 7.02791 11 0
-0.73642 -0.957797 4.30695 11 0
30 -30 19.9504 11 0
-28.8865 -27.9424 20.3202 11 1
27.6997 -18.4017 21.9674 11 1
10.9082 -9.36369 19.0037 11 0
-28.6681 18.7808 21.7006 11 1
4.55944 10.2984 18.1105 11 0
1.47666 -10.1312 17.1606 11 1
-7.69908 -5.59885 16.9451 11 0
0.451974 1.67171 6.57279 11 0
-10.4322 -22.8555 21.2828 11 1
-6.72595 -3.79197 14.9504 11 0
-1.56382 0.369784 6.33557 11 0
-30 -30 19.9504 11 0
1.24299 1.61727 7.02413 11 0
1.32931 -2.80323 8.89357 11 0
-0.442089 -0.487798 4.11557 11 0
12.1942 0.632099 18.3142 11 0
-0.0899923 -1.65588 5.74509 11 0
30 30 19.9504 11 0
-25.376 -20.3508 21.9962 11 1
-7.34814 -2.70825 15.4529 11 0
9.39974 -3.48387 17.4669 11 0
29.792 -29.6564 21.8025 11 1
3.85507 5.83373 13.5317 11 0
6.034 21.049 19.1891 11 1
1.72448 -2.23666 8.34126 11 0
-29.9388 2.44293 21.4372 11 1
3.57193 -2.59047 11.584 11 0
-18.9471 -27.7081 21.1364 11 1
-7.39728 25.6501 21.7596 11 1
18.8321 -7.90952 19.6548 11 1
-12.6812 -26.8487 21.3336 11 1
12.2102 -25.4776 21.6605 11 1
2.99658 -2.48705 10.1861 11 0
0.439239 0.986505 4.51604 11 0
29.9752 -8.686 21.1285 11 1
-21.7007 -8.06927 20.6104 11 1
-1.52484 -0.728912 6.39903 11 0
-2.80608 1.83515 8.73686 11 0
23.3829 -13.7126 21.6711 11 1
-0.358288 1.4151 5.97408 11 0
13.4921 5.75736 19.5849 11 0
18.8245 30 20.519 11 0
-1.57013 2.75043 9.30169 11 0
-7.54929 -5.14912 16.3905 11 0
0.84618 3.42043 9.71042 11 0
16.67 -25.658 21.8562 11 1
3.1479 0.68907 8.91948 11 0
-25.8305 -25.193 21.0787 11 1
7.47059 6.64536 17.4043 11 0
-0.334172 0.316539 3.34444 11 0
-2.3472 3.00773 9.82111 11 0
-26.9136 -29.5574 21.687 12 1
4.53038 0.63391 11.8067 12 0
12.6086 28.99 21.3722 12 1
-23.4298 -29.9725 21.5849 12 1
29.7148 14.7849 21.5363 12 1
-9.08854 2.5493 16.505 12 0
2.43091 -5.98304 13.6498 12 0
-30 -30 19.9504 12 0
-4.56695 -5.58942 15.097 12 0
6.97267 20.5226 20.7878 12 1
-13.0122 26.1674 20.2877 12 1
-0.792601 0.636531 4.57341 12 0
29.9995 25.9754 19.9431 12 1
-2.04839 -0.99811 5.57132 12 0
-5.8972 -3.62336 14.1603 12 0
21.1638 -29.6384 21.6652 12 1
29.3114 -26.7582 21.7954 12 1
21.1837 29.0403 20.608 12 1
-29.4517 24.8933 21.7145 12 1
4.69051 -7.3375 16.2401 12 1
-21.3329 -6.06297 20.6128 12 1
-29.5383 -6.54288 22.061 12 1
0.744938 -10.7944 17.259 12 1
-7.84117 5.13138 15.5629 12 0
2.13251 -3.19675 9.4536 12 0
-22.7231 -29.8716 21.3199 12 1
-0.361401 -0.816849 4.20313 12 0
-30 30 19.9504 12 0
3.38418 2.94612 11.0115 12 0
-11.7956 24.0891 20.5085 12 1
4.39376 -6.57527 15.7495 12 0
-2.21496 4.0051 10.4102 12 0
-4.62092 2.30745 12.5011 12 0
22.081 12.5406 21.2131 12 1
2.98695 3.59302 11.3046 12 0
-0.801199 26.8709 20.619 12 1
2.68855 3.62479 11.5724 12 1
0.133664 -0.0131731 0.796492 12 0
11.9464 23.5473 21.2466 12 1
29.5972 30 21.5721 12 1
-20.6121 19.4864 21.941 12 1
-4.67803 6.26185 15.3223 12 0
21.6019 16.7541 21.6211 12 1
-29.0399 25.1293 20.3413 12 1
29.7871 24.69 21.7005 12 1
26.4084 18.7825 21.7862 12 1
-2.44761 8.34345 16.3982 12 0
25.8508 -14.1585 20.6443 12 1
-1.18121 -5.2343 12.059 12 0
1.9779 -26.4139 21.1772 12 1
-18.3293 9.597 21.1233 12 1
-29.959 29.0184 19.9985 12 1
-25.6954 17.7331 21.6749 12 1
5.1524 -7.77482 15.9294 12 0
-30 -30 19.9504 12 0
30 -30 19.9504 12 0
-27.0444 -7.81029 20.3993 12 1
8.46719 25.4731 21.8947 12 1
-3.55684 -2.22241 10.9841 12 0
4.33194 4.60071 14.0129 12 0
-7.94432 -4.2974 15.7615 12 0
0.282263 0.124662 2.28356 12 0
-1.21313 -5.3803 12.7715 12 0
3.29314 -4.49771 13.0958 12 0
-29.6548 28.9942 21.4178 12 1
-13.6681 -19.7013 21.3722 12 1
0.52224 -2.10277 7.08794 12 1
-12.065 15.776 19.7962 12 0
9.37173 27.7296 21.736 12 1
-30 30 19.9504 12 0
3.38121 -0.315176 9.77798 12 0
-2.88187 -4.64172 12.4273 12 0
2.6117 1.45894 9.19672 12 0
4.86165 0.022572 10.3969 12 0
9.65399 -29.5604 21.9989 12 1
17.4557 16.5007 21.6738 12 1
-4.735 7.18924 15.649 12 0
24.9132 -16.4069 21.4134 12 1
-2.872 -3.10554 9.62464 12 0
0.220419 -0.363845 3.09587 12 0
-29.7147 -7.19509 21.3925 12 1
-10.7446 -0.551641 17.7386 12 0
-5.44564 9.13322 17.4 12 0
7.5449 3.94689 15.7274 12 0
28.6232 -14.421 22.0527 12 1
-8.57092 -29.9459 21.4535 12 1
-3.63709 -3.09748 11.4544 12 0
0.490535 6.26915 13.9277 12 0
30 23.9953 19.9132 12 0
-28.1634 -5.38867 21.488 12 1
-2.34485 -29.5521 21.9457 12 1
25.5012 -24.0985 21.6669 12 1
0.538978 -3.05433 8.83361 12 0
26.4989 -27.8233 21.8735 12 1
-0.379771 6.15175 13.4249 12 0
-25.6755 -30 21.3274 12 0
30 30 19.9504 12 0
0.116807 -0.622834 3.41964 12 0
-8.0173 24.9854 19.5246 12 1
26.7731 -26.6313 21.8568 12 1
-0.882235 1.2931 5.42451 12 0
-5.971 -4.55967 14.7795 12 0
29.9921 -13.8474 20.3354 12 1
6.71125 20.8404 20.6541 12 1
-0.161827 -4.60475 11.4183 12 0
15.0306 22.2823 20.7946 12 1
-1.09733 1.83517 5.99405 12 0
-28.8398 -29.7608 21.3095 12 1
-13.0617 -16.9792 19.1434 12 1
-6.40712 -0.823039 13.8741 12 0
26.8858 -7.69606 21.1008 12 1
3.04324 0.884206 7.59094 12 0
-4.36449 6.13731 14.8283 12 1
2.00349 1.40153 7.46798 12 0
-1.3254 2.06485 7.32232 12 0
-6.68406 25.629 21.6665 12 1
-6.01719 0.640371 13.0228 12 0
0.543426 -0.890428 4.55244 12 0
-29.9998 10.9775 19.7953 12 1
-10.257 0.261089 17.0868 12 1
25.7181 -12.9662 20.9019 13 1
23.778 -25.466 21.9039 13 1
29.913 25.9107 20.3033 13 1
2.76262 -10.8151 17.3238 13 1
-29.1254 -18.7877 20.9697 13 1
23.8416 4.68442 20.9999 13 1
-21.6008 27.9965 21.482 13 1
-10.2088 28.7236 21.4033 13 1
-4.83638 -2.46777 12.6449 13 0
26.7453 2.11552 20.8362 13 1
29.6924 17.6748 21.9001 13 1
29.6348 10.0619 21.3385 13 1
29.5347 -10.7803 21.8091 13 1
-28.1717 -29.4946 21.8873 13 1
-25.6545 29.6589 22.0651 13 1
9.07217 2.13098 15.1622 13 0
1.05204 -2.80815 7.71127 13 0
-28.3366 18.512 22.0826 13 1
-20.6388 -7.00621 20.6064 13 1
-6.64076 12.129 18.8604 13 1
17.9751 12.7817 20.0252 13 1
5.54404 3.32669 14.2126 13 0
0.923245 -0.673197 4.46765 13 0
1.69276 1.94964 7.48756 13 0
-26.8267 8.35737 21.4196 13 1
-3.24456 -2.01187 9.38739 13 0
30 30 19.9504 13 0
1.13813 0.966329 4.27261 13 0
11.771 -29.1809 21.167 13 1
28.5945 6.87073 21.4739 13 1
-0.300836 0.321355 3.23722 13 0
7.71092 -6.57328 17.3804 13 0
30 30 19.9504 13 0
30 -30 19.9504 13 0
27.5826 29.9998 21.5875 13 1
26.5322 2.15442 21.4419 13 1
-25.0581 11.0626 19.7711 13 1
5.14207 -28.3668 21.4 13 1
1.07706 -1.97519 5.61766 13 0
22.7153 -14.2796 21.4501 13 1
-15.9846 30 19.8429 13 1
9.51786 29.9212 21.5377 13 1
2.97119 -2.69641 9.99231 13 0
6.21172 -15.9068 19.222 13 1
1.72475 2.26239 8.4542 13 0
2.4161 -9.73213 17.2611 13 0
0.967937 -1.12895 4.20776 13 0
-3.04415 -2.76742 9.83233 13 0
-1.99356 -0.351231 6.4726 13 0
-23.3327 -29.4423 22.131 13 1
0.587944 0.597653 4.52024 13 0
8.12525 -2.19396 14.9441 13 0
-28.4082 13.404 22.0472 13 1
30 -30 19.9504 13 0
12.289 6.95397 18.5726 13 1
-3.90206 -3.1543 10.8853 13 0
29.4131 -29.9398 21.6273 13 1
24.1449 -3.18367 20.4157 13 1
-2.79617 0.968717 7.67359 13 0
15.3967 -29.8104 21.7363 13 1
-4.06113 5.909 13.0423 13 0
-5.11564 -5.33741 14.5689 13 0
2.92476 -3.45077 11.2001 13 0
-1.59103 -1.14062 6.65305 13 0
3.2162 2.35141 10.5081 13 0
13.0725 28.076 20.0252 13 1
0.443357 1.8671 6.59651 13 0
-24.5548 -22.2032 21.8111 13 1
12.4257 -29.9837 21.463 13 1
-0.153278 -0.0622845 1.06868 13 0
-26.9715 18.3327 21.2435 13 1
-18.0189 -29.1305 20.2498 13 1
17.5517 -21.3099 21.7971 13 1
-25.5182 18.8277 21.7233 13 1
2.65644 4.81231 12.6089 13 0
6.65296 0.209141 14.0635 13 1
-6.56602 20.4112 21.3401 13 1
19.6211 -8.38781 21.2643 13 1
1.74277 7.42686 15.294 13 0
0.923917 -3.77522 9.48847 13 0
9.2811 -14.5776 20.3985 13 0
-20.5627 13.0409 21.0571 13 1
-29.9695 -29.6281 21.5115 13 1
-0.662809 2.0441 6.71284 13 0
1.77325 -7.26593 14.7502 13 0
-20.8269 -29.6383 21.6857 13 1
-1.13776 -2.60588 8.40722 13 0
0.176989 0.690285 3.5967 13 0
2.60208 -0.300936 8.33732 13 0
-30 -30 19.9504 13 0
3.7159 7.13669 15.0619 13 0
0.754972 2.83701 8.19655 13 0
-2.29386 1.6616 8.64898 13 0
-2.04066 -2.29728 8.36587 13 0
-23.1219 -26.6199 21.5861 13 1
-16.3923 17.4143 21.598 13 1
30 30 19.9504 13 0
22.6904 -29.7138 21.8731 13 1
0.291425 1.09255 4.33861 13 0
-2.50428 -0.24786 8.09653 13 0
29.5355 3.38695 21.9993 13 1
0.630695 0.0115185 3.25401 13 1
-2.83363 4.30314 11.9762 13 0
4.18592 -21.3898 20.9735 13 1
2.41233 2.192 9.3242 13 0
29.9458 -8.00892 19.8295 13 1
-30 30 19.9504 13 0
-0.294619 0.985888 3.99391 13 0
0.252427 -0.137652 2.14256 13 0
-3.31399 0.536557 9.77241 13 0
-30 -28.6203 21.5157 13 0
6.73166 -23.7209 21.2443 13 1
3.99424 -3.32133 11.7976 13 1
6.93573 1.17109 13.3129 13 0
10.9969 6.79836 17.5902 13 1
8.56068 -1.75519 16.2675 13 0
-1.90164 4.36241 11.4283 13 0
-1.12652 1.68364 6.54118 13 0
28.6688 1.38323 21.8327 13 1
29.2827 28.8078 21.5796 13 1
-29.108 1.69704 21.141 14 1
14.4983 13.2771 20.9206 14 1
27.5764 -29.159 21.8086 14 1
-25.721 -23.6631 21.8711 14 1
-19.6501 -18.6214 21.764 14 1
-3.37063 -0.279643 9.67534 14 0
-7.2792 -4.47293 16.1863 14 0
0.391514 30 21.3128 14 1
-1.70187 -1.55482 7.744 14 0
-0.801996 -1.65346 6.41267 14 0
-0.16591 1.60989 5.93469 14 0
-30 -30 19.9504 14 0
8.35053 -29.9898 21.2474 14 1
-0.527087 -0.168389 3.4429 14 0
28.672 -16.5093 22.0527 14 1
-4.44753 -17.2806 20.5484 14 1
2.61675 1.07596 8.23815 14 0
27.2657 -29.7793 21.6086 14 1
-25.8986 -2.46559 21.2962 14 1
6.85013 5.79741 15.5425 14 0
-23.4667 -12.6024 21.8448 14 1
24.3387 29.958 21.3892 14 1
5.74279 15.8354 19.6089 14 1
6.68052 -15.4834 20.3839 14 1
0.34552 0.0306878 2.4441 14 0
-29.8756 -27.1693 20.8339 14 1
-24.0921 -29.7173 21.2565 14 1
4.70156 2.50651 12.7815 14 0
-28.7188 17.5346 21.9899 14 1
-29.0882 29.9631 20.175 14 1
-0.443349 -1.24756 5.50274 14 0
7.1028 21.8608 19.8891 14 1
29.943 29.2725 21.1759 14 1
-12.6608 24.6831 21.6975 14 1
0.906705 -5.21938 11.5944 14 0
-2.2668 -0.985501 7.05746 14 0
-1.46495 0.694241 6.29877 14 0
-1.1119 2.82512 7.86164 14 0
29.9982 -29.8572 20.4158 14 1
29.266 -0.894087 20.9905 14 1
10.9639 29.6242 21.3477 14 1
0.842249 -2.30533 7.47455 14 0
19.9822 24.0308 19.793 14 1
22.3541 -2.1443 20.8792 14 1
-27.9211 29.7335 21.1815 14 1
-8.28339 -13.0732 19.0666 14 1
-2.28639 -1.81668 8.39059 14 0
-28.6203 26.8577 21.69 14 1
29.9958 -26.9318 20.0539 14 1
-27.9945 18.9546 19.8875 14 1
-17.3321 -2.2768 20.3118 14 1
0.649925 1.80056 6.59047 14 0
-7.0237 14.4907 19.6718 14 0
-30 30 19.9504 14 0
-1.12479 3.52956 10.0024 14 0
-0.855124 29.803 20.8231 14 1
23.4123 -1.9177 20.9881 14 1
12.3144 -29.9976 21.1602 14 1
-2.18581 -2.63932 9.51663 14 0
2.06891 -2.26803 8.27413 14 0
-29.0928 27.3105 21.3863 14 1
-1.71309 -0.407262 6.5398 14 0
29.9588 14.8998 20.1133 14 1
-7.65933 12.5893 19.7296 14 1
5.6282 -3.431 14.3951 14 0
-9.12021 -0.123306 15.1552 14 1
29.3141 20.6674 21.9515 14 1
24.2143 -17.8183 21.0576 14 1
-5.28388 4.53718 14.6959 14 0
-23.4255 0.394674 21.559 14 1
-30 -30 19.9504 14 0
-8.76277 -16.3139 20.4045 14 1
2.60386 -3.34024 11.2167 14 0
-1.41473 2.78388 9.13538 14 0
3.86577 3.37833 12.0699 14 0
1.06206 9.29615 16.0163 14 0
3.0776 29.9188 20.0277 14 1
3.0031 -4.63145 12.3813 14 0
-30 30 19.9504 14 0
-4.23504 2.28451 11.6499 14 0
5.97668 -25.287 20.7498 14 1
0.366037 2.4313 8.13715 14 0
-3.77177 -1.5688 10.8147 14 0
30 -30 19.9504 14 0
-0.617747 0.489811 4.40864 14 0
30 30 19.9504 14 0
1.15589 3.84652 9.62808 14 0
-2.65605 4.19228 11.901 14 0
-2.12987 -4.50116 11.9741 14 0
2.10686 -1.3439 7.55253 14 0
-6.28456 2.05906 13.4378 14 0
26.1112 -16.0507 20.0986 14 1
-29.9874 9.6865 21.1307 14 1
1.32619 1.16574 6.11528 14 0
-1.10072 -1.34559 5.94938 14 0
30 30 19.9504 14 0
-1.0804 0.0496609 3.06207 14 0
1.31902 -1.24814 6.43275 14 0
-1.78578 4.42149 11.809 14 0
-15.4746 29.9482 21.5679 14 1
-3.51825 6.85242 15.1681 14 0
0.992452 4.46946 11.2423 14 0
-11.9587 29.8691 20.2287 14 1
-0.332499 -6.14685 13.2884 14 0
-3.92856 -29.3937 21.3569 14 1
-25.4429 -10.6955 21.7853 14 1
-30 -30 19.9504 14 0
-4.54187 -3.64324 13.4876 14 0
7.49965 -17.0758 20.3416 14 1
11.3787 -3.50401 18.5822 14 1
1.21506 1.28167 6.12846 14 0
0.913835 -1.79753 5.90242 14 0
29.9892 -29.3966 21.5597 14 1
-28.7098 -29.9996 21.207 14 1
25.482 20.3435 22.0583 14 1
-15.0648 -23.9597 19.7847 14 1
0.0169757 0.246338 1.74157 14 0
6.9228 0.112733 12.9306 14 0
8.82932 -0.529776 16.2163 14 1
-29.9181 -20.4997 21.6625 14 1
30 -30 19.9504 15 0
25.9527 -22.5181 21.5817 15 1
-6.91662 18.951 19.082 15 1
7.59616 26.2535 21.6437 15 1
29.3255 27.4121 22.1298 15 1
5.32825 5.78756 15.2561 15 0
2.39257 0.426471 8.10275 15 0
-0.558753 2.4409 8.28885 15 0
29.065 -25.4164 21.6067 15 1
0.64462 0.313227 4.04003 15 0
26.5927 -27.7356 22.0013 15 1
25.3199 22.0675 21.2702 15 1
1.61807 1.28771 7.17453 15 0
-20.0272 -6.32948 20.4044 15 1
9.23367 -1.83063 16.0938 15 1
-28.764 -16.7846 21.3742 15 1
-1.34209 26.3601 21.6867 15 1
-1.44633 -1.6316 7.58045 15 0
-2.60327 -1.33059 8.9643 15 0
-29.9493 21.0238 19.9691 15 1
5.53199 27.2527 21.719 15 1
-2.25488 -1.42216 8.3668 15 0
21.1866 -29.9499 20.6536 15 1
-1.84393 -29.4617 21.5979 15 1
7.481 -28.1098 21.4962 15 1
-2.09185 -4.28314 11.1549 15 0
23.6297 6.54181 21.6564 15 1
23.6778 6.45872 21.6011 15 1
-0.964304 -0.437191 4.4733 15 0
-21.5913 22.2123 21.729 15 1
30 30 19.9504 15 0
-1.3347 -4.71403 12.0218 15 0
-13.9917 29.5025 21.5214 15 1
-3.49575 2.7608 11.4384 15 0
-1.01873 1.68107 6.2401 15 0
-30 30 19.9504 15 0
12.8827 9.44249 19.7218 15 1
3.74944 -5.21737 13.5515 15 0
-0.0974116 1.03576 3.00316 15 0
-29.922 27.582 21.649 15 1
1.42842 1.21788 6.67667 15 0
-28.9435 21.53 21.6186 15 1
30 30 19.9504 15 0
-0.17191 -0.0401364 1.15742 15 0
-0.910635 1.66065 6.24769 15 0
29.5635 7.41171 22.0373 15 1
29.2005 7.85439 20.8597 15 1
18.6579 -21.6441 21.8082 15 1
-6.08801 -28.7865 20.692 15 1
-0.248561 -0.445235 3.48237 15 0
18.064 -29.5746 21.5554 15 1
-5.83538 30 20.3241 15 1
3.93277 24.5195 21.1609 15 1
12.4412 -4.4613 19.247 15 1
-29.9066 1.84842 20.4032 15 1
6.74906 28.8264 21.1583 15 1
-26.0914 13.8604 20.3168 15 1
-27.2043 29.282 21.6054 15 1
-1.14912 3.19846 8.77394 15 0
-13.3778 -28.7557 21.7823 15 1
-22.8033 24.5672 21.7966 15 1
-4.14429 1.53484 11.1776 15 0
6.2888 -14.3778 19.9261 15 0
-29.9659 -3.42671 21.3959 15 1
-30 -30 19.9504 15 0
2.35972 2.63467 10.0677 15 0
18.1181 10.0588 19.347 15 1
-5.3078 4.67354 14.6973 15 0
0.496458 -0.954352 4.56094 15 0
29.66 14.1197 21.4243 15 1
2.86089 -3.85233 10.7116 15 0
-3.01685 -1.72162 8.97625 15 0
0.0226277 -1.02724 2.73828 15 0
-2.65894 -3.13593 10.4771 15 0
-28.8088 -17.4315 21.787 15 1
30 30 19.9504 15 0
-1.42732 2.56073 9.10477 15 0
14.9654 -21.8341 20.1482 15 1
-2.1645 -6.43799 14.2513 15 0
-0.408285 0.550205 4.15646 15 0
-30 -30 19.9504 15 0
3.56561 3.87687 12.3182 15 0
-2.48644 0.158305 7.85968 15 0
23.0074 -5.88196 19.64 15 1
6.34653 -3.18778 14.4831 15 0
2.45052 28.3164 21.8517 15 1
-7.49092 -26.5124 21.9432 15 1
1.9032 1.72912 7.4037 15 0
-3.98188 18.5864 20.2871 15 1
-29.4967 12.9709 21.5166 15 1
30 -30 19.9504 15 0
0.015858 3.54351 9.58519 15 0
5.17101 4.20852 13.4849 15 0
2.49042 5.37108 13.6304 15 0
27.604 29.7542 21.9727 15 1
0.618967 -0.684663 4.598 15 0
-29.9871 13.5061 21.5285 15 1
-3.97639 5.04206 11.9958 15 1
12.9886 29.4869 21.5079 15 1
4.35138 23.9973 20.8583 15 1
29.6034 -3.19801 21.6332 15 1
-1.31515 4.78168 11.8952 15 0
1.33028 0.40394 5.76777 15 0
29.9431 -29.39 21.5785 15 1
27.6418 29.7814 21.8489 15 1
29.979 28.9816 19.9659 15 1
-23.586 -12.5031 21.8645 15 1
2.22035 2.45716 9.52012 15 0
-4.05033 -0.424729 10.4443 15 0
-0.272817 0.248044 2.79766 15 0
25.4701 29.7954 21.9357 15 1
0.14264 -0.0358558 0.905235 15 0
0.924654 -1.13944 4.31724 15 0
1.83432 6.64559 14.2252 15 0
28.8688 19.077 20.382 15 1
8.78591 -29.9027 20.7904 15 1
0.132344 -2.23692 6.69101 15 0
4.22597 2.19733 11.2526 15 0
1.88356 0.367939 6.43708 15 0
1.04381 -0.229286 3.79723 15 0
-30 30 19.9504 16 0
0.267073 -0.304374 3.02976 16 0
0.405505 1.79308 6.54177 16 0
-29.9987 30 19.9505 16 1
-12.1358 -28.3789 21.4968 16 1
-29.009 27.4967 21.6488 16 1
-29.5459 24.4578 22.2479 16 1
1.68442 1.32616 7.2988 16 0
-3.10105 -29.9145 20.1356 16 1
-1.56357 -1.92995 7.65064 16 0
-2.10229 -0.95323 5.88055 16 0
-15.7687 15.7729 20.7256 16 1
-28.0007 23.7352 21.0329 16 1
4.60808 29.9891 21.3284 16 1
7.78186 18.7088 20.6075 16 1
29.994 18.0611 19.9567 16 1
0.874786 -1.73877 6.15675 16 0
-0.272609 1.85787 6.10795 16 0
-30 30 19.9504 16 0
25.4379 -21.8815 21.6347 16 1
-1.83127 3.0435 8.5494 16 0
21.6833 -7.73502 21.1688 16 1
-1.57381 2.87692 9.22548 16 0
1.28355 1.029 5.39695 16 0
4.568 -29.9962 21.3986 16 1
30 30 19.9504 16 0
3.08544 1.61909 9.43445 16 0
3.88811 -3.28422 11.6648 16 0
4.75914 -1.50382 12.2202 16 0
1.8227 -0.00773671 5.20852 16 0
-1.3727 -0.880716 5.82018 16 0
-17.3458 -6.77869 20.458 16 1
23.3443 -28.0122 21.3578 16 1
3.14759 -3.1854 10.4572 16 0
-25.7781 -4.12857 20.6775 16 1
-30 -30 19.9504 16 0
-1.50859 -0.678537 6.40145 16 0
-3.19877 -5.59932 13.903 16 0
-30 -30 19.9504 16 0
3.61743 4.86575 13.2703 16 0
19.3161 -28.9941 21.2263 16 1
-2.14724 -1.07268 6.35883 16 0
-17.4468 20.6303 21.837 16 1
0.187418 -2.6431 8.08147 16 0
-25.0814 -1.66912 20.934 16 1
-27.5257 -19.7391 21.9621 16 1
12.1384 29.4893 21.6598 16 1
1.20292 2.11356 6.85018 16 0
-1.81891 2.82024 8.74851 16 0
-11.8152 5.06762 17.5471 16 1
-29.3612 19.3311 22.0116 16 1
-5.61817 -26.3914 21.8086 16 1
-15.9142 -9.00627 18.6808 16 1
-10.9823 -27.9083 19.9308 16 1
-20.6275 -19.2607 21.6658 16 1
-1.70972 -1.70168 7.7393 16 0
-5.72467 15.9757 19.3896 16 0
-26.4843 -6.61382 21.8803 16 1
2.71636 -29.2522 21.5102 16 1
-29.7544 -4.36455 21.7047 16 1
-18.8631 25.2049 20.892 16 1
1.29373 8.3408 15.9896 16 1
17.928 29.6969 21.239 16 1
-15.8391 -27.1467 20.7196 16 1
-0.426771 0.220551 3.33144 16 0
-22.3485 0.401945 21.3732 16 1
-18.318 -27.0919 21.2864 16 1
0.528544 -0.569869 4.4113 16 0
30 -30 19.9504 16 0
8.67919 16.7867 20.4327 16 1
-0.0557606 0.512802 3.15366 16 0
-1.80845 3.76092 10.3952 16 0
-18.7354 1.86288 20.0003 16 1
0.094852 0.238571 1.86361 16 0
29.8407 -10.622 21.578 16 1
0.199332 -0.411426 3.20556 16 0
-9.92098 24.8436 20.2147 16 1
-0.852292 0.327571 4.07334 16 0
22.6327 -3.28429 21.2884 16 1
0.67608 2.10229 6.89033 16 0
-0.134145 0.550314 3.39076 16 0
-7.60587 28.3969 21.9525 16 1
-0.783031 -3.42272 9.83342 16 0
-0.682485 -0.0196457 3.22218 16 0
0.401659 -0.19745 3.1626 16 0
0.918018 0.591684 4.56473 16 0
-15.2368 -27.6303 21.7469 16 1
30 30 19.9504 16 0
-2.15446 6.29262 13.7486 16 0
-26.0704 -8.83808 20.267 16 1
-25.4098 -13.6931 21.8303 16 1
9.4777 -28.1199 21.5395 16 1
2.06864 -2.8428 8.47967 16 0
-0.00824177 0.608883 3.2502 16 0
26.7664 11.1855 21.1056 16 1
-30 -30 19.9504 16 0
-8.99978 0.9356 14.5447 16 1
-4.30938 -3.40367 12.9665 16 0
-5.48932 4.75041 14.9461 16 0
28.7662 21.4855 21.954 16 1
13.2809 -2.64083 19.1099 16 1
9.08444 16.5496 20.3768 16 1
20.5004 11.9775 21.027 16 1
-2.40401 -5.88505 13.615 16 0
0.591175 0.674327 4.57795 16 0
-1.18431 0.826674 4.87247 16 0
-2.69472 -2.2653 9.75767 16 0
19.0895 -29.5251 21.6481 16 1
16.5775 -29.8772 21.639 16 1
0.916477 0.358982 4.19363 16 0
-0.855269 -2.93927 7.5837 16 0
2.40815 -1.8337 8.83746 16 0
24.783 -15.2028 21.1083 16 1
-13.1437 29.1349 20.6032 16 1
-2.33628 -5.83004 13.5075 16 0
-0.30337 -0.000217915 2.15962 16 0
-19.4946 -26.834 21.7541 16 1
16.6096 -29.8316 21.6896 16 1
-14.4426 26.6725 21.9483 16 1
29.641 -13.82 21.6204 16 1
26.1109 20.0759 20.2408 17 1
-1.95631 -1.53561 7.65493 17 0
-21.45 -23.5309 22.1162 17 1
0.504909 2.2493 7.6744 17 0
15.4621 0.793913 19.774 17 1
14.9056 26.9173 20.1241 17 1
-29.9739 5.71299 20.9916 17 1
0.38108 0.435982 3.85342 17 0
26.733 26.1164 21.2415 17 1
6.53853 -18.028 20.3834 17 0
-29.8284 -22.4913 21.8479 17 1
-0.484423 0.401716 4.01692 17 1
-18.7255 8.7979 20.5719 17 1
-16.9025 7.59956 20.2597 17 1
25.3555 -28.479 22.1794 17 1
-29.4623 -8.49747 22.0836 17 1
15.7682 -23.1175 20.8036 17 1
3.44008 2.82223 11.2766 17 0
27.0378 -24.3381 21.3518 17 1
17.0895 -18.3826 21.0892 17 1
21.4838 -30 21.6074 17 1
-2.64364 -29.8425 21.464 17 1
2.62539 1.47759 9.22822 17 0
-15.6785 6.8817 19.7794 17 1
-29.6881 -17.4318 22.0396 17 1
0.281661 0.709168 3.96619 17 0
30 -30 19.9504 17 0
0.8417 0.999686 3.92815 17 0
29.5156 -14.2788 21.9688 17 1
6.64558 19.296 20.9632 17 1
0.869399 -1.97233 5.67221 17 0
-2.4892 2.14076 9.31323 17 0
1.82714 16.1937 19.2213 17 1
2.42451 26.732 21.6633 17 1
-22.3633 29.8099 21.7486 17 1
0.188611 0.310949 2.71964 17 0
0.793078 0.536087 4.54835 17 0
28.2742 -29.9976 21.1311 17 1
9.74258 22.7345 21.1823 17 1
-3.34588 6.31731 14.8275 17 1
-23.5207 10.5216 21.8242 17 1
-23.2393 -6.80363 20.8469 17 1
-3.1344 -2.36425 10.2363 17 0
29.987 23.66 21.3691 17 1
-0.472777 3.40283 10.0093 17 0
-29.6158 30 21.5317 17 1
27.5807 28.8388 21.8057 17 1
24.3167 27.9558 21.2926 17 1
13.2838 17.8504 20.6496 17 1
0.766567 -1.98465 6.18235 17 0
27.9399 -18.4644 21.5654 17 1
0.501177 0.647598 4.45599 17 0
1.23749 1.33822 6.4634 17 0
-1.00838 -0.197053 3.48327 17 0
1.98908 5.49285 12.9645 17 0
-26.1975 -28.7923 21.2961 17 1
-9.50195 19.6709 21.3298 17 1
-1.64785 -0.0492484 5.68397 17 0
0.922119 -11.1153 16.3269 17 1
-29.055 -26.9903 20.0084 17 1
1.10904 2.01076 5.83861 17 0
26.7842 15.1727 21.0561 17 1
28.1311 22.934 20.3807 17 1
1.25662 -1.44883 6.85993 17 0
0.49227 0.00269985 3.06277 17 0
0.0611309 0.226946 1.66342 17 0
0.254618 1.40667 5.7292 17 0
28.6907 -21.408 22.0433 17 1
0.849053 -0.724804 4.4022 17 0
-0.35487 1.37467 5.83907 17 0
30 30 19.9504 17 0
-5.43384 3.90761 13.9951 17 1
-21.9049 -11.4215 21.1372 17 1
29.5657 -9.06084 21.4601 17 1
-15.1153 -0.963032 18.0043 17 1
-29.9187 -29.1329 20.5001 17 1
-29.6602 6.77435 21.6216 17 1
0.0183345 -0.0873363 0.451584 17 0
-30 30 19.9504 17 0
15.6555 -29.9461 21.3388 17 1
30 -30 19.9504 17 0
-10.7991 -26.0488 20.4725 17 1
1.8373 -6.46527 14.191 17 0
-21.9115 -29.1916 20.7742 17 1
30 30 19.9504 17 0
0.373871 0.391235 3.71407 17 0
3.33323 7.78652 15.8085 17 0
27.0834 9.56418 21.4007 17 1
29.8391 -29.3794 21.7578 17 1
1.13221 0.0576901 3.44493 17 0
-2.30742 -2.40928 9.69024 17 0
-28.8552 -18.646 21.56 17 1
0.0907705 1.10066 3.33036 17 0
27.7017 -28.7124 21.8812 17 1
15.4999 -28.9095 21.6005 17 1
0.505202 -0.574596 4.381 17 0
20.0807 -29.9107 20.2316 17 1
0.427485 0.557012 4.20921 17 0
-30 -30 19.9504 17 0
5.36953 25.325 21.6377 17 1
2.65528 5.10452 12.7315 17 0
5.91729 -4.94221 13.5331 17 0
0.235484 -1.97947 5.91311 17 0
-0.230994 1.07942 3.96254 17 0
0.816045 -1.30268 5.5861 17 0
1.70393 -1.93705 7.45688 17 0
-26.0707 -14.6214 21.3323 17 1
29.9501 -29.9214 20.169 17 1
30 30 19.9504 17 0
-30 -30 19.9504 17 0
3.4679 2.80753 11.346 17 0
-0.0805131 -0.0783107 0.627224 17 0
-1.35511 -0.47149 5.94136 17 0
0.0797708 -0.571518 3.29742 17 0
-0.84554 0.760795 4.31792 17 0
-3.05069 1.42856 9.27319 17 0
1.00712 -0.167282 3.2947 17 0
2.77602 -0.0669232 7.5014 17 0
-0.771585 -0.864716 4.25342 17 0
-0.143185 -0.191025 1.74665 17 0
-30 30 19.9504 18 0
-28.7416 -29.1327 21.2941 18 1
6.0215 26.0029 19.5537 18 1
28.46 -26.6595 22.167 18 1
2.58035 -23.0481 20.9251 18 1
-30 -30 19.9504 18 0
0.593842 -0.0417056 3.26345 18 0
-29.9153 -21.736 21.1387 18 1
-6.32248 7.27523 16.8593 18 1
-29.6291 -24.2419 21.9021 18 1
-29.8578 26.3878 21.7121 18 1
0.288932 -0.478087 3.69757 18 0
29.936 -11.0611 19.9802 18 1
0.481628 0.0661824 3.08565 18 0
0.552168 0.418063 4.18122 18 0
26.1495 -29.5829 21.7724 18 1
-28.9023 -13.2338 20.9118 18 1
0.523449 -8.13776 15.5627 18 1
-0.309977 -0.661414 4.04236 18 0
21.9177 28.5949 21.5746 18 1
8.18317 -26.4167 21.5228 18 1
-0.66873 -0.679611 4.60882 18 0
1.43338 -1.77855 7.54704 18 0
0.422084 0.357471 3.75255 18 0
-0.382872 -1.93812 6.49691 18 0
30 30 19.9504 18 0
27.3146 -24.1971 21.6371 18 1
-27.2331 -18.0386 20.8079 18 1
29.672 29.2172 21.7875 18 1
-1.64159 1.77923 7.71673 18 0
1.59468 -0.78012 6.43267 18 0
26.696 15.5851 21.915 18 1
-22.4507 25.9327 21.5819 18 1
-29.0081 30 19.947 18 1
-28.3844 29.2193 21.898 18 1
1.28432 0.289033 5.31985 18 0
6.87196 29.9994 20.1288 18 1
16.3297 9.20907 20.4137 18 1
0.715466 0.420809 4.35477 18 0
17.0066 -15.0172 19.2007 18 1
0.343844 1.35665 5.75456 18 0
29.8383 29.9708 20.5401 18 1
11.7599 -13.7336 20.1875 18 1
-0.959723 0.471907 4.53368 18 0
-25.6705 -4.92773 20.9886 18 1
25.8932 23.9284 20.2612 18 1
-7.16223 22.3491 21.0238 18 0
-8.70369 -25.9452 20.9141 18 1
20.7208 16.4494 21.6762 18 1
-13.6889 20.0554 20.7461 18 1
-28.2314 -29.8992 21.0726 18 1
0.342879 -0.661707 4.13553 18 0
0.499154 1.9139 6.66728 18 0
0.106292 -0.21158 1.7081 18 0
-30 30 19.9504 18 0
-0.0301476 0.29434 2.11377 18 0
-0.474859 -0.152415 3.26649 18 0
-17.5443 -29.5974 22.1535 18 1
7.27987 -10.9616 18.1274 18 1
-0.607049 -4.8574 11.7853 18 0
-0.821581 -0.387296 4.27907 18 0
29.8573 -21.7586 21.2072 18 1
-5.44559 -8.22999 17.0999 18 1
-26.5805 -28.6105 22.1987 18 1
-30 -30 19.9504 18 0
25.779 29.7561 21.5259 18 1
-1.52806 -1.89485 7.63612 18 0
0.00832236 0.493283 3.06637 18 0
17.5568 4.95779 20.1887 18 1
-3.6863 -9.74458 17.3263 18 0
-0.259864 2.21817 7.06406 18 0
1.03178 -1.13597 4.35315 18 0
1.14916 -1.52061 6.6249 18 0
7.91243 27.6318 21.2828 18 1
-0.843816 -1.91461 5.81167 18 0
-29.8236 28.9821 20.6082 18 1
-0.699391 -0.319188 4.08582 18 0
0.52806 1.12529 5.0725 18 0
-0.234339 -0.323695 2.9771 18 0
-0.138928 0.111561 1.19531 18 0
26.9145 14.1625 20.4519 18 1
3.78899 1.76135 10.472 18 0
15.2211 7.93961 19.2121 18 1
0.666587 0.662059 4.60771 18 0
-0.953077 7.59547 14.876 18 0
0.5842 -0.549293 4.45908 18 0
-4.44984 -27.1075 21.389 18 1
1.1635 -1.8008 6.43423 18 0
29.1204 16.7999 20.8676 18 1
30 -30 19.9504 18 0
-24.1732 5.41895 21.3014 18 1
28.1984 4.65143 21.4898 18 1
1.77948 1.39889 7.46368 18 0
30 30 19.9504 18 0
-2.20619 -4.12569 10.7694 18 0
-5.51913 6.18305 15.7773 18 0
-0.0807705 0.607606 3.33086 18 0
-1.36609 3.16037 9.49197 18 0
1.53601 -1.39469 7.3899 18 0
-30 -30 19.9504 18 0
-28.9651 12.0234 19.8097 18 1
12.8031 23.3765 21.4325 18 1
6.61345 3.06726 14.5043 18 1
-2.27512 -0.222874 7.23675 18 0
-3.42754 -17.5767 20.7194 18 1
-2.00167 -1.77826 7.22171 18 0
-10.4389 27.0042 21.348 18 1
-25.5229 -25.5936 22.1955 18 1
19.1351 -29.9986 20.2934 18 1
29.9041 -25.128 20.5031 18 1
-27.2707 17.2454 21.5589 18 1
29.7197 21.108 21.2602 18 1
25.3163 -13.2256 21.4845 18 1
2.32937 0.9958 7.44265 18 0
-15.8497 29.7846 21.056 18 1
0.741158 -0.14717 3.43103 18 0
0.206866 0.187998 2.11118 18 0
16.8627 -22.0097 20.0417 18 1
-1.25841 -1.46257 6.89543 18 0
0.0905463 -0.200689 1.55662 18 0
0.377284 4.8214 11.7579 19 0
29.5725 27.9357 21.6441 19 1
-0.781043 -0.388715 4.28828 19 0
-21.7343 3.9688 20.2848 19 1
29.9541 22.0106 19.9542 19 1
-0.182558 -0.636977 3.62074 19 0
-4.28779 27.077 20.9199 19 1
-1.4613 -0.961718 6.10138 19 0
8.29215 -29.9997 21.0267 19 1
-0.606922 0.148197 3.49825 19 0
19.283 -26.3908 21.909 19 1
0.518753 0.91316 4.54549 19 0
-0.290335 1.08353 4.2924 19 0
0.0662429 0.0855168 0.594428 19 0
-0.175638 -0.953072 3.25875 19 0
-12.8657 20.3293 20.9545 19 1
9.53753 -28.1483 21.5907 19 0
-0.403441 0.065037 2.79211 19 0
25.7803 29.9718 20.8452 19 1
0.603128 -1.69999 6.64635 19 0
26.4815 -27.913 21.6987 19 1
-27.3479 24.4783 22.1502 19 1
0.301289 0.339283 3.30718 19 0
10.8585 -9.13158 18.1063 19 1
0.23181 0.0915003 1.80023 19 0
-28.5902 29.9862 21.5819 19 1
1.17489 0.750867 5.03896 19 0
0.731402 -0.483247 4.47645 19 0
-29.9944 -10.802 20.563 19 1
0.734942 -0.825236 4.41415 19 0
-2.92237 -0.313924 8.24105 19 0
-0.971292 1.0363 3.69617 19 0
-29.9358 -24.2015 20.7917 19 1
9.7147 23.3396 21.472 19 1
13.5693 -19.5411 21.6348 19 1
24.6797 -18.6961 21.7836 19 1
-22.3178 -2.49829 21.3899 19 1
30 -30 19.9504 19 0
1.92043 -1.30682 7.01611 19 0
28.4661 29.7911 21.9624 19 1
1.3355 -8.35066 16.0939 19 0
-2.99655 28.6807 21.0445 19 1
29.6586 -24.8023 21.7383 19 1
-8.65731 -29.9946 21.2244 19 1
-24.1698 28.9569 20.5608 19 1
-10.5133 -25.0222 21.2908 19 1
9.23507 15.8835 19.7104 19 1
0.00384784 0.0385709 0.149157 19 0
-5.58064 30 21.3862 19 1
-0.403179 -0.66153 4.28413 19 0
30 -30 19.9504 19 0
-0.496359 0.935618 4.53982 19 0
-4.25802 9.18483 16.7504 19 1
-19.1062 25.2807 21.1461 19 1
26.9332 -15.3251 21.2106 19 1
18.9957 27.897 20.0929 19 1
1.90792 -1.1206 5.90665 19 0
0.389086 -0.423759 3.84372 19 0
-28.1878 29.9856 20.6686 19 1
30 30 19.9504 19 0
-23.3668 29.949 21.4754 19 1
-0.0476063 -0.36179 2.55683 19 0
-30 -30 19.9504 19 0
-7.31877 -25.585 21.7268 19 1
-25.9765 9.13329 20.0194 19 1
-28.3858 -10.6397 21.9449 19 1
-0.708667 -0.806671 4.48897 19 0
13.9006 16.1203 19.5743 19 1
-16.3312 -29.4953 22.0731 19 1
-11.7571 20.0556 20.3359 19 1
-0.628388 -0.601296 4.55969 19 0
5.5303 13.6679 19.7543 19 0
30 30 19.9504 19 0
-30 30 19.9504 19 0
28.9558 -26.6386 21.4695 19 1
-0.00479865 0.0950849 0.493567 19 0
-0.381555 -0.0503495 2.66439 19 0
-28.8857 -0.381216 21.3725 19 1
-8.38432 8.59144 18.6039 19 1
-1.149 -0.630743 5.14549 19 0
-6.99564 20.4565 20.7596 19 1
29.9468 10.4294 21.4717 19 1
18.4172 0.194603 20.4713 19 1
0.737591 -0.267609 3.90873 19 0
-25.6966 -23.111 21.3231 19 1
-9.76483 -26.2273 21.2113 19 1
14.1363 7.45726 19.775 19 1
-0.375242 0.724813 4.24992 19 0
28.2249 1.73729 21.3123 19 1
-29.3976 11.411 22.0483 19 1
-0.841091 -0.299429 3.96534 19 0
9.24857 24.0565 20.5905 19 1
28.3336 -5.48163 21.907 19 1
1.27911 1.30041 6.4844 19 0
0.121281 0.609801 3.4254 19 0
12.2875 -29.2423 21.5813 19 1
-30 -30 19.9504 19 0
-25.9827 28.6256 21.4779 19 1
6.76951 -6.61342 16.7447 19 0
-0.407124 -0.13994 2.99331 19 0
-27.3958 -19.5 22.1383 19 1
-19.2822 29.9903 21.0992 19 1
0.450407 0.234393 3.45157 19 0
-21.4051 -22.6082 22.0253 19 1
-0.232851 -1.30955 5.26872 19 0
0.281613 0.159973 2.42918 19 0
2.37899 3.70553 11.3825 19 0
-0.479464 0.98432 4.5855 19 0
-0.641495 -0.785657 4.57538 19 0
28.0894 7.5382 21.4517 19 1
0.216603 -1.36541 5.47347 19 0
0.168888 -0.115281 1.4324 19 0
30 30 19.9504 19 0
-9.62206 -25.2952 21.6765 19 1
1.55028 1.38541 7.38631 19 0
0.296866 -0.0165375 2.11964 19 0
-0.48673 0.27314 3.6711 19 0
0.0305295 -0.0933493 0.516625 19 0
19.0576 0.384415 20.2701 19 1
1.53108 0.453308 6.3816 19 1
0.473402 0.484123 4.17324 20 0
-25.4136 -20.534 22.1216 20 1
5.22501 -26.5148 21.6233 20 1
-7.69462 19.4007 21.1111 20 1
13.4395 -21.6059 21.7467 20 1
-0.214675 0.0195208 1.48512 20 0
-29.1486 11.4408 21.6346 20 1
-28.0888 10.2863 21.0626 20 1
-14.3884 -2.89525 19.195 20 1
28.5501 15.6879 22.0047 20 1
-0.159495 0.824366 3.31797 20 0
16.4201 11.7923 20.836 20 1
29.7564 24.6357 21.8992 20 1
1.11384 1.08587 4.42785 20 0
19.1682 19.1258 20.4658 20 1
28.2067 -22.6789 21.6772 20 1
0.321874 -4.34945 11.3247 20 0
-0.593435 0.191152 3.61609 20 0
-5.96012 -14.572 19.5249 20 1
-28.887 -25.9947 20.2278 20 1
-0.416344 0.400947 3.85587 20 0
0.689269 -0.486058 4.46258 20 0
-16.5897 -6.19345 20.3039 20 1
0.291524 1.36318 5.66256 20 0
0.0424727 -0.0631714 0.363656 20 0
-26.3634 -26.4989 22.1797 20 1
0.78323 0.648971 4.5733 20 0
6.44535 -0.222303 14.0033 20 1
-30 -30 19.9504 20 0
-1.16066 -0.874055 4.57866 20 0
16.4369 -29.7326 21.9573 20 1
-17.406 29.1568 21.6838 20 1
23.2865 29.8663 21.3774 20 1
-12.0724 30 19.9284 20 0
0.348399 0.187909 2.90198 20 0
0.292685 -0.157585 2.48439 20 0
-24.7493 30 20.9914 20 1
0.881878 0.630972 4.53285 20 0
29.09 10.4887 21.5398 20 1
-0.916283 10.6654 17.1211 20 0
0.279915 -0.199463 2.6025 20 0
29.9908 4.88151 20.0667 20 1
10.8606 29.0202 20.2063 20 1
-29.7789 24.4808 21.9663 20 1
15.6713 28.6404 21.9466 20 1
-14.8535 29.8615 20.6709 20 1
0.740748 1.28321 5.62333 20 0
-0.263821 0.0194117 1.87978 20 0
-0.437387 -0.215367 3.3488 20 0
-19.2763 1.50295 20.8608 20 1
-29.9786 -1.51819 21.4328 20 1
0.288461 0.131626 2.35061 20 0
-15.0656 29.3663 21.3978 20 1
5.24679 26.2168 21.1422 20 1
28.5921 17.015 21.455 20 1
1.02246 -0.740591 4.39576 20 0
-1.18975 -0.422786 5.2159 20 0
30 -30 19.9504 20 0
0.0335176 0.300487 2.1603 20 0
12.9624 29.8581 20.2922 20 1
0.617652 -0.300443 3.97825 20 0
29.7062 -21.3281 21.9149 20 1
-30 30 19.9504 20 0
-0.0982217 0.305266 2.33682 20 0
22.8701 24.4088 21.6166 20 1
23.8164 29.7479 21.4104 20 1
-0.359262 0.942821 4.2146 20 0
1.1719 -0.744858 5.03875 20 0
20.5755 29.0363 21.5447 20 1
14.8353 -25.8525 20.68 20 1
3.58369 0.637643 10.2964 20 0
-29.5058 -6.19878 21.7262 20 1
7.76638 29.9087 20.8632 20 1
-0.158859 -22.9208 19.9017 20 1
-28.7189 29.946 21.2076 20 1
-12.5127 28.3834 22.0506 20 1
30 30 19.9504 20 0
24.2173 12.0122 20.4579 20 1
11.1258 20.5098 21.1174 20 1
-15.4478 -0.435875 20.0766 20 1
-30 -30 19.9504 20 0
-0.582708 -0.437095 4.26758 20 0
-0.655324 -0.523983 4.49517 20 0
-0.138922 -4.29153e-05 0.833894 20 0
24.4479 26.6893 22.0814 20 1
27.7959 14.0448 20.6103 20 1
-2.0109 -3.00539 8.01076 20 0
-28.6375 -8.07268 21.2887 20 1
0.632355 -1.00636 4.63589 20 0
-30 30 19.9504 20 0
27.2892 27.8566 21.4303 20 1
0.371247 0.840695 4.22842 20 0
-1.13007 0.715034 4.90198 20 0
27.4638 -25.8313 21.837 20 1
-0.591797 0.081594 3.32182 20 0
30 30 19.9504 20 0
-0.113415 -0.123281 1.09961 20 0
-7.14971 -18.5209 20.6935 20 0
0.0522553 -0.152675 1.03052 20 0
-7.32239 8.66334 18.0776 20 0
-0.709431 1.19572 5.24625 20 0
18.8094 10.7792 20.4717 20 1
1.15072 0.0731451 3.63125 20 0
0.0923563 0.0433912 0.546001 20 0
-1.41948 1.66313 7.53983 20 0
29.806 16.367 21.7055 20 1
0.260796 -0.20092 2.50301 20 0
29.9965 29.135 20.3699 20 1
26.7229 18.8768 21.2091 20 1
-30 -30 19.9504 20 0
-29.3365 10.2901 21.7903 20 1
0.432004 0.0955706 2.97301 20 0
-27.7651 9.20313 21.1867 20 1
9.67836 10.993 18.8721 20 1
-0.243987 -1.10082 4.14137 20 0
-0.413657 0.870776 4.348 20 0
-4.50554 9.13994 17.1504 20 1
0.113047 -0.0816821 0.850473 20 0
12.3379 9.45988 20.0253 20 1
0.566668 0.243935 3.74379 20 0
-15.2864 20.9358 20.7927 21 1
0.569149 -0.238664 3.73149 21 0
15.6346 20.4201 21.7286 21 1
24.9244 27.9068 20.2513 21 1
-0.146623 4.94445 10.6175 21 0
-8.93995 28.0493 19.8445 21 1
-0.121912 0.0258366 0.719179 21 0
-11.7825 24.2495 21.1682 21 1
-5.6102 -12.0198 18.5362 21 1
0.747654 0.32953 4.11956 21 0
0.213504 -0.149183 1.93533 21 0
22.2604 24.2272 21.4881 21 1
-15.6843 -9.86779 20.1167 21 1
0.143998 0.244555 2.11963 21 0
-0.933071 -0.973136 3.60608 21 0
0.249021 0.0897675 1.92259 21 0
30 30 19.9504 21 0
-2.9438 0.302697 8.19896 21 0
-20.8779 3.6903 20.5275 21 1
-0.377963 0.106997 2.76742 21 0
-0.686261 -0.0938159 3.33755 21 0
0.049248 -0.0996031 0.615599 21 0
-9.71755 27.7138 21.5965 21 1
-21.1853 -2.04612 19.765 21 1
-12.5626 8.2408 19.6804 21 1
28.8934 -25.4113 21.6634 21 1
-21.0637 -26.2173 20.7912 21 1
-0.688493 1.54003 6.45285 21 0
26.4544 -26.8944 21.704 21 1
-29.7696 9.15658 21.0711 21 1
7.7554 28.2265 21.3049 21 1
1.28125 -1.05339 5.44574 21 0
0.497624 -0.528654 4.29899 21 0
0.0993216 0.314718 2.39906 21 0
-0.288782 1.2615 5.20826 21 0
0.0120799 0.0337348 0.135208 21 0
0.568832 -0.807993 4.56769 21 0
30 30 19.9504 21 0
30 -30 19.9504 21 0
-26.8339 29.4773 21.8631 21 1
0.0499166 -0.158348 1.06987 21 0
-29.5916 -4.64963 21.9395 21 1
23.4147 28.265 21.9862 21 1
-7.30778 -21.6582 21.2917 21 1
26.0129 -8.59952 21.2056 21 1
30 30 19.9504 21 0
-11.3944 28.3248 21.9139 21 1
-29.9262 15.981 19.984 21 1
15.842 22.538 21.5034 21 1
-18.0196 26.846 20.3307 21 1
-21.9034 -12.9948 19.6875 21 1
17.3103 29.9909 21.1995 21 1
27.4458 -25.8224 21.8438 21 1
-25.6529 0.586456 21.6979 21 1
-0.316227 1.01472 4.16533 21 0
1.26117 -13.6615 19.1033 21 1
-11.3968 24.0233 21.1519 21 1
27.4132 27.8626 21.7362 21 1
0.458568 0.402903 3.96295 21 0
8.95768 7.84529 16.8582 21 1
0.50722 0.891418 4.52403 21 0
-29.3995 23.489 22.215 21 1
-0.0384962 -0.120959 0.739467 21 0
0.465749 0.231089 3.48506 21 0
-9.37202 26.2636 21.6533 21 1
11.9833 -27.4278 21.3791 21 1
-0.128781 -0.0256915 0.773258 21 0
29.5367 2.93259 21.4481 21 1
-0.639064 0.94702 4.53848 21 0
29.8679 29.7231 21.3785 21 1
-0.46744 -0.445091 4.0802 21 0
-30 30 19.9504 21 0
0.652088 0.2291 3.78064 21 0
0.719468 0.615883 4.59945 21 0
30 -30 19.9504 21 0
-0.0355616 0.314362 2.25583 21 0
26.1478 28.2392 21.2359 21 1
-29.9669 30 19.9793 21 1
29.7906 -12.9863 20.6494 21 1
13.6701 28.1455 21.412 21 1
10.9172 27.334 21.2071 21 0
0.0180847 0.0314856 0.137483 21 0
0.210523 0.76195 3.65989 21 0
0.338977 -0.155515 2.73119 21 0
-29.7355 -5.3199 21.6666 21 1
17.1305 -30 20.248 21 0
-30 -30 19.9504 21 0
-26.081 26.06 20.1461 21 1
0.0181712 0.0445164 0.196511 21 0
0.131713 0.210556 1.82292 21 0
-27.2838 -3.95794 20.8547 21 1
9.75887 -10.1519 18.6154 21 0
-4.87506 17.5468 20.3133 21 1
-0.0210353 0.187627 1.25825 21 0
28.449 10.0779 21.4708 21 1
-26.5747 29.6424 22.1782 21 1
0.293446 0.435352 3.59741 21 0
0.102111 0.413226 2.91327 21 0
29.7672 -2.99976 20.6872 21 1
-3.32914 16.6763 20.2827 21 1
2.38198 3.24444 10.6951 21 0
8.50877 26.3041 21.8036 21 1
15.0146 13.1486 19.314 21 1
-22.4004 -6.17855 21.142 21 1
0.727869 6.49198 14.2123 21 1
29.916 18.6183 21.5153 21 1
29.9578 -11.3588 21.3213 21 1
1.64152 -12.8507 18.5361 21 0
-25.6262 29.9398 21.5218 21 1
28.0369 -9.01224 19.7295 21 1
0.225935 0.287689 2.76774 21 0
-30 -30 19.9504 21 0
-0.481424 1.11722 4.99799 21 0
-0.0117397 0.17576 1.14871 21 0
-0.034709 0.0763811 0.415423 21 0
-1.14155 -0.0595357 3.52141 21 0
23.1075 20.9621 20.0743 21 1
0.817656 -0.997223 4.02636 21 0
0.232208 0.301876 2.86607 21 0
-0.00919127 0.113488 0.633239 21 0
-0.221107 -0.21955 2.37682 22 0
0.091244 0.0393595 0.525832 22 0
27.4093 -12.0383 21.3615 22 1
0.262892 -0.323376 3.09415 22 0
-27.9272 -3.69068 21.0405 22 1
0.101262 0.188651 1.51052 22 0
15.3681 30 21.3723 22 1
16.2867 28.1232 21.241 22 1
10.1468 27.2877 21.1897 22 1
-26.9345 7.71786 20.9075 22 1
-16.8619 -21.316 21.1605 22 1
28.7536 29.1572 21.3252 22 1
-19.3521 -13.4927 21.557 22 1
-22.359 16.5211 21.882 22 1
16.6108 2.34033 20.3322 22 1
-27.6398 17.7399 21.8219 22 1
-30 -30 19.9504 22 0
4.61808 5.12851 14.2046 22 1
-0.100629 0.230689 1.82742 22 0
-29.2885 21.3188 21.8798 22 1
-26.2418 21.6849 21.7148 22 1
0.168222 0.41264 3.10516 22 0
-0.14808 -0.0926683 1.15934 22 0
0.866135 -2.07272 5.97581 22 1
25.6512 8.51941 21.8256 22 1
-0.491322 -0.317189 3.81129 22 0
-19.9598 27.2551 20.9529 22 1
-30 30 19.9504 22 0
-20.818 8.45793 21.1255 22 1
-2.27103 16.7474 19.9573 22 1
-28.6398 4.44741 21.9335 22 1
25.1751 -27.2678 21.4268 22 1
3.95127 0.316758 9.98675 22 0
-0.542452 0.169729 3.47692 22 0
-0.822793 1.40254 5.99865 22 0
25.7717 5.284 21.2712 22 1
-0.127299 -0.695834 3.42321 22 0
-5.70259 -23.4395 21.5157 22 1
-26.8386 -13.862 20.639 22 1
-25.8757 7.46407 21.3986 22 1
-27.472 -25.7231 22.0588 22 1
-0.0535933 -0.092292 0.582306 22 0
-0.43055 1.53599 6.36698 22 0
0.522 0.512936 4.31447 22 0
-29.2655 -14.4026 21.8871 22 1
13.757 -29.8092 21.3 22 1
0.823896 -29.359 21.4925 22 1
11.7822 19.0694 20.1383 22 1
-21.4597 -16.9286 21.3322 22 1
-30 -30 19.9504 22 0
-30 -30 19.9504 22 0
29.9022 -29.6109 21.6409 22 1
-18.0519 16.788 20.2986 22 1
0.474099 0.00636736 3.00916 22 0
-0.434077 -0.292569 3.591 22 0
-15.5939 -30 21.4625 22 0
-8.96097 -17.7484 19.9003 22 1
-22.8164 3.04849 19.9737 22 1
-4.44854 -27.2756 21.7423 22 1
-0.382062 -0.355473 3.63277 22 0
-0.132704 0.0700575 0.938443 22 0
-0.0130692 -0.333191 2.35716 22 0
0.988863 -0.185734 3.36674 22 0
-2.2727 -3.12193 9.79888 22 0
-0.201886 -0.103653 1.62274 22 0
23.0381 -27.6221 21.4607 22 1
-26.4317 28.8156 21.8637 22 1
-26.4194 7.6816 21.7854 22 1
8.18259 8.26274 17.6763 22 1
0.469708 0.18349 3.3452 22 0
-11.126 -29.0038 20.1285 22 1
-0.157867 -0.0434543 1.04841 22 0
-23.7227 30 21.1151 22 0
0.782901 -0.41588 4.35535 22 0
1.13386 -21.8709 19.8454 22 1
19.7589 0.260721 20.5012 22 1
0.285504 -0.19604 2.61699 22 0
27.0216 -11.4804 21.4044 22 1
-17.083 25.7063 21.1168 22 1
0.312941 -0.714233 4.06875 22 0
-0.444732 0.992399 4.53962 22 0
-0.307436 -0.107154 2.37922 22 0
-28.8245 20.5325 21.8162 22 1
-25.7192 27.3406 21.9254 22 1
19.7167 13.5128 21.4901 22 1
-29.9717 1.20281 20.5376 22 1
-15.3199 25.4741 21.9259 22 1
0.19169 0.133816 1.69914 22 0
-27.7754 -26.851 21.1774 22 1
-1.54114 17.3379 20.5379 22 0
-25.8261 -2.58759 21.3873 22 1
-30 30 19.9504 22 0
-28.4073 -29.6633 22.15 22 1
-0.173913 0.361984 2.91173 22 0
0.357227 -0.982635 4.264 22 0
0.143083 0.456279 3.18247 22 0
-0.0348413 0.0823046 0.453442 22 0
0.64663 -5.14331 12.1017 22 0
0.0972632 0.0626423 0.652895 22 0
-19.7924 9.87148 20.2304 22 1
0.295405 -0.115654 2.33339 22 0
0.318906 0.0156861 2.2678 22 0
-0.332967 -0.784329 4.12115 22 0
11.0101 11.8697 18.3744 22 1
-14.2386 -29.6634 21.7276 22 1
-0.611423 -0.212318 3.70054 22 0
30 -30 19.9504 22 0
30 30 19.9504 22 0
30 30 19.9504 22 0
0.0669962 0.0916206 0.636042 22 0
-11.9208 13.8637 19.0586 22 0
27.8064 -29.0812 20.8109 22 1
20.424 -9.35089 21.4068 22 1
0.395847 -0.00482571 2.69866 22 0
0.0136158 0.0208519 0.0868823 22 0
-0.0362408 0.0739468 0.404958 22 0
0.325391 0.230523 2.96881 22 0
0.643275 0.119197 3.42863 22 0
-29.9988 29.2058 20.7735 22 1
-1.0981 0.566245 4.97267 22 0
-0.122653 -0.190385 1.62983 23 0
-0.40825 6.49232 14.3486 23 0
-28.0686 -8.58872 21.3729 23 1
29.9886 -9.99041 19.777 23 1
0.0792044 0.142082 1.04977 23 0
30 -30 19.9504 23 0
-17.7409 -9.57138 20.943 23 1
0.0719313 0.281532 2.10247 23 0
14.2001 -22.4871 21.5444 23 1
-0.641929 0.248574 3.83975 23 0
-14.8175 28.2113 21.1123 23 1
0.469438 0.285192 3.66451 23 0
14.576 8.83302 20.0997 23 1
30 30 19.9504 23 0
27.9708 20.5014 21.5784 23 1
-9.60215 28.5905 21.9977 23 1
-9.90783 29.3938 21.4435 23 1
23.7084 26.7817 21.621 23 1
29.1367 -27.4518 21.7886 23 1
12.0425 21.7218 20.6387 23 1
-22.9203 -1.82159 20.0171 23 1
0.147367 0.213986 1.92891 23 0
0.195904 -0.00174321 1.31707 23 0
-29.3781 -2.1639 21.5057 23 1
-9.05658 18.6437 20.4792 23 1
30 -30 19.9504 23 0
-28.8214 29.3679 21.7726 23 1
10.0508 -29.9596 19.8809 23 1
-0.024915 0.639777 3.25884 23 0
0.16927 0.0597216 1.18947 23 0
0.200045 0.17713 2.00437 23 0
0.55508 -0.42405 4.19883 23 0
-0.148149 0.50874 3.34403 23 0
-0.357518 -0.135344 2.75349 23 0
-23.5297 8.31081 21.6239 23 1
-0.185212 0.35148 2.90588 23 0
-0.0857032 -0.182511 1.39357 23 0
22.6891 -26.6459 21.9645 23 1
-29.8997 -27.2593 21.198 23 1
21.2251 29.0746 20.9065 23 1
0.357798 -0.456009 3.84045 23 0
30 -30 19.9504 23 0
-17.9341 7.94573 18.9384 23 1
-0.137936 0.207429 1.8331 23 0
-18.4912 29.9943 21.5808 23 1
-10.4737 9.65399 19.5905 23 1
-11.3433 -26.0083 21.1073 23 1
-28.0407 14.3824 21.3654 23 1
30 30 19.9504 23 0
0.471872 0.506365 4.21231 23 0
0.179712 0.210925 2.08862 23 0
0.332118 0.270644 3.16163 23 0
0.111048 0.0419909 0.674256 23 0
-12.1696 -28.9432 20.4473 23 1
25.6577 -21.5285 22.078 23 1
-25.7871 -26.4596 21.919 23 1
20.3583 9.0054 20.6564 23 1
-22.7958 -29.6974 21.6379 23 1
-21.135 -2.06155 19.5143 23 1
-0.121342 0.0276736 0.718086 23 0
-0.213608 0.293716 2.7416 23 0
29.892 -29.7303 21.2795 23 1
19.1743 27.3539 21.6127 23 1
-30 30 19.9504 23 0
0.389714 0.134178 2.9015 23 0
-4.2377 4.05153 12.3201 23 1
0.290513 0.215685 2.73469 23 0
2.95243 3.89585 10.302 23 0
1.28433 -0.955118 5.31713 23 0
5.8525 30 20.227 23 1
0.416243 -0.286573 3.51863 23 0
29.9544 25.3619 21.4714 23 1
0.120254 0.158488 1.38451 23 0
27.5264 -18.7148 21.9904 23 1
0.0757698 0.658638 3.31953 23 0
0.0388483 0.0433132 0.252716 23 0
-27.8751 28.5955 21.7051 23 1
2.64895 -22.8041 21.0621 23 0
-29.5333 29.9483 21.6812 23 1
30 30 19.9504 23 0
0.160475 0.139743 1.51442 23 0
19.0066 -28.2893 21.0984 23 1
-8.33618 26.9744 21.0833 23 1
-16.2433 -23.9117 20.8208 23 1
-0.231081 -0.220434 2.43772 23 0
-17.7163 -1.51567 20.553 23 1
-25.1806 -25.1542 20.9487 23 1
0.110256 0.0579798 0.723367 23 0
26.1587 10.6485 21.3759 23 1
-0.0489338 -0.327529 2.35892 23 0
0.143075 -0.00235077 0.868444 23 0
-2.11743 -4.02397 9.83125 23 1
0.0233819 0.0162213 0.101937 23 0
-30 -30 19.9504 23 0
29.3814 29.8213 21.8046 23 1
24.3477 30 21.3973 23 0
-24.0459 -29.2419 20.9672 23 1
-0.168994 0.120624 1.46249 23 0
-28.5365 29.3695 22.2203 23 1
16.6836 -17.8795 20.9143 23 0
-0.0387432 -0.0461647 0.264882 23 0
-18.3922 11.4831 21.3745 23 1
0.220744 -0.302193 2.81652 23 0
-0.00638109 0.011802 0.0427348 23 0
-30 -30 19.9504 23 0
-28.7605 27.4476 22.0021 23 1
29.5574 -26.1098 21.7215 23 1
0.035424 -0.0570443 0.306317 23 0
-3.74551 0.4726 10.3895 23 0
-0.0751104 -0.0109141 0.361129 23 0
0.233806 -0.290085 2.81597 23 0
-8.50065 25.3103 21.7559 23 1
0.0741646 0.0105437 0.354705 23 0
29.9774 25.6365 21.4598 23 1
-7.11354 29.1968 20.7133 23 1
22.1166 -5.95675 19.587 23 1
0.170448 -0.403591 3.07734 23 0
29.3608 24.0614 21.4718 23 1
-29.345 16.7358 21.8278 23 1
-29.7529 -28.3548 21.9152 23 1
-11.465 -18.3212 21.2827 24 1
23.6897 -8.69245 21.458 24 1
0.316863 0.188611 2.75023 24 0
1.03962 13.5281 18.7902 24 1
-29.7817 6.63874 21.6507 24 1
0.00421678 0.0339733 0.127739 24 0
29.8832 -2.38988 21.4436 24 1
-0.209371 -0.0560281 1.5079 24 0
-27.7525 -26.8928 21.1441 24 1
-4.87206 13.3687 19.0367 24 1
27.7484 18.8933 21.0725 24 1
0.163198 0.555347 3.48022 24 0
0.10348 0.131821 1.099 24 0
-30 30 19.9504 24 0
5.46021 -4.83367 14.7956 24 1
-0.00509453 30 19.7133 24 1
-0.0536316 0.312412 2.27086 24 0
0.0259911 0.263652 1.88464 24 0
-17.8565 -22.3331 21.3051 24 1
-26.0044 1.81805 20.1889 24 1
-0.492693 -0.418414 4.07296 24 0
0.0221435 -0.343896 2.42726 24 0
-12.9878 3.37159 18.5549 24 1
-26.4872 25.0517 21.6273 24 1
-0.0469136 -0.235171 1.6948 24 0
17.4823 15.3425 21.5104 24 1
-30 30 19.9504 24 0
0.360967 0.115468 2.70753 24 0
0.147623 0.0794372 1.09322 24 0
9.62842 6.45333 18.3972 24 1
-30 -30 19.9504 24 0
-30 -30 19.9504 24 0
0.148098 0.0267115 0.932327 24 0
-0.214736 -0.285569 2.7047 24 0
-0.313786 -0.170243 2.65677 24 0
0.096031 -0.0585445 0.627162 24 0
5.27609 0.200983 12.1672 24 0
24.5585 15.3314 21.894 24 1
22.3041 2.47104 21.3636 24 1
-22.8876 25.31 21.3409 24 1
-28.3832 29.6624 22.127 24 1
0.198959 0.0260682 1.36055 24 0
0.433926 -0.723912 4.38525 24 0
-0.261077 -0.319668 3.07089 24 0
0.883182 -7.64914 14.9087 24 0
0.103945 0.00791137 0.560002 24 0
-28.4276 19.1973 21.811 24 1
26.1571 -25.7535 21.2751 24 1
-16.5547 29.3534 22.0864 24 1
-13.6825 4.83884 19.089 24 1
-10.1531 9.57515 19.0866 24 1
7.3328 17.2701 20.5778 24 1
-8.69501 -28.9122 21.1463 24 1
30 30 19.9504 24 0
-0.409009 0.496262 4.05857 24 0
-0.0433472 0.0758073 0.439578 24 0
-0.123329 0.0122477 0.712591 24 0
-0.387742 -0.0410123 2.68298 24 0
-0.0780592 -0.0907802 0.686403 24 0
0.16493 0.169034 1.72941 24 0
-28.9921 -29.8201 20.6232 24 1
-28.3082 13.88 21.2825 24 1
14.2217 -27.7872 21.2498 24 1
-0.123524 0.247788 2.04752 24 0
10.1265 9.02218 17.4516 24 1
-29.2024 26.756 21.4637 24 1
-0.272237 -0.195112 2.53902 24 0
-21.6241 23.2271 21.7404 24 1
17.8839 25.7273 21.1282 24 1
-25.6241 21.065 21.426 24 1
7.44396 -28.2219 21.713 24 1
-30 30 19.9504 24 0
26.6828 -3.71405 21.5469 24 1
-13.4943 -29.906 21.606 24 1
-24.7628 29.8316 21.3048 24 1
-25.6327 10.5048 21.887 24 1
-29.9475 -3.92568 19.9309 24 1
-28.1536 26.9665 20.4703 24 1
26.2169 28.0828 20.92 24 1
28.6017 21.1415 21.6702 24 1
28.7668 -22.6303 21.856 24 1
0.485611 0.0957712 3.15259 24 0
15.0518 2.54377 19.4165 24 1
26.794 6.63476 21.4919 24 1
-0.0164136 -0.0482543 0.211985 24 0
-30 -30 19.9504 24 0
-0.0270539 -0.00389376 0.0970814 24 0
0.0700795 -0.0507847 0.434491 24 0
29.5762 -13.7297 21.9175 24 1
0.00854877 -0.0192705 0.0714235 24 0
-29.7891 29.9709 20.821 24 1
0.0544509 0.671277 3.27205 24 0
0.0908866 0.0719538 0.655544 24 0
0.404185 0.0639915 2.79367 24 0
-19.4464 -0.273947 20.8615 24 1
0.16668 0.0802014 1.24532 24 0
-21.7582 -8.5812 21.3231 24 1
-3.72721 -29.8857 21.0788 24 1
9.21046 -1.98279 15.5825 24 1
-6.66234 3.60149 15.3502 24 1
-0.356273 0.574842 4.07265 24 0
-29.7441 -29.9999 21.0491 24 1
29.9973 28.5996 21.562 24 1
0.0195256 -0.0217155 0.105179 24 0
-30 -30 19.9504 24 0
5.07497 -26.0244 19.6886 24 1
30 -30 19.9504 24 0
-0.0335468 -0.017493 0.144738 24 0
0.241102 0.315812 2.96994 24 0
11.834 -29.6782 21.4656 24 1
-3.13114 30 20.1219 24 0
30 30 19.9504 24 0
-0.191166 -0.103805 1.54168 24 0
-22.3856 25.449 22.1255 24 0
-0.410694 -0.0362236 2.78521 24 0
24.065 -25.6232 21.473 24 1
0.0211757 0.28482 2.03735 24 0
-0.0308261 0.155581 1.00173 24 0
-3.28081 -4.36492 12.8259 24 0
25.7678 22.6115 21.84 24 1
30 -30 19.9504 25 0
0.0478539 0.104947 0.648396 25 0
-0.027835 0.103531 0.583453 25 0
29.768 -27.1593 21.2657 25 1
4.64499 22.6257 21.4379 25 1
-0.05258 -0.217868 1.56828 25 0
30 30 19.9504 25 0
-30 -30 19.9504 25 0
-0.753533 10.2643 17.0859 25 0
-28.6926 -4.37953 21.8057 25 1
0.185412 0.292902 2.60878 25 0
-0.159334 -0.034075 1.03931 25 0
22.7116 -26.4494 22.0219 25 1
-14.5169 18.9199 21.0896 25 1
-0.187802 -0.104519 1.51942 25 0
-0.306065 -0.149686 2.52915 25 0
0.256745 0.201235 2.48158 25 0
0.0712347 -0.192223 1.41535 25 0
-20.778 -26.2569 21.4744 25 1
-13.4374 17.2201 21.1156 25 1
0.339105 -0.354545 3.49384 25 0
-5.80051 0.572454 13.2015 25 0
0.00233895 0.126581 0.733606 25 0
0.0638378 0.0974787 0.659608 25 0
-27.4769 22.4137 22.1882 25 1
0.945502 -0.311808 4.01968 25 0
18.97 3.98116 18.7436 25 1
-0.0493559 0.0253951 0.23725 25 0
5.69497 19.3509 20.9368 25 1
-0.127394 30 20.0955 25 1
28.5345 -13.9437 21.5133 25 1
-0.221136 0.322405 2.91554 25 0
16.2757 25.5513 21.8683 25 1
-26.5526 29.9549 21.6416 25 1
0.0222243 -0.00966764 0.0841232 25 0
30 -30 19.9504 25 0
29.7702 -19.4347 21.9137 25 1
-0.349023 0.678772 4.16281 25 0
-0.150289 -0.0953696 1.18948 25 0
28.3216 5.52766 21.8887 25 1
-29.7201 23.5761 22.0404 25 1
-0.111857 0.099802 0.942379 25 0
0.379107 0.0667859 2.67934 25 0
0.522553 0.165004 3.42343 25 0
11.4371 -24.5462 21.8935 25 1
-0.601109 0.263725 3.85084 25 0
0.0617528 -0.0467049 0.372364 25 0
-26.844 -27.0037 20.4491 25 1
-0.084717 -0.311427 2.33606 25 0
8.17348 -29.9023 20.5724 25 1
25.7959 26.4595 21.9002 25 1
0.00233559 -0.0438194 0.174586 25 0
-30 30 19.9504 25 0
19.2446 18.1227 20.7863 25 1
0.0388328 -0.0159316 0.165023 25 0
-30 -30 19.9504 25 0
0.117996 0.0248166 0.686888 25 0
-21.3827 28.9338 21.5039 25 1
-0.050321 0.139967 0.922335 25 0
29.2329 -18.7069 21.6474 25 1
0.153139 -0.0761898 1.12191 25 0
0.0496648 0.134831 0.879623 25 0
-26.2892 -26.7495 21.735 25 1
-28.2134 -12.4182 21.7375 25 1
-26.2483 20.1843 21.3047 25 1
0.328286 0.325834 3.35682 25 0
4.45226 5.83265 14.8381 25 0
24.6221 10.1192 21.2485 25 1
22.8625 -22.9486 20.2904 25 1
-0.194297 1.10749 3.90499 25 0
11.0918 19.6873 20.6447 25 1
-29.7287 -24.7314 21.7514 25 1
24.1651 -25.5577 21.7719 25 1
-0.0145453 0.0242649 0.101211 25 0
16.4893 -15.4577 21.5252 25 1
6.85189 -25.2252 20.7654 25 1
30 -30 19.9504 25 0
28.5308 -22.7948 21.9005 25 1
29.5392 13.5696 22.1252 25 1
29.9585 -29.8974 20.2504 25 1
30 30 19.9504 25 0
-26.6567 14.0574 21.2255 25 1
-19.6106 25.9862 21.3973 25 1
-7.67968 17.6913 20.7363 25 1
23.5472 11.9165 21.2839 25 1
-6.51876 29.1586 21.6274 25 1
-0.498028 -0.485161 4.22254 25 0
-13.8063 13.8863 19.7292 25 1
-28.4512 -29.089 21.7063 25 1
5.05617 -30 19.8118 25 0
-17.815 -27.3573 21.628 25 1
-0.826099 17.2399 19.6774 25 1
-8.74081 -0.923336 15.4348 25 1
29.7613 -29.9531 20.9956 25 1
0.0692754 0.0636546 0.488543 25 0
30 30 19.9504 25 0
-28.7557 -13.3989 21.8125 25 1
-0.116344 0.0257865 0.675843 25 0
29.4149 9.60724 22.0268 25 1
0.328693 -0.15528 2.67652 25 0
19.931 -23.6568 21.2724 25 1
18.5762 -19.5123 21.8856 25 1
18.4201 -17.5471 21.7707 25 1
-29.3069 27.6036 22.0869 25 1
0.321746 0.0507046 2.32561 25 0
21.872 29.2946 21.3726 25 1
30 -30 19.9504 25 0
-0.0569093 -0.00892555 0.24896 25 0
30 30 19.9504 25 0
-0.330911 0.184024 2.80219 25 0
0.0826435 -0.0476857 0.497501 25 0
0.0953883 -0.124855 1.00508 25 0
28.1596 -6.7894 20.9066 25 1
-0.00747615 0.016127 0.0586716 25 0
-0.431944 21.4498 21.3615 25 1
22.9707 -1.15745 19.7933 25 1
-3.29263 10.9144 17.3836 25 1
-2.75816 4.1631 11.5183 25 1
-0.0368563 -0.0358227 0.214501 25 0
0.00421398 -0.00780117 0.0271706 25 0
-0.0445022 -0.0791385 0.464071 26 0
-29.8677 11.9636 20.2274 26 1
-15.1147 25.4068 21.4529 26 1
4.47559 23.5591 21.6622 26 1
-29.8173 30 20.6434 26 1
-27.4794 1.65607 21.8495 26 1
27.3701 -29.154 21.7055 26 1
29.9936 4.34841 21.2097 26 1
0.134178 0.00658691 0.796386 26 0
0.209144 0.190947 2.14243 26 0
-18.8544 -15.1212 20.1144 26 1
-28.101 -29.9384 20.2815 26 1
1.41516 -13.3012 19.1469 26 0
-9.04873 -29.9999 19.8245 26 1
-0.0206583 -0.0539192 0.249908 26 0
-28.4202 15.2424 21.8485 26 1
-9.34439 27.0386 21.1397 26 1
9.98497 -25.9077 19.8249 26 1
25.7551 23.8079 21.3642 26 1
0.0188732 -0.0436424 0.193697 26 0
28.3082 29.3319 22.0016 26 1
6.2132 23.5287 21.3922 26 1
-0.0541657 -0.0143675 0.240096 26 0
-0.08078 0.017399 0.406018 26 0
22.0586 -29.2941 21.2158 26 1
-0.51144 -0.41064 4.09225 26 0
-15.3488 29.7039 21.8934 26 1
-4.99044 -20.8936 19.3207 26 1
-25.3166 -13.4226 21.8461 26 1
-30 -30 19.9504 26 0
-26.4536 29.4706 22.2654 26 1
0.83136 -0.320268 4.05444 26 0
26.2892 28.1701 21.5063 26 1
23.2642 -15.2396 21.3384 26 1
-7.52056 -24.3826 21.7557 26 1
6.15241 29.4435 21.5997 26 1
18.6406 29.2523 21.8473 26 1
12.5315 17.4704 21.3874 26 1
20.3956 -0.0211201 20.496 26 1
-14.9008 28.4869 21.5945 26 1
-0.0171046 0.0216979 0.0983704 26 0
28.8132 29.0182 20.6629 26 1
-4.47153 -28.0464 21.371 26 1
0.11528 0.0467014 0.72009 26 0
-27.5537 -3.01381 21.2948 26 1
-23.2022 -3.16755 20.5041 26 1
8.35812 0.0654556 15.4302 26 0
-29.972 -1.74171 20.8378 26 1
29.5434 -29.8074 21.9282 26 1
27.7379 -6.74793 21.4087 26 1
-27.9222 8.62446 21.307 26 1
-22.6323 29.3468 22.0759 26 1
-27.0465 23.1333 20.3322 26 1
-30 30 19.9504 26 0
-7.5979 29.9557 21.3903 26 1
0.032848 -0.0948011 0.532373 26 0
25.8366 19.8643 20.7189 26 1
0.583891 -0.960617 4.60395 26 0
-0.000162363 -0.109995 0.603355 26 0
-29.8422 26.6185 21.7378 26 1
-6.83205 30 20.3509 26 0
25.159 -28.2975 21.4922 26 1
25.1335 -1.89435 20.0811 26 1
20.9314 -6.05916 19.2911 26 1
2.86675 10.9902 16.4034 26 1
-24.9589 29.8153 20.6569 26 1
0.147625 0.143358 1.45073 26 0
30 -30 19.9504 26 0
0.0011645 -0.00251608 0.00804633 26 0
0.323705 -0.609875 4.03491 26 0
6.06088 -16.4458 20.0486 26 1
2.68251 25.7953 21.2709 26 1
-22.1076 12.0843 19.8772 26 1
0.0293566 -0.0245035 0.146717 26 0
-29.7042 3.4848 21.8997 26 1
30 30 19.9504 26 0
21.9954 26.636 21.38 26 1
-0.436906 -0.24322 3.43968 26 0
-0.14199 -0.287239 2.38544 26 0
-29.9072 -25.9326 20.2495 26 1
-30 30 19.9504 26 0
-30 30 19.9504 26 0
-0.573515 0.672653 4.56249 26 0
0.0307167 -0.0177611 0.133588 26 0
23.256 -16.1238 20.9515 26 1
-30 -30 19.9504 26 0
-21.2602 -5.74424 20.8792 26 1
-0.0160711 -0.0555911 0.250559 26 0
-28.7301 -20.092 21.1495 26 1
-29.7378 -29.9559 21.1104 26 1
0.475331 -0.0929193 3.11626 26 0
-0.129776 1.00567 3.06808 26 0
-30 30 19.9504 26 0
-0.0684493 0.192242 1.40592 26 0
-0.00221831 -0.0245535 0.0858347 26 0
-0.013268 0.0218256 0.0895375 26 0
-0.00559265 0.0610177 0.270267 26 0
0.259534 -0.242185 2.70291 26 0
-30 -30 19.9504 26 0
-2.4661 -27.1639 21.5021 26 1
-30 -30 19.9504 26 0
-0.0654512 0.109037 0.745644 26 0
0.489092 0.512829 4.25661 26 0
-0.115346 0.204632 1.69823 26 0
-0.0309366 0.00563568 0.115064 26 0
21.9449 24.1765 20.521 26 1
-28.9094 -28.2057 20.9038 26 1
0.140561 0.0925649 1.10291 26 0
0.16908 0.0851996 1.28569 26 0
-0.00712801 0.00728205 0.0315847 26 0
-0.0813752 -0.0490488 0.494687 26 0
-0.00289949 -0.128979 0.753012 26 0
0.0241902 0.00181589 0.0842068 26 0
30 30 19.9504 26 0
-0.000427518 0.00155985 0.00464441 26 0
0.0195884 -0.0461116 0.207313 26 0
0.00219108 -0.00244883 0.00958165 26 0
-0.185658 -0.0650594 1.34098 26 0
-5.47425 -7.30874 16.7108 26 0
-0.0984624 0.0262983 0.543592 26 0
-0.0150195 -0.0452952 0.194566 27 0
-1.5369 18.682 20.807 27 0
11.5217 -29.6897 21.9905 27 1
25.4232 21.2221 21.8325 27 1
24.6709 29.905 21.4437 27 1
-0.0787603 -0.0669121 0.557515 27 0
15.7653 2.59017 19.942 27 1
-0.0755118 -0.0453158 0.444863 27 0
29.6144 30 21.5351 27 1
-4.52812 -29.9051 21.5162 27 1
30 30 19.9504 27 0
9.24594 -27.4616 21.7628 27 1
-28.5338 25.1884 21.8857 27 1
-29.6395 28.7901 21.8377 27 1
0.0402437 -0.152767 0.998414 27 0
-0.0483896 -0.034903 0.261297 27 0
19.9048 -26.4764 21.6116 27 1
-0.593053 0.259764 3.82905 27 0
0.00150156 0.0149121 0.0483614 27 0
0.490572 12.3583 18.7964 27 1
28.0358 -23.7864 20.7842 27 1
-0.0391804 -0.0249281 0.187925 27 0
29.5553 -29.6891 22.1464 27 1
-23.0434 10.7711 20.4409 27 1
23.8607 -22.326 21.4267 27 1
23.5285 20.3784 22.0471 27 1
-29.4019 27.8415 21.7804 27 1
29.1865 4.75119 21.1941 27 1
30 30 19.9504 27 0
0.0208857 0.115113 0.658307 27 0
0.902435 24.6501 20.9851 27 1
0.0285034 -0.0819283 0.434698 27 0
30 -30 19.9504 27 0
-0.0754822 0.00877887 0.361688 27 0
-23.4595 27.9377 21.6248 27 1
15.8922 14.027 19.3035 27 1
18.1685 21.3276 21.3273 27 1
0.096264 -0.01697 0.512365 27 0
27.4219 -1.25072 21.6642 27 1
-0.0396249 0.0524413 0.29767 27 0
-0.0286339 0.0365443 0.187886 27 0
29.7864 -25.2629 21.5627 27 1
24.3564 -29.0484 21.4426 27 1
27.6373 29.0696 21.5132 27 1
0.488977 0.134286 3.25565 27 0
-14.3936 29.7619 21.8307 27 1
-0.0287708 0.826279 2.86582 27 0
27.4085 -29.9583 21.5887 27 1
30 -30 19.9504 27 0
0.171705 0.171348 1.78743 27 0
29.8409 -20.6218 21.6861 27 1
0.125729 29.9022 20.2877 27 1
24.0716 26.3952 21.534 27 1
-7.63708 -19.0894 20.5238 27 1
19.4741 14.2859 21.5152 27 1
0.00507392 0.0835174 0.41277 27 0
30 30 19.9504 27 0
0.00335124 -0.0074769 0.0249617 27 0
30 30 19.9504 27 0
-0.784901 -0.735121 4.47589 27 0
-11.7113 11.1826 19.6041 27 1
0.0541939 0.0289257 0.271587 27 0
23.2694 -29.9945 21.0739 27 1
16.0731 -29.956 20.0224 27 1
-29.1671 0.570169 21.5793 27 1
30 -30 19.9504 27 0
7.7136 10.187 18.3528 27 0
-29.8082 29.726 21.5571 27 1
-0.0654476 -0.144717 1.0125 27 0
0.00127905 0.0177159 0.0586176 27 0
4.86028 -5.09838 13.2637 27 1
-15.7206 29.9768 21.0554 27 1
-15.8739 19.377 21.1461 27 1
-12.8737 -4.70946 18.5884 27 1
-11.0822 29.4125 21.4751 27 1
0.0724488 0.0427565 0.417387 27 0
20.3821 29.1224 21.5968 27 1
27.7712 11.3377 21.6083 27 1
0.422139 -0.258535 3.44436 27 0
-7.81468 3.91906 15.0236 27 1
0.5274 0.12072 3.31311 27 0
-0.123851 -0.0612687 0.835938 27 0
-0.0365554 0.0185283 0.160106 27 0
22.9787 26.7674 20.8484 27 1
-11.8066 29.9999 20.5465 27 1
-26.5411 29.317 22.1411 27 1
-26.5598 24.0894 21.6339 27 1
6.82603 28.2573 21.1604 27 1
27.2592 -3.19506 21.1551 27 1
10.8831 -30 20.1093 27 0
23.8234 0.0546818 20.0296 27 1
6.95732 24.0015 19.4645 27 1
-19.8738 -9.73231 20.4998 27 1
-28.557 8.44846 22.0321 27 1
0.370019 -0.0444673 2.59677 27 0
17.6797 3.07472 19.876 27 1
-30 30 19.9504 27 0
-0.0480273 -0.0194614 0.216664 27 0
0.0639972 -0.0135137 0.295125 27 0
-30 -30 19.9504 27 0
-0.011714 0.0371819 0.150258 27 0
27.9546 27.897 20.2357 27 1
-27.2808 -21.3563 21.9028 27 1
-10.3721 0.752609 17.4104 27 0
-30 -30 19.9504 27 0
0.0170621 0.0167031 0.0826582 27 0
-0.0193328 -0.0216233 0.104319 27 0
30 -30 19.9504 27 0
-0.0121881 0.0390004 0.15946 27 0
-0.281034 0.549234 3.82559 27 0
-0.0282278 -0.0322105 0.169394 27 0
0.0160433 0.0131931 0.0702057 27 0
21.3229 1.27504 21.0019 27 1
0.563498 0.0948478 3.31677 27 0
0.0711775 -0.246176 1.84154 27 0
-0.329507 0.394849 3.59093 27 0
0.0283613 0.0127205 0.113463 27 0
0.00175611 -0.0754587 0.358292 27 0
0.00128077 -4.02799e-05 0.00366811 27 0
0.0566016 0.0375593 0.311206 27 0
0.0225569 0.0382247 0.177277 28 0
-30 30 19.9504 28 0
0.142291 0.149589 1.4569 28 0
0.0541802 0.09128 0.577971 28 0
2.58686 -25.9798 21.149 28 0
-24.1604 -27.9667 20.4811 28 1
0.058726 0.0837933 0.549363 28 0
0.0590783 -0.0642888 0.440067 28 0
-29.3083 -22.5327 22.0986 28 1
-9.7771 -18.3584 20.868 28 1
19.9659 2.82618 19.5114 28 1
0.00951741 0.00879974 0.0411316 28 0
1.8755e-05 0.0374343 0.142766 28 0
30 -30 19.9504 28 0
-30 -30 19.9504 28 0
30 30 19.9504 28 0
26.9097 23.3645 21.4924 28 1
0.0157171 -0.0257265 0.10932 28 0
22.9085 25.5514 21.6153 28 1
-0.0138164 -0.030483 0.124245 28 0
-0.0202967 0.0649068 0.311214 28 0
-13.5848 -18.3275 21.4098 28 1
-29.914 14.7548 20.981 28 1
-30 30 19.9504 28 0
0.025306 0.0225498 0.126231 28 0
-0.0646722 -0.0293568 0.330372 28 0
0.0436719 -0.0872793 0.513128 28 0
29.0511 -7.68894 21.1002 28 1
-29.3943 -29.1267 21.7038 28 1
15.9073 28.6856 21.2778 28 1
-0.680847 -0.346441 4.15693 28 0
18.077 26.8511 20.4184 28 1
24.1635 -29.6566 21.6469 28 1
-11.7147 22.2979 21.3782 28 1
-30 30 19.9504 28 0
3.20156 12.5014 18.7894 28 1
0.0501707 0.022348 0.233917 28 0
19.9703 -8.80337 19.8782 28 1
29.8176 -14.1065 20.7111 28 1
-0.0635301 -0.0432969 0.368671 28 0
-21.6716 26.3 21.8806 28 1
-16.1608 30 20.4062 28 0
0.0105076 -0.0189957 0.0739066 28 0
5.28946 21.1567 20.6363 28 1
-0.513261 -0.426527 4.13119 28 0
24.6254 -19.6218 21.9954 28 1
15.1815 -0.188351 18.8939 28 0
29.9993 -15.7585 20.859 28 1
-23.8385 17.08 20.3839 28 1
0.0225584 -0.0100951 0.086094 28 0
-0.0488813 0.00146662 0.200761 28 0
17.6154 7.98726 20.2886 28 1
0.0197576 -0.0174018 0.0928417 28 0
0.164888 0.136091 1.52271 28 0
16.8489 16.9323 19.9262 28 1
-30 -30 19.9504 28 0
13.7247 -25.9344 20.9419 28 1
0.0156672 -0.0190256 0.0858196 28 0
9.72923 29.9355 21.0015 28 1
-0.543298 0.678426 4.53445 28 0
0.450403 -0.721591 4.41659 28 0
6.94378 -8.87373 16.3838 28 1
25.4402 29.9609 21.621 28 1
0.000985573 0.000599414 0.00329808 28 0
-10.7791 -3.74844 17.6463 28 1
-6.4915 30 21.4571 28 1
19.2629 11.7687 20.8785 28 1
-0.00441778 -0.0307221 0.113242 28 0
-29.0161 -21.536 21.5873 28 1
0.00559883 -0.00563503 0.0241475 28 0
4.35212 -29.5475 21.9657 28 1
0.116556 0.218889 1.80927 28 0
-4.66225 2.07764 11.8043 28 1
-29.7706 1.62978 21.6662 28 1
-10.3625 -13.7981 20.1371 28 0
-29.9896 -23.9624 19.9526 28 1
-29.9787 -29.998 19.9625 28 1
28.3805 25.8509 21.6974 28 1
0.348944 -0.604317 4.09498 28 0
-14.2312 26.2383 21.3244 28 1
0.0179465 0.0115004 0.0723488 28 0
17.9119 7.13371 19.2733 28 1
0.0101228 -0.00414155 0.0341177 28 0
-29.8623 20.6407 21.5931 28 1
3.4335 -18.8089 20.6207 28 1
-22.8483 -4.16793 20.2599 28 1
30 30 19.9504 28 0
29.673 -8.82652 21.4687 28 1
0.395097 0.0530556 2.73435 28 0
-30 30 19.9504 28 0
3.76088 -27.7615 21.265 28 1
-0.0228038 0.0045922 0.08014 28 0
28.9133 20.1608 20.581 28 1
-16.8482 -13.0253 19.5461 28 1
29.6892 -29.5876 22.1231 28 1
10.778 -28.9385 20.7298 28 1
-30 -30 19.9504 28 0
0.379339 0.0458559 2.64698 28 0
0.0203263 0.602037 3.25162 28 0
0.00487617 0.00486238 0.0207395 28 0
25.5312 -29.4628 22.2611 28 1
1.25007 -18.9001 19.8468 28 1
0.0182185 -0.0134319 0.077616 28 0
-29.6843 11.1389 21.364 28 1
0.0405249 0.0228114 0.188251 28 0
-30 -30 19.9504 28 0
0.0175662 0.0169433 0.0848289 28 0
26.2632 -29.6455 21.9374 28 1
23.2754 -9.12952 20.8334 28 1
0.874388 0.882975 3.88091 28 0
0.101424 -0.00960843 0.542422 28 0
5.70333 22.7827 21.0379 28 1
0.0186675 -0.0241229 0.110894 28 0
24.4877 -1.81436 21.358 28 1
29.7937 -19.1215 20.9411 28 1
-4.02281 -4.30744 12.6531 28 1
-28.9593 13.5977 21.4235 28 1
28.8636 25.7993 21.0185 28 1
0.0397712 -0.000762146 0.154099 28 0
0.000886308 0.00100343 0.00383432 28 0
0.0058425 0.0148109 0.0517704 29 0
-13.8052 -28.2946 21.453 29 1
0.0122128 0.0302195 0.120256 29 0
0.038965 0.0186594 0.171227 29 0
-8.70291 18.8505 20.4959 29 1
-26.1948 -6.24704 21.0784 29 1
30 30 19.9504 29 0
22.7049 20.6203 21.8526 29 1
10.3005 -29.0309 21.0645 29 1
-1.25866 30 20.8275 29 1
29.655 -12.18 21.5694 29 1
22.9936 11.8359 20.0711 29 1
-3.32906 30 21.1391 29 0
0.0246545 0.0154403 0.104682 29 0
-12.4138 -20.7613 21.3895 29 1
-5.51095 -21.5687 21.4742 29 1
-0.0010557 -0.0362535 0.137234 29 0
30 30 19.9504 29 0
29.9967 -13.2719 20.9855 29 1
-29.4249 -15.4636 22.1429 29 1
-29.9499 -29.947 20.0877 29 1
-27.0665 -22.3265 21.3251 29 1
0.0481037 0.00463529 0.197701 29 0
-0.597188 0.309002 3.97859 29 0
-18.1559 29.9775 20.4096 29 1
-0.000158906 -0.035154 0.132006 29 0
-4.58208 -9.74116 17.725 29 1
-28.2972 -3.49121 21.839 29 1
-0.0529943 -0.0954418 0.600981 29 0
-29.9714 14.1489 20.3339 29 1
-14.4752 -8.23942 20.1905 29 1
30 -30 19.9504 29 0
0.00128564 -0.0325308 0.120061 29 0
-30 30 19.9504 29 0
-0.0113042 -0.0664355 0.307217 29 0
1.9557 -28.7732 20.6406 29 1
29.4124 9.73374 21.8476 29 1
-27.0402 7.62923 21.1917 29 1
0.0111101 0.00437855 0.0375699 29 0
0.284479 0.169491 2.48899 29 0
0.0450215 0.0191586 0.201022 29 0
0.51754 0.116538 3.28147 29 0
1.22515 -3.03521 8.36867 29 1
15.1201 20.016 19.7752 29 0
-30 -30 19.9504 29 0
22.8827 -21.2626 21.085 29 1
-29.9253 -28.7786 20.9542 29 1
-26.4638 -9.74925 21.7348 29 1
0.0177311 -0.0211186 0.0981397 29 0
-0.000271151 0.0138732 0.0443659 29 0
-0.0600046 -0.0138907 0.272242 29 0
-0.0362791 0.738401 3.13437 29 0
17.582 21.4491 21.9197 29 1
-20.6843 1.13344 20.5069 29 0
28.3084 14.1557 21.3857 29 1
-28.9807 -27.8768 20.3018 29 1
29.3978 -23.0442 21.5328 29 1
30 -30 19.9504 29 0
0.0161263 0.0945173 0.498786 29 0
-0.161609 0.33867 2.75273 29 0
-2.84357 20.0252 19.4113 29 1
30 30 19.9504 29 0
-28.437 -21.1805 21.8066 29 1
0.11912 0.128942 1.17254 29 0
24.0946 -22.19 20.7046 29 1
-1.34327 -1.2772 6.63346 29 0
29.4759 27.1528 21.8366 29 1
-0.13751 0.141734 1.37415 29 0
16.4951 -29.4927 22.182 29 1
-29.9964 -29.8083 20.6958 29 1
14.1335 -19.7038 20.8598 29 1
-0.00393354 0.00760004 0.0261537 29 0
-14.3765 -20.7121 21.5308 29 1
0.0200985 -0.0120598 0.080869 29 0
-26.4554 2.71968 21.6905 29 1
-29.6737 -28.8771 21.525 29 1
6.0267 -7.34823 16.2765 29 1
26.063 -30 20.0307 29 0
0.00175229 0.00133377 0.00635777 29 0
0.0198531 -0.0132129 0.0825376 29 0
30 -30 19.9504 29 0
-11.8575 28.2763 21.1975 29 1
28.0528 -0.387197 21.2423 29 1
-0.340465 0.39248 3.61797 29 0
0.320981 -0.141393 2.58134 29 0
26.9741 9.44853 21.3475 29 1
0.00420723 0.00180525 0.013507 29 0
0.742353 23.5088 21.4072 29 1
-0.0156843 -0.00681035 0.0561321 29 0
-14.167 7.42414 19.8127 29 1
14.4221 -29.9804 21.4809 29 1
27.0516 29.9996 20.0039 29 1
-5.75885 26.3974 21.5907 29 1
0.0127542 0.0394691 0.162531 29 0
-4.58442 -29.5344 22.0277 29 1
0.00347511 0.00999535 0.0329104 29 0
0.742207 17.4258 20.3965 29 1
-21.6837 -29.7565 21.7748 29 1
0.0212321 -0.0292064 0.136544 29 0
-0.0217434 0.00413617 0.075596 29 0
-30 -30 19.9504 29 0
0.845499 0.282089 3.88702 29 0
0.0250158 0.0974694 0.533976 29 0
15.4452 -28.308 21.9864 29 1
-0.0114293 -0.00760207 0.0438356 29 0
-0.00569644 -0.00460709 0.0221507 29 0
0.00148226 0.00232892 0.00801112 29 0
30 -30 19.9504 29 0
28.0553 -23.7875 20.8099 29 1
-27.2986 -19.514 22.0216 29 1
-0.0519925 -0.0151317 0.229483 29 0
28.1066 27.2165 20.9964 29 1
17.4514 -13.2472 21.1898 29 1
0.016267 -0.0218759 0.0967966 29 0
30 30 19.9504 29 0
-20.1443 -3.66292 20.5636 29 1
0.0177814 -0.00835359 0.0658155 29 0
20.6431 25.822 21.6203 29 1
-15.2757 -3.04822 19.0215 29 1
0.00105821 0.000551613 0.00341325 29 0
